OBJECTID,LAND,BEZ,LOR_ab_2021,UJAHR,UMONAT,USTUNDE,UWOCHENTAG,UKATEGORIE,UART,UTYP1,ULICHTVERH,IstRad,IstPKW,IstFuss,IstKrad,IstGkfz,IstSonstige,USTRZUSTAND,LINREFX,LINREFY,XGCSWGS84,YGCSWGS84,LOR,STRASSE,quadrant,quadrant_rank
217355,11,10,10100312.0,2021,11,6,6,3,5,2,1,0,1,0,0,0,0,0,"807669,9773","5830165,947","13,53713536","52,5344873",,,3752.0,59.0
217354,11,5,5100315.0,2021,11,13,4,3,5,2,0,0,1,0,0,0,1,1,"784357,7545","5830002,224","13,19425757","52,54568344",,,6658.0,51.0
217353,11,3,3701556.0,2021,10,18,4,3,6,4,0,0,1,1,0,0,0,0,"799358,9407","5829198,52","13,41410405","52,53044426",,,3145.0,38.0
217352,11,5,5200420.0,2021,10,14,6,3,5,3,0,0,1,0,0,0,1,1,"782825,6588","5828572,346","13,1705073","52,53366029",,,1151.0,65.0
217351,11,8,8100311.0,2021,10,20,5,3,1,5,2,0,1,0,1,0,0,0,"800861,3655","5824540,501","13,43197551","52,48786616",,,3152.0,19.0
217350,11,6,6100205.0,2021,11,18,2,2,5,2,2,0,1,0,1,0,0,0,"795328,7472","5819981,051","13,34669615","52,45001478",,,4066.0,53.0
217349,11,1,1401043.0,2021,11,18,5,3,6,2,2,0,1,1,0,0,0,1,"795671,3477","5830924,29","13,36143774","52,54792692",,,6967.0,41.0
217348,11,1,1401048.0,2021,11,10,4,3,5,2,0,1,0,0,0,1,0,0,"795503,5533","5831613,014","13,35958335","52,55419174",,,5262.0,43.0
217347,11,2,2500833.0,2021,10,20,7,3,5,3,2,0,1,0,1,0,0,0,"802847,0633","5826941,074","13,46331332","52,50828445",,,7150.0,65.0
217346,11,7,7400720.0,2021,10,5,5,3,5,2,2,0,0,0,1,0,1,0,"797301,669","5822601,781","13,37797642","52,47243769",,,5068.0,57.0
217345,11,1,1200520.0,2021,10,11,3,3,1,6,0,0,1,0,1,0,0,0,"794548,2604","5828949,154","13,34317201","52,53082965",,,3466.0,46.0
217344,11,4,4501148.0,2021,11,14,2,3,5,2,0,0,1,0,0,0,0,1,"793347,4853","5823073,35","13,32034406","52,47880304",,,4161.0,54.0
217343,11,9,9401534.0,2021,11,15,5,3,5,2,1,1,1,0,0,0,0,0,"811350,5421","5819942,821","13,58167423","52,4407839",,,5652.0,13.0
217342,11,10,10200629.0,2021,11,16,7,3,5,2,2,0,1,0,0,0,0,0,"811312,0858","5828506,006","13,58910456","52,51754415",,,4937.0,59.0
217341,11,5,5200632.0,2021,10,15,3,3,0,1,0,0,0,0,1,0,0,1,"785073,3101","5828380,205","13,2033895","52,53076658",,,2831.0,52.0
217340,11,8,8100310.0,2021,11,18,7,3,6,2,2,0,1,1,0,0,0,1,"801062,0665","5824921,818","13,4352669","52,49117337",,,5852.0,43.0
217339,11,1,1100102.0,2021,11,13,1,2,6,4,0,0,1,1,0,0,0,1,"795651,4871","5826679,854","13,35737127","52,50989007",,,4551.0,40.0
217338,11,2,2300314.0,2021,10,17,5,3,3,5,0,1,1,0,0,0,0,0,"799729,4679","5826074,203","13,41673538","52,50223606",,,2951.0,33.0
217337,11,8,8100312.0,2021,10,16,6,3,2,6,0,0,1,0,0,0,0,1,"801075,4064","5824915,783","13,43545733","52,49111191",,,4125.0,59.0
217336,11,10,10100206.0,2021,10,16,2,2,6,4,0,0,1,1,0,0,0,0,"809338,2855","5832705,917","13,56401832","52,55630527",,,5437.0,63.0
217335,11,9,9200512.0,2021,10,17,6,3,1,5,0,0,1,0,0,0,0,0,"809265,5747","5821525,335","13,55256345","52,45614923",,,4070.0,60.0
217334,11,8,8401242.0,2021,11,11,4,3,5,3,0,0,1,0,0,0,0,0,"805253,3894","5817246,666","13,48979277","52,42005651",,,3542.0,38.0
217333,11,7,7501029.0,2021,11,19,5,3,2,2,2,0,1,0,0,0,0,1,"797348,1111","5818665,438","13,37515294","52,43712696",,,3578.0,61.0
217332,11,2,2100106.0,2021,10,22,6,3,5,3,2,0,1,0,0,0,0,0,"799575,5867","5825656,53","13,41409943","52,49857675",,,5349.0,29.0
217331,11,7,7400927.0,2021,10,10,3,3,0,6,0,0,1,0,1,0,0,0,"798903,2183","5821691,358","13,40066943","52,46340294",,,4760.0,20.0
217330,11,7,7300619.0,2021,10,21,3,3,5,3,2,1,1,0,0,0,0,0,"794713,0289","5821827,176","13,33929188","52,46689659",,,4149.0,60.0
217329,11,10,10100311.0,2021,10,17,2,2,5,2,0,1,1,0,0,0,0,0,"806301,1727","5830198,03","13,51704782","52,53554578",,,5058.0,45.0
217328,11,1,1100312.0,2021,11,14,2,3,6,4,0,1,0,1,0,0,0,0,"799517,0952","5826712,623","13,41419034","52,50807516",,,4447.0,16.0
217327,11,2,2100105.0,2021,10,15,4,3,6,7,0,0,1,1,0,0,0,0,"798921,8829","5825819,617","13,40464476","52,50039706",,,4067.0,9.0
217326,11,2,2100102.0,2021,10,14,4,3,6,2,0,0,1,1,0,0,0,0,"798321,8598","5825554,252","13,39559396","52,49834675",,,2529.0,40.0
217325,11,5,5100316.0,2021,11,15,1,3,2,6,0,0,1,0,0,0,0,1,"784811,0821","5828950,543","13,200023","52,5360173",,,4448.0,24.0
217324,11,10,10300734.0,2021,11,22,3,3,5,3,2,0,1,0,0,0,1,0,"809589,8209","5823521,447","13,5591718","52,47385441",,,2951.0,33.0
217323,11,10,10400940.0,2021,11,9,2,3,5,2,0,0,1,0,0,0,1,0,"812396,179","5824671,618","13,60143294","52,48256369",,,3841.0,47.0
217322,11,7,7400824.0,2021,10,11,7,3,5,3,0,0,1,0,0,0,1,0,"797853,6033","5821887,507","13,38544054","52,46573434",,,2848.0,27.0
217321,11,8,8100418.0,2021,11,17,7,2,5,2,2,0,1,0,0,0,1,1,"802502,7258","5823372,37","13,45501523","52,47648921",,,4754.0,20.0
217320,11,6,6400844.0,2021,10,17,5,3,1,5,0,0,1,0,0,0,1,0,"791220,6075","5820788,873","13,28712151","52,45946095",,,4719.0,56.0
217319,11,5,5300737.0,2021,10,1,7,3,0,1,2,0,0,0,0,0,1,1,"787297,8673","5830208,939","13,23767458","52,54599422",,,4957.0,49.0
217318,11,11,11200514.0,2021,10,18,6,3,0,7,1,0,1,0,1,0,0,1,"803376,0863","5830092,692","13,4739588","52,53623772",,,2951.0,33.0
217317,11,1,1100310.0,2021,10,19,6,3,6,7,2,0,0,1,0,0,1,0,"798895,1339","5827905,53","13,40612501","52,51910899",,,2851.0,8.0
217316,11,4,4100102.0,2021,11,21,2,3,3,6,2,0,1,0,1,0,0,1,"791207,979","5829136,238","13,29423401","52,53430162",,,4754.0,20.0
217315,11,6,6100101.0,2021,11,14,3,3,0,7,0,0,1,0,0,0,0,0,"793004,8924","5821441,065","13,31388027","52,46435396",,,5262.0,43.0
217314,11,2,2200213.0,2021,10,4,7,3,0,1,2,0,0,0,0,0,1,0,"799565,4391","5824901,115","13,4132711","52,49181115",,,4160.0,4.0
217313,11,4,4200308.0,2021,10,14,3,2,2,6,0,0,1,0,1,0,0,0,"790388,0342","5827325,441","13,2805982","52,51850524",,,5350.0,52.0
217312,11,10,10100314.0,2021,10,13,3,3,3,6,0,1,1,0,0,0,0,0,"808475,6431","5830187,557","13,54899573","52,5342256",,,4862.0,43.0
217311,11,10,10200629.0,2021,11,15,2,3,2,2,0,0,1,0,0,0,0,0,"810958,4415","5828198,919","13,58362258","52,51499397",,,2529.0,40.0
217310,11,4,4200311.0,2021,10,5,3,3,2,6,2,0,1,0,0,0,0,1,"790146,6526","5825357,566","13,27533529","52,50099147",,,6967.0,41.0
217309,11,1,1400937.0,2021,10,8,5,3,2,6,0,0,1,0,0,0,0,1,"793662,924","5832271,047","13,33309531","52,56108617",,,2150.0,61.0
217308,11,6,6200312.0,2021,10,18,1,3,2,6,1,0,1,0,0,0,0,0,"795013,636","5819125,707","13,34131745","52,44251723",,,3170.0,65.0
217307,11,5,5200528.0,2021,11,16,7,3,6,4,2,0,1,1,0,0,0,0,"783647,9614","5825208,333","13,17972941","52,50307049",,,4675.0,44.0
217306,11,2,2200210.0,2021,11,21,3,3,5,3,2,1,1,0,0,0,0,0,"798942,2813","5824805,321","13,40403413","52,49129411",,,5054.0,36.0
217305,11,7,7400822.0,2021,11,11,7,3,0,3,0,0,1,0,1,0,0,0,"796831,1819","5820797,727","13,36946548","52,45652187",,,3265.0,59.0
217304,11,2,2200210.0,2021,10,12,7,3,2,2,0,1,1,0,0,0,0,0,"798292,2618","5824817,268","13,39449934","52,49175679",,,6851.0,49.0
217303,11,1,1401047.0,2021,10,14,7,3,5,2,0,1,1,0,0,0,0,0,"795254,8784","5830458,712","13,35489984","52,54397929",,,2529.0,40.0
217302,11,1,1100206.0,2021,11,23,4,3,8,1,2,0,0,0,0,0,1,0,"798152,1802","5828005,533","13,39529754","52,52041209",,,2946.0,59.0
217301,11,2,2200211.0,2021,11,13,5,3,1,5,0,1,1,0,0,0,0,0,"798323,6004","5824189,908","13,39439795","52,48611616",,,4048.0,46.0
217300,11,4,4200311.0,2021,10,16,1,3,2,2,0,0,1,0,0,0,0,0,"790427,9904","5825939,538","13,2799759","52,50605924",,,5063.0,29.0
217299,11,2,2500835.0,2021,10,7,4,3,0,3,1,0,1,0,1,0,0,1,"803058,2961","5825890,561","13,46546005","52,49875155",,,4040.0,57.0
217298,11,1,1100309.0,2021,10,11,3,3,0,1,0,0,0,0,1,0,0,1,"798471,225","5828267,693","13,40022102","52,52258746",,,1626.0,59.0
217297,11,12,12200309.0,2021,11,17,4,3,2,6,2,0,1,0,0,0,0,1,"793321,2015","5832569,529","13,32833259","52,56394609",,,3676.0,38.0
217296,11,1,1300733.0,2021,11,15,3,3,6,7,0,1,0,1,0,0,0,1,"797126,274","5831779,98","13,38359693","52,55480556",,,3480.0,38.0
217295,11,5,5100313.0,2021,10,14,4,3,0,1,0,0,0,0,0,0,1,0,"785384,739","5830271,478","13,20959254","52,54756051",,,1827.0,53.0
217294,11,4,4100101.0,2021,10,15,5,3,5,2,0,1,1,0,0,0,0,1,"791212,7803","5829730,983","13,2948258","52,53963087",,,5349.0,29.0
217293,11,8,8200725.0,2021,10,14,2,3,0,1,0,0,0,0,1,0,0,0,"801183,7538","5819632,785","13,43227983","52,44369904",,,5068.0,57.0
217292,11,8,8300935.0,2021,11,1,7,2,5,2,2,0,1,0,0,0,0,0,"802291,5104","5817836,084","13,44690395","52,42698361",,,123.0,65.0
217291,11,6,6400840.0,2021,11,13,2,3,5,3,0,0,1,0,0,0,0,0,"788839,4487","5819604,166","13,25114838","52,45010322",,,4333.0,53.0
217290,11,10,10100311.0,2021,11,13,4,3,0,4,0,0,0,1,0,0,1,0,"807484,5801","5829175,549","13,53349467","52,52571598",,,3442.0,43.0
217289,11,4,4501040.0,2021,11,10,3,3,6,7,0,0,1,1,0,0,0,0,"792436,7684","5825397,241","13,3090119","52,50012467",,,4553.0,29.0
217288,11,9,9401534.0,2021,10,11,7,3,2,3,0,0,1,0,0,0,0,0,"811255,6734","5820202,724","13,58052509","52,44316703",,,3542.0,38.0
217287,11,12,12400618.0,2021,10,14,4,3,2,1,0,0,1,0,0,0,0,0,"786315,7412","5838907,998","13,23074777","52,62450344",,,3870.0,38.0
217286,11,4,4300412.0,2021,10,2,2,3,0,7,2,1,0,0,0,0,0,0,"790647,002","5828050,129","13,28503731","52,52486412",,,2857.0,33.0
217285,11,2,2300419.0,2021,10,16,1,3,5,3,0,1,1,0,0,0,1,0,"801591,5529","5825953,985","13,44397632","52,50013256",,,5159.0,61.0
217284,11,1,1100207.0,2021,11,18,5,3,1,5,2,0,1,0,1,0,0,1,"797965,0704","5826580,926","13,39127238","52,50774454",,,5354.0,49.0
217283,11,7,7601236.0,2021,11,10,7,2,6,4,0,0,1,1,0,0,0,0,"796547,9615","5816297,745","13,36131747","52,41633683",,,2831.0,52.0
217282,11,6,6200313.0,2021,10,17,3,3,1,1,0,0,1,0,0,0,1,1,"795211,7556","5818295,898","13,34349088","52,43497154",,,5454.0,53.0
217281,11,2,2400623.0,2021,10,20,4,3,5,2,2,1,1,0,0,0,0,0,"800602,4253","5827107,927","13,43049074","52,51102145",,,5453.0,1.0
217280,11,2,2400521.0,2021,11,19,5,3,6,4,2,0,1,1,0,0,0,0,"800781,7193","5828477,366","13,43436274","52,52319722",,,4160.0,4.0
217279,11,12,12400618.0,2021,11,10,4,3,5,2,0,1,1,0,0,0,0,0,"787463,6227","5837745,19","13,24664808","52,61347232",,,3342.0,52.0
217278,11,5,5300840.0,2021,10,8,6,3,2,2,0,0,1,0,0,0,0,0,"788054,2604","5829195,974","13,24791985","52,53651317",,,5873.0,65.0
217277,11,2,2500833.0,2021,10,8,5,3,5,3,0,0,1,0,0,0,0,0,"802713,2095","5826985,042","13,46138709","52,50875283",,,4066.0,53.0
217276,11,11,11200410.0,2021,10,13,6,3,5,7,0,0,0,0,0,1,1,1,"804622,3549","5832781,044","13,49474233","52,55963684",,,4855.0,25.0
217275,11,1,1401046.0,2021,10,20,1,3,2,2,2,0,1,0,0,0,0,1,"794899,3816","5830249,136","13,34948677","52,54229314",,,6657.0,65.0
217274,11,7,7601339.0,2021,10,13,6,3,2,6,0,0,1,0,1,0,0,0,"795796,1402","5816025,762","13,35005473","52,41430548",,,4864.0,14.0
217273,11,8,8100102.0,2021,11,16,2,3,5,2,2,0,1,0,1,0,0,1,"800520,9032","5823439,072","13,42598355","52,47818115",,,3870.0,38.0
217272,11,11,11501339.0,2021,11,13,5,3,5,2,0,0,1,0,0,0,1,1,"807269,8354","5825414,732","13,52686776","52,49213228",,,5939.0,38.0
217271,11,7,7400927.0,2021,11,20,3,3,5,2,2,0,1,0,0,0,0,0,"799074,228","5821704,817","13,40319114","52,46343",,,5752.0,11.0
217270,11,2,2100101.0,2021,10,11,1,3,2,6,0,1,0,0,0,0,0,0,"797859,9638","5825618,695","13,38886754","52,4991767",,,5547.0,53.0
217269,11,11,11501238.0,2021,10,18,5,2,5,7,2,0,1,0,0,0,1,0,"805086,6667","5824976,959","13,49441121","52,48943326",,,6751.0,63.0
217268,11,2,2500835.0,2021,10,9,3,3,5,3,0,0,1,0,0,0,0,0,"803112,0884","5826174,709","13,46650865","52,50126846",,,4067.0,9.0
217267,11,2,2400623.0,2021,11,11,2,3,0,1,0,0,0,0,1,0,0,1,"800356,7547","5827187,109","13,42695308","52,5118665",,,3152.0,19.0
217266,11,4,4501041.0,2021,11,11,7,3,0,2,0,1,1,0,0,0,0,1,"793127,9151","5825592,73","13,31933651","52,50150633",,,4860.0,47.0
217265,11,9,9401329.0,2021,11,8,2,3,6,4,0,0,1,1,0,0,0,0,"812024,8535","5819633,722","13,59127395","52,43762965",,,4046.0,41.0
217264,11,5,5300735.0,2021,10,21,3,3,5,2,2,0,1,0,0,0,0,0,"786567,6912","5830553,726","13,22723383","52,54947005",,,4153.0,36.0
217263,11,7,7601443.0,2021,11,17,7,3,6,4,2,0,1,1,0,0,0,1,"800130,3571","5814987,837","13,41266076","52,40264272",,,2857.0,33.0
217262,11,4,4501042.0,2021,11,2,1,3,1,5,2,0,1,0,0,0,1,1,"793929,1919","5825958,431","13,3314298","52,50435364",,,2957.0,65.0
217261,11,2,2200209.0,2021,11,7,3,3,5,7,0,0,1,0,1,0,0,0,"797245,5609","5824001,831","13,37840084","52,48501823",,,7849.0,59.0
217260,11,7,7400721.0,2021,10,13,6,3,5,5,0,0,0,0,1,0,1,0,"798920,882","5823917,026","13,40292319","52,48334347",,,5356.0,13.0
217259,11,11,11501339.0,2021,10,18,6,3,6,3,1,0,1,1,0,0,0,1,"806760,6646","5824811,745","13,5188367","52,48701454",,,1530.0,65.0
217258,11,1,1100207.0,2021,10,15,2,3,2,2,0,0,1,0,1,0,0,0,"798358,6738","5826645,574","13,39711252","52,50810891",,,5349.0,29.0
217257,11,11,11300617.0,2021,10,12,6,3,0,3,0,0,1,0,0,0,1,0,"803679,3116","5829031,289","13,4774461","52,52655584",,,6659.0,63.0
217256,11,2,2500834.0,2021,11,19,3,3,5,3,2,1,0,0,1,0,0,0,"802389,2458","5826828,213","13,45648575","52,50752684",,,5553.0,28.0
217255,11,4,4501146.0,2021,11,8,5,3,5,2,0,1,1,0,0,0,0,1,"792851,7675","5823936,717","13,3138242","52,48680895",,,4251.0,2.0
217254,11,5,5200527.0,2021,10,11,7,2,6,2,0,0,1,1,0,0,0,0,"782959,8898","5827073,543","13,17120541","52,52015189",,,4428.0,56.0
217253,11,11,11300721.0,2021,10,11,3,3,9,1,0,0,1,0,0,0,0,0,"805124,6863","5829991,941","13,49956714","52,53435863",,,4153.0,36.0
217252,11,7,7601339.0,2021,10,19,3,3,5,7,2,0,1,0,0,0,0,1,"795786,025","5815830,684","13,34973406","52,41256219",,,5070.0,63.0
217251,11,4,4501040.0,2021,10,9,2,3,1,5,0,0,1,0,1,0,0,0,"792709,1025","5825529,52","13,31312862","52,5011645",,,1225.0,49.0
217250,11,6,6200317.0,2021,11,18,3,3,5,3,0,0,1,0,0,0,0,1,"795908,5744","5816505,208","13,35212695","52,41854265",,,5652.0,13.0
217249,11,1,1100415.0,2021,10,12,4,3,0,1,0,1,0,0,0,0,0,0,"798285,2992","5829367,679","13,39847558","52,5325491",,,4348.0,45.0
217248,11,5,5100316.0,2021,10,13,4,3,2,6,0,0,1,0,1,0,0,0,"784203,9289","5828958,292","13,19110218","52,53640375",,,2847.0,41.0
217247,11,10,10200421.0,2021,11,15,6,3,5,2,0,0,1,0,0,0,1,0,"812238,536","5830684,591","13,60475931","52,53653712",,,5453.0,1.0
217246,11,7,7100101.0,2021,11,16,7,3,3,6,0,0,1,0,1,0,0,0,"794640,556","5825744,794","13,34169097","52,50205483",,,4453.0,15.0
217245,11,4,4100101.0,2021,11,13,5,2,5,3,0,0,1,0,0,1,0,1,"792256,366","5830683,005","13,31100702","52,54760673",,,5160.0,41.0
217244,11,1,1300836.0,2021,11,17,7,3,5,3,0,0,1,0,1,0,0,0,"796806,0576","5831280,303","13,37844099","52,55050113",,,3675.0,61.0
217243,11,9,9401534.0,2021,10,16,1,3,5,7,0,1,1,0,0,0,0,0,"811057,8251","5820651,782","13,57804165","52,44730387",,,4956.0,45.0
217242,11,8,8100521.0,2021,10,20,7,3,6,2,2,0,1,1,0,0,0,0,"802954,2674","5822471,914","13,46082552","52,46816818",,,1353.0,41.0
217241,11,7,7601238.0,2021,11,15,4,3,5,3,1,0,1,0,0,0,0,0,"798396,6822","5815926,438","13,38808921","52,41200374",,,6863.0,61.0
217240,11,1,1100102.0,2021,11,16,6,3,2,6,2,0,1,0,0,0,0,0,"795543,0648","5826363,525","13,35549748","52,50711319",,,5852.0,43.0
217239,11,2,2500834.0,2021,10,3,1,2,5,3,2,1,0,0,0,0,1,0,"802350,1204","5827078,45","13,45613832","52,50979138",,,4348.0,45.0
217238,11,1,1200627.0,2021,10,9,4,3,0,7,0,1,0,0,0,0,0,0,"795768,783","5828585,067","13,36078843","52,52690506",,,4672.0,50.0
217237,11,12,12100204.0,2021,11,18,4,3,1,5,2,0,1,0,0,0,1,1,"795204,5045","5832480,341","13,35595677","52,56212873",,,4228.0,55.0
217236,11,2,2500830.0,2021,11,8,3,3,0,1,0,1,0,0,0,0,0,1,"802566,2042","5827388,714","13,45959461","52,51245246",,,4526.0,46.0
217235,11,7,7601340.0,2021,10,16,5,3,6,2,0,0,1,1,0,0,0,0,"796568,3496","5815882,494","13,36124844","52,41260336",,,5952.0,37.0
217234,11,7,7400822.0,2021,10,17,5,3,5,5,1,0,1,0,0,0,0,1,"796744,3826","5820708,14","13,36811218","52,45576593",,,2947.0,18.0
217233,11,4,4100101.0,2021,10,11,2,3,5,2,0,0,1,0,1,0,0,0,"790680,1011","5829758,107","13,28701747","52,54015844",,,4229.0,34.0
217232,11,4,4300622.0,2021,10,13,6,3,2,6,0,0,1,0,1,0,0,0,"793253,59","5826900,807","13,32233499","52,51316519",,,5058.0,45.0
217231,11,11,11200411.0,2021,11,9,2,3,2,6,0,0,1,0,0,0,1,1,"805842,4035","5831852,748","13,51182852","52,5506334",,,4047.0,22.0
217230,11,2,2300315.0,2021,11,18,5,3,5,2,2,1,0,0,0,1,0,1,"800435,653","5825770,831","13,42683416","52,49912849",,,6335.0,57.0
217229,11,10,10300731.0,2021,11,10,3,3,5,2,0,0,1,0,0,1,0,0,"809654,9734","5830268,351","13,56640231","52,53428095",,,3162.0,49.0
217228,11,7,7601341.0,2021,10,1,7,3,8,7,2,0,1,0,0,0,0,0,"797927,7508","5815750,634","13,38105876","52,41068323",,,4229.0,34.0
217227,11,1,1300731.0,2021,10,2,5,3,0,7,2,1,0,0,0,0,0,0,"797235,3279","5833191,814","13,38646532","52,56740138",,,1525.0,65.0
217226,11,2,2200209.0,2021,10,3,1,3,0,1,2,0,0,0,0,0,1,1,"797106,088","5824484,722","13,37678339","52,48942277",,,3970.0,41.0
217225,11,8,8200832.0,2021,11,10,2,3,5,3,0,0,1,0,0,0,0,0,"801209,6802","5817467,977","13,43070981","52,42428075",,,4761.0,38.0
217224,11,1,1300835.0,2021,11,5,5,3,6,2,2,0,1,1,0,0,0,1,"796999,486","5830511,11","13,38059749","52,54350078",,,2853.0,59.0
217223,11,7,7400721.0,2021,11,0,1,3,5,3,2,0,1,0,0,0,0,0,"797310,986","5823515,228","13,37892752","52,48062073",,,4715.0,55.0
217222,11,6,6200315.0,2021,10,8,2,3,0,7,0,1,0,0,0,0,0,0,"795216,4734","5817274,559","13,34265841","52,42581325",,,2973.0,44.0
217221,11,1,1100416.0,2021,10,1,6,3,5,3,2,1,1,0,0,0,0,1,"798675,9758","5829455,541","13,40429691","52,53312272",,,4249.0,53.0
217220,11,6,6200313.0,2021,11,7,6,3,3,6,1,1,1,0,0,0,0,0,"795100,7851","5818279,343","13,34184864","52,43488301",,,3552.0,52.0
217219,11,9,9200511.0,2021,10,17,7,3,6,4,0,0,0,1,1,0,0,0,"806656,2315","5822044,987","13,51475981","52,46227671",,,3676.0,38.0
217218,11,2,2500835.0,2021,11,19,4,2,6,4,2,0,1,1,0,0,0,0,"803156,142","5826337,412","13,46730378","52,50270227",,,4065.0,7.0
217217,11,7,7200412.0,2021,11,19,6,3,5,2,2,1,1,0,0,0,0,1,"796270,3102","5822947,88","13,36314427","52,47610054",,,5752.0,11.0
217216,11,1,1200518.0,2021,10,15,7,2,6,7,0,0,0,1,0,0,1,0,"793576,299","5828667,969","13,32863647","52,52883332",,,4855.0,25.0
217215,11,2,2100106.0,2021,10,19,4,3,5,3,2,1,1,0,0,0,0,1,"798598,3379","5825578,661","13,39967654","52,49841434",,,5652.0,13.0
217214,11,5,5400943.0,2021,11,18,4,3,5,2,2,1,1,0,0,0,0,1,"780521,5972","5820704,618","13,1300011","52,46430286",,,3942.0,35.0
217213,11,1,1100102.0,2021,11,18,3,3,5,3,2,1,1,0,0,0,0,1,"796122,0986","5826295,436","13,36394343","52,50618886",,,5453.0,1.0
217212,11,1,1100206.0,2021,10,14,5,3,3,6,0,1,1,0,0,0,0,0,"798240,4523","5827674,536","13,39629793","52,51739687",,,2857.0,33.0
217211,11,1,1100313.0,2021,10,14,5,3,5,2,0,1,1,0,0,0,0,1,"799982,0252","5826940,922","13,42122594","52,50986604",,,5548.0,37.0
217210,11,1,1400938.0,2021,10,14,2,3,5,7,0,0,1,0,1,0,0,0,"794263,5244","5831249,125","13,34102379","52,55160112",,,3843.0,36.0
217209,11,5,5200629.0,2021,11,11,7,3,2,7,0,1,0,0,0,0,1,0,"784653,059","5828081,211","13,19695499","52,52830542",,,3480.0,38.0
217208,11,4,4400728.0,2021,11,10,2,3,2,6,0,0,1,0,0,0,0,1,"790673,0826","5822971,14","13,28098704","52,47931678",,,2630.0,63.0
217207,11,12,12500927.0,2021,11,11,5,3,5,3,0,0,1,0,0,0,0,1,"792460,5357","5835351,199","13,31812548","52,58934551",,,4755.0,4.0
217206,11,9,9200819.0,2021,11,18,3,3,5,2,1,1,0,0,0,0,1,0,"810046,3063","5819411,654","13,56205527","52,43676466",,,4766.0,48.0
217205,11,2,2500834.0,2021,10,12,7,2,5,3,0,0,1,0,1,0,0,0,"801950,2338","5826799,265","13,45001074","52,50751052",,,5282.0,56.0
217204,11,7,7300619.0,2021,10,18,4,3,5,2,1,1,1,0,0,0,0,0,"794631,3","5821815,842","13,33808226","52,46683907",,,2342.0,65.0
217203,11,2,2300314.0,2021,10,8,2,3,5,3,0,0,1,0,0,0,0,0,"799718,0326","5826304,884","13,41677506","52,50431004",,,4153.0,36.0
217202,11,1,1100416.0,2021,10,16,1,2,0,1,1,1,0,0,0,0,0,0,"798618,6268","5829344,35","13,40335406","52,53215748",,,2851.0,8.0
217201,11,9,9200818.0,2021,11,13,5,3,2,6,0,0,1,0,0,0,0,0,"809709,7439","5821026,536","13,55861683","52,45142761",,,4960.0,18.0
217200,11,4,4200308.0,2021,11,18,7,3,1,5,2,0,1,0,0,0,0,1,"788669,9612","5827671,213","13,25564838","52,5225174",,,5869.0,65.0
217199,11,7,7100102.0,2021,10,18,3,3,5,2,2,0,1,0,0,0,1,1,"795229,829","5824951,602","13,34964399","52,49462594",,,4448.0,24.0
217198,11,5,5200524.0,2021,10,20,4,3,2,6,2,0,1,0,0,0,0,1,"780039,8882","5827865,709","13,12894991","52,52876259",,,3381.0,45.0
217197,11,10,10400940.0,2021,11,16,7,3,6,4,2,0,1,1,0,0,0,1,"812376,2878","5824036,619","13,60054613","52,4768847",,,4860.0,47.0
217196,11,1,1400938.0,2021,10,18,5,3,0,1,0,0,0,0,1,0,0,0,"793972,6273","5830138,779","13,33576297","52,54180466",,,4766.0,48.0
217195,11,12,12100205.0,2021,10,12,4,2,2,6,0,0,1,0,0,0,0,0,"795744,1882","5834129,213","13,36536533","52,57661633",,,7250.0,63.0
217194,11,11,11300618.0,2021,10,12,7,3,5,2,0,1,1,0,0,0,0,0,"802437,235","5828898,674","13,45907271","52,52605765",,,4330.0,47.0
217193,11,11,11300620.0,2021,10,12,6,3,5,2,0,0,1,0,0,0,1,0,"803671,2605","5829503,375","13,47775896","52,53079148",,,3442.0,43.0
217192,11,5,5300839.0,2021,11,18,2,2,0,1,2,1,0,0,0,0,0,0,"789057,575","5829677,534","13,26309017","52,54029923",,,5282.0,56.0
217191,11,1,1401043.0,2021,11,18,5,3,6,2,2,0,0,1,0,0,1,1,"795690,7296","5830925,987","13,36172425","52,54793161",,,5356.0,13.0
217190,11,2,2200210.0,2021,11,19,4,3,5,2,1,1,1,0,0,0,0,0,"798694,6944","5824675,867","13,40028232","52,49026926",,,2748.0,55.0
217189,11,5,5100105.0,2021,10,16,1,3,6,4,0,0,0,1,1,0,0,0,"784603,622","5831094,386","13,19880968","52,55534734",,,4353.0,37.0
217188,11,7,7400721.0,2021,10,15,5,3,5,7,0,0,1,0,1,0,0,0,"798881,0428","5823924,761","13,4023452","52,48343461",,,2851.0,8.0
217187,11,3,3400725.0,2021,10,15,3,3,5,3,0,0,1,0,1,0,0,0,"800009,6905","5835428,824","13,4293","52,58593037",,,4333.0,53.0
217186,11,9,9501939.0,2021,11,15,3,3,2,6,0,0,1,0,0,0,0,0,"809733,7822","5821530,043","13,55943641","52,45592631",,,4652.0,24.0