OBJECTID,LAND,BEZ,LOR_ab_2021,UJAHR,UMONAT,USTUNDE,UWOCHENTAG,UKATEGORIE,UART,UTYP1,ULICHTVERH,IstRad,IstPKW,IstFuss,IstKrad,IstGkfz,IstSonstige,USTRZUSTAND,LINREFX,LINREFY,XGCSWGS84,YGCSWGS84,LOR,STRASSE,quadrant,quadrant_rank
215815,11,7,7400927.0,2021,9,5,6,2,5,2,2,0,1,0,1,0,0,1,"798894,9046","5821212,259","13,40011842","52,45911297",,,3150.0,36.0
215814,11,9,9100409.0,2021,9,10,4,3,5,3,0,0,1,0,0,0,0,0,"805703,356","5818794,295","13,49780341","52,43367613",,,5753.0,54.0
215813,11,1,1400938.0,2021,9,11,4,3,2,6,0,0,1,0,0,0,1,1,"794493,0593","5830636,531","13,34385609","52,54598562",,,3348.0,36.0
215812,11,1,1401045.0,2021,8,17,5,3,6,2,0,0,1,1,0,0,0,0,"796658,2616","5831953,65","13,37686933","52,55661744",,,5552.0,49.0
215811,11,2,2400623.0,2021,9,13,6,3,0,2,0,0,1,0,1,0,0,0,"801208,7994","5827471,023","13,43972742","52,51394146",,,1659.0,46.0
215810,11,9,9200512.0,2021,8,19,4,3,1,5,0,0,1,0,0,0,0,0,"808976,5574","5821600,357","13,54839294","52,45698502",,,4715.0,55.0
215809,11,10,10300734.0,2021,9,8,6,3,1,1,0,0,1,0,0,0,0,0,"809951,5466","5827067,141","13,56777809","52,50542454",,,3245.0,33.0
215808,11,1,1100311.0,2021,9,15,5,3,6,4,0,0,1,1,0,0,0,0,"800161,4042","5827680,071","13,42452781","52,51639263",,,7854.0,62.0
215807,11,6,6300524.0,2021,9,19,3,3,0,3,1,0,0,0,1,0,0,0,"787531,4293","5817367,981","13,23003004","52,43074367",,,1663.0,55.0
215806,11,2,2200213.0,2021,9,7,2,3,5,3,0,1,1,0,0,0,0,0,"800129,6505","5825064,404","13,42170342","52,49296487",,,3962.0,49.0
215805,11,1,1100415.0,2021,9,21,4,3,0,7,2,1,0,0,0,0,0,0,"798294,836","5829369,21","13,39861713","52,5325576",,,4925.0,61.0
215804,11,5,5300841.0,2021,9,21,1,3,2,6,2,0,1,0,0,0,0,0,"789654,4067","5829290,722","13,27152863","52,53651447",,,7163.0,56.0
215803,11,5,5100317.0,2021,9,6,2,3,2,6,1,0,1,0,0,0,0,0,"787562,3015","5828030,771","13,23967856","52,52632633",,,2570.0,65.0
215802,11,2,2300316.0,2021,8,8,2,3,5,3,0,0,1,0,0,0,0,1,"800626,2087","5826266,159","13,43007998","52,50346333",,,3930.0,60.0
215801,11,1,1100308.0,2021,9,20,5,3,5,2,2,1,1,0,0,0,0,0,"797013,5855","5828942,561","13,3794029","52,52943285",,,7334.0,59.0
215800,11,10,10400837.0,2021,9,20,6,3,5,3,1,0,1,0,1,0,0,0,"810594,5152","5825520,603","13,57577867","52,49119962",,,3064.0,60.0
215799,11,8,8100417.0,2021,9,9,5,3,7,7,0,0,0,0,0,0,1,0,"802343,0726","5823265,958","13,45257523","52,47562384",,,3745.0,36.0
215798,11,5,5200528.0,2021,9,16,5,3,2,6,1,0,1,0,0,0,1,0,"783142,0399","5826818,423","13,17366565","52,51776985",,,4033.0,40.0
215797,11,12,12601032.0,2021,8,11,6,3,5,3,0,1,1,0,0,0,0,0,"792829,5938","5837488,474","13,32544792","52,60830639",,,3746.0,57.0
215796,11,2,2300419.0,2021,8,16,4,3,5,3,0,1,0,0,0,0,1,0,"801582,7343","5825948,423","13,44384176","52,50008758",,,4616.0,65.0
215795,11,3,3601243.0,2021,9,23,7,3,5,3,2,0,1,0,0,0,0,0,"799845,5063","5831531,345","13,42336069","52,55108675",,,5342.0,38.0
215794,11,6,6200420.0,2021,9,22,6,3,1,1,2,0,1,0,1,0,0,0,"792633,0315","5816365,082","13,30397717","52,41904768",,,5143.0,6.0
215793,11,3,3400828.0,2021,9,18,4,3,5,3,0,0,1,0,1,0,0,0,"799730,753","5832503,305","13,42255092","52,55986189",,,3538.0,44.0
215792,11,11,11300620.0,2021,9,17,3,3,6,4,0,1,0,1,0,0,0,0,"804068,1005","5829294,661","13,48340019","52,52869965",,,2941.0,57.0
215791,11,1,1100207.0,2021,9,18,3,3,0,3,1,0,1,0,1,0,0,0,"798413,4995","5826862,357","13,39811229","52,5100221",,,7542.0,53.0
215790,11,11,11400927.0,2021,9,17,3,3,0,1,0,1,0,0,0,0,0,0,"803702,6334","5826262,734","13,47526209","52,50172907",,,4151.0,37.0
215789,11,8,8200727.0,2021,8,14,3,3,1,5,0,1,1,0,0,0,0,0,"802487,3171","5819133,519","13,45094871","52,43850452",,,4849.0,28.0
215788,11,7,7200308.0,2021,9,13,6,3,3,6,0,1,1,0,0,0,0,0,"794995,0872","5823849,401","13,34522061","52,48487236",,,5248.0,21.0
215787,11,9,9401635.0,2021,9,16,4,3,5,3,0,1,1,0,0,0,0,0,"817688,0899","5817868,371","13,67263039","52,4185517",,,3749.0,17.0
215786,11,7,7100206.0,2021,8,15,2,3,5,2,0,1,1,0,0,0,0,1,"796684,919","5824820,069","13,37089721","52,49265788",,,5144.0,42.0
215785,11,7,7100205.0,2021,8,9,6,3,5,2,0,1,1,0,0,0,0,0,"795997,5287","5824957,257","13,36092405","52,49426084",,,5250.0,54.0
215784,11,6,6300528.0,2021,9,12,2,3,1,5,0,0,1,0,0,0,1,0,"789126,6716","5816877,459","13,25300443","52,4255051",,,7957.0,59.0
215783,11,1,1100313.0,2021,9,20,6,2,0,1,1,0,0,0,0,0,1,0,"799815,7055","5826988,727","13,41882565","52,51038597",,,2553.0,40.0
215782,11,4,4501153.0,2021,8,10,3,3,5,2,0,1,1,0,0,0,0,0,"794304,8849","5823922,579","13,33515032","52,48590083",,,4531.0,62.0
215781,11,11,11501340.0,2021,9,12,7,3,5,3,0,0,1,0,1,0,0,1,"807680,6792","5824546,001","13,53209799","52,48411525",,,2160.0,45.0
215780,11,3,3601142.0,2021,8,11,6,3,5,2,0,1,1,0,0,0,0,0,"799174,1051","5831109,92","13,41310839","52,54767851",,,4049.0,39.0
215779,11,3,3300411.0,2021,9,18,5,3,5,3,0,1,1,0,0,0,0,0,"803911,631","5839149,555","13,49013221","52,61711157",,,5162.0,47.0
215778,11,4,4100101.0,2021,9,12,6,3,5,2,0,0,1,0,0,0,0,0,"791664,7423","5830679,317","13,30230365","52,54789075",,,4653.0,53.0
215777,11,4,4501149.0,2021,9,10,4,3,5,3,0,1,1,0,0,1,0,0,"793454,6647","5824435,084","13,32311654","52,49095289",,,3149.0,47.0
215776,11,2,2500831.0,2021,9,11,3,2,0,1,0,0,1,0,1,0,0,1,"802749,4055","5827330,13","13,46223267","52,51182573",,,2876.0,40.0
215775,11,3,3601450.0,2021,8,10,5,3,2,1,0,0,1,0,0,0,0,1,"802312,8561","5829506,994","13,45779805","52,53157897",,,6234.0,51.0
215774,11,11,11200512.0,2021,8,19,3,2,0,1,0,1,0,0,0,0,0,0,"802956,5629","5830960,89","13,46858408","52,54425256",,,2528.0,57.0
215773,11,6,6400842.0,2021,9,7,6,3,5,2,0,0,1,0,0,0,0,0,"788849,116","5821437,261","13,2528763","52,4665327",,,5649.0,33.0
215772,11,5,5200630.0,2021,9,12,5,3,2,6,0,0,1,0,0,0,0,0,"784453,1999","5827722,208","13,19370969","52,52519091",,,5130.0,63.0
215771,11,4,4300622.0,2021,9,18,3,3,2,6,0,0,1,0,0,0,0,0,"793550,1371","5826463,411","13,32630654","52,50908462",,,6361.0,62.0
215770,11,1,1100101.0,2021,9,21,7,3,2,6,2,0,1,0,0,0,0,0,"794483,8282","5826092,905","13,33969659","52,50526004",,,4354.0,42.0
215769,11,3,3300516.0,2021,8,16,3,3,5,3,0,0,1,0,0,0,1,0,"801127,0455","5833561,947","13,44404694","52,56858021",,,6856.0,63.0
215768,11,12,12200412.0,2021,9,15,2,2,2,6,0,0,1,0,0,0,1,0,"788347,4607","5832078,261","13,2547336","52,56219878",,,4660.0,51.0
215767,11,8,8100206.0,2021,9,15,1,3,6,4,0,0,0,1,1,0,0,0,"800449,6817","5823689,521","13,42516369","52,48046521",,,3231.0,65.0
215766,11,1,1300834.0,2021,8,9,7,2,3,6,0,0,1,0,0,0,1,0,"797782,133","5830741,711","13,39231106","52,54514065",,,7128.0,65.0
215765,11,1,1100102.0,2021,9,9,6,3,2,2,0,0,1,0,0,0,0,0,"796575,0093","5827962,356","13,37208248","52,52088512",,,4463.0,27.0
215764,11,8,8100415.0,2021,9,18,6,3,5,7,1,0,1,0,0,0,0,0,"801235,3433","5823671,487","13,43668135","52,47987076",,,6088.0,54.0
215763,11,4,4300414.0,2021,9,10,5,3,2,2,0,0,1,0,1,0,0,0,"790946,4876","5826751,56","13,28830347","52,51306275",,,3058.0,38.0
215762,11,4,4100101.0,2021,9,13,4,3,5,7,0,0,1,0,0,1,0,1,"792671,1008","5830661,262","13,31708666","52,54718916",,,4361.0,61.0
215761,11,10,10200524.0,2021,8,13,6,3,2,6,0,0,1,0,0,0,0,1,"812270,998","5830678,575","13,60523071","52,53646461",,,5253.0,35.0
215760,11,9,9200819.0,2021,8,20,4,3,0,1,1,1,0,0,0,0,0,1,"810193,6351","5820396,801","13,56512996","52,44550976",,,4454.0,36.0
215759,11,1,1100101.0,2021,9,19,7,3,5,3,0,0,1,0,0,0,0,0,"795130,8517","5826505,389","13,3495674","52,50860805",,,1952.0,65.0
215758,11,6,6400843.0,2021,9,13,3,3,6,4,0,0,0,1,1,0,0,0,"791573,7409","5820652,497","13,29218512","52,45805004",,,6656.0,56.0
215757,11,5,5100316.0,2021,9,7,4,3,5,3,0,1,0,0,0,0,1,0,"784041,7452","5829678,071","13,1893328","52,54294191",,,2156.0,63.0
215756,11,8,8200624.0,2021,9,13,3,3,0,3,0,0,1,0,1,0,0,0,"801294,9496","5820449,049","13,43464706","52,45095423",,,4923.0,62.0
215755,11,2,2500835.0,2021,8,12,5,3,1,5,0,1,1,0,0,0,0,1,"803105,6156","5826268,331","13,4664988","52,50211117",,,2559.0,56.0
215754,11,11,11100204.0,2021,8,15,3,3,5,2,0,0,1,0,0,0,0,0,"806543,3235","5833565,608","13,52371553","52,56559022",,,4133.0,63.0
215753,11,4,4501041.0,2021,9,19,6,3,0,1,1,0,0,0,1,0,0,0,"792957,6075","5825568,952","13,3168138","52,50138464",,,5269.0,57.0
215752,11,2,2500726.0,2021,9,16,4,3,6,4,0,0,1,1,0,0,0,0,"802153,8604","5828647,579","13,45468028","52,52396422",,,3941.0,55.0
215751,11,4,4300414.0,2021,9,15,3,3,5,3,0,0,1,0,0,0,1,0,"791552,2579","5826689,565","13,29715044","52,51218351",,,4556.0,46.0
215750,11,2,2400623.0,2021,9,18,2,2,1,5,0,1,1,0,0,0,0,0,"800526,5663","5826891,541","13,42918093","52,50912371",,,7056.0,63.0
215749,11,2,2200210.0,2021,9,16,4,3,5,7,0,0,1,0,0,0,0,0,"798672,0276","5825128,285","13,40035502","52,49433699",,,3172.0,56.0
215748,11,4,4400729.0,2021,9,13,1,3,3,6,0,1,1,0,0,0,0,0,"790537,5684","5822329,23","13,27843801","52,47363408",,,4051.0,54.0
215747,11,4,4300518.0,2021,8,13,7,3,5,2,0,1,1,0,0,0,0,0,"792082,8941","5828107,967","13,3061928","52,52461527",,,6251.0,61.0
215746,11,3,3300516.0,2021,9,10,5,3,4,6,0,0,1,0,0,0,0,0,"801036,7055","5834745,164","13,44379222","52,5792354",,,3933.0,51.0
215745,11,9,9200818.0,2021,9,18,5,3,1,7,0,0,1,0,0,0,0,0,"810488,4992","5820332,738","13,56939498","52,44476829",,,5880.0,64.0
215744,11,3,3200308.0,2021,9,20,3,2,5,2,2,0,1,0,0,0,0,0,"800177,4483","5836542,834","13,43277816","52,59582286",,,4674.0,48.0
215743,11,6,6300528.0,2021,9,19,4,3,2,6,1,0,1,0,1,0,0,0,"790828,6303","5817456,121","13,2784676","52,42979096",,,5135.0,57.0
215742,11,2,2300316.0,2021,8,8,6,3,5,2,0,1,1,0,0,0,0,1,"800805,4978","5826158,115","13,43261582","52,50239609",,,4818.0,65.0
215741,11,4,4501043.0,2021,8,21,4,3,0,2,2,0,1,0,1,0,0,1,"792947,2382","5825260,845","13,31639045","52,49862812",,,7455.0,64.0
215740,11,8,8100419.0,2021,9,7,6,3,0,3,0,1,1,0,0,0,0,0,"802531,9637","5824214,906","13,45620886","52,48402469",,,4743.0,63.0
215739,11,3,3500936.0,2021,8,15,3,3,5,3,0,0,1,0,0,0,1,0,"801686,0834","5831179,934","13,45010513","52,5469208",,,6359.0,27.0
215738,11,7,7200307.0,2021,9,15,5,3,5,7,0,0,1,0,0,0,1,0,"794944,5998","5824319,949","13,34489567","52,4891178",,,4547.0,11.0
215737,11,1,1100309.0,2021,9,7,6,3,5,3,0,1,1,0,0,0,0,0,"798289,4723","5828776,949","13,3980069","52,52725172",,,3248.0,24.0
215736,11,6,6200312.0,2021,9,14,3,3,2,6,0,0,1,0,0,0,1,0,"795023,6929","5819104,56","13,34144631","52,44232223",,,4942.0,18.0
215735,11,10,10200418.0,2021,9,8,3,2,6,4,0,0,1,1,0,0,0,0,"810808,5597","5830936,55","13,58397981","52,53961235",,,3656.0,44.0
215734,11,10,10100210.0,2021,9,17,4,3,5,3,0,0,1,0,1,1,0,0,"808595,7148","5831892,944","13,55234436","52,54944089",,,1960.0,63.0
215733,11,8,8100102.0,2021,9,2,2,2,2,6,2,0,1,0,1,0,0,0,"800583,2571","5823231,129","13,42671148","52,47628296",,,4955.0,53.0
215732,11,5,5100316.0,2021,9,18,1,3,0,2,0,0,1,0,1,0,0,0,"784988,9457","5829498,649","13,20310835","52,5408386",,,3856.0,49.0
215731,11,4,4300415.0,2021,8,17,1,3,5,2,0,1,1,0,0,0,0,0,"790670,2885","5825991,934","13,28358151","52,50639994",,,3856.0,49.0
215730,11,4,4500939.0,2021,9,8,5,3,5,3,0,0,1,0,1,0,0,0,"791820,9196","5824311,886","13,29901444","52,49072428",,,5244.0,47.0
215729,11,2,2200212.0,2021,9,10,7,3,5,2,0,1,1,0,0,0,0,0,"799655,0612","5824508,486","13,41423411","52,48824263",,,5248.0,21.0
215728,11,1,1100308.0,2021,9,13,4,3,5,3,0,1,1,0,0,0,0,0,"796675,7268","5828757,288","13,37427171","52,52795606",,,3651.0,62.0
215727,11,9,9200510.0,2021,9,14,5,3,5,2,0,1,1,0,0,0,0,0,"806444,043","5822259,434","13,51184327","52,46431769",,,3353.0,38.0
215726,11,2,2100102.0,2021,8,13,7,3,5,3,0,0,1,0,0,0,1,0,"798185,6749","5826507,406","13,39444731","52,506965",,,3559.0,22.0
215725,11,9,9502043.0,2021,8,10,4,3,0,7,0,0,1,1,0,0,0,0,"810369,3773","5822926,976","13,57005928","52,46808462",,,1462.0,37.0
215724,11,1,1300834.0,2021,9,8,2,3,1,2,0,0,1,0,1,0,0,0,"798251,9613","5830679,16","13,39916272","52,54432297",,,3745.0,36.0
215723,11,1,1200520.0,2021,9,16,7,3,5,2,0,1,0,0,0,0,1,0,"794596,508","5828438,937","13,34342912","52,52622983",,,5462.0,60.0
215722,11,2,2200210.0,2021,9,16,7,3,5,3,0,0,1,0,0,0,0,0,"798951,1469","5824797,247","13,40415708","52,49121689",,,5132.0,38.0
215721,11,1,1200624.0,2021,9,13,3,3,2,6,0,0,1,0,1,0,0,0,"795560,3759","5829648,09","13,35867053","52,53654716",,,6858.0,59.0
215720,11,6,6200313.0,2021,9,9,4,2,5,3,0,1,1,0,0,0,0,0,"795399,1332","5818197,674","13,3461524","52,43398986",,,5162.0,47.0
215719,11,8,8401241.0,2021,9,7,4,3,0,7,0,0,1,0,0,0,0,0,"805003,5098","5818772,215","13,48752078","52,43386889",,,4447.0,16.0
215718,11,6,6100210.0,2021,8,11,2,3,5,2,0,1,1,0,0,0,0,1,"795120,6569","5821249,254","13,34476392","52,46149585",,,3239.0,57.0
215717,11,7,7601341.0,2021,9,23,6,2,5,3,2,0,1,0,1,0,0,0,"797891,597","5815241,524","13,38007586","52,40613922",,,5669.0,65.0
215716,11,2,2200212.0,2021,9,15,4,3,2,2,0,0,1,0,0,0,0,0,"799081,2837","5824615,171","13,40590468","52,48951355",,,3350.0,22.0
215715,11,5,5300737.0,2021,8,11,2,2,5,2,0,0,1,0,0,1,0,0,"788032,6375","5829369,873","13,24775267","52,53808367",,,4354.0,42.0
215714,11,2,2500835.0,2021,8,6,6,3,5,2,0,1,0,0,1,0,0,1,"803094,4675","5826040,346","13,46612757","52,50007396",,,4567.0,50.0
215713,11,7,7501134.0,2021,9,18,2,3,2,6,0,0,1,0,0,0,0,0,"799695,0855","5819022,909","13,409896","52,43905026",,,3248.0,24.0
215712,11,9,9200715.0,2021,9,21,6,3,6,7,2,0,1,1,0,0,0,0,"808928,5692","5818886,395","13,54517971","52,43268973",,,1163.0,42.0
215711,11,7,7300516.0,2021,8,15,3,3,6,4,0,1,0,1,0,0,0,0,"794040,0063","5821644,198","13,32925196","52,46561891",,,2628.0,59.0
215710,11,4,4100101.0,2021,9,17,7,2,6,4,0,0,1,1,0,0,0,0,"792475,9253","5830085,319","13,31370943","52,54213086",,,5365.0,63.0
215709,11,4,4200308.0,2021,8,19,6,3,5,2,0,0,1,0,0,0,0,0,"790223,8333","5827314,054","13,27817512","52,51849057",,,4944.0,25.0
215708,11,2,2500836.0,2021,9,14,5,3,5,2,0,1,1,0,0,0,0,0,"803505,399","5825370,999","13,4715528","52,49384635",,,3264.0,52.0
215707,11,8,8100417.0,2021,9,16,5,3,2,6,0,0,1,0,0,0,0,0,"802456,8956","5822851,416","13,4538701","52,47184525",,,3675.0,61.0
215706,11,1,1200628.0,2021,9,15,4,3,2,6,0,0,1,0,1,0,0,1,"795442,2383","5827628,489","13,35513927","52,5185072",,,4544.0,57.0
215705,11,6,6300631.0,2021,9,13,4,2,2,6,0,0,1,0,1,0,0,1,"792461,111","5816500,643","13,30157483","52,42035487",,,3730.0,44.0
215704,11,2,2500830.0,2021,8,11,5,3,0,1,0,0,0,0,1,0,0,1,"802262,7339","5827503,475","13,45524063","52,5136493",,,6167.0,41.0
215703,11,1,1100102.0,2021,8,15,3,3,2,6,0,0,1,0,0,0,1,0,"795410,2359","5826308,009","13,35349683","52,50668748",,,7425.0,64.0
215702,11,3,3501038.0,2021,9,11,6,3,5,2,0,0,1,0,1,0,0,0,"803600,3168","5831996,693","13,47899483","52,55317776",,,3264.0,52.0
215701,11,11,11200513.0,2021,9,12,5,3,5,7,0,0,1,0,0,0,0,0,"804764,4141","5830825,317","13,49503643","52,5420293",,,5552.0,49.0
215700,11,3,3500936.0,2021,9,9,3,3,4,5,0,1,0,0,0,1,0,0,"802335,1675","5831466,426","13,45990894","52,54912878",,,3666.0,49.0
215699,11,1,1401045.0,2021,9,14,2,3,5,2,0,1,0,0,0,0,1,0,"796671,4229","5831918,789","13,37703173","52,55629778",,,3756.0,4.0
215698,11,7,7601236.0,2021,9,14,5,3,5,3,0,1,1,0,0,0,0,0,"795880,9394","5816209,662","13,35146048","52,4159082",,,2970.0,64.0
215697,11,11,11300721.0,2021,9,10,2,2,0,2,0,0,1,0,1,0,0,0,"805131,5857","5829992,992","13,49966951","52,53436419",,,4251.0,2.0
215696,11,1,1100101.0,2021,9,18,1,3,1,5,0,0,1,0,0,0,1,0,"794973,68","5826624,055","13,34736345","52,50975681",,,5038.0,31.0
215695,11,11,11501340.0,2021,8,22,7,3,2,6,2,1,1,0,0,0,0,0,"807249,9459","5824254,302","13,52550602","52,48174353",,,5144.0,42.0
215694,11,1,1200628.0,2021,9,9,5,3,2,6,0,0,1,0,1,0,0,0,"796197,866","5828465,476","13,3669883","52,52560009",,,2130.0,45.0
215693,11,1,1200628.0,2021,9,9,6,3,5,3,0,1,1,0,0,0,0,0,"795687,442","5828074,518","13,35913896","52,52237256",,,4267.0,59.0
215692,11,7,7400826.0,2021,9,9,5,3,5,3,0,0,1,0,1,0,0,0,"797023,8001","5820693,726","13,37219942","52,45548495",,,4853.0,18.0
215691,11,8,8200726.0,2021,9,14,5,3,5,3,0,1,1,0,0,0,0,0,"801910,8346","5820631,091","13,44384702","52,45224614",,,2073.0,61.0
215690,11,3,3701660.0,2021,8,9,6,3,6,4,0,0,1,1,0,0,0,1,"800664,1191","5829356,235","13,43342932","52,53113959",,,3357.0,62.0
215689,11,2,2300316.0,2021,8,7,3,2,0,5,0,1,1,0,0,0,0,0,"800889,6001","5826435,543","13,4341018","52,50483638",,,6622.0,65.0
215688,11,2,2500834.0,2021,9,18,1,3,6,7,0,1,0,1,0,0,0,0,"803147,0123","5826717,864","13,46751607","52,50611727",,,5042.0,54.0
215687,11,3,3400723.0,2021,9,13,6,3,5,3,0,0,1,0,0,0,1,0,"799551,4551","5834224,881","13,42146857","52,57539159",,,3228.0,32.0
215686,11,12,12400723.0,2021,9,10,4,3,9,1,0,0,1,0,0,0,0,0,"792528,4681","5839292,971","13,32260966","52,62464481",,,5151.0,39.0
215685,11,6,6400841.0,2021,9,18,3,3,5,3,0,1,1,0,0,0,0,0,"789578,9527","5818883,219","13,26137484","52,44324841",,,7235.0,47.0
215684,11,4,4300622.0,2021,8,20,1,2,5,3,2,0,1,0,0,0,1,1,"792916,931","5826772,084","13,31727491","52,51219213",,,3850.0,33.0
215683,11,12,12200414.0,2021,9,20,3,3,0,7,1,0,1,0,0,0,0,0,"791220,0262","5830830,655","13,29589649","52,54948539",,,4848.0,3.0
215682,11,3,3601244.0,2021,9,15,3,3,6,4,0,0,1,1,0,0,0,0,"800108,365","5831706,069","13,42738377","52,55250809",,,7131.0,58.0
215681,11,12,12100204.0,2021,8,14,2,3,6,4,0,0,1,1,0,0,0,0,"795146,2545","5832548,097","13,35516022","52,56276768",,,3946.0,62.0
215680,11,2,2300314.0,2021,9,18,6,3,1,5,0,1,1,0,0,0,0,1,"799863,3358","5825996,111","13,41863134","52,50146255",,,4445.0,43.0
215679,11,7,7300516.0,2021,9,16,1,3,1,5,0,1,1,0,0,0,0,0,"793808,4505","5821795,793","13,32598672","52,46710247",,,3650.0,32.0
215678,11,5,5100210.0,2021,9,5,5,3,2,6,1,0,1,0,1,0,0,1,"783732,6369","5830596,405","13,18557159","52,55133687",,,4943.0,45.0
215677,11,4,4501042.0,2021,8,19,2,3,5,2,0,0,1,0,1,0,0,1,"794480,315","5825856,114","13,33943554","52,50313925",,,4548.0,24.0
215676,11,2,2300316.0,2021,9,6,5,3,6,4,0,0,1,1,0,0,0,0,"801476,5343","5826027,656","13,44235373","52,50085645",,,4268.0,58.0
215675,11,9,9301228.0,2021,8,1,7,3,9,1,2,0,1,0,0,0,0,1,"819150,8037","5812672,827","13,68911851","52,37114768",,,5540.0,55.0
215674,11,4,4400726.0,2021,9,8,2,3,2,6,0,0,0,0,1,0,1,0,"790858,5882","5824639,174","13,28516654","52,49417204",,,7459.0,61.0
215673,11,4,4300416.0,2021,9,13,1,3,1,5,0,0,1,0,1,0,0,0,"791846,0431","5826236,46","13,30106994","52,50796438",,,6058.0,52.0
215672,11,6,6400841.0,2021,8,11,3,3,1,1,0,1,1,0,0,0,0,0,"789619,0827","5818159,081","13,26133607","52,43673497",,,6359.0,27.0
215671,11,3,3400721.0,2021,9,20,6,3,0,2,2,1,1,0,0,0,0,0,"798218,1897","5833454,14","13,40115935","52,56921523",,,4772.0,55.0
215670,11,8,8100419.0,2021,10,18,6,3,5,3,0,1,0,0,0,0,1,0,"802212,7021","5824182,058","13,45149188","52,48390706",,,1464.0,65.0
215669,11,9,9100407.0,2021,9,15,3,2,5,2,0,1,1,0,0,0,0,0,"805987,4038","5821178,632","13,50415202","52,45488695",,,7232.0,31.0
215668,11,12,12500825.0,2021,9,16,5,3,6,7,0,0,1,1,0,0,0,0,"791749,8147","5834365,902","13,30679659","52,58089434",,,3962.0,49.0
215667,11,2,2100105.0,2021,9,18,3,3,5,3,0,0,0,0,1,0,1,0,"799729,8802","5825782,531","13,41647893","52,49962144",,,2952.0,50.0
215666,11,7,7400720.0,2021,9,15,2,3,0,4,0,0,0,1,1,0,0,0,"797241,9896","5823814,17","13,37818106","52,48333799",,,5529.0,57.0
215665,11,6,6200422.0,2021,9,13,5,3,2,6,0,0,1,0,0,0,0,0,"794958,1015","5816237,522","13,33795533","52,41665604",,,4558.0,14.0
215664,11,7,7400823.0,2021,9,18,3,3,5,2,1,0,1,0,1,0,0,0,"797326,5167","5822178,649","13,37796405","52,46863122",,,3945.0,34.0
215663,11,8,8100314.0,2021,9,17,3,3,6,4,0,0,0,1,0,0,1,0,"800364,9201","5824350,995","13,42451532","52,4864409",,,6062.0,52.0
215662,11,11,11300721.0,2021,8,7,2,2,0,1,0,0,0,0,0,0,1,1,"805097,7119","5829101,794","13,49835379","52,52639586",,,5181.0,61.0
215661,11,1,1100102.0,2021,9,11,6,3,5,2,0,0,1,0,1,0,0,0,"795188,661","5827210,532","13,35104215","52,51489785",,,3032.0,48.0
215660,11,7,7601544.0,2021,9,17,7,3,1,5,2,1,1,0,0,0,0,1,"799818,488","5813100,075","13,4064013","52,38589214",,,3470.0,55.0
215659,11,7,7400927.0,2021,9,14,5,3,3,6,0,0,1,0,1,1,0,0,"798108,8951","5820900,061","13,38830549","52,45674379",,,3852.0,51.0
215658,11,6,6300524.0,2021,9,14,4,3,5,3,0,1,1,0,0,0,0,1,"787550,8324","5817300,933","13,23025699","52,43013234",,,2940.0,57.0
215657,11,11,11300616.0,2021,8,14,7,3,2,6,0,0,1,0,0,0,0,0,"802972,9257","5829827,57","13,46779127","52,53408575",,,6536.0,61.0
215656,11,2,2300419.0,2021,9,22,7,3,5,7,2,1,1,0,0,0,0,0,"801588,4958","5825947,476","13,44392552","52,50007591",,,3756.0,4.0
215655,11,5,5100209.0,2021,9,18,1,2,5,3,0,0,1,0,0,0,0,0,"783702,607","5830170,01","13,18476557","52,5475294",,,5837.0,51.0
215654,11,2,2300417.0,2021,8,10,3,3,1,5,0,0,1,0,0,1,0,0,"800141,4037","5825615,392","13,42237244","52,49789714",,,5260.0,59.0
215653,11,5,5100208.0,2021,9,16,5,3,0,2,0,0,0,0,1,0,1,0,"782397,8547","5830616,219","13,1659547","52,55220823",,,4151.0,37.0
215652,11,3,3300516.0,2021,9,16,6,3,2,6,0,0,1,0,1,0,0,0,"800991,022","5833245,171","13,44175863","52,56581616",,,3744.0,45.0
215651,11,2,2200212.0,2021,10,21,6,3,0,1,2,1,0,0,0,0,0,0,"800163,0505","5824427,578","13,42162027","52,48723836",,,4624.0,53.0
215650,11,2,2200210.0,2021,9,18,3,3,2,6,1,1,1,0,0,1,0,0,"798446,0088","5825240,039","13,39713584","52,49546236",,,4674.0,48.0
215649,11,4,4300623.0,2021,9,20,4,3,0,1,1,0,0,0,0,0,1,0,"792738,9854","5826094,461","13,3140643","52,50621299",,,6233.0,61.0
215648,11,3,3701556.0,2021,9,12,3,3,0,1,0,1,0,0,0,0,0,1,"799275,1943","5829032,456","13,41272369","52,52900174",,,1658.0,8.0
215647,11,10,10100311.0,2021,8,15,2,2,5,2,0,0,1,0,0,0,1,0,"806567,4793","5828096,719","13,51902461","52,51656376",,,6247.0,60.0
215646,11,7,7100204.0,2021,9,8,6,3,1,5,0,1,1,0,0,0,0,0,"795181,949","5824475,553","13,34851902","52,49038439",,,3339.0,61.0
215645,11,3,3100103.0,2021,8,14,2,3,5,3,0,0,1,0,0,0,0,1,"804148,9849","5841046,401","13,49537236","52,63397895",,,4450.0,25.0
215644,11,10,10400941.0,2021,9,13,2,3,5,3,0,1,1,0,0,0,0,0,"813469,0202","5824907,02","13,61740103","52,48405837",,,4455.0,27.0