OBJECTID,LAND,BEZ,LOR_ab_2021,UJAHR,UMONAT,USTUNDE,UWOCHENTAG,UKATEGORIE,UART,UTYP1,ULICHTVERH,IstRad,IstPKW,IstFuss,IstKrad,IstGkfz,IstSonstige,USTRZUSTAND,LINREFX,LINREFY,XGCSWGS84,YGCSWGS84,LOR,STRASSE,quadrant,quadrant_rank
215471,11,1,1200624.0,2021,8,12,2,3,5,2,0,1,0,0,0,1,0,1,"795659,7685","5829734,084","13,36020818","52,53726411",,,4848.0,3.0
215470,11,1,1100102.0,2021,8,15,5,2,5,3,0,1,1,0,0,0,0,0,"796672,7125","5827943,545","13,37350147","52,52066335",,,4849.0,28.0
215469,11,4,4300623.0,2021,9,16,2,3,6,4,0,1,0,1,0,0,0,0,"792250,4932","5826112,956","13,30690379","52,50664069",,,5268.0,60.0
215468,11,1,1401047.0,2021,9,19,6,3,5,3,0,0,1,0,0,0,0,0,"795664,8371","5830275,593","13,36076457","52,54211549",,,7758.0,62.0
215467,11,1,1100414.0,2021,8,19,3,3,1,5,1,1,1,0,0,0,0,0,"797470,6179","5829367,662","13,3865007","52,53299416",,,4942.0,18.0
215466,11,8,8100208.0,2021,9,14,7,2,1,5,0,1,1,0,0,0,0,0,"801268,5488","5822888,737","13,43646173","52,47283644",,,7141.0,63.0
215465,11,5,5100315.0,2021,9,6,5,2,1,5,0,0,1,0,1,0,0,0,"784429,0891","5829929,383","13,1952443","52,54499311",,,3829.0,50.0
215464,11,4,4501042.0,2021,8,12,5,3,1,5,0,1,1,0,0,0,0,0,"793664,3022","5825645,147","13,32726211","52,50168783",,,4344.0,28.0
215463,11,5,5200420.0,2021,9,20,3,2,3,6,2,0,1,0,1,0,0,0,"782478,3134","5828528,92","13,16536321","52,53345106",,,4849.0,28.0
215462,11,1,1100310.0,2021,9,12,3,3,2,6,0,0,1,0,1,0,0,1,"799508,228","5828124,773","13,41533113","52,52073779",,,2829.0,65.0
215461,11,1,1300834.0,2021,8,5,5,3,2,2,1,1,1,0,0,0,0,1,"798070,4796","5829988,116","13,39587447","52,53822801",,,3567.0,10.0
215460,11,9,9301025.0,2021,8,17,3,3,5,3,0,1,1,0,0,0,0,0,"811033,1487","5816261,134","13,57359682","52,40797058",,,5050.0,37.0
215459,11,1,1200521.0,2021,9,15,6,3,6,4,0,1,0,1,0,0,0,0,"793696,563","5828321,927","13,33009854","52,52566646",,,3250.0,40.0
215458,11,12,12100205.0,2021,9,9,5,2,5,2,0,0,0,0,0,0,1,0,"795450,2684","5834153,114","13,36106186","52,57699024",,,4948.0,23.0
215457,11,2,2300314.0,2021,9,16,3,3,5,2,0,0,1,0,1,0,0,0,"799902,4527","5825714,119","13,41895194","52,49891343",,,3760.0,45.0
215456,11,4,4501040.0,2021,9,19,1,3,0,6,2,0,1,0,0,0,1,0,"792502,0042","5825412,209","13,30998333","52,50022389",,,7132.0,48.0
215455,11,1,1100415.0,2021,9,18,4,3,2,2,0,1,1,0,0,0,0,0,"798302,0477","5829371,984","13,39872563","52,53257852",,,6188.0,57.0
215454,11,10,10400835.0,2021,9,16,2,3,5,3,0,0,1,0,0,0,0,0,"811216,8241","5827914,747","13,58715221","52,51230004",,,3656.0,44.0
215453,11,10,10200627.0,2021,9,17,1,3,5,5,0,1,1,0,0,0,0,0,"811240,7629","5829823,014","13,58928927","52,52938698",,,4457.0,55.0
215452,11,3,3601245.0,2021,8,18,7,3,9,1,0,0,1,0,0,0,0,0,"801133,456","5831081,411","13,44189077","52,54634347",,,3855.0,43.0
215451,11,9,9200716.0,2021,9,6,6,3,3,2,1,0,1,0,1,0,0,0,"809025,5484","5819434,442","13,54710823","52,43754653",,,5126.0,38.0
215450,11,1,1100415.0,2021,9,6,6,3,0,1,1,0,0,0,1,0,0,1,"798240,8029","5829360,535","13,39781514","52,53250941",,,7555.0,64.0
215449,11,12,12601133.0,2021,9,18,4,3,5,3,0,0,1,0,0,0,0,1,"795733,2044","5837042,219","13,36780414","52,60273431",,,5048.0,24.0
215448,11,12,12200414.0,2021,9,21,4,3,0,7,2,0,0,0,1,0,0,0,"790991,0414","5831332,843","13,29296909","52,55410982",,,3469.0,65.0
215447,11,6,6200316.0,2021,8,7,6,3,2,6,0,0,1,0,0,0,0,1,"796037,2629","5817621,357","13,35500144","52,42847859",,,4559.0,31.0
215446,11,8,8401242.0,2021,8,14,4,3,5,3,0,1,1,0,0,0,0,0,"804477,4808","5816942,338","13,47814138","52,41776108",,,6856.0,63.0
215445,11,3,3100101.0,2021,9,16,6,3,2,1,0,0,1,0,0,0,0,0,"803014,4093","5842070,752","13,47959863","52,6437939",,,5961.0,51.0
215444,11,6,6100205.0,2021,9,12,6,3,6,4,0,1,0,1,0,0,0,0,"795527,5911","5819724,093","13,34938628","52,44760386",,,6356.0,61.0
215443,11,4,4400830.0,2021,9,12,3,3,5,3,0,1,1,0,0,0,0,0,"791425,6762","5822994,053","13,29205741","52,47912109",,,3444.0,24.0
215442,11,1,1300733.0,2021,9,14,2,3,0,7,0,0,0,0,1,0,0,0,"797365,3675","5831200,438","13,38659406","52,5494802",,,7934.0,54.0
215441,11,8,8200730.0,2021,9,11,5,3,5,7,0,0,1,0,1,0,0,0,"801757,7836","5819073,009","13,44019441","52,43836515",,,4560.0,49.0
215440,11,4,4200309.0,2021,9,15,3,3,5,3,0,0,1,0,0,0,0,0,"789067,8705","5827003,545","13,26091664","52,51632075",,,7140.0,63.0
215439,11,3,3200309.0,2021,9,10,3,3,1,5,0,1,1,0,0,0,0,1,"800080,5522","5837505,652","13,43222459","52,6045062",,,4772.0,55.0
215438,11,2,2400625.0,2021,8,12,1,3,3,6,0,1,0,0,0,0,0,0,"801682,1551","5826124,234","13,44546121","52,50160845",,,2844.0,55.0
215437,11,12,12500824.0,2021,9,17,6,3,2,6,0,0,1,0,0,0,0,1,"790205,367","5835860,579","13,2853763","52,59511993",,,3646.0,63.0
215436,11,1,1400938.0,2021,9,5,1,2,5,3,2,0,1,0,0,0,0,0,"794533,1242","5831577,422","13,3452798","52,55439835",,,4962.0,45.0
215435,11,4,4501149.0,2021,9,13,5,3,5,2,0,0,0,0,0,0,1,0,"793442,6282","5824158,125","13,32269588","52,48847653",,,4238.0,48.0
215434,11,5,5200528.0,2021,9,15,5,2,5,5,0,0,1,0,1,0,0,0,"783628,9594","5825040,79","13,1793075","52,50157813",,,6444.0,53.0
215433,11,4,4500937.0,2021,9,14,6,2,5,2,0,1,0,0,0,0,1,0,"791585,2661","5825097,929","13,29624147","52,49789702",,,6839.0,56.0
215432,11,9,9200512.0,2021,8,15,7,3,1,5,0,1,1,0,0,0,0,0,"808858,8161","5821625,19","13,54668859","52,45727412",,,4779.0,65.0
215431,11,11,11300721.0,2021,8,7,4,2,0,1,0,1,0,0,0,0,0,0,"805162,1898","5829815,865","13,49995669","52,53275957",,,2849.0,40.0
215430,11,3,3200309.0,2021,9,15,1,3,2,6,0,0,1,0,1,0,0,0,"800031,026","5837276,888","13,43128811","52,60248309",,,4573.0,56.0
215429,11,4,4501041.0,2021,9,21,7,3,0,6,2,0,1,0,0,0,1,0,"793155,4599","5825601,448","13,31974882","52,50156969",,,3647.0,52.0
215428,11,9,9100306.0,2021,8,5,3,3,5,2,1,1,0,0,0,0,1,1,"804941,3071","5820719,675","13,48838575","52,45135807",,,4657.0,9.0
215427,11,12,12500824.0,2021,9,23,6,3,5,3,2,0,1,0,0,0,1,0,"790238,4625","5835845,882","13,28585064","52,5949705",,,6268.0,60.0
215426,11,4,4200311.0,2021,10,8,6,3,2,6,0,0,1,0,1,0,0,0,"790126,4835","5826083,023","13,27567116","52,50750602",,,4934.0,62.0
215425,11,4,4501152.0,2021,9,14,3,3,5,2,0,1,1,0,0,0,0,0,"793981,2214","5824712,988","13,33109482","52,49316084",,,3749.0,17.0
215424,11,1,1100308.0,2021,9,8,4,3,5,3,0,1,1,0,0,0,0,0,"796973,9569","5828731,015","13,37863148","52,52755817",,,3648.0,35.0
215423,11,5,5200629.0,2021,9,20,3,3,6,2,2,0,1,1,0,0,0,0,"784704,8317","5828584,924","13,19814752","52,53279468",,,1061.0,59.0
215422,11,1,1100102.0,2021,8,14,2,3,0,1,0,0,0,0,1,0,0,0,"796578,9846","5826873,412","13,37117024","52,51112167",,,6931.0,61.0
215421,11,5,5100210.0,2021,9,7,6,3,5,2,0,1,1,0,0,0,0,0,"783977,359","5830083,677","13,18873272","52,54661218",,,3676.0,38.0
215420,11,11,11100204.0,2021,8,13,2,3,5,3,0,0,1,0,0,0,0,1,"806318,7628","5833904,919","13,52072617","52,56875755",,,7748.0,64.0
215419,11,12,12100204.0,2021,8,7,6,3,5,3,0,1,1,0,0,0,0,1,"795068,1269","5832799,665","13,35423472","52,56506512",,,5375.0,58.0
215418,11,8,8100310.0,2021,9,19,2,3,2,6,0,0,1,0,0,0,1,0,"800561,1016","5825094,106","13,42806602","52,4929937",,,5356.0,13.0
215417,11,1,1200625.0,2021,9,3,7,3,5,3,2,0,1,0,0,0,1,0,"794701,255","5828865,752","13,34534697","52,52999932",,,3648.0,35.0
215416,11,11,11300722.0,2021,9,10,4,3,1,5,0,1,1,0,0,0,0,0,"803692,8655","5828331,037","13,47700586","52,52027214",,,3738.0,53.0
215415,11,3,3400827.0,2021,9,13,1,3,0,7,0,0,0,0,1,0,0,1,"799526,5151","5831956,884","13,41905403","52,55507651",,,1064.0,63.0
215414,11,9,9300920.0,2021,8,11,6,3,2,6,0,0,1,0,0,0,1,0,"808509,5554","5817298,681","13,53757158","52,41869695",,,2972.0,55.0
215413,11,2,2100103.0,2021,9,15,4,3,5,3,0,1,1,0,0,0,0,0,"798418,3425","5825770,503","13,39720479","52,50023241",,,4951.0,32.0
215412,11,5,5300838.0,2021,9,12,6,3,8,1,0,0,0,0,0,0,1,0,"788019,107","5830835,801","13,24882489","52,55123346",,,5047.0,51.0
215411,11,8,8301037.0,2021,9,15,4,3,5,3,0,1,1,0,0,0,0,1,"804710,5436","5817746,817","13,48229043","52,42484176",,,3283.0,60.0
215410,11,3,3300516.0,2021,9,15,4,3,5,3,0,1,1,0,0,0,0,1,"801037,4979","5833767,268","13,44291606","52,57047005",,,4447.0,16.0
215409,11,10,10200524.0,2021,8,17,5,3,2,6,0,0,1,0,0,0,0,1,"812329,6486","5830563,621","13,6059846","52,5354009",,,5243.0,34.0
215408,11,4,4300620.0,2021,8,16,3,3,2,6,0,0,1,0,0,0,0,0,"793284,0558","5827815,293","13,32358881","52,52134677",,,5967.0,61.0
215407,11,1,1400938.0,2021,9,19,7,2,0,1,1,0,0,0,0,0,1,0,"793971,5895","5830152,021","13,33575943","52,54192392",,,4859.0,52.0
215406,11,12,12500825.0,2021,9,15,4,3,2,2,0,1,0,0,0,0,1,0,"791259,9722","5834950,014","13,30010109","52,58639318",,,7531.0,59.0
215405,11,6,6200313.0,2021,9,15,3,3,1,5,0,1,1,0,0,0,0,0,"795441,5991","5818538,65","13,34707658","52,43702357",,,7752.0,58.0
215404,11,7,7100102.0,2021,9,3,1,3,1,5,2,0,1,0,0,0,1,0,"795031,4582","5825249,327","13,34699421","52,4974021",,,3356.0,56.0
215403,11,8,8100105.0,2021,8,10,2,3,2,6,0,0,1,0,0,0,0,1,"800960,9996","5822262,501","13,43138258","52,46739282",,,3054.0,54.0
215402,11,9,9301025.0,2021,8,15,6,3,5,3,0,1,1,0,0,0,0,0,"810981,654","5814213,408","13,57094157","52,38964869",,,5953.0,55.0
215401,11,12,12200308.0,2021,9,14,2,2,6,4,0,0,1,1,0,0,0,0,"792401,9134","5833690,285","13,31579726","52,57448769",,,3649.0,23.0
215400,11,1,1200625.0,2021,9,10,7,3,5,2,0,1,1,0,0,0,0,1,"794775,1383","5828918,037","13,34647932","52,53042807",,,4059.0,30.0
215399,11,1,1401047.0,2021,8,16,3,3,2,7,0,0,1,0,0,0,0,0,"795476,0504","5830677,573","13,35834648","52,54582129",,,3531.0,58.0
215398,11,12,12400720.0,2021,9,19,1,3,5,3,2,0,1,0,0,0,0,0,"789632,4471","5839732,463","13,28033163","52,63013657",,,3440.0,55.0
215397,11,12,12100102.0,2021,8,20,6,3,1,1,2,0,1,0,1,0,0,0,"796603,0707","5833562,27","13,37749566","52,57106694",,,3850.0,33.0
215396,11,1,1400938.0,2021,9,17,5,3,1,5,0,1,1,0,0,0,0,0,"794692,872","5831440,553","13,3475077","52,55308501",,,4251.0,2.0
215395,11,2,2400625.0,2021,9,16,5,3,5,2,0,1,1,0,0,0,0,0,"801750,0383","5826253,006","13,44657492","52,50272511",,,4059.0,30.0
215394,11,4,4501041.0,2021,9,14,4,3,5,2,0,0,1,0,1,0,0,0,"793133,8025","5825600,264","13,31942963","52,50157071",,,4518.0,52.0
215393,11,8,8100415.0,2021,9,8,4,2,6,2,0,0,0,1,0,0,1,0,"801385,6963","5823740,114","13,43895061","52,48040291",,,3552.0,52.0
215392,11,7,7400824.0,2021,8,22,4,3,5,2,2,0,1,0,0,0,0,1,"797866,7118","5821888,051","13,38563342","52,46573207",,,7134.0,43.0
215391,11,3,3400725.0,2021,8,13,3,3,5,2,0,1,1,0,0,0,0,0,"798825,9107","5834942,454","13,41144072","52,58222236",,,3843.0,36.0
215390,11,1,1100309.0,2021,9,11,6,3,5,3,0,0,1,0,0,0,0,0,"797892,77","5828186,453","13,39164762","52,52217558",,,4261.0,37.0
215389,11,8,8100520.0,2021,9,22,5,3,6,4,2,0,1,1,0,0,0,1,"802758,4443","5823071,481","13,45849573","52,47365066",,,3454.0,49.0
215388,11,11,11400929.0,2021,9,16,3,3,5,5,0,0,1,0,1,0,0,0,"805179,2477","5827194,078","13,49780202","52,50925243",,,5268.0,60.0
215387,11,3,3601243.0,2021,9,6,2,3,5,3,0,1,1,0,0,0,0,0,"799824,8966","5831539,347","13,42306486","52,55116982",,,7854.0,62.0
215386,11,9,9100408.0,2021,9,15,5,3,5,2,0,1,1,0,0,0,0,0,"806254,8273","5819253,499","13,50631064","52,43748328",,,1659.0,46.0
215385,11,2,2100102.0,2021,9,10,2,3,0,6,0,0,1,0,1,0,0,0,"798242,8393","5826118,626","13,3949388","52,50344884",,,4567.0,50.0
215384,11,4,4200308.0,2021,9,15,5,3,2,6,0,0,1,0,1,0,0,0,"790364,1546","5827303,768","13,28022834","52,51832366",,,3148.0,24.0
215383,11,8,8100208.0,2021,9,11,1,3,1,5,0,1,1,0,0,0,0,0,"801192,1182","5822660,217","13,43513356","52,4708303",,,3238.0,58.0
215382,11,2,2200209.0,2021,8,12,7,3,2,2,0,0,1,0,1,0,0,0,"797123,6778","5823996,241","13,37660622","52,48503447",,,3245.0,33.0
215381,11,2,2200209.0,2021,9,23,5,3,4,6,2,1,0,0,0,0,1,0,"797272,6225","5824612,488","13,37934287","52,49047739",,,5452.0,39.0
215380,11,5,5200631.0,2021,9,14,7,3,2,6,0,0,1,0,1,0,0,1,"785102,561","5827598,443","13,20314919","52,52374205",,,5858.0,54.0
215379,11,1,1400938.0,2021,9,20,4,3,0,6,2,0,1,0,1,0,0,1,"794674,6333","5831455,404","13,34725266","52,55322801",,,2846.0,54.0
215378,11,5,5200525.0,2021,9,19,4,3,2,6,2,0,1,0,0,0,0,1,"781795,1658","5827198,016","13,15419043","52,52187116",,,4750.0,40.0
215377,11,1,1300733.0,2021,8,17,6,3,5,2,0,1,1,0,0,0,0,0,"797080,2853","5831450,461","13,38262574","52,5518769",,,3353.0,38.0
215376,11,10,10100316.0,2021,9,12,6,3,2,6,0,0,1,0,1,0,0,0,"810333,0722","5831828,054","13,57782421","52,54787248",,,4044.0,52.0
215375,11,3,3601142.0,2021,8,18,4,2,0,7,0,0,0,0,0,0,1,0,"798767,3339","5831023,869","13,40705002","52,54713042",,,4051.0,54.0
215374,11,5,5100316.0,2021,9,9,7,3,4,6,0,0,0,0,0,0,1,0,"785078,7193","5829428,994","13,20436871","52,54016712",,,5344.0,56.0
215373,11,3,3500932.0,2021,9,11,6,2,0,1,0,0,1,0,0,0,0,0,"801220,6139","5832369,58","13,44434085","52,55784122",,,1662.0,57.0
215372,11,3,3601140.0,2021,9,12,3,3,2,4,0,0,1,1,0,0,0,0,"798654,8389","5831794,049","13,40608869","52,55409562",,,4638.0,48.0
215371,11,2,2400521.0,2021,9,14,2,3,5,2,0,1,0,0,0,0,1,0,"800718,2645","5827875,413","13,43288609","52,51783677",,,4317.0,65.0
215370,11,3,3200205.0,2021,8,9,2,3,0,2,0,1,0,0,1,0,0,1,"797408,5892","5835086,319","13,39071347","52,58428849",,,4155.0,51.0
215369,11,10,10100313.0,2021,9,19,2,3,2,6,2,0,1,0,0,0,0,0,"808722,8003","5831296,827","13,55365858","52,54402666",,,5242.0,49.0
215368,11,7,7400927.0,2021,9,10,3,3,5,3,0,0,1,0,0,0,0,1,"798636,136","5820660,484","13,39582767","52,45430844",,,4546.0,40.0
215367,11,2,2500830.0,2021,8,12,2,3,1,1,0,0,0,0,0,0,1,1,"802395,6181","5827438,773","13,45713406","52,51299573",,,7735.0,63.0
215366,11,8,8301037.0,2021,9,16,6,3,1,5,1,0,1,0,0,0,0,1,"804278,2913","5817811,332","13,47601176","52,42566052",,,3750.0,33.0
215365,11,10,10100205.0,2021,9,14,1,3,0,3,0,0,1,0,0,0,1,0,"807610,5329","5832365,352","13,53829843","52,55423176",,,3632.0,57.0
215364,11,4,4501152.0,2021,9,15,5,3,5,2,0,0,1,0,1,0,0,0,"793975,648","5824709,992","13,33101032","52,49313699",,,2854.0,17.0
215363,11,11,11400931.0,2021,8,16,2,3,2,7,0,0,1,0,0,0,0,1,"806627,4558","5827184,416","13,51906518","52,5083538",,,7459.0,61.0
215362,11,1,1100309.0,2021,8,18,7,2,6,2,0,1,0,1,0,0,0,1,"798616,7386","5828406,353","13,40248388","52,52375068",,,2936.0,63.0
215361,11,3,3400725.0,2021,9,7,2,3,2,3,0,1,1,0,0,0,0,0,"798830,5249","5834933,544","13,41150058","52,58213996",,,3651.0,62.0
215360,11,9,9401329.0,2021,9,10,1,3,5,3,0,1,1,0,0,0,0,0,"816404,338","5817588,216","13,65355155","52,41678492",,,5759.0,55.0
215359,11,8,8200831.0,2021,8,9,3,3,0,2,0,1,1,0,0,0,0,1,"799610,1448","5816426,278","13,40632409","52,4158214",,,4657.0,9.0
215358,11,7,7300619.0,2021,9,15,6,3,3,6,0,1,1,0,0,0,0,0,"795906,1726","5820836,333","13,35592602","52,45736953",,,4450.0,25.0
215357,11,11,11300620.0,2021,10,19,6,3,5,3,2,0,1,0,0,0,0,0,"804044,459","5829064,505","13,4828423","52,52665003",,,3480.0,38.0
215356,11,6,6300632.0,2021,9,15,3,3,5,2,0,1,1,0,0,0,0,0,"792232,5529","5816671,323","13,2983725","52,42200711",,,3639.0,45.0
215355,11,11,11100102.0,2021,9,10,3,3,2,6,0,0,1,0,0,0,0,0,"807314,8237","5834165,01","13,53561726","52,57052708",,,4453.0,15.0
215354,11,1,1100416.0,2021,9,12,3,2,0,1,0,1,0,0,0,0,0,1,"798775,0263","5829656,913","13,40593384","52,53487344",,,4059.0,30.0
215353,11,6,6300525.0,2021,8,17,3,3,5,3,2,0,1,0,1,0,0,0,"790243,3756","5814880,289","13,26764951","52,40700853",,,4470.0,56.0
215352,11,8,8401139.0,2021,9,18,6,3,3,6,0,1,1,0,0,0,0,0,"803466,6678","5818614,696","13,46484097","52,43331181",,,4961.0,45.0
215351,11,6,6300633.0,2021,9,8,3,3,5,2,0,1,1,0,0,0,0,0,"793263,4669","5819084,918","13,31560634","52,443093",,,4747.0,65.0
215350,11,1,1100207.0,2021,9,22,6,3,5,3,2,0,1,0,0,0,0,1,"797902,3678","5826577,723","13,39034838","52,50775008",,,3228.0,32.0
215349,11,1,1100416.0,2021,9,9,4,3,5,2,0,1,1,0,0,0,0,0,"798676,818","5829457,174","13,40431076","52,5331369",,,5465.0,60.0
215348,11,12,12500824.0,2021,9,15,5,3,6,7,0,0,0,1,0,0,1,0,"791020,7715","5835356,518","13,29693747","52,59016541",,,4459.0,28.0
215347,11,11,11100206.0,2021,9,12,7,3,1,5,0,1,1,0,0,0,0,0,"805530,7961","5834367,188","13,50956223","52,57334332",,,3963.0,52.0
215346,11,11,11300722.0,2021,8,17,7,3,5,2,0,0,1,0,1,0,0,0,"804247,2921","5828697,631","13,48548729","52,52324874",,,4851.0,50.0
215345,11,2,2100104.0,2021,9,17,5,3,5,2,0,0,1,0,1,0,0,0,"799226,5514","5825991,86","13,40927441","52,50177399",,,2854.0,17.0
215344,11,1,1100103.0,2021,9,7,5,3,5,3,0,1,1,0,0,0,0,0,"795782,6566","5825768,986","13,35848914","52,50165381",,,3228.0,32.0
215343,11,12,12100205.0,2021,9,14,3,3,5,3,0,1,1,0,0,0,0,0,"794528,06","5833159,316","13,34660939","52,56858154",,,3154.0,20.0
215342,11,2,2300315.0,2021,9,12,4,2,5,3,0,0,1,0,1,0,0,1,"800793,9847","5825813,909","13,43213583","52,49931723",,,2064.0,55.0
215341,11,12,12200308.0,2021,8,14,5,3,6,4,0,0,1,1,0,0,0,1,"793043,8521","5833649,975","13,32520721","52,57378107",,,3546.0,33.0
215340,11,4,4200206.0,2021,8,12,3,3,5,3,0,0,1,0,1,0,0,0,"788687,8687","5825918,285","13,25439071","52,50679227",,,3053.0,54.0
215339,11,12,12100205.0,2021,9,20,7,3,2,6,2,1,1,0,0,0,0,0,"794832,9081","5833523,993","13,35141838","52,57168553",,,4551.0,40.0
215338,11,2,2500836.0,2021,9,16,5,3,6,7,0,0,0,1,0,0,1,0,"803246,4528","5825983,355","13,4683078","52,49947874",,,5451.0,41.0
215337,11,4,4501040.0,2021,9,11,3,3,0,4,0,0,0,1,0,0,1,0,"792463,8035","5825403,445","13,30941448","52,50016579",,,5557.0,49.0
215336,11,9,9200510.0,2021,9,18,7,3,5,2,0,1,1,0,0,0,0,1,"806606,7131","5822046,621","13,51403473","52,46231914",,,4447.0,16.0
215335,11,8,8100206.0,2021,9,23,4,3,1,5,2,1,1,0,0,0,0,0,"800549,5947","5823758,515","13,42669268","52,48102865",,,4238.0,48.0
215334,11,5,5100316.0,2021,9,19,2,3,5,2,1,0,1,0,0,0,0,0,"784793,1719","5828794,47","13,1996259","52,53462731",,,4251.0,2.0
215333,11,4,4300518.0,2021,9,8,1,2,5,3,0,1,1,0,0,0,0,0,"792682,3417","5828137,691","13,31502943","52,52456027",,,4457.0,55.0
215332,11,2,2500830.0,2021,8,10,1,3,5,3,0,0,1,0,0,0,1,0,"802446,3444","5827426,614","13,45786823","52,51285863",,,4845.0,36.0
215331,11,8,8100415.0,2021,9,16,5,3,0,7,0,0,1,0,1,0,0,1,"801562,7018","5823822,027","13,44162321","52,48103941",,,5443.0,63.0
215330,11,1,1200629.0,2021,9,19,6,3,3,6,2,0,1,0,1,0,0,0,"794586,578","5827502,732","13,34245397","52,51784276",,,3345.0,42.0
215329,11,11,11200411.0,2021,9,18,4,2,0,1,0,0,0,0,1,0,0,1,"805024,0848","5831478,047","13,49945292","52,54773403",,,3545.0,51.0
215328,11,12,12200412.0,2021,9,10,5,3,2,6,0,0,1,0,0,1,0,1,"790447,3925","5833696,877","13,28704277","52,5755934",,,4845.0,36.0
215327,11,8,8100103.0,2021,8,8,6,3,3,6,0,0,1,0,0,1,0,1,"800713,9381","5822883,116","13,42831602","52,47309166",,,3435.0,54.0
215326,11,5,5100313.0,2021,8,14,4,2,5,3,0,0,0,0,0,1,1,0,"785385,4076","5830624,537","13,20990581","52,55072564",,,3456.0,59.0
215325,11,5,5200528.0,2021,9,7,2,3,5,2,0,1,1,0,0,0,0,0,"783645,4151","5825890,001","13,18027282","52,50918382",,,2064.0,55.0
215324,11,8,8100417.0,2021,8,18,2,3,6,4,1,0,1,1,0,0,0,0,"801721,0773","5822743,109","13,44297218","52,47128139",,,6660.0,39.0
215323,11,4,4501040.0,2021,9,2,5,2,0,1,2,0,0,0,0,0,1,0,"792649,5543","5825767,433","13,31246296","52,50332926",,,3526.0,59.0
215322,11,5,5100316.0,2021,9,15,5,3,2,6,0,0,0,0,1,1,0,0,"784791,1884","5828848,348","13,19964291","52,53511142",,,4961.0,45.0
215321,11,6,6100101.0,2021,9,9,4,3,0,1,0,0,0,0,1,0,0,0,"793517,0661","5820624,78","13,32067992","52,45676134",,,3823.0,52.0
215320,11,2,2200209.0,2021,9,16,2,3,0,2,0,1,1,0,0,0,0,0,"797749,362","5824034,295","13,38582718","52,48503473",,,3225.0,57.0
215319,11,1,1100103.0,2021,8,16,1,3,3,6,0,0,1,0,0,0,0,1,"795261,9852","5826012,613","13,35105691","52,50411973",,,4943.0,45.0
215318,11,11,11200513.0,2021,9,22,3,2,8,1,2,0,1,0,0,0,0,1,"803944,5692","5830458,211","13,48264881","52,53919699",,,4242.0,52.0
215317,11,2,2200210.0,2021,9,9,2,3,5,3,0,1,0,0,0,0,1,0,"799030,9882","5824724,537","13,40526428","52,49052142",,,3056.0,54.0
215316,11,1,1100206.0,2021,8,8,3,3,5,2,0,1,1,0,0,0,0,0,"797760,3637","5827453,055","13,38904542","52,51567389",,,4463.0,27.0
215315,11,7,7400826.0,2021,9,17,6,3,5,3,1,0,1,0,0,0,0,1,"797023,8172","5820694,722","13,37220055","52,45549387",,,3646.0,63.0
215314,11,6,6100102.0,2021,9,20,4,2,5,2,1,1,0,0,1,0,0,0,"793736,9987","5820563,08","13,32385312","52,45609006",,,2752.0,59.0
215313,11,2,2100102.0,2021,8,13,1,2,3,6,0,0,1,0,0,0,0,1,"798187,161","5825519,986","13,39358492","52,49811321",,,5441.0,34.0
215312,11,3,3601142.0,2021,9,9,4,3,0,2,0,1,1,0,0,0,0,0,"799136,325","5830601,517","13,41209503","52,5431422",,,3352.0,26.0
215311,11,4,4501146.0,2021,9,12,2,3,5,7,0,0,1,0,0,0,0,0,"792628,8496","5824184,567","13,31076826","52,48915039",,,3349.0,12.0
215310,11,10,10100104.0,2021,9,15,1,3,2,6,0,0,1,0,0,0,0,0,"810318,8872","5833577,713","13,57925124","52,56355994",,,3648.0,35.0
215309,11,11,11100101.0,2021,8,10,7,2,5,3,0,0,1,0,0,0,0,0,"806180,8935","5834994,749","13,5197046","52,57860227",,,4451.0,11.0
215308,11,4,4300518.0,2021,9,9,6,3,5,3,0,1,1,0,0,0,0,0,"792459,6341","5827986,008","13,31162276","52,52331999",,,6527.0,56.0
215307,11,10,10200417.0,2021,9,17,6,3,2,6,0,0,1,0,0,0,0,0,"811588,6709","5831904,222","13,59635276","52,54783838",,,4447.0,16.0
215306,11,8,8100312.0,2021,9,20,4,3,1,5,2,1,1,0,0,0,0,1,"801397,9843","5823939,718","13,43931144","52,48218523",,,4746.0,53.0
215305,11,1,1100308.0,2021,9,14,5,3,5,2,0,1,1,0,0,0,0,0,"796372,6547","5829441,851","13,37042758","52,53425731",,,4059.0,30.0
215304,11,11,11300722.0,2021,8,17,5,3,0,1,0,1,0,0,0,0,0,1,"803852,2022","5828356,063","13,47936984","52,52040768",,,5346.0,61.0
215303,11,7,7601341.0,2021,8,11,3,2,0,1,0,0,0,0,0,0,1,1,"798069,2705","5814226,675","13,38177695","52,39694539",,,4257.0,20.0
215302,11,3,3601348.0,2021,9,3,1,3,0,1,2,0,0,0,0,0,1,0,"799694,0794","5830516,181","13,42021803","52,54207081",,,4451.0,11.0
215301,11,4,4500937.0,2021,9,15,5,3,1,5,0,0,1,0,0,0,1,0,"791057,1699","5824826,81","13,28824725","52,49574835",,,1559.0,52.0