OBJECTID,LAND,BEZ,LOR_ab_2021,UJAHR,UMONAT,USTUNDE,UWOCHENTAG,UKATEGORIE,UART,UTYP1,ULICHTVERH,IstRad,IstPKW,IstFuss,IstKrad,IstGkfz,IstSonstige,USTRZUSTAND,LINREFX,LINREFY,XGCSWGS84,YGCSWGS84,LOR,STRASSE,quadrant,quadrant_rank
215128,11,12,12400722.0,2021,9,8,4,3,5,3,0,0,1,0,0,0,0,0,"790554,1454","5837103,034","13,29160134","52,60607208",,,4447.0,16.0
215127,11,1,1100312.0,2021,9,18,4,2,5,3,0,1,1,0,0,0,0,0,"799636,7683","5827052,485","13,4162543","52,51105578",,,2979.0,64.0
215126,11,2,2500833.0,2021,8,9,6,3,5,3,0,1,1,0,0,0,0,1,"802478,9677","5827048,911","13,45800423","52,5094552",,,6523.0,59.0
215125,11,1,1100310.0,2021,8,22,4,2,6,4,2,0,1,1,0,0,0,1,"799330,2016","5827566,472","13,4122128","52,51583122",,,7249.0,63.0
215124,11,1,1100207.0,2021,9,17,7,3,5,2,0,1,1,0,0,0,0,0,"797984,6106","5826882,693","13,39182959","52,51043883",,,7235.0,47.0
215123,11,12,12500926.0,2021,9,21,5,3,6,2,2,0,1,1,0,0,0,1,"793531,5483","5835457,421","13,33398379","52,58972083",,,6420.0,56.0
215122,11,4,4400834.0,2021,9,7,3,3,5,2,0,1,1,0,0,0,0,0,"792642,762","5823046,236","13,30997322","52,47893806",,,4452.0,21.0
215121,11,1,1300834.0,2021,9,9,2,3,2,6,0,0,1,0,0,0,0,0,"797698,0076","5830698,313","13,39103527","52,54479761",,,2634.0,40.0
215120,11,5,5300736.0,2021,9,18,4,3,5,2,0,1,1,0,0,0,0,0,"785980,4417","5829215,19","13,21744428","52,53777769",,,4265.0,5.0
215119,11,4,4501042.0,2021,9,11,2,3,5,2,0,1,1,0,0,0,1,0,"793987,7892","5826151,75","13,33246134","52,50605507",,,4636.0,53.0
215118,11,8,8100415.0,2021,9,17,2,3,2,6,0,0,1,0,1,0,0,0,"801923,7585","5823546,921","13,44667461","52,47837409",,,3047.0,56.0
215117,11,2,2100101.0,2021,8,9,1,3,5,3,0,0,1,0,0,0,0,0,"797621,028","5825569,312","13,38531398","52,49886439",,,5652.0,13.0
215116,11,6,6200311.0,2021,9,8,6,3,5,2,0,1,1,0,0,0,0,0,"796556,864","5818356,333","13,36327309","52,43478567",,,5837.0,51.0
215115,11,2,2500726.0,2021,9,12,7,3,1,5,0,1,1,0,0,0,0,1,"802145,4249","5828424,091","13,4543533","52,52196577",,,3933.0,51.0
215114,11,3,3501038.0,2021,9,21,4,3,5,2,2,0,1,0,0,0,0,1,"803654,4963","5832012,078","13,47980555","52,55328545",,,4550.0,26.0
215113,11,1,1200628.0,2021,9,18,5,3,5,2,0,1,1,0,0,0,0,0,"796130,4926","5828414,3","13,36595255","52,52517794",,,3535.0,50.0
215112,11,1,1401048.0,2021,8,17,7,3,6,4,0,0,1,1,0,0,0,0,"795200,579","5831328,483","13,35487459","52,55180547",,,3656.0,44.0
215111,11,1,1300733.0,2021,8,7,4,3,5,2,0,1,1,0,0,0,0,0,"797576,5529","5831889,956","13,39031744","52,55554551",,,3057.0,55.0
215110,11,11,11400929.0,2021,9,15,2,3,2,6,0,1,0,0,0,1,0,0,"805115,8953","5826974,32","13,49667002","52,50731828",,,6936.0,65.0
215109,11,3,3601348.0,2021,8,9,3,3,1,5,0,1,0,0,0,0,1,1,"799991,7978","5830712,269","13,42477195","52,54366458",,,2559.0,56.0
215108,11,1,1200628.0,2021,9,13,7,3,5,2,0,0,1,0,0,1,0,0,"795537,5699","5828196,938","13,35704522","52,5235512",,,1870.0,61.0
215107,11,1,1100308.0,2021,9,12,3,3,6,7,0,0,0,0,0,0,1,0,"797061,0762","5829308,081","13,38042755","52,53268345",,,5046.0,45.0
215106,11,2,2200211.0,2021,9,7,3,3,5,2,0,0,1,0,0,0,0,0,"798165,5303","5824250,814","13,39213145","52,48674846",,,4168.0,58.0
215105,11,4,4400728.0,2021,9,13,2,3,0,7,0,0,1,0,0,0,0,0,"789703,2463","5823409,963","13,26712787","52,48376632",,,3850.0,33.0
215104,11,4,4100102.0,2021,8,8,2,3,0,6,0,0,1,0,0,0,0,1,"791215,7708","5828999,846","13,29422906","52,53307472",,,3954.0,59.0
215103,11,7,7400927.0,2021,9,15,6,3,5,2,0,0,1,0,0,0,0,1,"798894,9731","5821215,242","13,40012209","52,45913967",,,5341.0,41.0
215102,11,5,5100210.0,2021,9,15,4,3,3,6,0,0,0,0,0,0,1,0,"783752,7107","5830149,154","13,18548466","52,54731631",,,3466.0,46.0
215101,11,7,7501032.0,2021,8,11,2,3,5,3,0,0,1,0,0,0,0,1,"799718,1212","5819657,976","13,41080345","52,44473015",,,3849.0,22.0
215100,11,5,5300737.0,2021,8,6,6,3,5,3,1,0,1,0,0,0,0,1,"787686,8302","5829986,431","13,24320201","52,54379408",,,4848.0,3.0
215099,11,12,12400617.0,2021,9,13,2,2,0,1,0,0,0,0,1,0,0,0,"785513,8019","5837388,798","13,21762133","52,61130492",,,7936.0,55.0
215098,11,4,4501151.0,2021,9,13,6,3,2,7,0,0,1,0,1,0,0,0,"793760,465","5823089,502","13,32642172","52,47872585",,,3756.0,4.0
215097,11,2,2100104.0,2021,8,13,3,3,5,3,0,0,1,0,0,0,1,0,"799282,1211","5826219,519","13,41029524","52,50378415",,,3832.0,65.0
215096,11,3,3200308.0,2021,9,15,5,3,5,2,0,0,1,0,1,0,0,0,"799052,2318","5837551,706","13,41712696","52,60548561",,,634.0,63.0
215095,11,1,1100311.0,2021,9,9,1,3,5,2,0,1,1,0,0,0,0,0,"799739,2697","5827544,377","13,41820321","52,51540851",,,3485.0,63.0
215094,11,12,12200412.0,2021,8,7,6,3,3,6,1,0,1,0,0,1,0,1,"791390,3203","5833121,019","13,30041193","52,56992693",,,3154.0,20.0
215093,11,7,7400720.0,2021,9,15,5,3,5,2,0,0,1,0,0,0,0,0,"797200,423","5823674,011","13,3774458","52,48210424",,,4862.0,43.0
215092,11,2,2100104.0,2021,9,23,5,2,5,2,2,1,1,0,0,0,0,0,"799292,2673","5826221,528","13,41044608","52,5037966",,,3369.0,58.0
215091,11,4,4200308.0,2021,9,10,4,3,3,6,0,0,1,0,0,0,1,0,"788157,0266","5827828,444","13,2482454","52,52419836",,,2334.0,57.0
215090,11,2,2400625.0,2021,9,9,4,3,3,6,0,0,1,0,1,0,0,0,"801688,9173","5826134,034","13,4455694","52,50169255",,,1851.0,61.0
215089,11,12,12200515.0,2021,8,9,5,3,0,1,0,1,1,0,0,0,0,0,"790404,5422","5835314,248","13,28782949","52,59011582",,,3829.0,50.0
215088,11,1,1100308.0,2021,8,14,3,3,6,4,0,0,0,1,0,0,1,0,"797223,6504","5829069,439","13,38260385","52,53045568",,,3547.0,43.0
215087,11,4,4500937.0,2021,9,17,6,3,0,2,0,1,1,0,0,0,0,0,"791254,1563","5824992,608","13,29128565","52,49712963",,,4265.0,5.0
215086,11,7,7400824.0,2021,9,23,5,2,6,2,2,0,1,1,0,0,0,1,"797876,6516","5821888,308","13,38577953","52,46572896",,,4456.0,28.0
215085,11,9,9200715.0,2021,9,7,3,3,2,2,0,1,1,0,0,0,0,0,"808626,3249","5819182,653","13,54102151","52,43551539",,,4764.0,60.0
215084,11,11,11400927.0,2021,9,22,7,3,0,1,2,0,0,0,1,0,0,1,"803713,1941","5826367,549","13,47551279","52,50266261",,,1658.0,8.0
215083,11,11,11501340.0,2021,9,12,5,3,5,2,0,0,1,0,0,0,0,0,"807314,6234","5824798,225","13,52695686","52,48658186",,,5352.0,35.0
215082,11,10,10100102.0,2021,9,20,1,3,5,2,2,0,1,0,0,0,0,0,"809348,1137","5834283,242","13,56563334","52,57043496",,,4375.0,52.0
215081,11,1,1100101.0,2021,9,14,2,3,0,1,0,0,0,0,1,0,0,0,"795239,6677","5826618,713","13,3512666","52,50956504",,,3650.0,32.0
215080,11,4,4501041.0,2021,8,14,7,3,1,5,0,1,1,0,0,0,0,0,"793356,4666","5825423,971","13,32254522","52,49987065",,,2873.0,63.0
215079,11,1,1400942.0,2021,9,20,5,3,6,4,2,1,0,1,0,0,0,0,"794956,876","5831087,985","13,35107706","52,54978162",,,3544.0,57.0
215078,11,1,1200624.0,2021,9,21,6,3,5,7,2,0,1,0,0,0,0,0,"795595,9229","5829678,807","13,35922042","52,53680323",,,3448.0,49.0
215077,11,4,4501042.0,2021,9,0,4,3,5,2,2,0,1,0,0,0,1,0,"793970,053","5826148,091","13,33219754","52,50603182",,,4532.0,63.0
215076,11,3,3601245.0,2021,9,18,5,3,5,2,0,1,1,0,0,0,0,0,"800562,0716","5831406,247","13,43378396","52,54957056",,,3737.0,55.0
215075,11,9,9401534.0,2021,8,17,6,2,0,1,0,1,0,0,0,0,0,1,"810875,8149","5820660,766","13,57538052","52,4474879",,,3923.0,60.0
215074,11,2,2300315.0,2021,8,21,4,3,5,3,2,1,1,0,0,0,0,1,"800678,5307","5825794,086","13,43042227","52,49920317",,,4772.0,55.0
215073,11,10,10300731.0,2021,9,15,1,3,5,2,0,1,1,0,0,0,0,0,"809102,6148","5829464,436","13,5575374","52,52739003",,,5145.0,46.0
215072,11,7,7400824.0,2021,9,9,6,2,6,2,0,0,1,1,0,0,0,0,"797833,076","5821172,878","13,38450159","52,45933966",,,2261.0,57.0
215071,11,12,12400722.0,2021,9,11,4,2,5,3,0,0,1,0,1,0,0,0,"791134,6866","5838301,555","13,30120456","52,61650585",,,2359.0,44.0
215070,11,4,4200310.0,2021,9,12,2,3,5,3,0,0,1,0,1,0,0,0,"789139,4364","5826088,845","13,26117363","52,50808226",,,6031.0,65.0
215069,11,2,2500830.0,2021,8,4,1,2,0,1,2,1,0,0,0,0,0,1,"802602,0634","5827381,222","13,4601146","52,51236542",,,6935.0,43.0
215068,11,5,5100316.0,2021,9,17,3,2,0,1,1,0,0,0,0,0,1,1,"784937,8763","5828794,37","13,20175343","52,53455078",,,657.0,63.0
215067,11,1,1200624.0,2021,9,6,3,3,4,6,2,1,0,0,0,0,0,0,"795555,0943","5829643,522","13,35858882","52,53650907",,,2954.0,41.0
215066,11,8,8100206.0,2021,8,13,2,3,5,2,0,0,1,0,1,0,0,0,"800515,2834","5823750,344","13,42618159","52,48097429",,,7226.0,60.0
215065,11,3,3200206.0,2021,9,9,6,3,5,2,0,1,1,0,0,0,0,0,"798346,168","5834831,038","13,40428096","52,58148695",,,2850.0,46.0
215064,11,9,9200510.0,2021,9,15,7,3,3,6,0,0,1,0,1,0,0,0,"806360,838","5822231,723","13,51059691","52,46411599",,,2824.0,63.0
215063,11,4,4501045.0,2021,9,11,5,3,5,3,0,1,1,0,0,0,0,0,"793967,5361","5824934,109","13,33108894","52,49515045",,,2859.0,65.0
215062,11,7,7501134.0,2021,8,6,2,2,5,3,0,0,1,0,0,0,0,1,"798957,4995","5817281,906","13,39752091","52,42384795",,,5947.0,65.0
215061,11,1,1100310.0,2021,10,10,6,3,5,3,0,1,0,0,0,1,0,0,"798754,073","5828193,145","13,40431057","52,52176434",,,4652.0,24.0
215060,11,1,1300733.0,2021,8,10,7,3,6,2,0,0,1,1,0,0,0,0,"797519,5392","5831860,299","13,38945239","52,55531083",,,3949.0,53.0
215059,11,5,5100101.0,2021,9,16,2,3,5,3,0,1,0,0,1,0,0,0,"782790,2538","5831583,23","13,17255063","52,56067511",,,4650.0,45.0
215058,11,8,8100103.0,2021,9,15,7,3,1,5,0,0,1,0,0,0,0,0,"800676,8175","5822975,465","13,4278544","52,47393985",,,4151.0,37.0
215057,11,4,4400835.0,2021,8,13,3,3,2,6,0,0,1,0,1,0,0,1,"793358,1983","5822279,89","13,31980343","52,47168419",,,4435.0,61.0
215056,11,1,1100101.0,2021,9,10,6,3,5,2,0,1,0,0,0,0,1,0,"795231,8624","5826626,236","13,35115859","52,5096367",,,3343.0,53.0
215055,11,2,2100104.0,2021,10,8,6,3,5,3,0,0,1,0,1,0,0,0,"799024,604","5826070,775","13,40637903","52,50259206",,,7549.0,63.0
215054,11,1,1401045.0,2021,9,19,3,3,0,6,2,0,1,0,1,0,0,0,"797048,6114","5831893,248","13,38255616","52,55586323",,,4864.0,14.0
215053,11,2,2200212.0,2021,9,7,3,3,5,2,0,1,1,0,0,0,0,0,"799079,7007","5824615,114","13,40588139","52,4895139",,,4943.0,45.0
215052,11,4,4501044.0,2021,9,10,4,3,6,2,0,0,0,1,0,0,1,1,"793363,2249","5824941,261","13,32221934","52,49553972",,,4979.0,60.0
215051,11,4,4300412.0,2021,8,14,3,3,5,7,0,1,1,0,0,0,0,0,"791404,9084","5827495,745","13,29569138","52,51948956",,,4452.0,21.0
215050,11,2,2500835.0,2021,9,15,6,3,5,7,0,1,1,0,0,0,0,0,"803100,9842","5825692,732","13,46590694","52,49695473",,,3757.0,51.0
215049,11,2,2300316.0,2021,9,19,3,3,2,7,2,0,1,0,1,0,0,0,"801450,5616","5826070,025","13,44201062","52,50125055",,,7120.0,63.0
215048,11,5,5300736.0,2021,9,10,7,3,2,2,0,0,1,0,0,0,0,1,"786281,7714","5829136,483","13,22180717","52,53691381",,,3268.0,42.0
215047,11,11,11401032.0,2021,9,15,4,2,6,2,0,0,0,1,0,0,1,0,"806600,5042","5827768,672","13,51920751","52,51360517",,,4352.0,37.0
215046,11,6,6200313.0,2021,9,19,5,3,0,6,0,0,1,0,0,0,1,0,"795321,8533","5818499,647","13,34528571","52,43673861",,,4261.0,37.0
215045,11,4,4200207.0,2021,9,10,7,3,1,7,0,0,1,0,0,0,0,0,"789572,3728","5824958,074","13,26655139","52,49771499",,,3532.0,63.0
215044,11,5,5200423.0,2021,8,12,7,3,0,7,0,0,0,0,1,0,0,1,"781973,2412","5828453,685","13,15787303","52,53303802",,,2770.0,62.0
215043,11,4,4300623.0,2021,9,18,5,3,5,2,0,1,1,0,0,0,0,0,"792636,7331","5826112,626","13,31257802","52,50643069",,,5356.0,13.0
215042,11,5,5100211.0,2021,9,13,6,3,5,3,0,0,1,0,0,0,0,0,"783157,398","5830296,67","13,1768547","52,54894874",,,5041.0,31.0
215041,11,2,2400625.0,2021,9,15,4,3,5,3,0,1,1,0,0,0,0,1,"801176,7761","5827298,212","13,43910054","52,51241021",,,5351.0,36.0
215040,11,10,10100311.0,2021,8,9,3,3,5,2,0,0,1,0,0,0,1,0,"806311,6408","5830190,924","13,51719512","52,53547621",,,8423.0,59.0
215039,11,2,2400625.0,2021,9,23,6,2,2,6,2,0,1,0,0,0,0,0,"801424,348","5826406,163","13,44192989","52,50427789",,,4864.0,14.0
215038,11,4,4501042.0,2021,10,0,6,3,5,2,2,0,1,0,0,1,0,0,"794480,0593","5825855,663","13,33943139","52,50313535",,,1557.0,28.0
215037,11,7,7300516.0,2021,9,18,3,3,6,7,0,0,0,1,1,0,0,0,"794005,6472","5821605,68","13,32871372","52,4652921",,,7645.0,61.0
215036,11,9,9200510.0,2021,9,9,4,3,5,3,0,1,1,0,0,0,0,0,"806129,6525","5822119,665","13,50710179","52,46324125",,,3865.0,47.0
215035,11,9,9200715.0,2021,9,10,4,3,2,6,0,0,1,0,0,0,0,0,"809078,4387","5818203,839","13,54674635","52,42648802",,,2752.0,59.0
215034,11,1,1100310.0,2021,8,15,2,3,6,2,0,0,1,1,0,0,0,0,"799236,5282","5828467,839","13,41164731","52,52396202",,,5753.0,54.0
215033,11,1,1300835.0,2021,9,8,6,3,5,3,0,0,1,0,0,0,0,0,"797403,7388","5830013,41","13,38609552","52,53881901",,,6565.0,55.0
215032,11,10,10400836.0,2021,8,11,2,3,5,3,0,0,1,0,0,0,0,1,"811406,1105","5827578,791","13,58961814","52,50918141",,,5126.0,38.0
215031,11,10,10400941.0,2021,8,16,5,3,5,2,0,1,1,0,0,0,0,0,"812575,5261","5824278,059","13,60369644","52,47893431",,,5249.0,5.0
215030,11,2,2500835.0,2021,9,20,2,3,0,3,2,1,0,0,1,0,0,0,"802608,5125","5826135,187","13,45907673","52,50119371",,,4654.0,10.0
215029,11,9,9200716.0,2021,9,17,6,3,5,3,0,0,1,0,0,0,0,1,"809455,5843","5819067,056","13,55307418","52,43401092",,,3567.0,10.0
215028,11,10,10300734.0,2021,8,14,3,3,2,7,0,1,1,0,0,0,0,0,"809722,4895","5826858,319","13,56421985","52,50368322",,,4069.0,34.0
215027,11,4,4500939.0,2021,9,18,7,2,5,2,0,0,1,0,1,0,0,0,"792438,0992","5824112,558","13,30790372","52,48860706",,,4360.0,52.0
215026,11,4,4100101.0,2021,8,8,6,3,5,2,0,0,1,0,0,0,0,1,"793353,5301","5829677,588","13,32625312","52,53800398",,,4660.0,51.0
215025,11,3,3601452.0,2021,9,17,5,3,2,6,0,0,1,0,0,0,0,0,"802129,6741","5829110,1","13,4547451","52,52812318",,,3531.0,58.0
215024,11,3,3701555.0,2021,9,11,6,3,5,2,0,1,0,0,0,0,1,0,"799965,4389","5830114,034","13,42384431","52,53831692",,,6861.0,54.0
215023,11,2,2500726.0,2021,9,19,3,1,5,3,1,0,0,1,0,0,1,0,"801970,6424","5829037,737","13,45234224","52,52756271",,,3665.0,54.0
215022,11,12,12500824.0,2021,9,10,4,3,5,7,0,1,1,0,0,0,0,1,"790974,772","5835855,137","13,29669839","52,59466002",,,4550.0,26.0
215021,11,2,2100105.0,2021,8,12,5,2,6,7,0,0,1,1,0,0,0,0,"799245,5622","5825751,517","13,40933768","52,49960925",,,5149.0,46.0
215020,11,1,1100206.0,2021,8,19,3,3,2,2,0,0,1,0,1,0,0,0,"797735,4297","5827609,244","13,38881882","52,51708755",,,2283.0,58.0
215019,11,1,1100308.0,2021,9,14,7,2,0,1,0,1,0,0,0,0,0,0,"797559,7585","5828665,233","13,38718228","52,52664909",,,5064.0,24.0
215018,11,8,8100105.0,2021,9,4,5,3,2,2,2,0,1,1,0,0,0,0,"801005,58","5822157,954","13,43194255","52,46643116",,,3557.0,60.0
215017,11,6,6400735.0,2021,9,16,3,2,5,2,0,1,1,0,0,0,0,0,"783324,2525","5815986,224","13,16714461","52,42054941",,,5356.0,13.0
215016,11,7,7100205.0,2021,9,19,7,3,5,2,1,1,1,0,0,0,0,0,"796058,9973","5825370,418","13,36219402","52,49793114",,,3567.0,10.0
215015,11,4,4501146.0,2021,9,13,5,3,5,3,0,0,0,0,1,0,1,0,"792859,1182","5823644,134","13,31367507","52,48418208",,,4452.0,21.0
215014,11,11,11300620.0,2021,9,2,1,2,0,1,2,0,0,0,0,0,1,0,"803747,5883","5829319,399","13,47871262","52,52910004",,,2659.0,45.0
215013,11,1,1200522.0,2021,9,9,5,2,5,3,0,0,1,0,0,0,0,0,"793684,3104","5828105,484","13,32972731","52,52373276",,,3268.0,42.0
215012,11,5,5100315.0,2021,9,11,2,2,2,6,0,0,1,0,0,0,0,0,"784695,6767","5829688,05","13,19895807","52,54269007",,,2987.0,52.0
215011,11,8,8100206.0,2021,8,18,7,3,5,3,0,1,0,0,1,0,0,0,"800456,6127","5823730,158","13,42530206","52,48082565",,,5126.0,38.0
215010,11,3,3601141.0,2021,9,13,5,3,2,6,0,0,1,0,0,0,0,0,"799233,588","5831685,908","13,41450204","52,55280866",,,6170.0,58.0
215009,11,9,9100306.0,2021,9,17,6,3,6,7,1,0,1,1,0,0,0,0,"803873,1452","5820445,546","13,47246635","52,44949587",,,7860.0,60.0
215008,11,7,7601236.0,2021,9,11,5,2,5,3,0,0,1,0,1,0,0,0,"796981,1936","5816616,685","13,36795195","52,41896098",,,3442.0,43.0
215007,11,1,1401046.0,2021,9,15,5,2,5,3,0,0,1,0,0,0,1,0,"794914,364","5830236,649","13,34969597","52,5421731",,,5044.0,14.0
215006,11,4,4200205.0,2021,8,8,6,3,2,6,0,0,1,0,0,0,0,1,"788126,8146","5826665,541","13,24679407","52,51378838",,,6082.0,63.0
215005,11,6,6100101.0,2021,8,22,4,3,6,4,2,0,0,1,1,0,0,1,"793513,237","5820617,686","13,32061749","52,4566998",,,7460.0,55.0
215004,11,9,9501737.0,2021,9,14,1,3,2,6,0,0,1,0,0,0,0,0,"813737,4522","5821733,434","13,61835695","52,45546569",,,6655.0,57.0
215003,11,1,1200628.0,2021,9,9,6,3,5,3,0,1,0,0,0,0,1,0,"796124,6936","5828430,881","13,36588209","52,52532973",,,6858.0,59.0
215002,11,6,6100207.0,2021,9,16,4,3,8,1,0,0,1,0,0,0,0,0,"794162,0257","5820048,133","13,32963658","52,45124519",,,4236.0,55.0
215001,11,2,2300316.0,2021,9,9,3,2,5,3,0,0,0,0,0,0,1,0,"800625,0069","5826274,691","13,43007003","52,50354047",,,4962.0,45.0
215000,11,12,12601236.0,2021,8,20,1,3,2,6,2,0,1,0,0,0,0,1,"793877,7344","5836161,478","13,33970397","52,59584524",,,4351.0,43.0
214999,11,6,6100103.0,2021,9,0,3,2,0,1,2,1,0,0,0,0,0,0,"793780,2985","5821141,554","13,32499758","52,4612526",,,3058.0,38.0
214998,11,2,2100104.0,2021,9,16,3,3,6,2,0,0,1,1,0,0,0,0,"799216,4361","5825992,659","13,40912655","52,5017867",,,3275.0,65.0
214997,11,3,3601451.0,2021,8,15,2,3,5,2,0,1,1,0,0,0,0,0,"801198,0381","5829478,245","13,44138706","52,53193843",,,3248.0,24.0
214996,11,11,11300724.0,2021,9,14,6,3,2,2,0,0,1,0,1,0,0,0,"804840,1275","5827755,63","13,49333504","52,51447495",,,5722.0,63.0
214995,11,9,9200715.0,2021,9,11,5,3,5,2,0,1,1,0,0,0,0,0,"809054,4362","5818195,552","13,54638681","52,42642731",,,4262.0,53.0
214994,11,9,9501838.0,2021,8,7,2,3,5,3,0,1,1,0,0,0,0,1,"819383,86","5819917,483","13,69943788","52,43592505",,,4454.0,36.0
214993,11,1,1100312.0,2021,8,22,1,3,5,2,2,0,1,0,0,0,1,1,"799636,0605","5827052,717","13,41624411","52,51105824",,,3154.0,20.0
214992,11,8,8100520.0,2021,9,12,2,3,5,2,0,1,1,0,0,0,0,0,"803179,6749","5822712,627","13,46435231","52,47020064",,,4259.0,40.0
214991,11,1,1100101.0,2021,9,13,1,3,8,1,0,0,1,0,0,0,0,0,"794609,088","5826166,731","13,34160207","52,50585422",,,6629.0,41.0
214990,11,11,11300724.0,2021,8,20,3,3,5,3,2,0,1,0,0,0,0,0,"804747,2744","5827955,785","13,49215428","52,51632073",,,3149.0,47.0
214989,11,10,10200526.0,2021,9,11,6,3,6,7,0,0,0,1,0,0,1,0,"812188,8451","5830000,003","13,60338611","52,53043091",,,1555.0,55.0
214988,11,4,4500939.0,2021,10,18,6,3,2,5,2,0,1,0,1,0,0,0,"792706,2406","5824242,853","13,31195601","52,48963142",,,3637.0,59.0
214987,11,11,11300724.0,2021,9,12,3,3,5,3,0,0,1,0,0,0,0,0,"804489,4884","5828170,502","13,48856354","52,51838912",,,3729.0,56.0
214986,11,4,4501044.0,2021,9,6,3,2,3,6,1,1,0,0,0,0,1,0,"793071,5964","5824462,123","13,31751445","52,49140108",,,5637.0,57.0
214985,11,4,4500937.0,2021,9,7,3,3,5,2,0,1,1,0,0,0,0,0,"791425,3674","5825046,835","13,29384799","52,49752437",,,5476.0,61.0
214984,11,10,10200421.0,2021,8,9,5,3,5,3,0,0,1,0,0,0,0,0,"812073,4169","5830620,568","13,60227263","52,53605797",,,5737.0,63.0
214983,11,8,8200726.0,2021,8,10,3,3,5,2,0,1,1,0,0,0,0,0,"801588,8948","5820150,782","13,43869014","52,44811871",,,1427.0,63.0
214982,11,12,12100102.0,2021,9,17,6,3,1,5,0,0,1,0,0,0,0,0,"796185,7709","5833376,505","13,37119044","52,56962898",,,4257.0,20.0
214981,11,1,1400942.0,2021,9,14,4,3,1,5,0,0,1,0,0,0,1,0,"794656,0477","5830531,112","13,34615918","52,54495249",,,5063.0,29.0
214980,11,7,7400822.0,2021,9,22,2,3,5,3,2,1,0,0,0,0,1,0,"796603,987","5821970,164","13,36717349","52,46715508",,,4942.0,18.0
214979,11,4,4200206.0,2021,9,14,6,3,5,2,0,1,1,0,0,0,0,0,"786241,2159","5826006,144","13,2185166","52,50886923",,,5133.0,32.0
214978,11,1,1100206.0,2021,9,13,4,3,2,6,0,0,1,0,0,0,0,0,"798554,0677","5827797,544","13,40101644","52,51832787",,,1664.0,56.0
214977,11,4,4501042.0,2021,9,15,7,3,3,6,0,1,0,0,0,0,1,0,"794055,2054","5826457,394","13,33372174","52,50875866",,,5662.0,47.0
214976,11,1,1300834.0,2021,8,21,7,2,5,3,2,1,1,0,0,0,0,0,"797971,6518","5830863,604","13,39520689","52,54612964",,,3848.0,36.0
214975,11,11,3601450.0,2021,9,12,5,3,5,2,0,0,1,0,0,1,0,0,"802542,6622","5829312,906","13,4609989","52,52971188",,,3853.0,44.0
214974,11,1,1100309.0,2021,9,10,6,3,6,7,0,0,1,1,0,0,0,0,"798455,671","5829049,32","13,40069399","52,52960219",,,4532.0,63.0
214973,11,4,4501148.0,2021,9,15,4,3,0,1,0,0,0,0,1,0,0,1,"792900,4788","5823306,844","13,31398607","52,48113619",,,5044.0,14.0
214972,11,7,7100206.0,2021,9,17,4,3,5,2,0,1,0,0,0,0,1,1,"796683,1096","5824820,59","13,3708711","52,49266354",,,3865.0,47.0
214971,11,3,3400619.0,2021,8,7,5,3,0,3,0,0,1,0,1,0,0,1,"795645,7847","5835071,295","13,36475772","52,58511461",,,5055.0,41.0
214970,11,3,3601142.0,2021,8,16,4,2,5,2,0,1,1,0,0,0,0,0,"798646,2824","5830287,526","13,40460814","52,54059655",,,3350.0,22.0
214969,11,9,9100409.0,2021,9,15,7,3,0,1,0,0,0,0,1,0,0,0,"806397,0329","5821062,411","13,51005488","52,45361587",,,4178.0,61.0
214968,11,7,7601544.0,2021,9,20,5,3,5,2,2,0,1,0,0,0,0,1,"799790,5461","5813977,033","13,40677628","52,39376827",,,4633.0,58.0
214967,11,8,8100419.0,2021,9,9,3,3,1,5,0,0,1,0,0,0,0,0,"801841,1117","5824217,386","13,44606837","52,48442925",,,4546.0,40.0
214966,11,6,6200316.0,2021,9,9,7,2,2,6,0,0,1,0,0,0,0,1,"795984,9298","5817796,252","13,35438877","52,43007472",,,4755.0,4.0
214965,11,12,12200310.0,2021,9,17,4,3,5,2,0,1,1,0,0,0,0,0,"792186,5067","5832963,279","13,31198716","52,56808605",,,3660.0,50.0
214964,11,6,6200313.0,2021,9,16,1,3,5,2,0,1,1,0,0,0,0,0,"795725,5402","5818907,613","13,35156782","52,44017763",,,1856.0,55.0
214963,11,6,6200315.0,2021,9,18,1,3,1,5,1,0,1,0,1,0,0,1,"795151,5169","5817647,618","13,34203509","52,42919256",,,3849.0,22.0
214962,11,7,7100103.0,2021,8,14,1,3,1,5,0,1,1,0,0,0,0,1,"795727,2379","5825538,066","13,35747003","52,49961384",,,3638.0,58.0
214961,11,1,1100416.0,2021,9,8,5,3,5,7,0,1,1,0,0,0,0,0,"798800,005","5829238,534","13,40592491","52,53110959",,,3427.0,58.0
214960,11,9,9200511.0,2021,9,9,7,3,5,3,0,0,1,0,1,0,0,1,"807239,4944","5821907,34","13,5231912","52,46071548",,,5548.0,37.0
214959,11,6,6200312.0,2021,9,12,5,3,3,6,0,1,1,0,0,0,0,0,"795084,4842","5818978,9","13,34222714","52,44116296",,,4757.0,11.0
214958,11,9,9100305.0,2021,9,20,5,3,5,2,2,0,0,0,0,1,1,0,"805014,7278","5822700,54","13,49127271","52,46907086",,,4949.0,42.0
214957,11,11,11300725.0,2021,8,18,7,3,5,3,0,0,1,0,0,0,0,0,"805049,9906","5827915,931","13,49656503","52,51579431",,,5044.0,14.0