OBJECTID,LAND,BEZ,LOR_ab_2021,UJAHR,UMONAT,USTUNDE,UWOCHENTAG,UKATEGORIE,UART,UTYP1,ULICHTVERH,IstRad,IstPKW,IstFuss,IstKrad,IstGkfz,IstSonstige,USTRZUSTAND,LINREFX,LINREFY,XGCSWGS84,YGCSWGS84,LOR,STRASSE,quadrant,quadrant_rank
214956,11,8,8100521.0,2021,8,16,4,3,5,3,0,1,1,0,0,0,0,0,"802496,1083","5822117,219","13,45378002","52,46524289",,,1554.0,46.0
214955,11,3,3100103.0,2021,9,8,2,3,5,3,0,0,1,0,0,0,1,0,"804966,9366","5840471,901","13,50689105","52,6283715",,,4344.0,28.0
214954,11,8,8100102.0,2021,9,18,6,3,5,2,0,1,1,0,0,0,0,0,"800549,7075","5823370,172","13,4263443","52,47754772",,,4572.0,61.0
214953,11,1,1400940.0,2021,9,12,4,3,5,7,0,0,1,0,0,0,0,1,"795385,6331","5831872,961","13,35808045","52,5565859",,,1562.0,57.0
214952,11,9,9100203.0,2021,8,17,5,3,0,4,0,0,0,1,0,0,1,0,"804698,5809","5823421,644","13,48729168","52,47571028",,,5751.0,57.0
214951,11,4,4501042.0,2021,8,12,3,3,0,4,0,0,0,1,0,0,1,0,"793997,5819","5826180,013","13,33263016","52,50630315",,,5143.0,6.0
214950,11,1,1100102.0,2021,9,23,6,3,0,1,2,1,0,0,0,0,0,0,"796740,8116","5826915,068","13,37358494","52,51140706",,,3062.0,44.0
214949,11,2,2500836.0,2021,9,16,5,3,5,2,0,1,1,0,0,0,0,0,"803362,6412","5825446,208","13,46952498","52,4945998",,,4757.0,11.0
214948,11,1,1100206.0,2021,9,14,3,3,5,3,0,1,1,0,0,0,0,0,"797172,6538","5827699,978","13,38063055","52,51820782",,,5040.0,48.0
214947,11,2,2500833.0,2021,9,2,1,3,1,5,2,0,1,0,0,0,1,0,"802757,6879","5827225,933","13,46225956","52,51088723",,,6864.0,63.0
214946,11,8,8100314.0,2021,9,15,5,3,5,3,0,1,1,0,0,0,0,0,"801163,5511","5823916,593","13,43584882","52,4821073",,,2954.0,41.0
214945,11,4,4501045.0,2021,9,15,2,3,2,2,0,1,1,0,0,0,0,0,"793476,4499","5824898,818","13,32384497","52,49509836",,,4358.0,45.0
214944,11,9,9200511.0,2021,9,15,5,3,5,2,0,0,1,0,0,0,0,0,"806812,6237","5822631,465","13,51759369","52,46744511",,,4449.0,28.0
214943,11,4,4501040.0,2021,9,19,1,2,1,5,2,0,1,0,0,0,1,0,"792710,8473","5825592,913","13,31320998","52,50173186",,,5131.0,45.0
214942,11,3,3400723.0,2021,8,12,2,3,0,5,0,1,1,0,0,0,0,1,"798899,9003","5833268,07","13,41102011","52,56717351",,,6620.0,64.0
214941,11,1,1100207.0,2021,9,5,5,3,5,3,1,1,1,0,0,0,0,0,"798481,3109","5826666,178","13,3989326","52,50822652",,,4330.0,47.0
214940,11,12,12200515.0,2021,9,9,6,3,6,4,0,0,1,1,0,0,0,0,"790376,8848","5835169,3","13,28729532","52,58883114",,,4042.0,56.0
214939,11,3,3601141.0,2021,9,18,4,3,5,3,1,0,1,0,0,0,1,1,"798823,1666","5831622,511","13,40840966","52,55246572",,,4344.0,28.0
214938,11,8,8100209.0,2021,9,21,5,3,2,6,2,0,1,0,0,0,0,0,"801745,0512","5822063,949","13,44270986","52,4651807",,,2160.0,45.0
214937,11,5,5100211.0,2021,8,10,6,3,5,2,0,0,1,0,0,0,0,1,"781907,8355","5829572,155","13,15786029","52,54310055",,,4455.0,27.0
214936,11,4,4300623.0,2021,8,17,4,3,1,5,0,1,1,0,0,0,0,0,"792313,6468","5826016,92","13,3077473","52,50574591",,,5244.0,47.0
214935,11,12,12200515.0,2021,9,15,7,3,5,2,0,0,1,0,0,0,0,0,"790135,382","5835786,8","13,28428136","52,59449584",,,4753.0,44.0
214934,11,1,1100205.0,2021,9,6,6,3,2,6,1,0,1,0,1,0,0,0,"797100,2811","5827156,794","13,37908207","52,51337821",,,3856.0,49.0
214933,11,10,10100210.0,2021,9,7,4,3,0,6,0,0,1,0,1,0,0,0,"809083,2837","5831736,927","13,55936694","52,54776631",,,3840.0,51.0
214932,11,11,11200512.0,2021,9,7,3,3,0,1,0,1,0,0,0,0,0,0,"804712,3394","5831259,287","13,49466901","52,54594785",,,5065.0,44.0
214931,11,5,5100207.0,2021,9,8,3,3,5,3,0,1,1,0,0,0,0,0,"780168,3525","5830151,945","13,13276653","52,54919668",,,5048.0,24.0
214930,11,11,11300617.0,2021,9,13,3,3,2,6,0,0,1,0,0,0,0,0,"803521,409","5829724,447","13,47575852","52,53285635",,,5750.0,59.0
214929,11,9,9100304.0,2021,8,8,3,3,3,6,0,0,1,0,1,0,1,0,"804411,4312","5821768,495","13,48156869","52,46105369",,,1973.0,65.0
214928,11,9,9401329.0,2021,9,15,6,2,3,6,0,1,1,0,0,0,0,0,"812324,5747","5818399,532","13,59451605","52,42639855",,,1663.0,55.0
214927,11,8,8100312.0,2021,9,18,4,2,1,5,0,0,1,0,0,0,0,0,"801372,5457","5823958,285","13,43895476","52,48236569",,,4023.0,43.0
214926,11,2,2500726.0,2021,8,8,2,3,3,6,0,0,1,0,0,1,0,1,"801961,158","5829032,932","13,45219849","52,52752489",,,2530.0,60.0
214925,11,4,4500936.0,2021,8,23,6,3,0,7,2,0,0,0,0,0,1,0,"792208,8596","5825357,465","13,3056291","52,49989017",,,4946.0,51.0
214924,11,12,12400723.0,2021,9,10,2,3,5,2,0,1,1,0,0,0,0,0,"791512,2026","5838832,675","13,30723299","52,62106473",,,5347.0,57.0
214923,11,1,1200522.0,2021,9,17,7,3,6,4,1,0,1,1,0,0,0,0,"794566,1127","5828409,486","13,34295629","52,52598225",,,7334.0,59.0
214922,11,2,2400522.0,2021,9,12,7,3,2,6,0,0,1,0,1,0,0,0,"801409,0304","5828752,605","13,44383031","52,52531782",,,6828.0,55.0
214921,11,10,10400837.0,2021,10,9,6,3,5,3,0,1,1,0,0,0,0,0,"810232,5501","5825015,473","13,56999431","52,48687866",,,4365.0,7.0
214920,11,3,3601243.0,2021,9,7,3,3,5,2,0,0,1,0,1,0,0,0,"799498,2062","5831776,148","13,41847467","52,55347207",,,3138.0,63.0
214919,11,5,5100316.0,2021,9,21,4,2,6,4,2,0,1,1,0,0,0,0,"784802,7755","5828816,372","13,19978588","52,53481867",,,2722.0,60.0
214918,11,3,3500934.0,2021,9,22,3,2,6,4,2,0,1,1,0,0,0,0,"800582,9281","5831846,747","13,4344894","52,55350733",,,5892.0,63.0
214917,11,7,7601442.0,2021,8,10,5,2,5,2,0,0,1,0,0,0,0,0,"798708,726","5816017,768","13,39274485","52,41265223",,,3676.0,38.0
214916,11,11,11300721.0,2021,8,10,3,3,2,6,0,0,1,0,0,0,0,0,"804621,3507","5829927,766","13,49211062","52,534065",,,1557.0,28.0
214915,11,4,4300624.0,2021,9,9,6,3,0,2,0,0,1,0,1,0,0,0,"792971,768","5826022,35","13,31742075","52,50544159",,,4952.0,44.0
214914,11,9,9200512.0,2021,9,13,5,3,2,6,0,0,1,0,0,1,0,0,"809365,269","5821509,894","13,55401167","52,45595444",,,5238.0,46.0
214913,11,2,2300418.0,2021,9,12,2,3,6,7,0,0,0,1,1,0,0,0,"801231,1194","5825169,155","13,43797289","52,49329705",,,3055.0,62.0
214912,11,4,4100101.0,2021,9,16,2,3,5,2,0,0,1,0,0,0,1,0,"791217,3213","5829730,95","13,29489254","52,53962814",,,6028.0,49.0
214911,11,5,5300840.0,2021,9,16,4,3,5,3,0,0,1,0,1,0,0,0,"789288,2097","5829084,115","13,26596476","52,53485671",,,5955.0,65.0
214910,11,6,6100103.0,2021,9,21,7,3,2,6,2,0,1,0,0,0,0,0,"793598,405","5821258,429","13,32243085","52,4623981",,,4951.0,32.0
214909,11,4,4501043.0,2021,8,14,7,3,2,6,0,0,1,0,0,0,0,0,"792375,0638","5825090,001","13,30783577","52,49740339",,,3748.0,42.0
214908,11,2,2500831.0,2021,9,19,5,3,6,4,1,0,1,1,0,0,0,0,"803019,5757","5827018,748","13,4659181","52,50888484",,,7057.0,55.0
214907,11,4,4501146.0,2021,9,22,5,3,1,5,2,0,1,0,0,0,1,0,"792860,1833","5823583,314","13,31363728","52,48363627",,,5134.0,50.0
214906,11,7,7400825.0,2021,9,8,4,3,7,7,0,1,0,0,0,0,0,0,"797287,4011","5820741,613","13,37610998","52,4557709",,,3451.0,50.0
214905,11,2,2300418.0,2021,9,19,4,3,2,7,1,1,1,0,0,0,0,1,"801270,558","5825371,105","13,43873466","52,49508539",,,4645.0,45.0
214904,11,3,3400721.0,2021,8,8,6,3,6,2,0,0,1,1,0,0,0,1,"798383,9753","5832742,205","13,40295786","52,56274293",,,5069.0,51.0
214903,11,1,1100102.0,2021,8,14,4,3,0,2,0,1,1,0,0,0,0,0,"794307,432","5827036,337","13,3379394","52,51381253",,,7337.0,65.0
214902,11,5,5300736.0,2021,9,13,7,3,2,6,0,0,1,0,0,0,0,0,"785755,1167","5829284,624","13,21419083","52,53851843",,,7852.0,65.0
214901,11,4,4400835.0,2021,9,14,5,2,6,3,0,1,0,1,0,0,0,0,"793356,8531","5822659,553","13,32011759","52,47508846",,,4447.0,16.0
214900,11,5,5100103.0,2021,9,16,3,2,1,5,0,0,1,0,0,0,0,0,"785421,8458","5832223,213","13,21181661","52,56503997",,,3656.0,44.0
214899,11,2,2100105.0,2021,9,11,2,3,5,3,0,0,1,0,0,0,0,0,"799595,2354","5825833,793","13,41454747","52,50015487",,,4918.0,59.0
214898,11,1,1200522.0,2021,9,21,4,3,0,7,2,1,0,0,0,0,0,0,"794285,9057","5827927,134","13,33841109","52,52180959",,,6345.0,61.0
214897,11,12,12100103.0,2021,9,8,2,2,6,4,0,1,0,1,0,0,0,0,"795729,7395","5833606,516","13,36468655","52,57193875",,,5348.0,58.0
214896,11,1,1100102.0,2021,9,15,2,2,5,2,0,1,1,0,0,0,0,0,"796641,6493","5826646,555","13,37188873","52,50905405",,,4150.0,19.0
214895,11,1,1400938.0,2021,8,18,2,3,1,5,0,0,1,0,0,0,1,0,"793776,7918","5830655,073","13,33334023","52,54653855",,,2229.0,61.0
214894,11,3,3500936.0,2021,9,23,5,3,0,1,2,1,0,0,0,0,0,0,"802751,644","5831642,73","13,46619308","52,55047765",,,4765.0,61.0
214893,11,1,1100103.0,2021,9,22,6,3,5,3,2,0,1,0,0,0,0,0,"795327,6188","5826172,777","13,35216314","52,50551996",,,3628.0,54.0
214892,11,6,6100102.0,2021,9,12,5,3,1,5,0,0,1,0,0,0,0,1,"793439,077","5821031,532","13,31989296","52,46044962",,,3169.0,61.0
214891,11,10,10100312.0,2021,9,19,5,3,5,3,2,0,1,0,0,0,0,0,"807830,1537","5829086,274","13,53848974","52,52472092",,,4645.0,45.0
214890,11,4,4300518.0,2021,8,22,6,3,5,3,2,0,1,0,0,0,0,0,"791989,6316","5829154,108","13,30574085","52,53404362",,,3870.0,38.0
214889,11,10,10100312.0,2021,8,9,4,3,3,6,0,1,0,0,0,0,0,0,"808336,3879","5829269,521","13,54609779","52,52607711",,,5054.0,36.0
214888,11,6,6400737.0,2021,9,12,1,3,5,3,0,0,1,0,0,0,0,0,"785882,034","5816569,939","13,20515388","52,42445284",,,5144.0,42.0
214887,11,1,1100102.0,2021,9,18,5,3,2,6,0,0,1,0,0,0,0,0,"795229,7547","5826723,73","13,35121411","52,5105118",,,6033.0,62.0
214886,11,4,4200308.0,2021,9,17,6,3,2,6,0,0,1,0,0,0,0,1,"790400,3609","5827309,419","13,28076537","52,51835504",,,3637.0,59.0
214885,11,6,6200420.0,2021,9,17,3,3,2,6,0,0,1,0,1,0,0,0,"792785,0294","5816407,168","13,30624269","52,41934368",,,4168.0,58.0
214884,11,1,1100309.0,2021,9,10,3,3,3,6,0,1,1,0,0,0,0,0,"798534,4131","5829058,016","13,40185912","52,52963702",,,3269.0,62.0
214883,11,4,4200310.0,2021,9,16,2,3,3,6,0,0,1,0,1,0,0,0,"789473,5061","5826653,691","13,26657342","52,51296908",,,3173.0,65.0
214882,11,4,4501042.0,2021,8,14,3,3,0,3,0,0,0,0,0,0,1,0,"794001,4091","5826161,736","13,33267025","52,50613725",,,6049.0,61.0
214881,11,1,1100313.0,2021,9,17,6,3,1,5,0,0,1,0,1,0,0,1,"799563,3619","5826663,094","13,41482544","52,5076058",,,4757.0,11.0
214880,11,2,2100101.0,2021,9,7,4,3,3,6,0,1,0,0,1,0,0,0,"797346,1547","5825744,753","13,38143335","52,50058687",,,2553.0,40.0
214879,11,4,4501042.0,2021,8,12,2,3,5,2,0,1,0,0,0,0,1,1,"793967,1922","5826165,538","13,33217092","52,50618977",,,4848.0,3.0
214878,11,6,6400841.0,2021,8,16,6,3,4,6,0,0,1,0,0,0,0,0,"789662,6072","5818733,888","13,26247273","52,44186529",,,4061.0,48.0
214877,11,6,6100204.0,2021,9,11,2,3,0,7,0,0,0,0,1,0,0,0,"795408,9498","5820882,519","13,34867036","52,45805254",,,1163.0,42.0
214876,11,12,12200309.0,2021,9,20,6,2,6,4,2,0,1,1,0,0,0,1,"793274,6009","5832570,725","13,32764813","52,56398191",,,3861.0,37.0
214875,11,12,12400618.0,2021,8,15,3,3,2,6,0,1,0,0,0,0,0,0,"786255,0941","5838962,304","13,2299013","52,62502228",,,4474.0,64.0
214874,11,2,2300316.0,2021,9,22,5,3,5,7,2,1,1,0,0,0,0,0,"801640,3257","5826064,616","13,44479284","52,50109721",,,3349.0,12.0
214873,11,11,11300620.0,2021,9,12,7,2,6,4,0,0,1,1,0,0,0,1,"803816,2545","5829074,115","13,47949761","52,52686338",,,7134.0,43.0
214872,11,8,8100208.0,2021,8,7,6,3,2,2,0,0,1,0,1,0,0,1,"801256,0324","5822416,887","13,43585194","52,46861402",,,5949.0,55.0
214871,11,7,7200307.0,2021,9,12,4,3,5,3,0,1,1,0,0,0,0,0,"794486,7191","5824815,88","13,33860987","52,49381072",,,7059.0,65.0
214870,11,3,3400620.0,2021,9,11,6,3,2,6,0,0,1,0,1,0,0,0,"796584,0103","5833988,873","13,37759679","52,57490132",,,4455.0,27.0
214869,11,2,3601452.0,2021,9,12,4,3,3,6,0,0,1,0,1,0,0,0,"801979,3753","5829063,077","13,45249359","52,52778499",,,3674.0,59.0
214868,11,2,2500836.0,2021,9,7,4,3,5,3,0,1,1,0,0,0,0,0,"803120,1279","5825688,378","13,46618412","52,49690507",,,4963.0,59.0
214867,11,2,2200213.0,2021,8,12,5,3,5,3,0,1,1,0,0,0,0,0,"799522,9691","5824927,98","13,41267159","52,49207527",,,4963.0,59.0
214866,11,2,2100101.0,2021,8,15,3,3,2,2,0,1,1,0,0,0,0,0,"797693,8061","5825817,705","13,38660495","52,50105126",,,4651.0,31.0
214865,11,2,2200211.0,2021,9,15,6,3,6,4,0,1,0,1,0,0,0,0,"798078,3717","5824551,469","13,39112056","52,48949106",,,5960.0,57.0
214864,11,9,9200511.0,2021,8,10,6,3,1,5,0,1,1,0,0,0,0,0,"807171,6738","5822033,979","13,52231265","52,46188857",,,1158.0,56.0
214863,11,7,7400823.0,2021,8,6,2,2,5,2,0,1,1,0,0,0,0,0,"796846,9437","5822343,485","13,37107161","52,47036961",,,6059.0,59.0
214862,11,5,5300737.0,2021,8,8,5,2,5,2,0,1,1,0,0,0,0,0,"787974,983","5830384,863","13,24778485","52,54721395",,,5651.0,53.0
214861,11,8,8100105.0,2021,7,15,2,3,1,1,0,0,1,0,0,0,0,0,"800480,4069","5822022,113","13,42411276","52,46550264",,,4455.0,27.0
214860,11,3,3200204.0,2021,8,14,4,3,2,6,0,0,1,0,0,0,0,0,"796995,0173","5838822,625","13,38797914","52,61800547",,,4416.0,63.0
214859,11,2,2100104.0,2021,7,22,4,3,5,3,2,1,1,0,0,0,0,0,"799282,4992","5826219,381","13,41030067","52,50378271",,,6148.0,63.0
214858,11,3,3601346.0,2021,7,23,5,3,1,5,2,1,1,0,0,0,0,0,"799548,0438","5831035,335","13,41853926","52,54680449",,,3745.0,36.0
214857,11,2,2100104.0,2021,8,15,4,3,5,3,0,1,1,0,0,0,0,0,"799282,395","5826219,419","13,41029918","52,50378311",,,3635.0,65.0
214856,11,5,5100317.0,2021,8,19,3,2,1,5,1,0,1,0,0,0,1,0,"787253,5669","5828102,618","13,23520232","52,52713325",,,4047.0,22.0
214855,11,4,4500937.0,2021,7,10,2,3,2,2,0,0,1,0,0,0,0,0,"791017,4689","5824870,57","13,28770233","52,49616182",,,5249.0,5.0
214854,11,5,5100316.0,2021,8,10,2,3,0,5,0,1,1,0,0,0,0,0,"784947,4729","5829186,614","13,20223087","52,5380626",,,4652.0,24.0
214853,11,11,11501238.0,2021,8,18,7,3,3,6,0,1,0,0,0,0,0,0,"805509,4692","5824399,062","13,50008921","52,48401744",,,4544.0,57.0
214852,11,12,12200309.0,2021,7,11,2,3,5,2,0,1,1,0,0,0,0,0,"793270,2092","5832583,048","13,32759442","52,56409475",,,2632.0,59.0
214851,11,7,7400720.0,2021,8,6,2,3,5,3,0,1,1,0,0,0,0,0,"796927,1002","5823749,218","13,37349978","52,48292709",,,5441.0,34.0
214850,11,8,8200623.0,2021,8,7,6,3,6,7,0,1,0,1,0,0,0,0,"801733,9536","5821224,942","13,44178859","52,45766663",,,3930.0,60.0
214849,11,7,7200308.0,2021,7,15,6,2,5,3,0,1,1,0,0,0,0,0,"794901,3196","5823938,149","13,34392226","52,48571858",,,3649.0,23.0
214848,11,6,6200312.0,2021,7,18,6,3,5,2,0,0,1,0,0,0,0,0,"794829,2968","5819322,546","13,33878691","52,44438122",,,6521.0,64.0
214847,11,2,2300418.0,2021,8,13,4,3,4,6,0,1,0,0,0,0,0,0,"801052,9692","5825475,431","13,43563356","52,49614056",,,3847.0,40.0
214846,11,4,4200309.0,2021,7,15,4,3,5,2,0,0,1,0,0,1,0,0,"789023,186","5827022,89","13,26027676","52,51651787",,,4251.0,2.0
214845,11,4,4501045.0,2021,8,19,5,3,0,7,1,0,1,0,0,0,0,0,"794291,2747","5824927,876","13,33583832","52,49492012",,,6054.0,60.0
214844,11,11,11100309.0,2021,8,13,5,3,5,2,0,1,1,0,0,0,0,0,"805454,2007","5833347,162","13,5074962","52,56424458",,,4041.0,37.0
214843,11,7,7601442.0,2021,8,15,3,3,2,5,0,0,1,0,1,0,0,0,"799255,705","5816320,206","13,40103326","52,41506449",,,4222.0,53.0
214842,11,9,9200819.0,2021,8,10,1,3,2,6,0,0,1,0,0,0,1,0,"810232,3683","5819649,947","13,56500473","52,43879468",,,7168.0,60.0
214841,11,5,5100313.0,2021,7,15,3,3,2,6,0,0,1,0,0,0,0,0,"785395,6018","5830543,584","13,20998616","52,54999449",,,4156.0,34.0
214840,11,8,8200624.0,2021,8,17,3,3,4,6,0,0,1,0,0,0,0,0,"800751,7749","5821324,497","13,4274667","52,45910033",,,3863.0,41.0
214839,11,3,3400725.0,2021,8,8,7,3,0,7,0,0,1,0,0,0,0,0,"798561,0221","5834880,988","13,4074875","52,58181683",,,6368.0,50.0
214838,11,4,4400833.0,2021,7,18,6,3,0,5,0,0,0,0,1,0,0,0,"792591,1368","5821941,098","13,30824577","52,46905839",,,5759.0,55.0
214837,11,11,11401034.0,2021,7,15,5,3,4,6,0,0,1,0,0,0,1,0,"806783,1686","5826963,391","13,52114863","52,5062854",,,4468.0,63.0
214836,11,7,7400823.0,2021,8,11,6,3,5,2,0,0,1,0,0,1,0,0,"796922,4814","5822282,776","13,37212635","52,46978436",,,4543.0,65.0
214835,11,3,3501037.0,2021,8,12,2,3,0,7,0,0,1,0,0,0,1,0,"802624,0844","5832968,603","13,4655263","52,56243207",,,3349.0,12.0
214834,11,3,3601243.0,2021,8,20,6,2,9,1,1,0,1,1,0,0,0,1,"799882,5164","5831727,081","13,42408169","52,55282082",,,4459.0,28.0
214833,11,11,11401032.0,2021,8,11,3,2,6,7,0,1,0,1,0,0,0,0,"806600,4583","5827769,559","13,51920765","52,51361314",,,3242.0,39.0
214832,11,12,12500930.0,2021,8,9,2,2,2,6,0,0,1,0,1,0,0,0,"793302,4772","5835187,92","13,33037348","52,58742848",,,4455.0,27.0
214831,11,9,9301025.0,2021,7,8,5,3,5,2,0,0,0,0,1,0,1,0,"809104,026","5815179,113","13,54432859","52,39936591",,,5749.0,42.0
214830,11,4,4100101.0,2021,7,22,5,3,5,2,2,0,1,0,0,0,0,0,"793340,975","5829718,481","13,32610463","52,53837732",,,4044.0,52.0
214829,11,4,4400832.0,2021,8,11,3,3,1,5,0,1,1,0,0,0,0,0,"791351,4385","5822468,686","13,29050839","52,47445079",,,5038.0,31.0
214828,11,1,1300836.0,2021,7,14,3,3,5,2,0,1,1,0,0,0,0,0,"796634,7004","5831062,69","13,37572677","52,54864381",,,4160.0,4.0
214827,11,2,2500835.0,2021,7,12,7,3,2,6,0,0,1,0,0,0,0,0,"802963,4107","5826072,872","13,46423239","52,50043826",,,4967.0,51.0
214826,11,5,5100104.0,2021,8,14,6,3,2,6,0,0,1,0,0,0,0,0,"785217,2239","5831693,916","13,20835098","52,56040163",,,4950.0,49.0
214825,11,2,2200208.0,2021,8,15,2,3,1,5,0,1,1,0,0,0,0,0,"797606,4449","5825468,817","13,38500999","52,49797153",,,5053.0,45.0
214824,11,7,7400720.0,2021,7,8,3,3,5,3,0,0,1,0,0,0,0,0,"797027,4848","5823564,218","13,37480886","52,48121415",,,5659.0,55.0
214823,11,3,3100103.0,2021,8,10,6,3,5,3,0,0,1,0,1,0,0,0,"804032,8217","5841261,513","13,49385913","52,63597189",,,1767.0,61.0
214822,11,9,9200613.0,2021,7,18,3,3,5,2,0,1,1,0,0,0,0,0,"807019,3687","5821152,938","13,51926775","52,45407803",,,3740.0,64.0
214821,11,8,8200832.0,2021,8,16,4,2,2,2,0,1,1,0,0,0,0,0,"800304,2035","5816752,992","13,4167918","52,41836959",,,6933.0,57.0
214820,11,10,10100311.0,2021,7,22,5,3,5,3,2,1,1,0,0,0,0,0,"806466,7141","5830187,254","13,51947088","52,53535614",,,3050.0,39.0
214819,11,6,6300631.0,2021,7,19,6,3,2,7,0,0,1,0,1,0,0,0,"792557,2729","5816965,021","13,30339096","52,4244666",,,4453.0,15.0
214818,11,12,12400619.0,2021,8,11,4,3,5,3,0,0,1,0,0,0,0,0,"786947,237","5836345,141","13,23782833","52,60119319",,,5328.0,63.0
214817,11,1,1100206.0,2021,8,9,4,3,5,3,0,1,1,0,0,0,0,0,"797146,9243","5827764,823","13,38031039","52,5188031",,,4948.0,23.0
214816,11,8,8100102.0,2021,7,15,4,3,5,2,0,1,1,0,0,0,0,0,"800485,6611","5823552,391","13,42556831","52,47921627",,,6545.0,62.0
214815,11,11,11200410.0,2021,8,14,4,2,5,3,0,0,1,0,1,0,0,0,"805109,243","5832643,36","13,50177577","52,55813029",,,4715.0,55.0
214814,11,9,9501941.0,2021,8,13,4,3,2,3,0,1,1,0,0,0,0,0,"812053,7818","5821340,552","13,59329217","52,45290871",,,6062.0,52.0
214813,11,12,12100101.0,2021,8,13,2,3,6,2,0,0,0,1,0,0,1,0,"796379,9224","5832783,61","13,37351699","52,56420867",,,5164.0,53.0
214812,11,9,9502043.0,2021,8,13,7,3,2,6,0,0,1,0,1,0,1,0,"809221,8288","5822867,88","13,5531654","52,46820568",,,5244.0,47.0
214811,11,11,11300725.0,2021,7,17,3,3,5,3,0,1,1,0,0,0,0,0,"805770,5876","5827900,358","13,50713695","52,51525125",,,2082.0,65.0
214810,11,1,1401045.0,2021,8,8,3,3,2,6,0,0,1,0,0,0,0,0,"796496,3713","5831965,246","13,37449874","52,55680954",,,3369.0,58.0
214809,11,1,1300733.0,2021,8,22,1,3,6,2,2,0,1,1,0,0,0,1,"796984,4965","5831506,948","13,38126765","52,55243548",,,4848.0,3.0
214808,11,3,3601244.0,2021,7,17,7,3,5,3,0,0,1,0,1,0,0,0,"800119,6248","5831394,776","13,42726797","52,54971168",,,4046.0,41.0
214807,11,4,4300622.0,2021,7,20,7,2,3,6,0,0,1,0,1,0,0,0,"793162,061","5826887,028","13,32097795","52,51309087",,,4357.0,21.0
214806,11,8,8100415.0,2021,8,13,5,3,2,6,0,0,1,0,1,0,0,0,"801863,7619","5823608,012","13,44584919","52,47895483",,,4645.0,45.0
214805,11,4,4500937.0,2021,7,14,6,3,5,2,0,1,1,0,0,0,0,0,"791455,5803","5825075,093","13,29431652","52,49776158",,,2856.0,54.0
214804,11,11,11200410.0,2021,7,5,6,3,5,3,0,1,1,0,0,0,0,0,"805138,8363","5832559,169","13,50213355","52,55735916",,,5557.0,49.0
214803,11,8,8100313.0,2021,8,18,5,3,6,7,0,0,0,1,0,0,1,0,"801799,3524","5824371,778","13,44559506","52,48583617",,,4755.0,4.0
214802,11,4,4300518.0,2021,8,18,4,2,5,7,0,0,1,0,1,0,0,0,"792056,6002","5828689,146","13,30631683","52,52983948",,,6829.0,60.0
214801,11,8,8100310.0,2021,8,12,3,3,5,2,0,1,0,0,0,0,1,0,"800982,3482","5824769,19","13,43395844","52,48984928",,,2875.0,57.0
214800,11,1,1100313.0,2021,8,14,1,3,0,1,0,0,0,0,1,0,0,0,"799974,5795","5826920,745","13,42109837","52,50968928",,,6287.0,65.0
214799,11,7,7400824.0,2021,7,14,4,2,0,2,0,0,1,0,0,0,1,0,"797633,2155","5821349,71","13,38172639","52,46103366",,,3352.0,26.0
214798,11,5,5100104.0,2021,8,18,1,2,5,3,0,0,1,0,0,0,0,0,"785812,3965","5831736,012","13,21714311","52,56046696",,,3551.0,40.0
214797,11,5,5300736.0,2021,7,9,3,2,2,6,0,0,1,0,0,0,1,0,"785994,1468","5829208,049","13,21763965","52,53770648",,,4853.0,18.0
214796,11,5,5100103.0,2021,7,13,1,3,2,5,0,0,1,0,0,0,0,0,"785631,7344","5832198,092","13,21488309","52,56470466",,,1453.0,50.0
214795,11,1,1100103.0,2021,8,21,3,2,5,3,1,1,1,0,0,0,0,0,"795408,2282","5825817,631","13,35303224","52,50229271",,,6262.0,56.0
214794,11,1,1100416.0,2021,8,22,7,3,5,2,2,1,1,0,0,0,0,1,"798586,4258","5829511,122","13,40303057","52,53366999",,,4848.0,3.0
214793,11,4,4300622.0,2021,7,21,5,3,7,7,1,0,0,0,1,0,0,0,"793802,3693","5826075,027","13,3296696","52,50546717",,,3461.0,59.0
214792,11,8,8100102.0,2021,7,21,6,3,5,2,2,1,1,0,0,0,0,0,"800392,0847","5823330,056","13,4239943","52,47727486",,,5638.0,53.0
214791,11,9,9200715.0,2021,8,13,4,3,0,2,0,1,1,0,0,0,0,0,"809337,736","5818509,287","13,55083023","52,42907889",,,2627.0,61.0
214790,11,12,12100103.0,2021,7,5,4,3,5,3,1,1,1,0,0,0,0,0,"795574,0225","5833235,859","13,36206523","52,56870076",,,5650.0,43.0
214789,11,4,4300415.0,2021,7,18,6,3,5,3,0,1,1,0,0,0,0,0,"791187,2685","5826044,288","13,29122279","52,5065936",,,3328.0,59.0
214788,11,4,4200311.0,2021,8,18,5,3,5,2,0,0,1,0,0,0,1,0,"790164,1868","5825420,246","13,27564749","52,50154409",,,5341.0,41.0
214787,11,2,2200209.0,2021,8,15,5,3,5,2,0,0,1,0,0,0,1,0,"797518,931","5824029,373","13,38243935","52,48511623",,,4559.0,31.0
214786,11,12,12200309.0,2021,8,9,3,3,2,6,0,0,1,0,0,0,0,0,"793296,5749","5832608,966","13,32800519","52,56431289",,,7047.0,62.0
214785,11,9,9501940.0,2021,8,12,1,2,3,6,0,1,1,0,0,0,0,0,"811993,4113","5821531,453","13,59258499","52,4546539",,,5055.0,41.0