OBJECTID,LAND,BEZ,LOR_ab_2021,UJAHR,UMONAT,USTUNDE,UWOCHENTAG,UKATEGORIE,UART,UTYP1,ULICHTVERH,IstRad,IstPKW,IstFuss,IstKrad,IstGkfz,IstSonstige,USTRZUSTAND,LINREFX,LINREFY,XGCSWGS84,YGCSWGS84,LOR,STRASSE,quadrant,quadrant_rank
213580,11,2,2400624.0,2021,5,18,1,3,5,3,0,1,1,0,0,0,0,0,"801744,3314","5827421,724","13,44755048","52,51320359",,,3353.0,38.0
213579,11,11,11300617.0,2021,6,18,5,3,2,6,0,0,1,0,0,0,1,0,"803522,2899","5829724,803","13,47577179","52,53285904",,,4649.0,53.0
213578,11,10,10300734.0,2021,6,13,5,3,5,2,0,0,1,0,1,0,0,1,"809653,7464","5826357,59","13,56274473","52,49923487",,,5127.0,55.0
213577,11,1,1100310.0,2021,6,10,3,3,2,6,0,0,1,0,1,0,0,0,"798948,2775","5827851,575","13,40685742","52,51859623",,,3086.0,61.0
213576,11,11,11200513.0,2021,6,19,6,3,1,1,0,0,1,0,0,0,0,0,"804656,5181","5830747,835","13,49337931","52,54139519",,,3448.0,49.0
213575,11,7,7501029.0,2021,6,20,2,3,5,3,1,1,0,0,0,0,1,0,"797139,3227","5819500,231","13,3728328","52,4447236",,,3444.0,24.0
213574,11,1,1100101.0,2021,5,17,5,3,5,3,0,1,1,0,0,0,0,1,"794805,3351","5826009,331","13,34434572","52,50433723",,,7252.0,60.0
213573,11,9,9200715.0,2021,6,16,4,2,5,2,0,1,1,0,0,0,0,0,"808654,316","5819175,127","13,54142501","52,43543216",,,4749.0,23.0
213572,11,9,9501838.0,2021,5,19,1,3,0,1,0,1,0,0,0,0,0,0,"818439,8444","5820578,161","13,68622747","52,44239522",,,3072.0,57.0
213571,11,7,7100102.0,2021,6,16,2,3,1,5,0,0,1,0,0,0,1,0,"795097,3857","5825610,848","13,34828287","52,50060724",,,4047.0,22.0
213570,11,2,2300314.0,2021,7,21,2,2,2,6,1,1,0,0,0,0,1,0,"799881,9783","5825903,753","13,41882199","52,50062446",,,4365.0,7.0
213569,11,4,4501148.0,2021,7,1,7,3,8,1,2,0,1,0,0,0,0,1,"793115,0959","5822994,121","13,3168624","52,47821756",,,6629.0,41.0
213568,11,4,4501044.0,2021,6,10,2,3,1,5,0,1,1,0,0,0,0,0,"793149,7338","5825208,982","13,31931924","52,49805446",,,4848.0,3.0
213567,11,3,3300517.0,2021,6,15,6,3,6,7,0,0,1,1,0,0,0,0,"802090,534","5833648,329","13,45829809","52,56882063",,,3661.0,43.0
213566,11,4,4501148.0,2021,6,14,3,3,6,2,0,0,1,1,0,0,0,0,"793331,9056","5823074,445","13,32011628","52,47882123",,,6427.0,48.0
213565,11,7,7100102.0,2021,6,8,3,2,5,3,0,1,1,0,0,0,0,0,"795425,2837","5825488,2","13,35299053","52,49933037",,,4259.0,40.0
213564,11,6,6200421.0,2021,6,17,7,3,1,5,0,1,1,0,0,0,0,0,"793511,1408","5818067,234","13,31834614","52,43383684",,,4364.0,39.0
213563,11,12,12400617.0,2021,6,13,1,3,5,3,0,1,1,0,0,0,0,0,"786051,8279","5839054,137","13,22698606","52,62595268",,,6132.0,56.0
213562,11,1,1100313.0,2021,7,13,1,3,0,1,0,0,0,0,1,0,0,0,"799664,4967","5827043,052","13,41665317","52,51095599",,,4243.0,50.0
213561,11,2,2400625.0,2021,6,17,6,3,5,2,0,0,1,0,1,0,0,0,"801367,1032","5826761,873","13,44141104","52,5074978",,,3438.0,56.0
213560,11,9,9301228.0,2021,6,11,1,3,5,2,0,1,1,0,0,0,0,0,"817076,5957","5812818,033","13,6588901","52,37365228",,,2849.0,40.0
213559,11,7,7100101.0,2021,5,19,4,3,6,7,0,0,1,1,0,0,0,0,"794695,8932","5825759,44","13,34251682","52,50215625",,,4650.0,45.0
213558,11,2,2100104.0,2021,6,10,4,3,5,2,0,1,1,0,0,0,0,1,"798939,8616","5826349,843","13,40538484","52,50513995",,,3857.0,60.0
213557,11,1,1400937.0,2021,7,14,3,3,5,7,0,1,1,0,0,0,0,0,"793446,024","5830049,231","13,32794118","52,54128576",,,4549.0,56.0
213556,11,3,3300514.0,2021,7,12,4,3,2,7,0,0,1,0,0,0,0,1,"801744,906","5836326,014","13,45565165","52,59301212",,,3558.0,50.0
213555,11,10,10400938.0,2021,6,12,5,3,3,6,0,1,0,0,0,0,1,0,"814685,929","5829820,51","13,63990633","52,52738687",,,7745.0,65.0
213554,11,4,4100102.0,2021,5,21,1,3,3,6,1,0,1,0,1,0,0,0,"791136,601","5829164,372","13,29320931","52,53459197",,,2951.0,33.0
213553,11,12,12500929.0,2021,6,10,5,3,8,1,0,0,1,0,0,0,0,0,"795547,7503","5838790,75","13,3666356","52,61850883",,,3944.0,21.0
213552,11,9,9401329.0,2021,6,17,4,3,5,2,0,1,1,0,0,0,0,0,"811415,728","5819575,163","13,5822876","52,43745201",,,3347.0,62.0
213551,11,4,4200310.0,2021,6,8,3,3,1,5,0,1,1,0,0,0,0,0,"789378,6855","5826734,32","13,26525017","52,51374225",,,6238.0,43.0
213550,11,1,1100310.0,2021,6,18,7,3,2,6,0,1,0,0,0,0,0,0,"799402,4937","5828048,554","13,41370882","52,52011266",,,5162.0,47.0
213549,11,11,11200512.0,2021,6,17,1,3,0,5,0,1,1,0,0,0,0,0,"804099,2049","5831522,143","13,48589579","52,54864629",,,6660.0,39.0
213548,11,6,6200421.0,2021,6,14,3,3,0,7,0,0,0,0,1,0,1,0,"793633,7659","5817661,94","13,31978879","52,43013768",,,2162.0,63.0
213547,11,1,1200522.0,2021,6,17,4,2,5,3,0,1,1,0,0,0,0,0,"794221,5571","5828332,188","13,33782375","52,52547538",,,4329.0,59.0
213546,11,4,4300623.0,2021,6,14,2,3,2,6,0,0,1,0,0,0,0,0,"792447,0155","5826117,96","13,30979544","52,50658023",,,4763.0,56.0
213545,11,9,9501737.0,2021,7,20,2,3,8,1,1,0,1,0,0,0,0,0,"813823,4832","5821771,285","13,61965447","52,45575549",,,4265.0,5.0
213544,11,8,8100104.0,2021,6,19,4,2,2,6,0,0,1,0,1,0,0,0,"800833,5501","5822568,37","13,42978788","52,47020462",,,7054.0,53.0
213543,11,1,1300733.0,2021,7,14,5,3,3,6,0,1,1,0,0,0,0,0,"797566,1981","5831857,264","13,39013585","52,55525813",,,6350.0,50.0
213542,11,10,10100313.0,2021,7,16,5,3,5,2,0,0,1,0,0,0,0,1,"808498,7597","5831153,223","13,55023195","52,54286661",,,3436.0,49.0
213541,11,6,6100205.0,2021,6,10,5,3,2,6,0,0,1,0,0,0,0,0,"795299,9455","5819938,598","13,34623604","52,44964978",,,5456.0,61.0
213540,11,4,4400835.0,2021,6,18,5,3,0,3,0,0,1,0,1,0,0,0,"793381,9556","5821960,303","13,31987114","52,46880644",,,4952.0,44.0
213539,11,5,5100315.0,2021,6,15,5,3,3,6,0,0,1,0,0,1,0,0,"784838,301","5829568,332","13,20095283","52,54154215",,,3063.0,49.0
213538,11,7,7300516.0,2021,6,17,2,3,1,5,0,1,1,0,0,0,0,0,"793697,5242","5822029,544","13,32456428","52,4692576",,,4255.0,45.0
213537,11,2,2500835.0,2021,5,8,2,3,5,3,0,1,1,0,0,0,0,0,"802888,0258","5825965,147","13,46302727","52,49951459",,,1241.0,65.0
213536,11,1,1401048.0,2021,6,16,6,3,6,4,0,0,1,1,0,0,0,0,"795597,052","5830977,937","13,36039301","52,54844813",,,4450.0,25.0
213535,11,4,4500937.0,2021,6,19,6,3,5,2,0,1,1,0,0,0,0,0,"791015,5775","5824859,684","13,28766504","52,49606524",,,5661.0,61.0
213534,11,1,1100309.0,2021,6,18,3,3,5,2,0,1,0,0,1,0,0,0,"799028,1701","5828938,718","13,40900881","52,52829707",,,3547.0,43.0
213533,11,9,9200715.0,2021,6,19,6,3,5,2,0,1,1,0,0,0,0,0,"808471,1623","5819063,128","13,538636","52,43453173",,,4456.0,28.0
213532,11,2,2200208.0,2021,6,13,1,3,3,6,0,0,1,0,1,0,0,0,"797541,3214","5824998,973","13,38363383","52,49379541",,,4849.0,28.0
213531,11,3,3300412.0,2021,5,7,6,2,5,2,0,1,1,0,0,0,0,0,"802349,5985","5838815,127","13,46682482","52,61498553",,,5649.0,33.0
213530,11,11,11400931.0,2021,6,15,4,3,5,2,0,1,1,0,0,0,0,0,"805731,9303","5827192,393","13,50591869","52,50892787",,,6728.0,57.0
213529,11,11,11501238.0,2021,7,15,7,3,5,3,0,1,1,0,0,0,0,0,"805885,1899","5824478,251","13,50567758","52,48451682",,,5246.0,59.0
213528,11,5,5100316.0,2021,5,16,3,3,5,7,0,0,1,0,0,0,0,0,"784347,4334","5828913,644","13,19317405","52,53592858",,,3334.0,60.0
213527,11,12,12500824.0,2021,6,9,3,3,1,5,0,1,1,0,0,0,0,0,"790733,3498","5835392,312","13,29273805","52,59064",,,2659.0,45.0
213526,11,4,4501041.0,2021,7,14,3,3,2,2,0,0,1,0,0,0,1,0,"793126,2816","5825381,926","13,31912697","52,49961743",,,4057.0,61.0
213525,11,6,6200423.0,2021,7,10,7,2,5,3,0,0,1,0,1,0,0,0,"795221,1494","5816182,131","13,34176307","52,41601767",,,4065.0,7.0
213524,11,1,3400721.0,2021,6,13,2,3,2,2,0,0,1,0,0,0,0,0,"797716,728","5832896,218","13,39328164","52,5644887",,,3071.0,39.0
213523,11,9,9501939.0,2021,6,11,6,3,2,6,0,0,1,0,0,0,1,0,"810652,5549","5821072,908","13,57248928","52,45130826",,,3124.0,62.0
213522,11,7,7400721.0,2021,6,18,5,3,5,2,0,1,0,0,1,0,0,0,"797208,3892","5823085,974","13,37703862","52,47682876",,,1662.0,57.0
213521,11,7,7501030.0,2021,6,14,2,3,5,3,0,0,1,0,1,0,0,0,"797765,9232","5819760,572","13,3822569","52,44671642",,,2849.0,40.0
213520,11,6,6400737.0,2021,6,12,3,2,5,3,0,1,1,0,0,0,0,0,"784242,7139","5815863,812","13,18051041","52,41897553",,,3225.0,57.0
213519,11,1,1100310.0,2021,6,23,7,3,6,7,2,0,1,1,0,0,0,0,"798519,2382","5828098,227","13,40077449","52,52104215",,,4547.0,11.0
213518,11,1,1100206.0,2021,6,12,7,3,0,1,0,1,0,0,0,0,0,0,"798107,5212","5827876,886","13,39452601","52,51928335",,,6958.0,57.0
213517,11,2,2500726.0,2021,7,11,7,3,6,4,0,0,1,1,0,0,0,0,"802006,9919","5828946,174","13,45279326","52,52672189",,,5351.0,36.0
213516,11,3,3300413.0,2021,6,17,4,3,9,1,0,0,0,0,1,0,0,0,"802910,0881","5837579,015","13,47394637","52,60359465",,,5151.0,39.0
213515,11,2,2100102.0,2021,6,23,6,3,1,5,2,1,1,0,0,0,0,0,"798087,1618","5826490,629","13,39298511","52,50686844",,,5151.0,39.0
213514,11,10,10400940.0,2021,5,9,4,3,5,3,0,0,1,0,0,0,0,0,"811989,1927","5826852,055","13,5975008","52,50233583",,,5048.0,24.0
213513,11,1,1300836.0,2021,6,14,4,3,1,5,0,1,1,0,0,0,0,1,"796935,5628","5831408,683","13,38046017","52,55158132",,,4269.0,61.0
213512,11,9,9200510.0,2021,7,12,2,2,1,7,0,0,1,0,0,0,0,0,"806023,9627","5822295,882","13,50571254","52,46487978",,,4547.0,11.0
213511,11,6,6100205.0,2021,7,19,4,3,5,3,1,0,1,0,0,0,0,0,"796061,807","5819859,232","13,35734363","52,44852626",,,4264.0,38.0
213510,11,4,4500938.0,2021,6,13,4,2,0,1,0,1,0,0,0,0,0,0,"792304,5744","5825238,019","13,30693027","52,49876811",,,5553.0,28.0
213509,11,11,11501339.0,2021,5,13,7,3,5,3,0,1,1,0,0,0,0,0,"806810,1807","5824857,249","13,51960553","52,48739454",,,5269.0,57.0
213508,11,12,12100205.0,2021,6,11,5,3,9,1,0,1,0,0,0,0,0,0,"794246,7362","5835450,475","13,34450438","52,58927215",,,4231.0,65.0
213507,11,9,9401635.0,2021,6,15,4,3,5,2,0,1,1,0,0,0,0,0,"816644,8554","5817429,358","13,65692603","52,41522238",,,3555.0,16.0
213506,11,11,11200514.0,2021,6,17,4,3,5,2,0,1,1,0,0,0,0,0,"805028,6925","5830429,662","13,49855805","52,5383354",,,5754.0,53.0
213505,11,12,12200310.0,2021,6,13,7,3,5,2,0,1,1,0,0,0,0,0,"792080,1366","5832942,465","13,31040389","52,56795655",,,3729.0,56.0
213504,11,6,6100208.0,2021,6,8,4,3,6,3,0,0,1,1,0,0,0,0,"794767,7897","5820487,976","13,33891305","52,45486186",,,4857.0,54.0
213503,11,1,1300835.0,2021,6,16,3,3,5,3,0,1,1,0,0,0,0,0,"796971,373","5830138,873","13,37985141","52,54017943",,,1858.0,63.0
213502,11,6,6400841.0,2021,6,8,2,3,5,3,0,0,1,0,1,0,0,0,"789712,5508","5818427,581","13,26293992","52,43909267",,,6246.0,65.0
213501,11,4,4300622.0,2021,6,20,1,3,1,5,0,1,1,0,0,0,0,0,"793681,9095","5826206,469","13,32801588","52,50671034",,,5248.0,21.0
213500,11,4,4501045.0,2021,7,12,1,3,1,5,0,0,1,0,0,0,1,0,"794330,8376","5825263,844","13,33671626","52,49791055",,,5553.0,28.0
213499,11,10,10100103.0,2021,6,17,1,3,5,3,0,1,1,0,0,0,0,0,"809866,7994","5833923,537","13,57292606","52,56691648",,,4264.0,38.0
213498,11,8,8100314.0,2021,7,20,5,2,5,3,1,1,1,0,0,0,0,0,"801285,3405","5823825,085","13,43755412","52,48121991",,,4353.0,37.0
213497,11,3,3500934.0,2021,7,21,4,3,6,4,1,1,0,1,0,0,0,0,"800370,72","5831673,981","13,43121258","52,55207586",,,4965.0,61.0
213496,11,11,11100309.0,2021,7,8,4,3,2,6,0,0,1,0,0,0,0,1,"805190,5183","5833165,291","13,50345091","52,56276246",,,3451.0,50.0
213495,11,10,10100312.0,2021,6,13,5,3,9,6,0,0,1,0,0,0,0,0,"808496,0299","5829483,192","13,54864172","52,52790169",,,3574.0,63.0
213494,11,3,3601243.0,2021,6,13,5,2,5,2,0,1,0,0,0,0,1,0,"799673,444","5831253,871","13,42058021","52,54869434",,,4235.0,48.0
213493,11,1,1100205.0,2021,5,18,1,3,5,3,0,1,1,0,0,0,0,0,"797158,6735","5826452,631","13,37931132","52,50703435",,,4365.0,7.0
213492,11,2,2200207.0,2021,6,9,6,3,0,3,0,1,1,0,0,0,0,0,"797101,2089","5824720,984","13,3769224","52,49154327",,,7162.0,51.0
213491,11,6,6100102.0,2021,6,15,5,3,2,6,0,0,1,0,0,0,0,0,"793681,1313","5820597,027","13,32306314","52,45642441",,,2651.0,45.0
213490,11,9,9100407.0,2021,6,18,3,3,6,4,0,0,0,1,0,0,1,0,"805855,547","5819481,074","13,50066346","52,43974635",,,4837.0,50.0
213489,11,2,2200209.0,2021,6,10,6,2,3,6,0,0,1,0,1,0,0,0,"797736,1056","5824024,47","13,38562376","52,48495389",,,4754.0,20.0
213488,11,4,4300517.0,2021,6,15,2,3,5,3,0,0,1,0,1,0,0,0,"791913,6987","5828214,923","13,30379988","52,52566472",,,4760.0,20.0
213487,11,3,3300514.0,2021,5,19,5,3,5,3,0,1,1,0,0,0,0,1,"801614,7901","5836179,875","13,45360357","52,59177447",,,7237.0,52.0
213486,11,3,3601142.0,2021,6,17,4,3,3,6,0,1,0,0,0,0,0,0,"798581,6263","5830262,945","13,40363553","52,54041164",,,1062.0,61.0
213485,11,1,1100415.0,2021,5,21,1,3,0,1,1,1,0,0,0,0,0,0,"798289,3275","5829368,325","13,39853537","52,53255269",,,1556.0,46.0
213484,11,8,8200832.0,2021,6,11,2,3,2,6,0,0,1,0,0,0,0,0,"801389,8772","5817262,127","13,4331664","52,42233641",,,2947.0,18.0
213483,11,11,11100203.0,2021,7,7,2,2,5,2,0,0,1,0,1,0,0,0,"807655,433","5833603,323","13,54010619","52,56530093",,,457.0,54.0
213482,11,2,2200210.0,2021,6,17,5,3,3,6,0,1,1,0,0,0,0,0,"798491,247","5824759,411","13,39736962","52,4911294",,,4651.0,31.0
213481,11,7,7601442.0,2021,7,17,6,3,5,3,0,0,1,0,0,0,0,0,"798805,7292","5815847,476","13,39401481","52,41107282",,,2954.0,41.0
213480,11,1,1100206.0,2021,7,14,6,3,2,6,0,1,1,0,0,0,0,1,"797504,2745","5827546,081","13,38536581","52,51664751",,,7559.0,63.0
213479,11,2,2400623.0,2021,6,7,5,3,1,5,0,0,1,0,0,0,0,0,"800694,9532","5827712,415","13,43239626","52,51638864",,,7860.0,60.0
213478,11,3,3701554.0,2021,6,20,2,3,3,6,0,0,1,0,1,0,0,0,"799209,2779","5829255,745","13,41195586","52,53103937",,,659.0,65.0
213477,11,5,5200629.0,2021,5,13,2,3,5,2,0,1,1,0,0,0,0,0,"783859,3498","5828695,659","13,18581116","52,53422854",,,3150.0,36.0
213476,11,7,7601546.0,2021,6,15,6,3,6,7,0,1,0,1,0,0,0,0,"799203,1635","5812420,969","13,39678094","52,38014105",,,3750.0,33.0
213475,11,9,9501736.0,2021,6,13,6,2,0,7,0,1,0,0,0,0,0,0,"813668,2383","5820769,669","13,61643664","52,44686905",,,4664.0,42.0
213474,11,12,12500825.0,2021,7,11,6,2,5,3,0,0,1,0,1,0,0,0,"792347,8706","5835049,568","13,31620097","52,58670209",,,3148.0,24.0
213473,11,5,5100314.0,2021,6,5,4,3,0,7,0,0,0,0,1,0,0,0,"785262,8084","5829819,612","13,20741115","52,543573",,,3856.0,49.0
213472,11,5,5300736.0,2021,6,13,6,3,5,7,0,1,1,0,0,0,0,0,"785711,7396","5829289,678","13,21355735","52,53858648",,,4646.0,50.0
213471,11,2,2500727.0,2021,6,12,2,3,1,5,0,1,1,0,0,0,0,0,"802623,0227","5827855,929","13,46085422","52,51660855",,,4952.0,44.0
213470,11,4,4501042.0,2021,5,5,6,3,0,2,0,0,0,0,0,0,1,0,"793967,6878","5826143,512","13,33215875","52,50599205",,,2852.0,40.0
213469,11,7,7501133.0,2021,6,14,4,3,0,7,0,0,1,0,1,0,0,0,"797939,9452","5818020,154","13,38325844","52,43102058",,,4446.0,12.0
213468,11,1,1200628.0,2021,7,11,1,3,6,7,0,0,1,1,0,0,0,0,"796294,566","5828296,474","13,36825892","52,52403261",,,3148.0,24.0
213467,11,7,7200308.0,2021,5,15,3,3,5,3,0,1,1,0,0,0,0,0,"794823,9411","5823579,788","13,34246907","52,48254788",,,4453.0,15.0
213466,11,1,1100102.0,2021,6,20,3,3,2,2,1,1,0,0,0,0,0,0,"795136,996","5827076,076","13,35016375","52,51372051",,,4848.0,3.0
213465,11,5,5100313.0,2021,7,15,2,3,2,6,0,0,1,0,0,0,1,0,"785380,524","5830642,059","13,20984904","52,55088529",,,3169.0,61.0
213464,11,3,3300413.0,2021,7,7,3,3,5,3,0,1,1,0,0,0,0,0,"803485,5723","5838540,317","13,48329949","52,6118894",,,5754.0,53.0
213463,11,1,1100310.0,2021,7,17,7,3,2,6,0,1,1,0,0,0,0,0,"799124,8789","5828465,585","13,41000453","52,52400309",,,3744.0,45.0
213462,11,1,1100207.0,2021,6,15,3,2,5,3,0,1,1,0,0,0,0,0,"797897,1001","5826570,037","13,39026412","52,50768405",,,6629.0,41.0
213461,11,6,6400735.0,2021,6,8,6,2,5,2,0,1,1,0,0,0,0,0,"781105,7205","5812640,03","13,13179774","52,39168848",,,4261.0,37.0
213460,11,6,6100204.0,2021,6,11,4,2,0,5,0,1,1,0,0,0,0,0,"795392,7249","5820057,343","13,34770231","52,45066413",,,5241.0,60.0
213459,11,1,1300733.0,2021,7,0,6,3,5,2,2,0,1,0,0,0,0,1,"797356,4809","5831199,002","13,38646211","52,54947218",,,7132.0,48.0
213458,11,4,4100102.0,2021,7,15,6,3,2,6,0,0,1,0,0,0,0,0,"791214,6214","5829143,609","13,29433812","52,53436415",,,2057.0,59.0
213457,11,1,1100309.0,2021,6,12,5,3,0,5,0,1,1,0,0,0,0,0,"798628,3236","5828830,764","13,40303526","52,52754859",,,2759.0,59.0
213456,11,4,4500939.0,2021,6,2,5,2,9,1,2,0,0,0,1,0,0,0,"792428,5844","5824110,018","13,30776176","52,48858939",,,3446.0,47.0
213455,11,2,2400623.0,2021,6,17,2,3,1,5,0,1,1,0,0,0,0,0,"800606,2012","5827130,678","13,43056676","52,51122329",,,7123.0,63.0
213454,11,1,1200520.0,2021,5,13,2,3,2,7,0,0,1,0,1,0,0,0,"794549,3136","5828933,183","13,34317334","52,53068591",,,5659.0,55.0
213453,11,8,8401242.0,2021,6,17,6,3,5,3,0,0,1,0,0,0,0,0,"805267,1383","5817251,942","13,48999914","52,42009612",,,3442.0,43.0
213452,11,7,7400823.0,2021,6,16,6,2,0,2,0,0,1,0,1,0,0,0,"797356,965","5822008,998","13,37825977","52,4670939",,,7134.0,43.0
213451,11,3,3701660.0,2021,6,7,4,3,5,3,0,1,1,0,0,0,0,0,"800509,1509","5829712,318","13,43147359","52,5344167",,,3371.0,40.0
213450,11,10,10200629.0,2021,5,7,6,3,5,3,0,1,1,0,0,0,0,0,"810356,0852","5827951,529","13,57454373","52,51312005",,,4265.0,5.0
213449,11,1,1100311.0,2021,6,18,4,3,5,2,0,1,1,0,0,0,0,0,"799607,8496","5827989,668","13,41667332","52,51947206",,,1959.0,49.0
213448,11,5,5100313.0,2021,7,13,1,3,2,6,0,0,1,0,0,0,0,0,"785418,0635","5830400,616","13,21019364","52,54870089",,,1263.0,61.0
213447,11,5,5200528.0,2021,5,19,3,2,5,2,0,0,1,0,0,0,0,0,"783793,9409","5826303,025","13,18280761","52,51280983",,,2362.0,54.0
213446,11,4,4400835.0,2021,6,12,3,3,1,5,0,1,0,0,0,0,1,0,"793047,4241","5822299,206","13,31525824","52,47202416",,,4456.0,28.0
213445,11,11,11100205.0,2021,7,14,3,3,5,3,0,1,1,0,0,0,0,0,"805772,7795","5834046,032","13,5128257","52,57032917",,,4261.0,37.0
213444,11,8,8100417.0,2021,7,13,6,3,5,3,0,0,1,0,0,0,0,1,"802048,7696","5822746,056","13,44778447","52,47112672",,,2947.0,18.0
213443,11,12,12400721.0,2021,6,16,2,3,5,3,0,1,1,0,0,0,0,0,"790285,0469","5840139,228","13,29030402","52,63343475",,,4416.0,63.0
213442,11,11,11100308.0,2021,6,18,6,3,0,6,0,0,0,0,1,0,1,0,"804522,4819","5833372,471","13,49381638","52,56499332",,,3677.0,61.0
213441,11,3,3601244.0,2021,6,10,3,3,5,2,0,0,1,0,0,0,0,0,"800104,2265","5831694,818","13,42731274","52,55240952",,,5062.0,44.0
213440,11,5,5100316.0,2021,6,13,3,3,0,3,0,0,1,0,1,0,0,0,"784796,5899","5828787,655","13,19967032","52,53456443",,,3538.0,44.0
213439,11,8,8100418.0,2021,6,10,7,2,5,3,0,0,1,0,0,0,0,0,"801661,237","5823962,764","13,4431971","52,48224644",,,3849.0,22.0
213438,11,8,8100313.0,2021,6,19,7,3,0,1,0,1,0,0,0,0,1,0,"801842,5642","5824433,672","13,44628555","52,48636705",,,6543.0,63.0
213437,11,2,2400521.0,2021,7,10,7,3,5,3,0,1,0,0,0,0,0,0,"800906,6774","5828049,569","13,43581197","52,51929385",,,7232.0,31.0
213436,11,6,4400835.0,2021,6,16,6,3,5,3,0,1,1,0,0,0,0,0,"792762,237","5821724,11","13,31056699","52,46702147",,,4422.0,65.0
213435,11,6,6400841.0,2021,6,12,2,3,2,6,0,0,1,0,0,0,0,0,"789711,4972","5818424,957","13,26292219","52,43906971",,,2634.0,40.0
213434,11,11,11200515.0,2021,5,14,4,3,5,3,0,1,1,0,0,0,0,0,"806015,1108","5830619,868","13,51323192","52,53948708",,,1658.0,8.0
213433,11,4,4300623.0,2021,6,12,4,3,5,2,0,1,1,0,0,0,0,1,"792534,705","5826113,583","13,3110799","52,50649399",,,4970.0,56.0
213432,11,1,1200624.0,2021,7,6,2,3,5,2,0,0,1,0,0,1,0,0,"795666,1742","5829736,196","13,36030423","52,53727956",,,4230.0,54.0
213431,11,1,1300732.0,2021,7,11,4,2,6,2,0,0,1,1,0,0,0,1,"797707,0645","5832885,547","13,39312992","52,56439834",,,1465.0,57.0
213430,11,2,2400623.0,2021,6,12,4,3,5,3,0,1,0,0,0,0,1,0,"800611,6146","5827117,893","13,43063474","52,51110572",,,4964.0,49.0
213429,11,11,11200513.0,2021,5,15,7,3,1,5,0,1,1,0,0,0,0,0,"804760,5465","5831081,46","13,49521456","52,54432712",,,6630.0,65.0
213428,11,8,8100105.0,2021,6,16,5,3,4,6,0,0,1,0,0,0,1,0,"800490,29","5821803,456","13,42406092","52,46353729",,,4761.0,38.0
213427,11,7,7100205.0,2021,6,8,4,3,5,3,0,1,0,0,0,0,1,0,"796014,7606","5824976,449","13,36119418","52,49442354",,,5064.0,24.0
213426,11,8,8200831.0,2021,6,10,3,3,5,7,0,0,1,0,0,0,1,0,"800018,1937","5817056,753","13,41287115","52,42124926",,,5927.0,61.0
213425,11,9,9200510.0,2021,6,15,7,3,5,2,0,1,1,0,0,0,0,0,"806092,1043","5823415,922","13,50774","52,47487986",,,5149.0,46.0
213424,11,5,5300841.0,2021,6,6,3,2,3,6,0,0,1,0,1,0,0,0,"789527,2606","5829288,078","13,26965696","52,53655834",,,4237.0,59.0
213423,11,10,10200420.0,2021,6,14,4,2,6,4,0,0,1,1,0,0,0,0,"811155,3681","5830750,82","13,588903","52,53775007",,,3855.0,43.0
213422,11,3,3400828.0,2021,6,13,2,3,5,3,0,1,0,0,0,0,0,0,"800065,4693","5832610,364","13,42757047","52,56063715",,,5038.0,31.0
213421,11,1,1100207.0,2021,6,18,1,3,5,3,0,0,1,0,0,0,0,0,"797892,6009","5826671,194","13,39028855","52,50859326",,,7164.0,58.0
213420,11,11,11400927.0,2021,7,1,1,2,0,1,2,1,0,0,0,0,0,0,"803862,5353","5826809,165","13,47810921","52,50653756",,,4647.0,52.0
213419,11,6,6400841.0,2021,6,14,7,3,1,5,0,0,1,0,0,0,0,0,"789463,7293","5818435,327","13,25929636","52,43929388",,,5555.0,53.0
213418,11,8,8300935.0,2021,7,17,5,3,2,6,0,0,1,0,0,0,0,1,"803152,7489","5817381,097","13,45911941","52,42242904",,,3923.0,60.0
213417,11,2,2200209.0,2021,7,17,5,3,3,6,0,1,0,0,0,0,0,0,"797149,7765","5823997,444","13,3769905","52,48503105",,,6151.0,48.0
213416,11,8,8100312.0,2021,6,10,5,3,2,6,0,0,1,0,0,0,0,0,"801101,7952","5824131,865","13,4351366","52,4840709",,,1353.0,41.0
213415,11,2,2400521.0,2021,6,7,2,3,0,1,0,1,0,0,0,0,1,0,"800930,2089","5828517,694","13,43658125","52,52347676",,,4752.0,45.0
213414,11,3,3200310.0,2021,5,18,1,2,5,2,0,0,1,0,1,0,0,0,"799646,4324","5837827,091","13,42612443","52,60762676",,,5051.0,33.0
213413,11,8,8100314.0,2021,6,12,6,3,1,5,0,1,1,0,0,0,0,0,"800666,1062","5824338,381","13,42892616","52,48616205",,,6568.0,65.0
213412,11,8,8401241.0,2021,6,17,4,3,2,6,0,1,1,0,0,0,0,0,"803810,7813","5818820,413","13,47007405","52,43496462",,,5357.0,55.0
213411,11,3,3100103.0,2021,6,9,3,3,6,2,0,0,1,1,0,0,0,0,"804233,9505","5841124,908","13,49669624","52,63463496",,,6447.0,54.0
213410,11,5,5100105.0,2021,6,20,2,3,5,3,0,0,1,0,0,0,0,0,"785095,1565","5831659,059","13,20652522","52,56015303",,,6350.0,50.0
213409,11,9,9501737.0,2021,6,20,2,3,5,3,0,1,0,0,0,0,0,0,"815026,707","5821287,114","13,63684702","52,45072482",,,2560.0,61.0