OBJECTID,LAND,BEZ,LOR_ab_2021,UJAHR,UMONAT,USTUNDE,UWOCHENTAG,UKATEGORIE,UART,UTYP1,ULICHTVERH,IstRad,IstPKW,IstFuss,IstKrad,IstGkfz,IstSonstige,USTRZUSTAND,LINREFX,LINREFY,XGCSWGS84,YGCSWGS84,LOR,STRASSE,quadrant,quadrant_rank
213064,11,4,4300416.0,2021,6,13,6,3,5,3,0,0,1,0,0,0,0,0,"791753,3942","5826431,149","13,29987935","52,5097593",,,6359.0,27.0
213063,11,9,9401534.0,2021,6,12,5,3,5,3,0,1,0,0,0,0,0,0,"811052,9469","5820289,282","13,57763263","52,44405808",,,4348.0,45.0
213062,11,12,12400618.0,2021,6,10,3,3,2,6,0,0,1,0,1,0,0,0,"786193,0182","5839017,889","13,22903487","52,62555333",,,5754.0,53.0
213061,11,3,3601245.0,2021,6,8,2,3,1,5,0,1,1,0,0,0,0,0,"800418,6451","5830809,537","13,43113532","52,54430124",,,5255.0,60.0
213060,11,7,7400927.0,2021,5,15,5,3,5,3,0,0,1,0,0,0,1,1,"799075,7331","5821704,927","13,40321333","52,46343017",,,5742.0,57.0
213059,11,5,5100313.0,2021,6,18,4,3,1,1,0,0,1,0,1,0,0,0,"785936,1765","5830336,36","13,2177585","52,54785307",,,3162.0,49.0
213058,11,1,1200629.0,2021,5,16,2,3,5,3,0,1,0,0,1,0,0,0,"794884,3088","5827786,348","13,34708046","52,52022426",,,3549.0,24.0
213057,11,7,7100102.0,2021,6,22,2,3,1,7,2,0,1,0,0,0,0,0,"794971,3457","5825319,297","13,34617324","52,49806183",,,6830.0,43.0
213056,11,2,2500835.0,2021,7,20,2,2,6,4,0,0,1,1,0,0,0,0,"802037,9221","5826154,11","13,45071356","52,50167943",,,4656.0,41.0
213055,11,9,9401534.0,2021,7,6,6,3,6,4,0,0,0,1,0,0,1,1,"810902,375","5820324,3","13,57545698","52,44445752",,,5048.0,24.0
213054,11,10,10100312.0,2021,7,22,6,3,5,2,2,0,1,0,0,0,0,1,"807673,9717","5830165,939","13,53719405","52,53448497",,,4548.0,24.0
213053,11,10,10200422.0,2021,6,9,6,2,0,7,0,0,1,0,0,0,1,0,"812744,7526","5830926,223","13,6124259","52,53841215",,,4759.0,53.0
213052,11,4,4300622.0,2021,6,17,5,3,6,4,0,0,1,1,0,0,0,0,"793319,633","5826693,569","13,32312275","52,51127188",,,4364.0,39.0
213051,11,3,3500936.0,2021,6,14,2,3,6,4,0,1,0,1,0,0,0,0,"802223,095","5831555,852","13,45834253","52,54999247",,,3151.0,40.0
213050,11,5,5100316.0,2021,5,18,2,3,0,2,0,0,1,0,0,0,1,0,"784833,4591","5829015,591","13,20040778","52,53658882",,,6061.0,59.0
213049,11,6,6100208.0,2021,6,12,6,3,1,5,0,0,1,0,0,0,1,0,"794168,0137","5820501,707","13,33012399","52,45530807",,,4453.0,15.0
213048,11,2,2400522.0,2021,6,15,6,3,2,6,0,0,1,0,0,0,0,0,"802115,7183","5827735,367","13,45329133","52,51580921",,,3948.0,43.0
213047,11,3,3400828.0,2021,7,19,6,3,5,3,0,1,1,0,0,0,0,0,"800116,3336","5831764,218","13,42755351","52,5530249",,,3951.0,58.0
213046,11,7,7601544.0,2021,6,8,4,3,5,2,0,0,1,0,0,0,0,0,"799790,8225","5813977,059","13,40678035","52,39376836",,,3088.0,63.0
213045,11,1,1401043.0,2021,6,14,6,3,5,3,0,0,1,0,1,0,0,0,"795778,9563","5831021,471","13,36310662","52,54873964",,,2363.0,61.0
213044,11,6,6300629.0,2021,5,14,1,2,5,3,0,1,1,0,0,0,0,0,"791772,4937","5819267,85","13,2938923","52,4455306",,,3154.0,20.0
213043,11,7,7501031.0,2021,6,8,6,3,6,4,0,0,1,1,0,0,0,0,"798415,4418","5819665,683","13,39170073","52,44551173",,,7361.0,65.0
213042,11,12,12200412.0,2021,6,18,5,3,6,4,0,0,1,1,0,0,0,1,"790040,8903","5833682,728","13,28104859","52,57568335",,,5740.0,54.0
213041,11,1,1300836.0,2021,6,9,3,3,5,2,0,0,1,0,0,0,0,0,"796796,261","5829974,663","13,3771303","52,53880287",,,3444.0,24.0
213040,11,8,8200624.0,2021,6,17,2,3,0,1,0,1,0,0,0,0,0,0,"801314,0397","5820411,147","13,43489293","52,45060398",,,5342.0,38.0
213039,11,6,6200313.0,2021,6,19,2,3,1,5,0,1,1,0,0,0,0,0,"795301,3773","5818050,705","13,34458881","52,43272515",,,5755.0,49.0
213038,11,1,1200628.0,2021,5,18,5,3,0,1,0,0,0,0,1,0,0,1,"795990,315","5828358,092","13,36384235","52,52475021",,,5226.0,63.0
213037,11,5,5300736.0,2021,6,15,4,3,5,2,0,1,1,0,0,0,0,0,"786160,1554","5829142,033","13,22002376","52,53702745",,,3736.0,61.0
213036,11,11,11100206.0,2021,5,18,1,2,2,6,0,0,1,1,1,0,0,1,"805139,9634","5834436,315","13,50387663","52,5741821",,,4862.0,43.0
213035,11,11,11300722.0,2021,6,16,2,3,2,6,0,0,1,0,0,0,1,0,"803522,1385","5828621,695","13,47476259","52,52297228",,,2362.0,54.0
213034,11,7,7501133.0,2021,7,11,2,2,5,3,0,0,1,0,0,0,0,1,"798376,9328","5818418,132","13,39002203","52,43434986",,,457.0,54.0
213033,11,10,10400835.0,2021,7,8,6,3,5,3,0,0,1,0,0,0,0,0,"811784,1279","5828726,825","13,59624564","52,51925332",,,3557.0,60.0
213032,11,1,1300732.0,2021,7,8,6,3,5,2,0,1,1,0,0,0,0,1,"797336,7754","5832357,128","13,38720966","52,55986408",,,3748.0,42.0
213031,11,1,1400937.0,2021,6,18,5,3,0,1,0,1,0,0,0,0,0,0,"793343,705","5830146,811","13,32652295","52,54221562",,,4151.0,37.0
213030,11,12,12601031.0,2021,6,10,2,3,2,6,0,0,1,0,0,0,0,0,"793153,9396","5836803,227","13,32961709","52,60198878",,,3427.0,58.0
213029,11,5,5100314.0,2021,5,14,2,3,5,3,0,1,0,0,1,0,0,0,"784841,8629","5830345,947","13,2016721","52,54851234",,,5051.0,33.0
213028,11,10,10200524.0,2021,6,19,6,3,0,1,0,0,0,0,0,0,1,0,"812381,2806","5830464,702","13,60665038","52,53448488",,,3558.0,50.0
213027,11,12,12400722.0,2021,6,13,6,3,5,7,0,0,1,0,1,0,0,0,"790542,4269","5837224,853","13,29153573","52,60717042",,,3838.0,59.0
213026,11,9,9100304.0,2021,7,19,6,3,2,7,0,0,1,0,0,0,0,0,"805241,991","5821798,849","13,49378322","52,46086246",,,3032.0,48.0
213025,11,6,6400737.0,2021,6,18,3,3,1,6,0,1,1,0,0,0,1,0,"786058,6451","5817847,884","13,20883736","52,43581864",,,3749.0,17.0
213024,11,6,6300528.0,2021,6,7,6,3,2,6,0,0,1,0,0,0,0,1,"790605,7268","5815210,514","13,27324795","52,40977689",,,4446.0,12.0
213023,11,1,1200518.0,2021,5,13,6,3,0,5,0,1,1,0,0,0,0,0,"793504,4939","5828516,808","13,32744758","52,5275169",,,4854.0,36.0
213022,11,4,4501040.0,2021,6,12,4,3,2,6,0,0,1,0,0,0,0,0,"792720,4146","5825927,384","13,31364456","52,50472516",,,4655.0,41.0
213021,11,8,8401241.0,2021,7,10,1,3,0,1,0,0,0,0,1,0,0,0,"804761,5148","5817842,267","13,48312469","52,42566887",,,2854.0,17.0
213020,11,8,8200833.0,2021,5,6,3,3,5,3,0,0,1,0,0,0,1,1,"801915,05","5816767,086","13,44041937","52,41760973",,,1058.0,58.0
213019,11,1,1100206.0,2021,6,13,3,3,5,3,0,0,1,0,0,0,1,0,"798164,6308","5827653,054","13,39516458","52,51724576",,,3428.0,60.0
213018,11,10,10300734.0,2021,7,16,2,3,6,4,0,0,1,1,0,0,0,0,"809709,2937","5826232,177","13,56344378","52,49807944",,,3331.0,61.0
213017,11,4,4300619.0,2021,7,15,3,3,5,2,0,1,1,0,0,0,0,0,"792748,4388","5827036,13","13,31503146","52,51464968",,,4972.0,65.0
213016,11,8,8100314.0,2021,5,11,6,3,1,5,0,0,1,0,0,0,0,0,"801240,2463","5823875,131","13,43693732","52,48169336",,,2722.0,60.0
213015,11,2,2200213.0,2021,6,8,5,3,6,7,0,0,0,1,0,0,1,0,"800308,9882","5824556,593","13,42387934","52,48831452",,,6831.0,61.0
213014,11,7,7601544.0,2021,7,19,7,3,5,2,0,0,1,0,1,0,0,0,"799791,0486","5813977,081","13,40678369","52,39376843",,,5227.0,61.0
213013,11,3,3400723.0,2021,6,15,2,3,2,2,0,0,0,0,1,0,0,0,"799212,4265","5833859,963","13,4161513","52,57230719",,,6053.0,51.0
213012,11,7,7400823.0,2021,6,16,6,2,5,2,0,1,1,0,0,0,0,0,"797235,626","5820709,561","13,37532173","52,45551174",,,3559.0,22.0
213011,11,10,10300734.0,2021,6,11,3,2,5,3,0,1,1,0,0,0,0,0,"809586,9703","5823957,692","13,55953489","52,47776554",,,4051.0,54.0
213010,11,8,8100314.0,2021,6,14,3,3,6,4,0,0,0,1,1,0,0,0,"801107,1751","5823813,181","13,43492776","52,48121148",,,3962.0,49.0
213009,11,7,7501029.0,2021,6,16,2,3,5,2,0,1,1,0,0,0,0,0,"797336,8725","5818662,131","13,37498516","52,43710343",,,5039.0,34.0
213008,11,3,3300413.0,2021,6,9,6,3,5,3,0,0,1,0,1,0,0,0,"802957,6852","5837664,312","13,47472511","52,60433261",,,3344.0,61.0
213007,11,8,8401241.0,2021,7,6,7,3,4,6,0,0,1,0,0,0,0,0,"803827,5347","5818841,493","13,47033889","52,43514426",,,5049.0,52.0
213006,11,4,4400835.0,2021,6,17,7,3,1,5,0,1,1,0,0,0,0,0,"793264,6381","5822278,518","13,31842877","52,47172213",,,6241.0,63.0
213005,11,11,11400929.0,2021,5,8,3,3,9,1,0,0,0,0,1,0,0,0,"804769,213","5826290,663","13,49095205","52,50138474",,,4942.0,18.0
213004,11,12,12500928.0,2021,6,13,4,3,2,6,0,0,1,0,0,0,0,1,"791445,5022","5836596,791","13,30428095","52,60105664",,,6345.0,61.0
213003,11,12,12400619.0,2021,7,8,3,3,2,6,0,1,1,0,0,0,0,0,"789439,6299","5836227,366","13,27442376","52,59881627",,,5180.0,64.0
213002,11,11,11200514.0,2021,7,4,4,3,5,3,1,0,1,0,1,0,0,1,"804989,5706","5830169,605","13,49774434","52,53602655",,,4838.0,65.0
213001,11,8,8100206.0,2021,6,23,4,3,1,5,2,1,1,0,0,0,0,0,"800643,3907","5823781,112","13,42809006","52,48117957",,,1951.0,64.0
213000,11,5,5100208.0,2021,6,17,2,3,5,3,0,0,1,0,1,0,0,0,"781334,982","5830749,736","13,15043308","52,55395548",,,5476.0,61.0
212999,11,11,11300721.0,2021,5,17,6,3,5,3,0,0,1,0,0,0,0,0,"804596,2041","5829930,447","13,49174349","52,53410308",,,5154.0,55.0
212998,11,7,7300517.0,2021,6,13,5,3,2,6,0,1,1,0,0,0,0,0,"794538,3966","5822539,907","13,33735788","52,47338002",,,2659.0,45.0
212997,11,9,9200715.0,2021,6,17,5,3,5,3,0,1,1,0,0,0,0,0,"809383,4399","5818466,091","13,55146034","52,42866594",,,7936.0,55.0
212996,11,12,12100101.0,2021,6,8,3,3,0,2,0,1,1,0,0,0,0,0,"796676,4016","5832784,407","13,3778788","52,56405434",,,5356.0,13.0
212995,11,8,8100209.0,2021,6,14,1,3,5,2,0,1,1,0,0,0,0,0,"801250,4374","5822221,538","13,43559345","52,46686614",,,4033.0,40.0
212994,11,4,4501041.0,2021,6,18,3,3,5,2,0,1,1,0,0,0,0,0,"792949,8228","5825354,467","13,31651076","52,49946602",,,2748.0,55.0
212993,11,6,6100205.0,2021,6,15,4,3,2,6,0,0,1,0,0,0,0,0,"796211,5984","5819783,826","13,35947442","52,44776917",,,4569.0,47.0
212992,11,12,12400721.0,2021,6,9,2,3,5,3,0,0,1,0,0,0,0,0,"790129,6312","5842628,8","13,29020148","52,65583623",,,7132.0,48.0
212991,11,3,3100102.0,2021,7,1,1,3,5,2,2,0,1,0,1,0,0,0,"804858,8222","5841490,595","13,50623847","52,63756191",,,5263.0,52.0
212990,11,6,6400737.0,2021,6,10,1,3,5,2,0,0,0,0,1,0,0,0,"784858,455","5817527,803","13,19095739","52,43357514",,,3265.0,59.0
212989,11,2,2400625.0,2021,7,19,5,2,3,6,1,1,0,0,0,0,0,1,"801703,5573","5826155,251","13,44580365","52,50187462",,,2754.0,42.0
212988,11,1,1300835.0,2021,7,13,5,3,5,2,0,1,1,0,0,0,0,0,"797763,5978","5829744,365","13,39114469","52,53621086",,,3657.0,63.0
212987,11,1,1401044.0,2021,6,7,5,3,2,6,0,0,1,0,1,0,0,0,"796674,186","5831621,862","13,37680701","52,55363466",,,4055.0,49.0
212986,11,1,1400938.0,2021,5,6,2,3,1,5,0,0,0,0,0,1,1,0,"793910,3526","5830820,231","13,33545034","52,54794704",,,4865.0,35.0
212985,11,12,12100205.0,2021,6,20,5,3,0,7,0,0,1,0,0,0,0,0,"794903,0486","5833076,411","13,35205237","52,56763535",,,6241.0,63.0
212984,11,1,1100205.0,2021,6,18,6,3,3,6,0,1,1,0,1,0,0,0,"797256,9974","5826908,053","13,38116246","52,51106314",,,2530.0,60.0
212983,11,3,3601450.0,2021,6,11,2,3,0,3,0,0,1,0,0,0,0,0,"802322,661","5829209,437","13,45767156","52,52890654",,,4855.0,25.0
212982,11,8,8100520.0,2021,6,8,2,3,5,3,0,1,0,0,0,0,0,0,"802763,605","5822963,283","13,45847328","52,47267801",,,3156.0,56.0
212981,11,10,10300733.0,2021,5,14,5,3,5,2,0,0,1,0,0,0,0,1,"808915,3507","5827229,345","13,55271056","52,50746582",,,3545.0,51.0
212980,11,9,9100304.0,2021,6,17,4,3,5,2,0,0,1,0,0,0,0,0,"804384,4715","5821738,559","13,48114581","52,46080039",,,6828.0,55.0
212979,11,1,1100103.0,2021,5,18,2,3,1,5,0,0,0,0,1,0,1,0,"795243,3976","5826043,48","13,35081122","52,50440649",,,4347.0,52.0
212978,11,7,7400823.0,2021,6,7,2,3,5,2,0,0,1,0,0,0,0,0,"797351,6483","5821926,578","13,37810829","52,46635798",,,5657.0,53.0
212977,11,4,4200203.0,2021,7,11,2,3,9,1,0,0,0,0,0,0,1,1,"787910,6465","5827807,497","13,24460577","52,52414072",,,6827.0,50.0
212976,11,1,1100309.0,2021,7,21,5,3,2,6,1,0,1,0,0,0,0,0,"798802,8509","5829063,528","13,40580945","52,52953936",,,5452.0,39.0
212975,11,1,1100308.0,2021,6,9,6,3,5,3,0,0,1,0,0,0,0,0,"796929,8362","5828125,256","13,37744215","52,52215224",,,6056.0,54.0
212974,11,1,1100103.0,2021,6,15,5,3,5,2,0,0,1,0,0,0,0,0,"795188,6245","5825887,483","13,3498683","52,50303773",,,5244.0,47.0
212973,11,6,6300632.0,2021,6,17,2,2,5,3,0,0,1,0,0,0,1,0,"792510,9529","5817481,706","13,30316357","52,42912341",,,6122.0,64.0
212972,11,8,8100102.0,2021,5,9,2,3,2,6,0,1,1,0,0,0,0,0,"800472,1444","5823604,288","13,42541665","52,47968887",,,4357.0,21.0
212971,11,4,4200308.0,2021,6,13,6,3,5,2,0,0,1,0,0,0,0,0,"790318,0459","5827616,614","13,27982376","52,52115289",,,3756.0,4.0
212970,11,8,8100314.0,2021,6,15,7,3,6,4,0,0,1,1,0,0,0,0,"801000,9443","5823919,097","13,43346382","52,4822194",,,4161.0,54.0
212969,11,2,2100101.0,2021,7,15,6,3,2,6,0,0,1,0,0,0,1,0,"797786,6493","5825696,585","13,38786036","52,49991489",,,5165.0,60.0
212968,11,8,8100419.0,2021,6,14,3,3,5,3,0,1,1,0,0,0,0,0,"802397,2854","5824036,202","13,4540695","52,48249756",,,5752.0,11.0
212967,11,2,2300418.0,2021,6,19,6,3,1,5,0,1,1,0,0,0,0,0,"801173,7947","5825150,465","13,4371142","52,49316115",,,4617.0,61.0
212966,11,1,1100206.0,2021,5,8,6,3,5,3,0,1,1,0,0,0,0,0,"797754,8126","5827447,02","13,38895845","52,51562282",,,5078.0,61.0
212965,11,12,12200413.0,2021,6,16,4,3,5,3,0,0,1,0,0,0,0,0,"790214,2363","5834031,251","13,28390453","52,57871543",,,3848.0,36.0
212964,11,5,5200526.0,2021,7,20,7,3,2,6,0,0,1,0,0,0,1,0,"782337,6532","5827044,158","13,1620342","52,52021096",,,6053.0,51.0
212963,11,1,1401045.0,2021,5,17,3,3,2,6,0,0,1,0,0,0,0,1,"796732,1634","5831949,259","13,37795228","52,55653782",,,3549.0,24.0
212962,11,5,5100105.0,2021,6,14,3,3,2,6,0,0,1,0,0,0,0,0,"784867,5736","5831121,941","13,20271608","52,55545639",,,3337.0,58.0
212961,11,9,9200614.0,2021,7,8,2,3,0,1,0,1,0,0,0,0,0,1,"808407,4546","5820880,14","13,53937873","52,45085182",,,4238.0,48.0
212960,11,3,3500934.0,2021,7,12,3,3,0,6,0,1,0,0,0,0,1,0,"800990,7288","5831901,14","13,44053536","52,55376966",,,3444.0,24.0
212959,11,8,8401243.0,2021,5,10,7,3,6,7,0,0,0,1,0,0,1,0,"805559,8085","5817389,911","13,49441548","52,42116937",,,3240.0,65.0
212958,11,11,11400929.0,2021,6,9,5,2,5,2,0,0,1,0,0,0,1,0,"805139,8571","5826178,161","13,49629237","52,50016932",,,4942.0,18.0
212957,11,7,7400927.0,2021,6,14,4,3,5,2,0,0,1,0,1,0,0,1,"798352,4972","5822043,579","13,39290211","52,46686116",,,3854.0,65.0
212956,11,4,4300416.0,2021,7,9,7,3,0,3,0,0,1,0,1,0,0,1,"791914,1637","5826220,504","13,30205679","52,5077849",,,5925.0,47.0
212955,11,8,8401241.0,2021,6,16,2,3,5,3,0,0,1,0,1,0,0,0,"804749,4323","5818461,178","13,48351149","52,43122275",,,3961.0,48.0
212954,11,3,3400619.0,2021,6,14,6,3,5,2,0,1,1,0,0,0,0,0,"796025,6948","5835716,358","13,37092513","52,59069029",,,4837.0,50.0
212953,11,5,5100208.0,2021,6,19,3,3,2,6,0,0,1,0,0,0,0,0,"781396,6392","5830734,401","13,15132709","52,55378613",,,4065.0,7.0
212952,11,4,4100102.0,2021,6,18,3,3,5,3,0,1,1,0,0,0,0,0,"791396,2414","5829721,681","13,29751507","52,5394494",,,4156.0,34.0
212951,11,1,1401046.0,2021,6,17,7,3,0,7,0,1,0,0,0,0,0,0,"794723,3701","5830007,721","13,34668473","52,54022427",,,3271.0,61.0
212950,11,8,8200624.0,2021,6,17,2,3,2,6,0,0,1,0,0,0,0,0,"800577,9592","5820561,203","13,42422908","52,45235421",,,4668.0,57.0
212949,11,10,10100312.0,2021,7,12,7,2,5,7,0,0,1,0,1,0,0,0,"807735,8933","5830169,446","13,53810733","52,53448144",,,4755.0,4.0
212948,11,7,7601544.0,2021,6,14,7,3,3,6,0,0,1,0,1,0,0,0,"798723,2905","5814462,197","13,39157077","52,39870029",,,4664.0,42.0
212947,11,7,7400823.0,2021,5,19,4,2,0,6,0,0,1,0,1,0,0,0,"797336,0235","5821823,394","13,37778703","52,46544155",,,3435.0,54.0
212946,11,12,12601235.0,2021,6,17,4,3,1,5,1,0,1,1,0,0,1,1,"795496,0906","5836396,988","13,36373728","52,59707942",,,2947.0,18.0
212945,11,8,8100206.0,2021,7,22,3,3,2,7,2,0,1,0,1,0,0,0,"800345,7277","5824272,533","13,42416282","52,48574816",,,6263.0,48.0
212944,11,3,3500935.0,2021,7,20,4,3,7,7,0,0,0,0,1,0,0,0,"801967,3923","5831603,408","13,45462609","52,55056052",,,4645.0,45.0
212943,11,1,1200517.0,2021,6,12,5,3,2,2,0,0,1,0,0,1,0,0,"793740,8585","5829955,894","13,33219357","52,54029019",,,3343.0,53.0
212942,11,1,1300836.0,2021,5,12,1,3,0,1,0,1,0,0,0,0,0,0,"796939,0735","5830139,655","13,37937725","52,54020404",,,1729.0,63.0
212941,11,5,5200528.0,2021,6,17,5,3,3,6,0,0,1,0,0,0,1,0,"783838,5434","5826424,101","13,18356638","52,51387221",,,6133.0,57.0
212940,11,3,3400831.0,2021,6,17,5,3,3,6,0,0,1,0,0,0,1,0,"799092,683","5833226,935","13,41381884","52,56669892",,,1856.0,55.0
212939,11,12,12500929.0,2021,5,18,6,3,5,3,0,0,1,0,0,0,1,1,"794583,2735","5838578,492","13,35224146","52,61712987",,,2851.0,8.0
212938,11,1,1300732.0,2021,6,13,5,2,0,3,0,0,1,0,1,0,0,0,"797362,5387","5832419,142","13,38764415","52,5604059",,,2951.0,33.0
212937,11,8,8200730.0,2021,7,15,2,3,3,6,0,0,0,0,0,1,1,0,"801482,6062","5817816,774","13,43502579","52,42725684",,,6931.0,61.0
212936,11,9,9100408.0,2021,5,8,3,3,5,2,0,0,1,0,0,0,1,0,"806731,8804","5820285,528","13,51425372","52,44646539",,,4560.0,49.0
212935,11,5,5300840.0,2021,6,16,3,3,6,4,0,0,1,1,0,0,0,0,"788607,216","5829345,734","13,2561799","52,53756326",,,457.0,54.0
212934,11,12,12200308.0,2021,7,12,2,3,1,5,0,1,1,0,0,0,0,0,"792329,9559","5833701,599","13,31474843","52,57462777",,,6438.0,61.0
212933,11,1,1100102.0,2021,7,18,3,2,0,7,0,1,0,0,0,0,0,0,"795210,6921","5827267,278","13,35141622","52,51539461",,,3228.0,32.0
212932,11,1,1300834.0,2021,5,12,6,3,5,2,0,0,1,0,0,0,0,0,"797902,024","5830301,793","13,3936793","52,54113182",,,4854.0,36.0
212931,11,10,10100315.0,2021,6,12,5,3,0,6,0,0,1,0,0,0,1,0,"809829,2493","5831006,59","13,5696517","52,54079767",,,7459.0,61.0
212930,11,4,4100101.0,2021,7,21,7,2,5,2,2,0,1,1,0,0,0,0,"790311,5873","5829190,282","13,28110295","52,53526434",,,2430.0,59.0
212929,11,3,3100103.0,2021,6,10,2,2,1,5,0,1,1,0,0,0,0,0,"804044,2144","5840900,772","13,49369502","52,63273243",,,4517.0,65.0
212928,11,8,8100105.0,2021,6,11,6,3,5,2,0,1,1,0,0,0,0,0,"801120,0938","5821898,433","13,43338898","52,46404189",,,3050.0,39.0
212927,11,1,1300835.0,2021,6,15,2,3,5,3,0,1,1,0,0,0,0,0,"797758,7242","5829748,014","13,39107632","52,53624623",,,5457.0,20.0
212926,11,2,2200208.0,2021,6,12,3,2,0,7,0,1,0,0,0,0,0,0,"797736,1781","5824925,026","13,38642941","52,49302631",,,3734.0,59.0
212925,11,8,8401244.0,2021,6,10,7,3,0,6,0,0,1,0,0,0,1,0,"805744,2599","5816797,784","13,49657848","52,41575935",,,4567.0,50.0
212924,11,3,3601245.0,2021,6,5,7,2,5,3,0,0,1,0,0,0,0,0,"800324,0227","5831578,151","13,43043924","52,55124267",,,5142.0,45.0
212923,11,6,6100205.0,2021,7,14,6,2,5,3,0,1,0,0,0,0,1,0,"796295,8063","5819669,305","13,36060828","52,44669695",,,4355.0,53.0
212922,11,3,3601243.0,2021,6,17,7,3,2,6,0,0,1,0,0,0,0,0,"799254,8304","5831770,134","13,41489034","52,55355194",,,5856.0,52.0
212921,11,11,11300722.0,2021,5,20,4,3,0,1,0,0,0,0,0,0,1,0,"804068,0623","5828207,819","13,48240596","52,51895871",,,4154.0,56.0
212920,11,5,5100313.0,2021,6,15,4,3,2,6,0,0,1,0,0,0,0,1,"785330,6226","5830784,372","13,20923737","52,5521874",,,8059.0,65.0
212919,11,2,2500833.0,2021,7,23,3,3,0,1,2,1,0,0,0,0,0,0,"802499,1178","5827042,595","13,45829449","52,50938742",,,4946.0,51.0
212918,11,11,11300722.0,2021,7,13,4,3,0,1,0,0,0,0,1,0,0,1,"803661,8769","5828631,544","13,47682489","52,52298276",,,2842.0,47.0
212917,11,4,4501041.0,2021,6,11,4,3,2,7,0,1,0,0,0,0,1,0,"792766,338","5825495,647","13,31393962","52,50083013",,,4559.0,31.0
212916,11,8,8100312.0,2021,5,11,6,3,1,5,0,1,1,0,0,0,0,0,"801218,2271","5824278,301","13,43697835","52,48531922",,,3060.0,36.0
212915,11,12,12500927.0,2021,6,16,5,3,2,6,0,0,1,0,0,0,0,0,"792833,2628","5836817,206","13,32490804","52,6022869",,,2844.0,55.0
212914,11,2,2100102.0,2021,6,10,5,3,0,2,0,1,0,0,0,1,0,1,"798355,0588","5825559,954","13,39608667","52,49837971",,,2544.0,63.0
212913,11,4,4400833.0,2021,6,19,3,3,5,3,0,0,0,0,1,0,1,0,"792057,7831","5822449,262","13,30086138","52,47389943",,,4657.0,9.0
212912,11,1,1100310.0,2021,6,11,6,3,6,2,0,0,0,1,0,0,1,0,"798489,493","5828220,178","13,40044683","52,52215155",,,3427.0,58.0
212911,11,2,2200207.0,2021,6,18,7,2,8,1,0,0,1,0,0,0,0,0,"797089,3246","5824712,008","13,37673987","52,49146928",,,3427.0,58.0
212910,11,3,3701554.0,2021,6,13,1,3,5,3,0,0,1,0,0,0,1,0,"799034,9555","5829530,263","13,40964065","52,53359567",,,2973.0,44.0
212909,11,1,1200629.0,2021,6,3,4,3,3,5,2,0,1,0,0,0,1,0,"794466,1357","5827714,363","13,34087142","52,51980493",,,7231.0,63.0
212908,11,8,8200730.0,2021,6,17,4,2,5,5,0,0,0,0,1,0,1,0,"802304,4842","5818950,349","13,44810157","52,43696382",,,4649.0,53.0
212907,11,3,3701556.0,2021,6,20,2,3,0,1,0,1,0,0,0,0,0,0,"799801,6951","5829555,838","13,42093371","52,53340371",,,3775.0,65.0
212906,11,5,5300736.0,2021,7,12,7,3,2,6,0,0,1,0,0,0,0,0,"785994,1673","5829208,038","13,21763994","52,53770637",,,7331.0,39.0
212905,11,1,1100310.0,2021,6,7,7,3,5,3,0,0,1,0,0,0,0,0,"799505,7464","5828828,261","13,4159282","52,52704483",,,5263.0,52.0
212904,11,4,4501045.0,2021,7,10,5,3,5,3,0,0,1,0,0,0,0,1,"793965,8395","5824961,74","13,33108841","52,49539907",,,4658.0,28.0
212903,11,8,8301036.0,2021,7,14,5,3,2,6,0,0,1,0,1,0,0,0,"803631,6423","5817907,663","13,46661825","52,42688315",,,4044.0,52.0
212902,11,5,5200634.0,2021,6,18,5,2,2,6,0,1,1,0,0,0,0,0,"783846,7255","5826214,579","13,1835079","52,51198933",,,3148.0,24.0
212901,11,8,8100415.0,2021,5,19,2,3,0,7,0,0,1,0,1,0,0,0,"802171,801","5823379,001","13,45016362","52,47673183",,,5327.0,45.0
212900,11,9,9301025.0,2021,6,18,5,3,4,6,0,0,1,0,0,0,1,0,"811993,9862","5814756,473","13,58627511","52,39393989",,,4651.0,31.0
212899,11,3,3400725.0,2021,6,15,6,3,5,3,0,1,1,0,0,0,0,0,"798981,9618","5835031,615","13,41381744","52,58293581",,,3438.0,56.0
212898,11,1,1100102.0,2021,6,10,3,3,5,3,0,0,1,0,0,0,0,0,"795051,036","5827187,929","13,34899989","52,51476969",,,3950.0,58.0
212897,11,7,7300515.0,2021,6,18,2,3,5,2,0,1,1,0,0,0,0,0,"793640,8564","5822284,239","13,32395663","52,4715713",,,3172.0,56.0
212896,11,3,3601244.0,2021,5,10,5,3,5,3,0,1,1,0,0,0,0,0,"800216,9414","5831589,528","13,42887497","52,55140366",,,4648.0,37.0
212895,11,3,3400620.0,2021,6,9,4,3,2,6,0,0,1,0,1,0,0,0,"796820,4806","5833937,193","13,38102976","52,57430915",,,5838.0,58.0
212894,11,1,1100310.0,2021,7,19,7,3,5,2,0,0,1,0,1,0,0,0,"799099,8099","5828463,795","13,40963452","52,52400079",,,5755.0,49.0
212893,11,1,1200625.0,2021,5,18,1,3,6,4,0,0,1,1,0,0,0,0,"794707,7781","5828855,681","13,34543392","52,52990551",,,6935.0,43.0