OBJECTID,LAND,BEZ,LOR_ab_2021,UJAHR,UMONAT,USTUNDE,UWOCHENTAG,UKATEGORIE,UART,UTYP1,ULICHTVERH,IstRad,IstPKW,IstFuss,IstKrad,IstGkfz,IstSonstige,USTRZUSTAND,LINREFX,LINREFY,XGCSWGS84,YGCSWGS84,LOR,STRASSE,quadrant,quadrant_rank
212720,11,8,8100104.0,2021,6,5,6,3,5,3,0,0,1,0,1,0,0,0,"800770,4701","5822754,097","13,42902948","52,47190409",,,3154.0,20.0
212719,11,4,4501150.0,2021,6,14,2,2,0,7,0,0,0,0,0,0,1,0,"793449,0262","5823744,064","13,32242527","52,4847612",,,5327.0,45.0
212718,11,6,6100101.0,2021,6,13,3,3,5,2,0,0,1,0,0,0,0,0,"793156,5697","5820825,201","13,31556562","52,45875155",,,5457.0,20.0
212717,11,2,2100104.0,2021,6,14,7,3,5,2,0,1,1,0,0,0,0,1,"799326,8857","5826227,88","13,4109603","52,50383454",,,6036.0,59.0
212716,11,2,2500833.0,2021,6,18,7,2,1,5,0,1,1,0,0,0,0,0,"802366,6782","5827087,306","13,4563896","52,50986159",,,5052.0,43.0
212715,11,1,1100416.0,2021,7,19,7,3,0,1,0,1,0,0,0,0,0,0,"798715,635","5829536,34","13,40495247","52,53382524",,,1455.0,54.0
212714,11,1,1100415.0,2021,6,9,4,3,0,1,0,1,0,0,0,0,0,0,"798290,3113","5829368,483","13,39854998","52,53255357",,,4547.0,11.0
212713,11,5,5100313.0,2021,6,17,7,3,6,4,0,0,1,1,0,0,0,0,"785497,0819","5830977,481","13,21185186","52,55383154",,,2754.0,42.0
212712,11,10,10100102.0,2021,6,10,2,3,5,2,0,0,1,0,0,0,0,0,"809785,1803","5834076,55","13,57186861","52,56833416",,,4948.0,23.0
212711,11,4,4200310.0,2021,5,8,3,3,5,2,0,0,0,0,1,1,0,0,"789455,2847","5826663,663","13,26631433","52,51306814",,,1558.0,34.0
212710,11,9,9200512.0,2021,6,9,4,2,7,7,0,1,0,0,0,0,0,1,"808315,2441","5821807,01","13,53888189","52,45921049",,,7237.0,52.0
212709,11,4,4400728.0,2021,7,15,2,3,2,6,0,0,1,0,0,0,1,0,"789623,1081","5823342,911","13,26589279","52,48320769",,,3951.0,58.0
212708,11,4,4300622.0,2021,7,18,3,3,6,7,0,0,0,1,0,0,1,0,"793812,7206","5826874,058","13,33052698","52,5126245",,,3071.0,39.0
212707,11,12,12200310.0,2021,6,20,4,3,3,6,1,0,1,0,1,0,0,0,"792154,0882","5833318,896","13,31182347","52,57129142",,,4757.0,11.0
212706,11,11,11100204.0,2021,5,15,7,3,5,2,0,0,1,0,0,0,0,0,"806612,698","5833487,062","13,52466324","52,56484722",,,6929.0,62.0
212705,11,4,4500937.0,2021,6,16,5,3,2,6,0,1,1,0,0,0,0,0,"791557,605","5825089,088","13,29582741","52,49783254",,,4853.0,18.0
212704,11,1,1401048.0,2021,6,16,4,2,5,3,0,1,0,0,0,0,1,0,"795615,608","5831721,991","13,36132834","52,55510781",,,5062.0,44.0
212703,11,8,8401241.0,2021,6,20,3,2,5,3,0,1,1,0,0,0,0,0,"804304,8149","5819651,577","13,47807555","52,44213958",,,5355.0,51.0
212702,11,8,8100312.0,2021,6,0,7,3,0,5,2,1,1,0,0,0,0,0,"800966,0747","5824222,353","13,43322568","52,4849568",,,4558.0,14.0
212701,11,4,4300619.0,2021,6,16,3,3,2,7,0,1,1,0,0,0,0,0,"792929,7422","5827460,336","13,31806907","52,51835518",,,6058.0,52.0
212700,11,8,8100102.0,2021,6,13,4,3,3,6,0,1,1,0,0,0,0,0,"800538,3804","5823367,033","13,42617519","52,47752582",,,3038.0,62.0
212699,11,7,7501031.0,2021,6,9,2,3,2,6,0,0,1,0,0,0,0,0,"798827,7997","5819325,926","13,39744604","52,44224101",,,6664.0,63.0
212698,11,8,8200726.0,2021,6,15,1,3,8,1,0,0,1,0,0,0,0,0,"801428,2045","5820221,118","13,43639631","52,44883776",,,2950.0,60.0
212697,11,1,1100207.0,2021,7,18,1,2,0,1,0,1,0,0,0,0,0,0,"798679,4423","5827605,622","13,40268637","52,5165389",,,3043.0,59.0
212696,11,12,12400723.0,2021,6,1,1,2,1,1,2,0,1,0,0,0,0,0,"791540,4484","5838595,421","13,30743989","52,6189227",,,4457.0,55.0
212695,11,11,11200410.0,2021,7,15,5,2,5,2,0,0,1,0,1,0,0,1,"805228,1729","5832195,906","13,50311322","52,55405342",,,7232.0,31.0
212694,11,7,7300517.0,2021,7,19,3,3,5,3,0,1,0,0,0,0,0,0,"794013,936","5822307,268","13,32945362","52,47157707",,,4063.0,55.0
212693,11,11,11400927.0,2021,7,17,5,3,2,6,0,0,1,0,0,0,0,1,"803503,771","5826622,326","13,47266918","52,50506265",,,5649.0,33.0
212692,11,6,6400838.0,2021,6,17,5,3,5,3,0,0,1,0,0,0,0,0,"787676,2945","5819239,108","13,2337655","52,44744355",,,5151.0,39.0
212691,11,4,4100101.0,2021,5,10,2,3,6,6,0,0,1,1,0,0,0,0,"792320,8463","5829777,308","13,3111582","52,53945287",,,3162.0,49.0
212690,11,4,4501045.0,2021,6,12,6,3,0,7,0,0,0,0,1,0,0,1,"793964,7336","5825058,547","13,33115759","52,49626748",,,4548.0,24.0
212689,11,4,4501148.0,2021,6,7,5,3,2,6,0,0,1,0,0,0,0,1,"792776,6692","5823180,315","13,31205704","52,48006827",,,7642.0,63.0
212688,11,4,4100101.0,2021,6,16,3,3,2,6,0,0,1,0,0,1,0,0,"793338,4803","5829736,306","13,32608369","52,53853846",,,4047.0,22.0
212687,11,8,8100206.0,2021,6,23,1,3,1,5,2,1,1,0,0,0,0,0,"800340,0349","5824312,548","13,42411529","52,48610997",,,4960.0,18.0
212686,11,9,9401534.0,2021,6,13,1,3,1,5,0,1,1,0,0,0,0,0,"810841,3529","5820488,318","13,57471463","52,44596208",,,6644.0,63.0
212685,11,4,4200203.0,2021,5,11,5,3,8,1,0,0,1,0,0,0,0,1,"788159,9492","5827233,064","13,24777253","52,51885898",,,3848.0,36.0
212684,11,4,4501045.0,2021,6,18,4,3,5,2,0,1,1,0,0,0,0,0,"793703,2835","5824901,188","13,32717869","52,49499759",,,3850.0,33.0
212683,11,6,6400735.0,2021,5,13,2,2,0,1,0,1,0,0,0,0,0,0,"780942,654","5816417,592","13,13257757","52,42564535",,,4454.0,36.0
212682,11,7,7501030.0,2021,6,11,2,3,5,2,0,0,1,0,0,0,0,0,"798019,162","5819648,38","13,38587191","52,44557276",,,6644.0,63.0
212681,11,2,2100101.0,2021,7,18,2,3,5,2,0,1,1,0,0,0,0,0,"797696,1692","5825814,989","13,38663723","52,50102562",,,4664.0,42.0
212680,11,1,1300731.0,2021,7,8,5,3,5,3,0,1,1,0,0,0,0,1,"797393,8528","5833148,267","13,38875826","52,56692446",,,6443.0,52.0
212679,11,5,5200423.0,2021,7,9,6,2,9,1,0,0,1,0,0,1,0,1,"780867,0362","5828328,922","13,14150231","52,5324905",,,5136.0,62.0
212678,11,7,7100205.0,2021,6,13,6,3,5,2,0,1,1,0,0,0,0,0,"796226,0294","5824934,937","13,36426009","52,4939368",,,4339.0,29.0
212677,11,2,2100104.0,2021,6,15,5,3,2,6,0,1,1,0,0,0,0,0,"799290,9507","5826219,902","13,41042528","52,50378274",,,4365.0,7.0
212676,11,1,1100313.0,2021,6,6,2,2,5,2,0,0,1,0,1,0,0,0,"800026,2196","5827062,279","13,42198457","52,51092951",,,3661.0,43.0
212675,11,8,8100207.0,2021,5,16,2,3,5,3,0,1,1,0,0,0,0,0,"801306,9866","5823560,345","13,43763267","52,47883503",,,3136.0,49.0
212674,11,9,9300920.0,2021,6,18,6,3,0,6,0,1,0,0,1,0,0,0,"807801,8161","5817892,561","13,52774377","52,42441791",,,6066.0,60.0
212673,11,4,4501153.0,2021,6,16,6,3,2,6,0,1,1,0,0,0,0,0,"794158,5984","5824051,833","13,33311627","52,48713837",,,5127.0,55.0
212672,11,1,1100416.0,2021,7,16,6,3,5,3,0,1,1,0,0,0,0,0,"798590,0558","5829515,34","13,40308771","52,53370581",,,3673.0,65.0
212671,11,3,3601449.0,2021,6,7,4,2,5,3,0,1,1,0,0,0,0,0,"801915,177","5830324,167","13,4526956","52,53912368",,,3474.0,49.0
212670,11,3,3200205.0,2021,6,12,6,3,5,3,0,0,1,0,1,0,0,1,"797427,6141","5835040,919","13,39095269","52,58387114",,,3760.0,45.0
212669,11,2,2300314.0,2021,5,7,6,3,5,3,0,1,1,0,0,0,0,1,"800216,4193","5825989,203","13,42381112","52,50120648",,,4365.0,7.0
212668,11,2,2100106.0,2021,6,16,5,3,5,3,0,1,0,0,0,0,1,0,"798599,2669","5825564,824","13,39967778","52,4982898",,,1966.0,59.0
212667,11,1,1100311.0,2021,7,18,7,3,0,5,0,1,1,0,0,0,0,0,"799727,2819","5827762,737","13,41822379","52,51737235",,,3025.0,58.0
212666,11,8,8100314.0,2021,5,20,3,3,6,7,1,0,1,1,0,0,0,1,"801001,9074","5823918,226","13,43347718","52,48221106",,,3447.0,60.0
212665,11,4,4200308.0,2021,6,15,3,3,2,6,0,0,1,0,0,0,0,0,"790360,8215","5827303,304","13,28017895","52,51832127",,,5755.0,49.0
212664,11,5,5100105.0,2021,7,12,2,3,5,3,0,0,1,0,0,0,1,0,"784554,2531","5831268,461","13,1982327","52,55693389",,,3140.0,61.0
212663,11,1,1400937.0,2021,7,12,3,3,5,3,0,0,1,0,0,0,0,0,"794138,6871","5831512,042","13,33942085","52,55402543",,,5143.0,6.0
212662,11,4,4300622.0,2021,5,17,6,3,2,6,0,0,1,0,0,0,0,1,"793163,1978","5826876,693","13,32098555","52,51299761",,,4925.0,61.0
212661,11,6,6300633.0,2021,6,8,4,3,5,2,0,1,1,0,0,0,0,0,"793217,9885","5819625,733","13,31541379","52,44796567",,,4952.0,44.0
212660,11,4,4501044.0,2021,7,11,7,2,1,7,0,0,1,0,1,0,0,1,"793384,7463","5824667,413","13,32229428","52,49307321",,,4757.0,11.0
212659,11,8,8401243.0,2021,6,13,2,3,3,6,0,1,1,0,0,0,0,0,"805575,1205","5818616,129","13,49576017","52,43215095",,,7332.0,60.0
212658,11,2,2300316.0,2021,6,18,6,3,5,3,0,1,1,0,0,0,0,0,"800734,127","5826517,945","13,43189253","52,50566069",,,5766.0,65.0
212657,11,4,4501042.0,2021,6,13,3,3,3,5,0,0,1,0,0,0,1,0,"794035,2215","5826211,419","13,33321087","52,5065644",,,3432.0,61.0
212656,11,4,4501147.0,2021,6,17,3,3,2,6,0,1,1,0,0,0,0,0,"793337,0775","5824156,623","13,3211445","52,48851979",,,7163.0,56.0
212655,11,7,7400927.0,2021,6,11,7,3,6,7,0,1,0,1,0,0,0,0,"797997,6256","5821777,244","13,38745584","52,46466743",,,7132.0,48.0
212654,11,12,12100205.0,2021,6,10,6,2,5,3,0,0,1,0,0,0,0,0,"794853,6954","5833052,07","13,35130468","52,56744388",,,4342.0,53.0
212653,11,12,12200515.0,2021,7,17,7,3,5,2,0,1,1,0,0,0,0,0,"790566,889","5834487,095","13,28949387","52,58261381",,,2652.0,50.0
212652,11,8,8401241.0,2021,6,15,6,3,5,3,0,1,1,0,0,0,0,0,"804047,0679","5819184,494","13,47387026","52,43809655",,,3656.0,44.0
212651,11,11,11300721.0,2021,5,18,3,3,2,6,0,0,1,0,0,1,0,0,"805498,8516","5830035,609","13,50510644","52,53454041",,,4265.0,5.0
212650,11,3,3200205.0,2021,6,14,4,3,6,4,0,0,0,1,0,0,1,1,"797209,905","5835567,8","13,38822148","52,5887129",,,5124.0,60.0
212649,11,9,9401534.0,2021,7,14,3,3,5,7,0,1,0,0,0,0,0,0,"810872,4751","5820661,613","13,57533232","52,44749739",,,4849.0,28.0
212648,11,3,3300412.0,2021,7,19,4,3,1,5,0,1,1,0,0,0,0,0,"802695,2622","5838302,644","13,47144577","52,61019992",,,3650.0,32.0
212647,11,10,10100104.0,2021,6,0,5,2,6,4,2,0,0,1,0,0,1,0,"809827,9459","5833677,366","13,57212477","52,56473255",,,5884.0,65.0
212646,11,1,1300730.0,2021,5,22,7,3,5,3,2,0,1,0,0,0,0,0,"796255,2321","5832161,102","13,37112706","52,55869642",,,6443.0,52.0
212645,11,4,4300416.0,2021,6,16,5,3,2,6,0,1,1,0,0,0,0,0,"791711,9303","5826229,797","13,29909366","52,50797638",,,7331.0,39.0
212644,11,5,5300735.0,2021,6,15,4,3,6,7,0,0,1,1,0,0,0,0,"786424,0007","5831257,687","13,22572783","52,55585709",,,2756.0,61.0
212643,11,3,3601243.0,2021,6,17,3,3,5,3,0,1,1,0,0,0,0,0,"799752,5576","5831712,052","13,42215708","52,55275764",,,3744.0,45.0
212642,11,7,7200410.0,2021,6,18,1,3,1,5,0,1,1,0,0,0,0,0,"795564,8758","5823446,066","13,35322959","52,48094862",,,4748.0,28.0
212641,11,3,3601450.0,2021,6,15,3,3,5,3,0,1,1,0,0,0,0,0,"802208,659","5829873,311","13,4565997","52,53492002",,,5150.0,59.0
212640,11,1,1100103.0,2021,6,14,4,3,5,3,0,1,1,0,0,0,0,0,"795886,7211","5826215,599","13,36041464","52,50560089",,,3554.0,52.0
212639,11,2,2300314.0,2021,6,9,1,3,1,5,0,1,1,0,0,0,0,0,"799955,1026","5826104,443","13,42007677","52,50238314",,,2334.0,57.0
212638,11,9,9100101.0,2021,7,22,1,3,6,7,2,1,0,1,0,0,0,0,"801752,573","5825271,098","13,44572258","52,49392276",,,4720.0,65.0
212637,11,2,2400624.0,2021,6,2,7,3,5,3,2,0,1,0,0,0,0,0,"801603,31","5827361,479","13,4454241","52,5127416",,,4048.0,46.0
212636,11,3,3601141.0,2021,7,8,5,3,2,6,0,0,1,0,0,0,0,1,"799213,9422","5831806,162","13,41432153","52,55389733",,,3044.0,50.0
212635,11,11,11100203.0,2021,7,15,5,3,5,2,0,1,1,0,0,0,0,0,"807654,0027","5833601,2","13,54008318","52,56528271",,,1660.0,30.0
212634,11,10,10300731.0,2021,6,8,5,3,5,3,0,1,1,0,0,0,0,0,"808901,1226","5828544,253","13,55372209","52,51925778",,,2355.0,58.0
212633,11,1,1200627.0,2021,5,10,2,3,5,3,0,1,1,0,0,0,0,0,"795993,9429","5828711,501","13,36421026","52,52791622",,,5364.0,58.0
212632,11,5,5200630.0,2021,6,17,5,2,1,5,0,1,1,0,0,0,0,0,"784623,6041","5827267,16","13,1958252","52,521022",,,4655.0,41.0
212631,11,8,8100415.0,2021,6,9,5,3,5,3,0,0,1,0,0,0,0,1,"801820,1934","5823629,994","13,4452295","52,47917593",,,4548.0,24.0
212630,11,11,11300722.0,2021,6,8,3,3,5,2,0,1,1,0,0,0,0,0,"804243,673","5828690,661","13,48542773","52,52318829",,,5332.0,53.0
212629,11,8,8200726.0,2021,6,17,2,3,5,2,0,0,1,0,0,0,0,0,"802369,5023","5819917,824","13,44993045","52,44559952",,,4559.0,31.0
212628,11,7,7300515.0,2021,5,8,4,3,5,3,0,0,1,0,0,0,0,0,"793481,7995","5822494,248","13,32180647","52,47353944",,,5041.0,31.0
212627,11,1,1100311.0,2021,6,7,4,3,1,5,0,0,1,1,0,1,0,0,"799600,0302","5827719,227","13,41631487","52,51705227",,,3046.0,37.0
212626,11,4,4300414.0,2021,5,16,2,3,5,2,0,1,1,0,0,0,0,0,"791755,3171","5827273,985","13,30064658","52,51731417",,,5264.0,60.0
212625,11,4,4501043.0,2021,6,15,2,3,1,5,0,0,1,0,0,0,0,0,"792886,3761","5824734,415","13,31503357","52,49394151",,,4550.0,26.0
212624,11,10,10200525.0,2021,7,12,2,3,5,3,0,1,1,0,0,0,0,1,"812925,8163","5830027,826","13,61424107","52,53025771",,,3256.0,49.0
212623,11,7,7100102.0,2021,6,14,3,3,5,3,0,1,1,0,0,0,0,0,"794963,5639","5825229,694","13,3459796","52,4972628",,,6768.0,64.0
212622,11,1,1100101.0,2021,6,3,4,3,9,1,2,0,1,0,0,0,0,0,"795119,4528","5826500,179","13,34939531","52,50856752",,,3151.0,40.0
212621,11,8,8401244.0,2021,6,16,1,3,5,3,0,0,1,0,0,0,0,0,"805920,3297","5816218,728","13,4986301","52,41047113",,,4633.0,58.0
212620,11,2,2200213.0,2021,7,13,7,3,0,7,0,1,0,0,0,0,0,0,"800213,072","5824624,682","13,42253229","52,48897758",,,4332.0,40.0
212619,11,1,1400942.0,2021,6,16,1,3,0,1,0,0,0,0,1,0,0,0,"794624,3051","5830520,777","13,34568327","52,54487701",,,5263.0,52.0
212618,11,2,2200209.0,2021,7,10,5,3,2,6,0,0,1,0,0,0,0,1,"797107,5952","5824317,31","13,37665627","52,48792127",,,3370.0,55.0
212617,11,4,4501041.0,2021,7,6,5,3,5,3,0,0,1,0,1,0,0,0,"793138,696","5825742,545","13,31962677","52,50284358",,,4340.0,45.0
212616,11,3,3601243.0,2021,6,3,5,3,3,6,2,0,1,0,0,1,0,0,"799342,9692","5831760,127","13,41617742","52,55341381",,,3053.0,54.0
212615,11,9,9200715.0,2021,5,18,1,3,0,7,0,1,0,0,0,0,0,0,"807616,7851","5819332,449","13,52635573","52,43742657",,,7018.0,65.0
212614,11,2,2500830.0,2021,6,14,6,3,0,7,0,1,1,0,0,0,0,0,"802383,9197","5827444,469","13,45696738","52,51305327",,,4848.0,3.0
212613,11,4,4300623.0,2021,6,18,4,3,1,5,0,1,1,0,0,0,0,0,"791992,7736","5826118,136","13,30312196","52,50682512",,,3566.0,39.0
212612,11,2,2200209.0,2021,6,18,3,3,5,2,0,1,1,0,0,0,0,0,"797747,0773","5824596,665","13,38629605","52,49007698",,,3776.0,60.0
212611,11,9,9501737.0,2021,6,19,1,3,3,6,0,1,1,0,0,0,0,0,"814400,1628","5820789,09","13,62718897","52,44662272",,,2858.0,52.0
212610,11,1,1100310.0,2021,5,16,4,3,2,6,0,0,1,0,0,0,0,0,"799502,2274","5827569,922","13,41474344","52,5157677",,,2886.0,60.0
212609,11,2,2100104.0,2021,6,18,4,3,5,2,0,1,1,0,0,0,0,0,"798928,399","5826354,184","13,40522036","52,50518513",,,5841.0,59.0
212608,11,5,5100209.0,2021,5,0,2,2,0,1,2,0,0,0,0,0,1,0,"783221,2789","5830516,015","13,17798138","52,55088222",,,4662.0,59.0
212607,11,2,2500836.0,2021,6,21,2,3,0,3,1,1,0,0,0,0,0,0,"803126,2684","5825697,723","13,4662828","52,49698542",,,4846.0,41.0
212606,11,4,4501148.0,2021,7,18,2,3,5,2,0,1,1,0,0,0,0,0,"793021,9065","5823391,714","13,3158436","52,48183187",,,2159.0,63.0
212605,11,1,1200520.0,2021,7,18,6,3,5,2,0,1,1,0,0,0,0,0,"794542,8657","5829070,284","13,34320004","52,53191841",,,4746.0,53.0
212604,11,2,2100106.0,2021,7,16,6,3,0,6,2,0,1,0,0,0,0,1,"799863,3527","5825697,637","13,41836284","52,49878718",,,4849.0,28.0
212603,11,4,4200206.0,2021,6,15,6,3,5,2,0,1,1,0,0,0,0,0,"786240,0194","5826006,448","13,21849928","52,50887259",,,3567.0,10.0
212602,11,2,2500832.0,2021,6,7,5,3,5,2,0,1,0,0,0,0,1,0,"803339,1096","5826745,938","13,47036326","52,50626213",,,6234.0,51.0
212601,11,3,3200204.0,2021,6,11,2,3,0,1,0,1,0,0,0,0,0,0,"799622,7834","5839969,079","13,42771664","52,6268388",,,4636.0,53.0
212600,11,8,8100521.0,2021,5,18,2,3,6,4,0,1,0,1,0,0,0,0,"803362,5617","5822514,492","13,4668563","52,46832325",,,4615.0,51.0
212599,11,2,2300314.0,2021,6,18,6,3,2,6,0,1,1,0,0,0,0,0,"799874,1357","5825991,922","13,41878619","52,50141907",,,4744.0,63.0
212598,11,1,1100104.0,2021,6,7,6,3,5,2,0,1,0,0,0,0,1,0,"796270,0399","5825955,871","13,3658146","52,50306466",,,3236.0,65.0
212597,11,12,12200515.0,2021,7,20,6,3,5,3,0,0,1,0,0,0,0,0,"790138,6932","5835783,1","13,28432686","52,59446091",,,3461.0,59.0
212596,11,5,5100315.0,2021,6,8,4,2,5,3,0,1,1,0,0,0,0,0,"784358,2689","5830020,962","13,19428118","52,54585118",,,9029.0,61.0
212595,11,4,4200311.0,2021,6,18,6,3,2,2,0,0,1,0,0,0,0,0,"790490,4041","5826692,647","13,28155017","52,51277769",,,3154.0,20.0
212594,11,7,7300515.0,2021,5,9,6,3,5,3,0,1,1,0,0,0,0,1,"793902,8276","5822499,164","13,32799166","52,47335713",,,4959.0,58.0
212593,11,10,10100311.0,2021,6,13,5,3,0,1,0,0,0,0,1,0,0,1,"806792,1458","5830310,222","13,52436729","52,53627511",,,4850.0,38.0
212592,11,7,7601544.0,2021,7,1,1,3,0,1,2,0,0,0,0,0,1,0,"799800,3395","5813978,632","13,40692121","52,39377725",,,4663.0,62.0
212591,11,1,1200520.0,2021,5,18,3,3,2,6,0,0,1,0,1,0,0,1,"794575,0472","5828693,176","13,34333894","52,5285205",,,3964.0,39.0
212590,11,3,3400722.0,2021,6,15,3,3,0,1,0,0,0,0,1,0,0,1,"798546,5099","5834188,897","13,40665066","52,57562125",,,3830.0,60.0
212589,11,6,6100101.0,2021,7,19,2,3,5,3,0,1,1,0,0,0,0,0,"792714,3537","5821672,896","13,30981921","52,466588",,,5149.0,46.0
212588,11,11,11400929.0,2021,7,19,3,3,1,5,0,1,1,0,0,0,0,0,"805171,9609","5826697,107","13,49723942","52,50480241",,,2634.0,40.0
212587,11,6,6200316.0,2021,5,15,1,3,1,5,0,1,1,0,0,0,0,0,"796038,4211","5817568,164","13,35497134","52,42800112",,,4850.0,38.0
212586,11,7,7200308.0,2021,6,12,4,3,6,4,0,1,0,1,0,0,0,0,"795361,6807","5823267,792","13,35008828","52,47946045",,,3661.0,43.0
212585,11,7,7300618.0,2021,6,12,4,3,5,3,0,0,1,0,0,0,0,1,"794900,6224","5822846,027","13,34294603","52,47592877",,,3774.0,53.0
212584,11,6,6300526.0,2021,7,18,7,3,5,3,0,0,1,0,0,0,0,0,"788369,0508","5817750,829","13,24264632","52,43373526",,,4257.0,20.0
212583,11,9,9300920.0,2021,6,14,3,3,5,3,0,1,1,0,0,0,0,0,"807727,0947","5817906,922","13,52666156","52,42458864",,,3655.0,57.0
212582,11,5,5100103.0,2021,6,21,6,2,5,2,1,0,1,0,0,0,1,0,"785258,0561","5832246,747","13,20942699","52,56533682",,,6442.0,53.0
212581,11,4,4300620.0,2021,6,18,3,3,0,1,0,1,0,0,0,0,0,0,"794168,8174","5827040,91","13,33590669","52,5139283",,,4449.0,28.0
212580,11,10,10200422.0,2021,6,17,3,3,5,3,0,1,1,0,0,0,0,0,"812167,6208","5831026,52","13,60403835","52,5396418",,,5444.0,54.0
212579,11,9,9502043.0,2021,6,16,7,3,0,7,0,0,1,0,0,0,1,0,"809486,8017","5822444,5","13,55666098","52,46426141",,,4717.0,54.0
212578,11,9,9401329.0,2021,6,14,2,3,5,3,0,1,1,0,0,0,0,0,"811975,3173","5819352,387","13,59028505","52,43513675",,,4450.0,25.0
212577,11,3,3601142.0,2021,7,1,1,3,0,1,2,1,0,0,0,0,0,0,"798371,6029","5830966,889","13,40118022","52,54683655",,,3341.0,63.0
212576,11,1,1100207.0,2021,6,12,7,3,5,3,0,1,1,0,0,0,0,0,"797893,5852","5826671,35","13,39030315","52,50859412",,,7658.0,55.0
212575,11,6,6400844.0,2021,5,12,4,3,2,6,0,0,1,0,1,0,0,0,"792678,8819","5821764,998","13,30937932","52,46743268",,,2972.0,55.0
212574,11,12,12100103.0,2021,6,16,4,3,8,1,0,0,1,0,0,0,0,1,"795346,1042","5833856,879","13,35926528","52,57439132",,,7232.0,31.0
212573,11,6,6300632.0,2021,7,13,3,3,6,4,0,0,1,1,0,0,0,0,"791146,1142","5816515,008","13,28230488","52,42118484",,,4473.0,61.0
212572,11,1,1100102.0,2021,7,0,4,3,5,2,2,1,0,0,0,0,1,1,"796635,3528","5826670,841","13,37181786","52,50927518",,,7557.0,60.0
212571,11,2,2100102.0,2021,6,1,5,3,0,1,2,1,0,0,0,0,0,0,"798378,4254","5826334,29","13,39712369","52,50530785",,,6827.0,50.0
212570,11,9,9502043.0,2021,5,20,2,3,5,3,0,1,1,0,0,0,0,0,"809220,3308","5823020,642","13,55328499","52,46957556",,,3756.0,4.0
212569,11,2,2300417.0,2021,6,19,5,3,1,5,0,1,1,0,0,0,0,0,"800611,7008","5825228,977","13,42893076","52,49417473",,,1766.0,46.0
212568,11,8,8200730.0,2021,6,14,4,3,6,7,0,0,1,1,0,0,0,0,"802234,0033","5817989,746","13,44619961","52,42839268",,,3090.0,65.0
212567,11,1,1400938.0,2021,6,17,3,3,9,1,0,0,0,0,0,0,1,0,"794813,2772","5831330,605","13,34918081","52,55203426",,,7069.0,49.0
212566,11,7,7601341.0,2021,6,19,1,3,5,3,0,1,1,0,0,0,0,0,"797247,117","5815532,195","13,37088768","52,40909509",,,5540.0,55.0
212565,11,10,10100205.0,2021,6,14,3,3,5,3,0,0,1,0,1,0,0,0,"807645,3158","5830814,869","13,53737366","52,54031682",,,5151.0,39.0
212564,11,6,6400737.0,2021,6,17,4,3,5,3,0,1,1,0,0,0,0,0,"784821,1083","5815911,144","13,1890328","52,4190992",,,4065.0,7.0
212563,11,11,11300722.0,2021,6,13,2,3,0,1,0,0,0,0,1,0,0,0,"803912,1891","5828207,871","13,48011585","52,51904606",,,5139.0,41.0
212562,11,10,10200421.0,2021,7,16,2,3,5,3,0,1,1,0,0,0,0,0,"812065,247","5830623,542","13,60215536","52,5360893",,,5040.0,48.0
212561,11,6,6100204.0,2021,6,12,7,3,2,6,0,0,1,0,0,0,0,0,"795437,7767","5820670,573","13,34890585","52,456137",,,3346.0,47.0
212560,11,6,6300634.0,2021,7,14,5,2,0,3,0,1,0,0,1,0,0,1,"791955,0078","5819040,467","13,29637139","52,44339469",,,3450.0,48.0
212559,11,6,6100209.0,2021,7,11,5,3,0,4,0,0,0,1,1,0,0,0,"794546,8518","5821690,419","13,33673202","52,46576026",,,5965.0,63.0
212558,11,3,3400723.0,2021,6,15,6,3,5,2,0,1,0,0,0,0,1,0,"798731,7397","5833693,401","13,40892954","52,57107826",,,3756.0,4.0
212557,11,3,3501038.0,2021,6,15,2,2,2,6,0,0,1,0,0,0,0,0,"803354,1058","5831597,994","13,47501029","52,54974153",,,6023.0,59.0
212556,11,10,10300734.0,2021,6,12,2,2,2,6,0,0,1,0,0,0,1,0,"809596,4906","5825649,215","13,56124564","52,49291911",,,5063.0,29.0
212555,11,7,7100204.0,2021,5,18,2,3,2,7,0,0,1,0,0,0,0,0,"795709,1259","5824900,282","13,35663779","52,49390643",,,7046.0,61.0
212554,11,4,4300414.0,2021,6,11,6,3,6,2,0,0,1,1,0,0,0,0,"791746,4094","5827243,136","13,30048862","52,51704237",,,7144.0,65.0
212553,11,9,9200715.0,2021,6,17,6,3,5,2,0,0,1,0,1,0,0,0,"807413,2478","5818310,789","13,52243167","52,42838462",,,5673.0,65.0
212552,11,4,4300622.0,2021,6,4,3,3,0,1,1,0,1,0,1,0,0,0,"792970,5223","5827374,955","13,31859316","52,51756786",,,4454.0,36.0
212551,11,2,2300316.0,2021,6,7,6,3,5,3,0,1,1,0,0,0,0,1,"800682,474","5826404,124","13,43103101","52,50466895",,,5143.0,6.0
212550,11,4,4500936.0,2021,6,16,2,3,5,3,0,0,1,0,1,0,0,0,"792202,0149","5825328,683","13,3055033","52,49963581",,,2553.0,40.0
212549,11,4,4300622.0,2021,5,18,5,3,3,2,0,1,1,0,0,0,0,1,"793542,3418","5826084,529","13,32585791","52,50569231",,,3456.0,59.0