OBJECTID,LAND,BEZ,LOR_ab_2021,UJAHR,UMONAT,USTUNDE,UWOCHENTAG,UKATEGORIE,UART,UTYP1,ULICHTVERH,IstRad,IstPKW,IstFuss,IstKrad,IstGkfz,IstSonstige,USTRZUSTAND,LINREFX,LINREFY,XGCSWGS84,YGCSWGS84,LOR,STRASSE,quadrant,quadrant_rank
212548,11,4,4501043.0,2021,6,17,4,2,5,2,0,1,1,0,0,0,0,0,"792674,4122","5825313,971","13,31242959","52,49925077",,,4377.0,65.0
212547,11,3,3500933.0,2021,7,13,1,3,5,2,0,0,1,0,1,0,0,0,"802141,4631","5832019,6","13,45756428","52,55419429",,,4024.0,62.0
212546,11,7,7300619.0,2021,5,20,2,3,2,6,0,1,1,0,0,0,0,0,"795142,8443","5822289,512","13,34600962","52,47080913",,,3245.0,33.0
212545,11,1,1401045.0,2021,6,21,3,3,5,2,1,1,1,0,0,0,0,1,"796676,8063","5831911,272","13,37710419","52,55622746",,,5854.0,49.0
212544,11,7,7200409.0,2021,7,20,3,3,1,5,0,1,1,0,0,0,0,0,"795528,7762","5824442,674","13,35358319","52,48990201",,,6051.0,55.0
212543,11,6,6300630.0,2021,7,20,5,2,6,4,0,0,1,1,0,0,0,0,"793377,0268","5819104,088","13,31728914","52,44320394",,,5155.0,43.0
212542,11,7,7601442.0,2021,6,14,2,3,1,5,0,1,1,0,0,0,0,0,"798610,4941","5815277,31","13,39064449","52,40606842",,,1345.0,63.0
212541,11,2,2300316.0,2021,6,19,6,3,5,3,0,0,1,0,0,0,0,0,"800624,9911","5826274,656","13,43006976","52,50354016",,,3228.0,32.0
212540,11,8,8200623.0,2021,6,17,5,3,1,5,0,1,1,0,0,0,0,0,"802023,5675","5821140,207","13,44596138","52,45674716",,,4056.0,47.0
212539,11,12,12500926.0,2021,6,11,3,3,1,5,0,1,1,0,0,0,0,0,"793199,3588","5835582,681","13,32920512","52,59102287",,,1456.0,61.0
212538,11,4,4501045.0,2021,6,15,3,2,5,2,0,1,0,0,0,1,0,0,"793472,7295","5824731,127","13,3236426","52,49359709",,,6240.0,57.0
212537,11,8,8100103.0,2021,6,20,6,3,2,6,0,1,1,0,0,0,0,0,"800596,0403","5823192,768","13,42686455","52,47593208",,,2477.0,65.0
212536,11,4,4200204.0,2021,6,14,7,2,5,3,0,1,1,0,0,0,0,0,"786560,8085","5826160,343","13,2233455","52,51008395",,,4445.0,43.0
212535,11,2,2400623.0,2021,7,17,7,2,6,4,0,0,1,1,0,0,0,0,"800372,4926","5827151,858","13,42715247","52,51154187",,,3559.0,22.0
212534,11,2,2200213.0,2021,6,7,4,3,3,6,0,0,1,0,1,0,0,0,"799136,8572","5825047,094","13,40710849","52,49335469",,,1928.0,56.0
212533,11,5,5200634.0,2021,6,16,6,3,2,2,0,0,1,0,0,0,1,0,"785568,7999","5826169,469","13,208776","52,51068602",,,5249.0,5.0
212532,11,11,11200410.0,2021,6,8,4,2,6,4,0,0,0,1,0,0,1,0,"805820,3768","5832299,9","13,51191654","52,55465325",,,3756.0,4.0
212531,11,5,5200528.0,2021,5,17,3,3,2,6,0,0,1,0,0,1,0,1,"783477,4397","5826725,86","13,17851647","52,51676566",,,7061.0,57.0
212530,11,1,1300733.0,2021,6,8,4,3,2,2,0,1,1,0,0,0,0,1,"797402,4386","5831562,494","13,38746347","52,55270534",,,8036.0,63.0
212529,11,6,6300633.0,2021,7,8,2,3,0,1,0,0,0,0,1,0,0,1,"793215,9351","5819678,802","13,31543025","52,44844252",,,7035.0,48.0
212528,11,1,1100311.0,2021,7,13,4,3,0,6,0,0,1,0,1,0,0,1,"799639,9303","5827966,074","13,41712346","52,51924295",,,3152.0,19.0
212527,11,11,11200515.0,2021,6,13,4,2,5,3,0,0,1,0,0,0,1,0,"806066,3865","5830635,929","13,5140004","52,53960222",,,5452.0,39.0
212526,11,2,2300417.0,2021,5,14,7,3,0,5,0,0,1,0,1,0,0,0,"800505,6789","5825737,572","13,42783261","52,49879182",,,4451.0,11.0
212525,11,9,9200613.0,2021,6,5,5,3,5,2,0,1,1,0,0,0,0,0,"806804,3765","5821333,531","13,51627971","52,45581727",,,3652.0,54.0
212524,11,9,9300920.0,2021,6,14,4,3,4,7,0,0,1,1,0,0,0,1,"809544,5391","5816903,315","13,55237643","52,41456936",,,3546.0,33.0
212523,11,1,1200520.0,2021,7,1,7,3,1,5,2,1,1,0,0,0,0,1,"794410,9275","5828450,401","13,34071167","52,52643285",,,5837.0,51.0
212522,11,1,1200522.0,2021,6,23,3,2,0,1,2,0,0,0,1,0,0,0,"793711,5073","5827990,802","13,33002574","52,52269005",,,3448.0,49.0
212521,11,8,8100311.0,2021,6,20,7,3,1,5,1,1,1,0,0,0,0,0,"800786,7855","5824395,919","13,43074996","52,48661132",,,4446.0,12.0
212520,11,12,12200310.0,2021,6,13,3,2,0,6,0,0,1,0,0,0,1,0,"791887,2744","5833519,009","13,30807388","52,57322851",,,5949.0,55.0
212519,11,4,4500936.0,2021,6,12,4,2,1,5,0,1,1,0,0,0,0,0,"792032,5661","5825774,021","13,30340474","52,5037189",,,6267.0,58.0
212518,11,6,6300526.0,2021,6,16,2,3,5,2,0,1,1,0,0,0,0,0,"789264,725","5818036,844","13,25603205","52,43582659",,,5068.0,57.0
212517,11,6,6200313.0,2021,6,11,1,3,5,3,0,1,0,0,0,0,1,0,"795670,9119","5818239,31","13,35017534","52,43421626",,,4862.0,43.0
212516,11,9,9200717.0,2021,7,19,7,3,5,2,0,1,1,0,0,0,0,0,"809679,5441","5819053,417","13,5563454","52,43376196",,,3349.0,12.0
212515,11,4,4400727.0,2021,7,10,6,3,0,5,0,1,1,0,0,0,0,1,"791494,6215","5824379,773","13,29428158","52,49150722",,,4163.0,33.0
212514,11,12,12500825.0,2021,6,15,6,3,5,3,0,0,0,0,0,0,1,0,"792382,122","5835069,896","13,31672303","52,58686592",,,4655.0,41.0
212513,11,8,8100418.0,2021,6,19,5,3,5,3,0,1,0,0,0,0,0,0,"801970,3682","5824055,027","13,447819","52,48290255",,,1558.0,34.0
212512,11,9,9401534.0,2021,6,16,2,3,0,2,0,1,1,0,0,0,0,0,"811393,8941","5820154,178","13,58250689","52,4426533",,,4557.0,40.0
212511,11,1,1100103.0,2021,5,11,2,3,5,3,0,0,1,0,0,0,0,0,"795326,0272","5826174,152","13,35214098","52,50553314",,,7246.0,65.0
212510,11,2,2100102.0,2021,6,23,6,3,1,5,2,1,1,0,0,0,0,0,"797951,8774","5826271,524","13,39080166","52,50497834",,,1559.0,52.0
212509,11,1,1100416.0,2021,6,20,7,3,0,1,0,1,0,0,0,0,0,0,"798563,2307","5829229,599","13,40243676","52,53115924",,,3335.0,47.0
212508,11,2,2300314.0,2021,7,6,7,3,6,7,0,0,0,1,0,0,1,0,"799859,8127","5825843,921","13,41844256","52,50010034",,,5049.0,52.0
212507,11,5,5200629.0,2021,6,17,4,2,6,2,0,0,1,1,0,0,0,0,"784706,2844","5828588,154","13,19817164","52,53282288",,,4450.0,25.0
212506,11,6,6300629.0,2021,6,17,6,3,5,2,0,1,1,0,0,0,0,0,"792232,6313","5819593,975","13,30092853","52,44820855",,,3978.0,63.0
212505,11,11,11300721.0,2021,5,10,6,3,6,3,0,0,1,1,0,0,0,1,"804576,2215","5829087,463","13,49067751","52,52655899",,,3248.0,24.0
212504,11,4,4501147.0,2021,6,9,5,3,2,6,0,1,0,0,0,0,1,0,"793235,1934","5823985,129","13,31949738","52,48703714",,,2842.0,47.0
212503,11,7,7400826.0,2021,7,15,1,3,5,2,0,1,1,0,0,0,0,0,"796697,7054","5820025,31","13,36682061","52,44967029",,,2433.0,64.0
212502,11,2,2100104.0,2021,5,13,2,3,5,3,0,0,1,0,0,0,1,0,"798923,6474","5826331,588","13,40513027","52,5049852",,,3948.0,43.0
212501,11,2,2200210.0,2021,6,18,3,3,0,7,0,1,0,0,0,0,0,0,"799011,8678","5825071,293","13,40529469","52,49364008",,,4257.0,20.0
212500,11,2,2400623.0,2021,7,9,3,2,5,2,0,0,1,0,0,0,0,0,"801206,2052","5827463,356","13,43968236","52,51387417",,,1660.0,30.0
212499,11,3,3601245.0,2021,7,20,3,2,5,3,0,1,1,0,0,0,0,0,"800770,7764","5831325,521","13,43677955","52,54873181",,,4848.0,3.0
212498,11,1,1401043.0,2021,5,8,7,2,0,5,0,0,0,0,1,0,1,0,"795595,531","5830834,488","13,36024296","52,54716307",,,5249.0,5.0
212497,11,4,4500936.0,2021,6,15,5,3,1,5,0,1,1,0,0,0,0,0,"792215,5131","5825549,451","13,3058953","52,50160772",,,2384.0,63.0
212496,11,9,9200715.0,2021,6,13,4,3,5,2,0,1,1,0,0,0,0,0,"808207,9399","5818840,293","13,53457089","52,43268303",,,5735.0,60.0
212495,11,3,3400721.0,2021,7,1,7,3,6,2,2,0,1,1,0,0,0,1,"797879,004","5833069,571","13,39582427","52,56595381",,,2553.0,40.0
212494,11,4,4501041.0,2021,6,9,2,3,5,7,0,1,1,0,0,0,0,0,"792956,4381","5825757,269","13,3169623","52,50307346",,,3556.0,48.0
212493,11,4,4500936.0,2021,6,18,6,2,5,2,0,0,1,0,1,0,0,0,"792104,753","5825766,933","13,30445901","52,50361671",,,4430.0,31.0
212492,11,4,4200308.0,2021,6,8,3,3,5,3,0,0,1,0,0,0,0,0,"789836,3889","5827385,346","13,2725432","52,51933578",,,3526.0,59.0
212491,11,1,1300835.0,2021,6,7,3,2,5,3,0,1,1,0,0,0,0,0,"796983,5672","5830179,275","13,3800668","52,54053495",,,3153.0,49.0
212490,11,2,2300315.0,2021,6,21,1,3,1,5,1,1,1,0,0,0,0,0,"800256,8618","5825845,944","13,42427597","52,49990015",,,4265.0,5.0
212489,11,6,6200422.0,2021,6,17,1,3,6,2,0,0,1,1,0,0,0,0,"794515,7038","5817170,714","13,33229063","52,42525997",,,3057.0,55.0
212488,11,3,3500934.0,2021,7,16,1,2,5,2,0,0,1,0,1,0,0,0,"800424,5092","5832291,211","13,4325621","52,55757856",,,4068.0,46.0
212487,11,8,8301037.0,2021,6,14,1,3,2,6,0,0,1,0,0,0,0,0,"804151,0486","5817808,473","13,47414359","52,42570564",,,4950.0,49.0
212486,11,9,9300922.0,2021,6,12,1,3,5,3,0,0,1,0,0,0,0,0,"808183,3165","5815760,559","13,53137363","52,4050958",,,2828.0,57.0
212485,11,3,3400620.0,2021,5,15,3,3,5,3,0,1,1,0,0,0,0,1,"797950,9118","5833664,184","13,39741614","52,57124434",,,3353.0,38.0
212484,11,8,8100417.0,2021,6,11,4,3,2,6,0,0,1,0,0,0,0,1,"802603,269","5823076,336","13,4562225","52,47378015",,,6088.0,54.0
212483,11,2,2200210.0,2021,7,17,3,3,5,2,0,0,1,0,0,0,1,0,"798798,9592","5824938,684","13,40204907","52,49256801",,,4358.0,45.0
212482,11,3,3200309.0,2021,7,10,4,3,2,6,0,0,1,0,0,1,0,1,"800743,5713","5838674,5","13,44304779","52,61461622",,,7457.0,61.0
212481,11,10,10300734.0,2021,6,6,5,3,2,6,0,1,0,0,0,0,1,0,"809552,6471","5826699,676","13,56157812","52,50235788",,,5751.0,57.0
212480,11,5,5200629.0,2021,6,16,2,3,1,5,0,0,1,0,0,0,0,0,"784163,5921","5828032,437","13,18971754","52,52812349",,,5356.0,13.0
212479,11,8,8100314.0,2021,5,23,1,2,5,3,2,0,1,0,1,0,0,0,"801017,5482","5823887,564","13,43367912","52,48192761",,,5849.0,58.0
212478,11,8,8200726.0,2021,6,17,5,3,6,7,0,0,0,1,1,0,0,0,"801468,8944","5820370,328","13,4371279","52,45015274",,,1554.0,46.0
212477,11,11,11200514.0,2021,6,16,4,3,5,3,0,1,1,0,0,0,0,0,"804994,8568","5830197,531","13,49784767","52,53627388",,,7562.0,61.0
212476,11,5,5100313.0,2021,6,17,3,3,5,2,0,1,1,0,0,0,0,0,"785173,9029","5830986,273","13,20710563","52,55407969",,,2739.0,65.0
212475,11,9,9501737.0,2021,6,20,7,2,0,1,0,0,0,0,1,0,0,1,"814202,5218","5821315,22","13,62478533","52,45145096",,,3758.0,50.0
212474,11,7,7400824.0,2021,5,18,5,2,0,2,0,0,1,0,0,0,1,1,"797845,5417","5822041,972","13,3854601","52,46712334",,,4558.0,14.0
212473,11,1,1300836.0,2021,6,8,4,3,5,2,0,0,1,0,1,0,0,0,"796850,3065","5830637,285","13,37851691","52,5447131",,,3823.0,52.0
212472,11,5,5100210.0,2021,5,16,1,3,5,2,0,0,1,0,0,0,0,0,"784170,0491","5830056,296","13,19154325","52,5462662",,,6437.0,60.0
212471,11,1,1300836.0,2021,6,15,2,3,5,2,0,0,1,0,0,0,0,0,"796291,6715","5830599,411","13,37026938","52,54467769",,,6935.0,43.0
212470,11,9,9300922.0,2021,7,19,2,3,5,3,0,1,1,0,0,0,0,0,"807903,28","5815334,351","13,52687827","52,40143353",,,5554.0,57.0
212469,11,1,1401044.0,2021,6,20,4,2,5,3,1,0,1,0,1,0,0,0,"796121,0416","5831193,362","13,36829015","52,55009462",,,6237.0,55.0
212468,11,5,5100101.0,2021,7,7,6,3,6,4,0,1,0,1,0,0,0,0,"785413,7548","5833157,779","13,21250181","52,57342333",,,4748.0,28.0
212467,11,4,4501041.0,2021,7,13,5,3,6,2,0,0,1,1,0,0,0,0,"792966,5567","5825541,686","13,31692127","52,5011354",,,6764.0,65.0
212466,11,2,2200207.0,2021,6,11,6,3,5,2,0,1,1,0,0,0,0,0,"797090,4104","5824707,864","13,37675212","52,49143154",,,4873.0,65.0
212465,11,2,2400522.0,2021,6,8,5,2,2,6,0,0,1,0,0,0,0,0,"801610,2569","5828869,682","13,44689358","52,52625591",,,3853.0,44.0
212464,11,9,9200715.0,2021,6,16,2,3,2,2,0,0,1,0,1,0,0,0,"809059,6504","5818759,475","13,54698437","52,43147823",,,5749.0,42.0
212463,11,4,4400726.0,2021,6,9,3,3,5,3,0,1,1,0,0,0,0,0,"791095,3446","5823983,181","13,28807092","52,48816485",,,5248.0,21.0
212462,11,12,12500824.0,2021,6,19,6,3,5,3,0,1,1,0,0,0,0,0,"790629,6702","5835988,963","13,29173543","52,59604427",,,3933.0,51.0
212461,11,1,1100308.0,2021,6,16,6,3,4,6,0,1,1,0,0,0,0,0,"796995,1064","5828649,303","13,37886934","52,52681419",,,2329.0,65.0
212460,11,11,11100101.0,2021,6,16,4,3,0,6,0,1,1,0,0,0,0,0,"807265,8063","5835970,469","13,53656968","52,58673509",,,4163.0,33.0
212459,11,4,4200309.0,2021,6,12,6,3,5,3,0,0,1,0,0,0,0,0,"789074,0831","5827182,024","13,26116302","52,51791757",,,6361.0,62.0
212458,11,4,4300517.0,2021,6,15,2,3,0,6,0,0,1,0,1,0,0,0,"791702,6409","5827827,104","13,30035752","52,52230096",,,5445.0,59.0
212457,11,4,4300620.0,2021,5,4,6,2,8,7,1,0,1,0,0,0,0,0,"793516,196","5827652,86","13,32685708","52,51976573",,,6240.0,57.0
212456,11,4,4200203.0,2021,6,12,4,3,2,6,0,0,0,0,1,0,0,0,"788000,3439","5826601,195","13,24487984","52,51327828",,,4553.0,29.0
212455,11,8,8200725.0,2021,7,14,1,3,0,3,0,0,1,0,1,0,0,0,"799922,841","5819071,996","13,41328059","52,4393654",,,4354.0,42.0
212454,11,1,1200623.0,2021,5,15,3,3,5,3,0,0,1,0,0,0,0,1,"795104,3273","5828858,389","13,35126509","52,52971526",,,6447.0,54.0
212453,11,3,3601243.0,2021,6,11,3,3,3,6,0,1,1,0,0,0,0,0,"799932,3894","5831724,626","13,42481285","52,55277135",,,2642.0,65.0
212452,11,3,3601346.0,2021,7,19,3,3,0,1,0,1,0,0,0,0,0,0,"799252,2706","5830516,565","13,41372312","52,54231707",,,5663.0,65.0
212451,11,9,9200717.0,2021,7,15,6,3,6,4,0,0,0,1,1,0,0,0,"809336,0044","5819648,624","13,55185895","52,43929052",,,4547.0,11.0
212450,11,1,1100414.0,2021,6,14,2,3,1,5,0,1,1,0,0,0,1,0,"797223,6718","5829184,324","13,38270688","52,53148547",,,3148.0,24.0
212449,11,8,8100417.0,2021,6,18,6,3,5,2,0,1,1,0,0,0,0,0,"802576,84","5823079,536","13,45583748","52,47382348",,,2049.0,65.0
212448,11,12,12500928.0,2021,6,20,3,3,3,6,0,0,1,0,0,0,0,0,"792610,5158","5837534,336","13,32226245","52,6088355",,,2929.0,61.0
212447,11,12,12400721.0,2021,6,11,3,3,5,3,0,1,1,0,0,0,0,0,"791055,6428","5840426,821","13,3019116","52,63560047",,,4459.0,28.0
212446,11,4,4500939.0,2021,6,15,1,3,3,6,0,0,1,0,1,0,0,0,"792496,929","5824381,588","13,30900382","52,49098734",,,4357.0,21.0
212445,11,1,1401046.0,2021,6,14,7,3,6,4,0,0,1,1,0,0,0,0,"794624,4266","5829872,576","13,3451102","52,5390663",,,5638.0,53.0
212444,11,6,6400736.0,2021,7,19,7,2,2,2,0,1,1,0,0,0,0,0,"787373,8754","5816619,685","13,22707605","52,42411737",,,6188.0,57.0
212443,11,1,1100415.0,2021,6,12,4,3,0,1,0,1,0,0,0,0,0,0,"798301,8822","5829371,92","13,39872314","52,53257804",,,4245.0,40.0
212442,11,1,1100310.0,2021,6,2,6,3,9,1,2,0,0,0,1,0,0,0,"799481,4554","5828832,856","13,41557535","52,52709936",,,4464.0,34.0
212441,11,1,1300834.0,2021,6,6,2,3,6,2,0,0,1,1,0,0,0,0,"798088,9068","5829998,19","13,3961544","52,53830822",,,4259.0,40.0
212440,11,4,4200308.0,2021,5,16,4,3,2,6,0,0,1,0,0,0,1,0,"789480,8106","5827488,642","13,26740725","52,52045072",,,3778.0,60.0
212439,11,2,2200210.0,2021,6,8,4,3,0,2,0,1,1,0,0,0,0,1,"798492,5748","5825223,544","13,39780494","52,49528904",,,3633.0,59.0
212438,11,8,8301036.0,2021,7,11,2,3,2,6,0,0,1,0,0,0,0,0,"803816,5018","5818110,696","13,4695131","52,42860031",,,7462.0,45.0
212437,11,10,10400938.0,2021,7,13,4,3,5,3,0,1,1,0,0,0,0,0,"813001,15","5828494,14","13,61390469","52,51647112",,,4536.0,56.0
212436,11,4,4400835.0,2021,6,8,4,3,6,4,0,0,1,1,0,0,0,0,"793194,9833","5822520,326","13,31761878","52,47392725",,,4250.0,52.0
212435,11,7,7501134.0,2021,5,11,7,3,2,6,0,0,1,0,1,0,0,0,"799388,8175","5817704,35","13,40422316","52,42739882",,,7235.0,47.0
212434,11,7,7200409.0,2021,6,14,5,3,6,4,0,0,0,1,1,0,0,0,"795463,4403","5824419,78","13,35260341","52,48973214",,,7030.0,52.0
212433,11,3,3100101.0,2021,6,15,4,3,5,2,0,0,1,0,0,0,1,0,"803006,4692","5842057,867","13,47946982","52,64368285",,,3154.0,20.0
212432,11,9,9100409.0,2021,6,18,3,3,0,1,0,1,0,0,0,0,0,0,"806970,1868","5820068,175","13,51754941","52,44438367",,,5952.0,37.0
212431,11,2,2200210.0,2021,6,3,7,3,0,1,1,0,0,0,1,0,0,0,"798731,3426","5824997,661","13,40110898","52,49313366",,,5342.0,38.0
212430,11,1,1400940.0,2021,6,16,3,3,5,2,0,1,1,0,0,0,0,0,"795791,864","5832049,696","13,36421254","52,55794966",,,964.0,53.0
212429,11,7,7501134.0,2021,6,22,4,3,5,2,2,1,1,0,0,0,0,0,"798320,2137","5818973,59","13,38968589","52,43935986",,,5457.0,20.0
212428,11,4,4100101.0,2021,6,8,2,3,2,6,0,0,1,0,0,0,0,0,"791096,6529","5829125,414","13,2925879","52,53426405",,,5068.0,57.0
212427,11,4,4501041.0,2021,6,23,1,3,3,6,2,1,1,0,0,0,0,0,"792864,1205","5825526,874","13,31540348","52,5010576",,,4944.0,25.0
212426,11,3,3300516.0,2021,7,0,1,3,1,5,2,0,0,0,1,0,1,0,"800135,3887","5833860,721","13,42973002","52,57180584",,,5363.0,56.0
212425,11,4,4501040.0,2021,6,22,1,3,3,6,2,0,1,0,0,0,1,0,"792338,3616","5825392,415","13,3075621","52,50013413",,,1356.0,63.0
212424,11,1,1100313.0,2021,6,20,4,3,0,2,1,1,0,0,1,0,0,1,"799768,6456","5826564,029","13,41775184","52,50660508",,,4352.0,37.0
212423,11,9,9301228.0,2021,7,21,4,2,0,1,1,1,0,0,0,0,0,0,"818693,3788","5812585,767","13,68233949","52,37063366",,,4560.0,49.0
212422,11,1,1200517.0,2021,7,8,5,3,5,3,0,1,1,0,0,0,0,0,"794421,5645","5829389,02","13,34169931","52,53484119",,,5428.0,49.0
212421,11,2,2200207.0,2021,6,7,5,3,5,2,0,1,0,0,0,0,1,0,"797090,9083","5824705,964","13,37675774","52,49141423",,,4656.0,41.0
212420,11,8,8200623.0,2021,5,11,1,3,6,7,0,0,1,1,0,0,0,0,"801393,9295","5821142,903","13,43672539","52,4571189",,,3229.0,58.0
212419,11,3,3601141.0,2021,6,6,6,3,5,3,0,0,1,0,1,0,0,0,"799240,6989","5831804,734","13,41471371","52,55386983",,,1762.0,53.0
212418,11,12,12200309.0,2021,6,6,4,3,3,6,0,0,1,0,1,0,0,0,"793585,6029","5832350,255","13,33202804","52,56183792",,,1728.0,61.0
212417,11,3,3400721.0,2021,6,15,3,3,5,3,0,1,0,0,0,0,0,0,"798050,2994","5832924,247","13,39821344","52,56455744",,,4848.0,3.0
212416,11,7,7601544.0,2021,6,10,6,3,5,2,0,1,1,0,0,0,0,0,"799436,499","5814036,082","13,4016414","52,39449122",,,5348.0,58.0
212415,11,6,6400844.0,2021,6,15,2,3,2,6,0,0,1,0,0,0,0,0,"790509,4402","5821289,576","13,27711978","52,46432836",,,3857.0,60.0
212414,11,5,5100103.0,2021,6,18,1,3,6,4,0,0,1,1,0,0,0,0,"785336,9646","5832488,376","13,21079583","52,56746187",,,2852.0,40.0
212413,11,5,5100315.0,2021,5,14,5,3,5,3,0,0,1,0,0,0,1,0,"784657,3959","5829702,3","13,19840733","52,54283785",,,3826.0,60.0
212412,11,1,1300732.0,2021,6,17,4,3,6,4,0,0,1,1,0,0,0,0,"797670,2294","5832849,339","13,39255561","52,56409392",,,3546.0,33.0
212411,11,1,1300834.0,2021,5,20,1,3,5,3,2,1,1,0,0,0,0,0,"798356,9026","5830141,889","13,40022311","52,53944963",,,3051.0,26.0
212410,11,7,7200409.0,2021,6,7,3,3,5,5,0,0,1,0,1,0,0,0,"795514,2982","5824438,883","13,35336721","52,48987586",,,3624.0,62.0
212409,11,3,3400724.0,2021,7,11,2,3,0,3,0,0,1,0,0,0,1,1,"799992,0057","5834943,82","13,42860072","52,58159293",,,5765.0,65.0
212408,11,3,3701554.0,2021,6,13,5,3,2,7,0,1,0,0,0,0,1,0,"798892,4502","5829878,085","13,4078588","52,53679155",,,4364.0,39.0
212407,11,8,8100415.0,2021,7,18,6,3,1,5,0,1,1,0,0,0,0,0,"801758,9313","5823551,302","13,44425897","52,47850446",,,4746.0,53.0
212406,11,6,6400840.0,2021,7,15,6,3,5,7,0,0,1,0,0,0,0,1,"788829,2185","5819597,161","13,25099221","52,45004581",,,5756.0,56.0
212405,11,5,5100316.0,2021,6,13,6,3,0,1,0,0,0,0,1,0,0,0,"784959,0969","5829454,942","13,20263193","52,54046233",,,3441.0,51.0
212404,11,1,1400937.0,2021,6,22,5,3,5,2,2,1,0,0,1,0,0,0,"793672,1624","5832252,013","13,33321436","52,56091056",,,4452.0,21.0
212403,11,2,2400521.0,2021,6,22,1,3,6,4,2,0,0,1,1,0,0,0,"801135,4575","5828569,214","13,43964399","52,52382523",,,6338.0,60.0
212402,11,4,4200310.0,2021,5,11,4,3,5,3,0,0,1,0,0,0,0,0,"789992,273","5826317,665","13,27390367","52,50968098",,,6359.0,27.0
212401,11,1,1100103.0,2021,7,14,5,3,3,6,0,0,1,0,1,0,0,1,"795302,2237","5826181,818","13,35179809","52,50561475",,,3554.0,52.0
212400,11,4,4200309.0,2021,7,16,3,3,5,3,0,1,1,0,0,0,0,0,"788854,0725","5827199,004","13,25794438","52,51818638",,,3245.0,33.0
212399,11,1,1300835.0,2021,7,11,5,3,0,7,0,1,0,0,0,0,0,0,"797834,9266","5829817,682","13,39225893","52,53682907",,,5856.0,52.0
212398,11,11,11300620.0,2021,6,11,5,3,5,2,0,0,1,0,0,0,0,0,"804214,7853","5829078,362","13,48535792","52,52667922",,,1055.0,59.0
212397,11,7,7100101.0,2021,5,21,1,3,5,3,1,0,1,0,0,0,1,0,"794590,44","5825443,031","13,34068785","52,49937678",,,4447.0,16.0
212396,11,3,3500934.0,2021,6,8,6,2,0,7,0,0,1,0,0,1,0,0,"801018,3748","5831559,367","13,44063203","52,55069104",,,4755.0,4.0
212395,11,3,3500934.0,2021,6,12,5,3,5,3,0,1,1,0,0,0,0,1,"800692,6709","5831572,278","13,43585459","52,55098665",,,7232.0,31.0
212394,11,1,1100310.0,2021,6,15,3,3,5,3,0,1,0,0,0,0,0,0,"798998,6666","5828614,374","13,40828354","52,52540599",,,4948.0,23.0
212393,11,4,4501043.0,2021,6,17,2,3,5,3,0,1,1,0,0,0,0,0,"793107,4003","5825211,409","13,31869955","52,49809894",,,3032.0,48.0
212392,11,5,5300840.0,2021,5,16,5,3,8,1,0,0,0,0,1,0,0,1,"789314,6283","5828977,662","13,26626049","52,53388831",,,3256.0,49.0
212391,11,7,7601544.0,2021,6,9,4,2,5,3,0,0,1,0,0,0,0,0,"799789,4776","5813976,931","13,40676053","52,39376795",,,5655.0,61.0
212390,11,4,4300619.0,2021,5,21,1,3,0,2,1,0,1,0,0,0,1,0,"792751,258","5827034,88","13,31507179","52,51463695",,,5063.0,29.0
212389,11,8,8100418.0,2021,6,13,2,3,5,3,0,1,0,0,0,0,1,0,"802497,2086","5823290,326","13,45485983","52,4757569",,,4235.0,48.0
212388,11,4,4501150.0,2021,7,17,2,3,5,2,0,1,1,0,0,0,0,0,"793436,0827","5823923,258","13,32239296","52,48637455",,,3777.0,62.0
212387,11,2,2300316.0,2021,6,16,5,3,6,4,0,0,1,1,0,0,0,0,"800900,9093","5826104,86","13,43396909","52,50186615",,,3248.0,24.0
212386,11,2,2300314.0,2021,7,18,6,3,1,5,0,1,1,0,0,0,0,0,"799873,2745","5825880,214","13,41867295","52,50041824",,,4375.0,52.0
212385,11,11,11300620.0,2021,7,4,5,3,5,2,2,1,1,0,0,0,0,0,"804135,9342","5829849,914","13,48490503","52,53363832",,,4264.0,38.0
212384,11,3,3400721.0,2021,6,8,5,3,2,6,0,0,1,0,1,0,0,0,"797773,972","5832951,971","13,39417371","52,56495715",,,4464.0,34.0
212383,11,5,5300840.0,2021,6,13,4,3,6,7,0,0,0,1,0,0,1,0,"789158,4676","5829394,627","13,26432747","52,53770938",,,5245.0,60.0
212382,11,4,4100101.0,2021,6,16,2,3,4,1,0,1,0,0,0,0,0,0,"793198,9618","5829705,797","13,32400556","52,53834004",,,4254.0,60.0
212381,11,6,6200316.0,2021,5,14,2,2,5,3,0,0,1,0,1,0,0,0,"796050,1948","5817534,813","13,35511447","52,42769578",,,1254.0,63.0
212380,11,2,2100104.0,2021,6,18,6,3,5,3,0,1,1,0,0,0,0,0,"799326,9758","5826235,744","13,41096869","52,50390498",,,4451.0,11.0
212379,11,9,9301126.0,2021,6,15,5,3,2,3,0,1,1,0,0,0,0,0,"809932,4094","5817931,083","13,55901301","52,4235606",,,4864.0,14.0
212378,11,8,8100104.0,2021,6,13,3,3,6,4,0,0,1,1,0,0,0,0,"800873,322","5822466,695","13,43027993","52,46927137",,,3860.0,55.0
212377,11,3,3601245.0,2021,6,19,6,3,2,6,0,0,1,0,0,0,0,0,"800356,6136","5831559,894","13,43090195","52,55106105",,,1856.0,55.0