OBJECTID,LAND,BEZ,LOR_ab_2021,UJAHR,UMONAT,USTUNDE,UWOCHENTAG,UKATEGORIE,UART,UTYP1,ULICHTVERH,IstRad,IstPKW,IstFuss,IstKrad,IstGkfz,IstSonstige,USTRZUSTAND,LINREFX,LINREFY,XGCSWGS84,YGCSWGS84,LOR,STRASSE,quadrant,quadrant_rank
211344,11,4,4400726.0,2021,4,12,5,3,5,3,0,1,1,0,0,0,0,0,"790853,0565","5823648,402","13,2842205","52,48529266",,,6827.0,50.0
211343,11,11,11300722.0,2021,3,12,3,3,0,7,0,0,1,0,0,0,0,0,"803734,1624","5828298,151","13,47758261","52,5199544",,,4263.0,51.0
211342,11,3,3601244.0,2021,4,15,6,3,5,2,0,1,1,0,0,0,0,0,"800083,6956","5831671,617","13,42698987","52,55221287",,,3054.0,54.0
211341,11,7,7100206.0,2021,3,13,6,3,1,5,0,1,0,0,0,0,1,0,"796688,3945","5824637,258","13,37078546","52,49101727",,,4055.0,49.0
211340,11,2,2100102.0,2021,5,19,3,3,5,2,0,0,1,0,0,0,0,1,"798210,9628","5826319,642","13,3946506","52,50526811",,,3650.0,32.0
211339,11,3,3701660.0,2021,5,7,3,3,2,7,0,1,1,0,0,0,0,1,"800743,7049","5829441,288","13,43467597","52,53185803",,,3444.0,24.0
211338,11,1,1200517.0,2021,4,8,5,3,3,6,0,0,1,0,0,0,0,0,"793522,2977","5829255,593","13,32836159","52,53413014",,,4956.0,45.0
211337,11,8,8100417.0,2021,4,20,6,3,0,6,1,0,1,0,0,0,1,0,"802565,7469","5823092,709","13,4556866","52,4739477",,,860.0,65.0
211336,11,3,3601141.0,2021,4,16,3,3,2,6,0,0,1,0,0,0,0,0,"798828,6206","5831727,243","13,40858413","52,55340149",,,6730.0,64.0
211335,11,8,8300935.0,2021,3,14,3,3,1,5,0,1,1,0,0,0,0,0,"802293,7897","5817977,616","13,44706529","52,42825093",,,5143.0,6.0
211334,11,5,5100316.0,2021,4,12,6,3,0,2,0,0,1,0,0,0,1,0,"784846,919","5829229,771","13,20078929","52,53850211",,,3654.0,56.0
211333,11,5,5200629.0,2021,5,21,7,3,5,2,1,1,1,0,0,0,0,0,"784552,4967","5828178,438","13,19555983","52,52922967",,,5888.0,64.0
211332,11,7,7100102.0,2021,3,18,3,2,5,3,0,1,0,0,1,0,0,0,"794963,5428","5825408,793","13,34613789","52,49886831",,,2748.0,55.0
211331,11,6,6400839.0,2021,4,15,2,3,2,6,0,0,1,0,0,0,0,0,"788267,1589","5818648,137","13,24192557","52,4418339",,,6524.0,59.0
211330,11,2,2400521.0,2021,5,23,1,3,1,5,2,1,1,0,0,0,0,0,"800463,5993","5828314,052","13,42954047","52,52190878",,,5450.0,55.0
211329,11,1,1200522.0,2021,5,10,5,3,5,2,0,1,1,0,0,0,0,0,"794207,8318","5827711,513","13,33707297","52,51991881",,,4135.0,49.0
211328,11,2,2400625.0,2021,5,19,4,2,6,4,0,0,1,1,0,0,0,1,"800917,2899","5826830,983","13,43486597","52,50836553",,,3830.0,60.0
211327,11,2,2200208.0,2021,5,14,5,3,5,2,0,1,1,0,0,0,0,0,"797546,9419","5825062,032","13,38377269","52,4943576",,,2742.0,61.0
211326,11,8,8100313.0,2021,4,18,4,3,5,2,0,1,1,0,0,0,0,0,"801397,4833","5824766,376","13,44005158","52,48959502",,,4063.0,55.0
211325,11,4,4300623.0,2021,4,11,6,3,1,5,0,1,0,0,0,0,1,0,"791962,9081","5826453,547","13,30297737","52,509848",,,3447.0,60.0
211324,11,11,11300722.0,2021,4,15,5,2,5,3,0,1,1,0,0,0,0,0,"803991,9761","5827772,249","13,4808901","52,51509726",,,5046.0,45.0
211323,11,8,8100418.0,2021,5,22,3,3,2,2,2,1,1,0,0,0,0,0,"802409,7879","5823720,969","13,45396713","52,47966519",,,5038.0,31.0
211322,11,11,11400929.0,2021,3,14,2,3,5,3,0,0,1,0,0,0,0,0,"805269,0955","5827008,632","13,49895172","52,5075401",,,3737.0,55.0
211321,11,1,1401048.0,2021,4,13,5,3,5,2,0,0,1,0,0,0,1,0,"795188,4739","5831340,184","13,35470698","52,55191692",,,5851.0,63.0
211320,11,12,12100101.0,2021,3,16,5,3,5,2,0,1,0,0,0,0,1,0,"795790,9554","5832581,907","13,36467355","52,5627209",,,5039.0,34.0
211319,11,4,4501150.0,2021,5,17,2,3,0,3,0,1,1,0,0,0,0,0,"793696,6221","5823939,424","13,32623315","52,48637939",,,5463.0,46.0
211318,11,1,1100308.0,2021,4,13,2,2,5,2,0,1,1,0,0,0,0,0,"797038,2048","5829319,343","13,38010142","52,53279687",,,3338.0,53.0
211317,11,1,1401047.0,2021,5,17,2,3,1,5,0,1,1,0,0,0,0,0,"795870,9725","5830473,416","13,36397147","52,54377688",,,4251.0,2.0
211316,11,2,2400521.0,2021,4,13,5,3,3,6,0,0,1,0,0,1,0,0,"800591,1299","5828480,157","13,43156458","52,52332734",,,4263.0,51.0
211315,11,11,11400931.0,2021,5,10,1,3,2,6,0,0,1,0,1,0,0,0,"806657,5312","5827054,891","13,51938762","52,50717607",,,6660.0,39.0
211314,11,9,9501939.0,2021,5,12,6,3,6,7,0,0,1,1,0,0,0,0,"811005,1442","5821742,815","13,57828493","52,4571112",,,4455.0,27.0
211313,11,3,3300517.0,2021,4,15,2,3,4,6,0,1,1,0,0,0,0,0,"802918,5197","5834134,635","13,4709214","52,57271916",,,5038.0,31.0
211312,11,2,2200209.0,2021,4,12,5,3,0,3,0,1,1,0,0,0,0,0,"797509,1495","5824744,112","13,38293378","52,49152841",,,3549.0,24.0
211311,11,2,2500835.0,2021,5,19,4,3,5,2,0,1,1,0,0,0,0,1,"803020,0729","5825762,14","13,46478187","52,49762176",,,3849.0,22.0
211310,11,4,4200206.0,2021,4,19,3,3,5,3,0,0,1,0,1,0,0,0,"786235,0585","5826007,712","13,21842747","52,50888653",,,6143.0,61.0
211309,11,4,4200308.0,2021,3,12,3,2,5,3,0,1,1,0,0,0,0,0,"789476,2186","5827467,544","13,2673214","52,52026401",,,3451.0,50.0
211308,11,2,2200207.0,2021,4,21,5,2,8,1,2,0,1,0,0,0,0,0,"797088,9067","5824720,697","13,37674148","52,49154739",,,3436.0,49.0
211307,11,3,3300516.0,2021,3,12,6,3,5,2,0,1,1,0,0,0,0,1,"801362,1614","5833159,04","13,44713941","52,56483885",,,4164.0,52.0
211306,11,1,1400942.0,2021,5,12,4,3,5,2,0,1,1,0,0,0,0,0,"795117,694","5830865,557","13,35324426","52,54770064",,,4456.0,28.0
211305,11,4,4100101.0,2021,5,16,4,3,5,2,0,1,0,0,0,0,1,0,"790400,2808","5829029,246","13,28226619","52,5337734",,,4856.0,19.0
211304,11,2,2100106.0,2021,4,18,5,3,5,3,0,0,1,0,0,0,1,0,"798595,5902","5825582,386","13,39963952","52,49844923",,,4455.0,27.0
211303,11,1,1300836.0,2021,4,14,3,3,6,4,0,0,1,1,0,0,0,1,"796514,5789","5830924,205","13,3738368","52,54746785",,,6359.0,27.0
211302,11,1,1100205.0,2021,5,22,6,3,0,1,2,1,0,0,0,0,0,0,"797247,0082","5827371,914","13,38143003","52,51522658",,,4257.0,20.0
211301,11,9,9300922.0,2021,4,13,2,3,5,3,0,0,1,0,0,0,0,0,"808170,7128","5815764,477","13,53119254","52,405138",,,3250.0,40.0
211300,11,9,9200510.0,2021,3,9,3,3,2,6,0,0,1,0,0,0,0,0,"806226,0479","5822179,262","13,50857091","52,46372137",,,7935.0,61.0
211299,11,6,6400841.0,2021,4,12,3,3,5,3,0,0,1,0,0,0,0,0,"789855,4458","5818753,807","13,26531915","52,44194169",,,4849.0,28.0
211298,11,11,11200411.0,2021,5,18,6,2,6,4,0,0,0,1,0,0,1,0,"805417,4113","5831622,228","13,50536805","52,54880586",,,4336.0,60.0
211297,11,9,9501838.0,2021,4,9,4,2,0,7,0,1,0,0,0,0,0,0,"817053,037","5821179,896","13,66646354","52,44859279",,,4262.0,53.0
211296,11,6,6400838.0,2021,3,5,4,2,0,7,2,1,0,0,0,0,0,0,"787494,4799","5817560,831","13,22965388","52,43249214",,,4918.0,59.0
211295,11,3,3601245.0,2021,4,17,6,3,5,3,0,0,1,0,0,0,1,0,"800483,3466","5831254,78","13,43248936","52,54825636",,,6146.0,58.0
211294,11,12,12601133.0,2021,3,14,7,3,6,4,0,0,1,1,0,0,0,1,"795250,4606","5836561,499","13,36026806","52,59868751",,,2130.0,45.0
211293,11,2,2200213.0,2021,5,14,2,2,3,6,0,0,1,0,1,0,0,0,"799271,3972","5825000,96","13,40904282","52,4928674",,,5063.0,29.0
211292,11,6,6300524.0,2021,5,18,5,3,5,3,0,1,0,0,0,0,0,0,"788422,7191","5816597,556","13,24243892","52,42336712",,,3539.0,53.0
211291,11,5,5100208.0,2021,5,11,4,3,5,3,0,1,0,0,0,0,1,0,"782361,4199","5830480,729","13,16530353","52,55101227",,,4769.0,58.0
211290,11,1,1200624.0,2021,4,11,7,3,3,6,0,0,1,0,1,0,0,0,"795498,8007","5829595,07","13,35771818","52,53610527",,,4449.0,28.0
211289,11,4,4501043.0,2021,5,15,1,3,5,3,0,1,1,0,0,0,0,1,"792326,6078","5825267,398","13,30727971","52,49901967",,,3569.0,53.0
211288,11,12,12500930.0,2021,4,6,3,3,5,7,0,1,1,0,0,0,0,0,"793546,762","5834253,109","13,33314091","52,57891676",,,6237.0,55.0
211287,11,7,7601545.0,2021,3,13,4,3,6,4,0,0,1,1,0,0,0,0,"800736,2987","5813970,819","13,42062797","52,39319419",,,5654.0,60.0
211286,11,7,7501134.0,2021,4,18,7,3,5,3,0,0,1,0,0,0,1,0,"799168,0446","5819063,928","13,40220239","52,4397065",,,5662.0,47.0
211285,11,12,12100205.0,2021,5,17,7,2,1,5,0,0,1,0,0,0,0,1,"794288,8813","5832922,51","13,34288055","52,56658811",,,4664.0,42.0
211284,11,2,2300314.0,2021,5,23,7,3,1,5,2,1,1,0,0,0,0,0,"800343,6746","5826261,184","13,42592552","52,50357432",,,5526.0,58.0
211283,11,4,4300623.0,2021,4,17,2,3,5,3,0,1,1,0,0,0,0,0,"792534,6946","5826123,986","13,31108889","52,50658725",,,4968.0,61.0
211282,11,2,2500727.0,2021,5,15,3,3,2,6,0,0,1,0,1,0,0,0,"802221,104","5827724,703","13,45482996","52,51565524",,,5249.0,5.0
211281,11,7,7100103.0,2021,5,15,7,2,1,5,0,1,1,0,0,0,0,0,"795969,6614","5825147,869","13,36068412","52,49598463",,,5142.0,45.0
211280,11,1,1100416.0,2021,5,8,5,3,1,5,0,1,1,0,0,0,0,1,"798808,1797","5829313,223","13,4061122","52,53177459",,,4449.0,28.0
211279,11,3,3200308.0,2021,4,7,2,3,6,4,0,0,1,1,0,0,0,1,"800173,57","5836595,828","13,43276911","52,59629999",,,4555.0,52.0
211278,11,3,3400724.0,2021,3,14,4,2,0,1,0,1,0,0,0,0,0,0,"799766,6193","5834835,588","13,42518638","52,58074704",,,6629.0,41.0
211277,11,6,6100205.0,2021,4,13,4,3,2,6,0,0,1,0,0,0,1,0,"796144,1608","5819557,513","13,35828441","52,44577698",,,5840.0,59.0
211276,11,9,9501737.0,2021,3,10,2,3,0,3,0,1,1,0,0,0,0,0,"814242,2069","5822313,542","13,62630686","52,46037407",,,3933.0,51.0
211275,11,12,12200308.0,2021,4,15,7,3,1,7,0,0,1,0,1,0,0,0,"792703,9618","5833508,305","13,32008103","52,57269396",,,6444.0,53.0
211274,11,11,11400929.0,2021,3,14,6,3,0,4,0,1,0,1,0,0,0,0,"804830,9695","5826495,116","13,49204619","52,50318267",,,3736.0,61.0
211273,11,4,4501148.0,2021,5,9,2,2,5,2,0,0,1,0,1,0,0,0,"793347,5271","5823072,654","13,32034406","52,47879678",,,4360.0,52.0
211272,11,11,11300616.0,2021,5,15,5,2,6,4,0,0,1,1,1,0,0,0,"803215,8623","5830003,234","13,47152214","52,5355251",,,3756.0,4.0
211271,11,1,1100415.0,2021,5,9,4,3,5,2,0,1,1,0,0,0,0,0,"798309,2921","5829374,771","13,39883461","52,53259954",,,5153.0,47.0
211270,11,7,7100101.0,2021,4,9,5,2,5,3,0,1,1,0,0,0,0,0,"794589,3843","5825438,74","13,34066855","52,49933888",,,3745.0,36.0
211269,11,6,6400737.0,2021,4,17,5,3,5,7,0,0,1,0,0,0,0,0,"784891,2812","5817548,676","13,19145672","52,43374519",,,7746.0,63.0
211268,11,9,9301126.0,2021,4,0,3,3,3,6,2,0,1,0,0,1,0,0,"810172,1341","5817696,985","13,56231013","52,42132684",,,7252.0,60.0
211267,11,4,4200203.0,2021,3,15,4,2,0,3,0,0,1,0,1,0,0,0,"788310,1191","5826875,6","13,24966979","52,51557478",,,1959.0,49.0
211266,11,1,1401047.0,2021,4,19,6,3,1,5,0,1,1,0,0,0,0,0,"795423,4491","5830618,317","13,35752033","52,54531863",,,5849.0,58.0
211265,11,3,3601142.0,2021,5,15,7,3,2,6,0,1,1,0,0,0,0,0,"798261,3498","5830916,532","13,3995139","52,54644554",,,5138.0,54.0
211264,11,2,2100102.0,2021,3,17,3,3,3,6,0,0,0,0,0,0,1,0,"798196,9419","5825522,24","13,39373059","52,49812807",,,5254.0,63.0
211263,11,7,7300515.0,2021,4,13,2,3,1,5,0,1,0,0,0,0,1,0,"793759,0696","5822941,201","13,32627059","52,47739714",,,3760.0,45.0
211262,11,1,1401047.0,2021,5,6,3,3,1,5,0,0,1,0,1,0,0,0,"795665,1584","5830549,943","13,36101348","52,54457461",,,5163.0,58.0
211261,11,10,10100316.0,2021,5,19,6,3,5,3,0,0,1,0,0,0,0,1,"810101,7883","5831390,921","13,57401618","52,54408682",,,5883.0,63.0
211260,11,4,4200203.0,2021,5,19,4,3,8,1,0,0,1,0,0,0,0,1,"788044,1573","5826858,408","13,24574635","52,51556118",,,5551.0,40.0
211259,11,1,1400938.0,2021,5,12,5,3,5,7,0,1,1,0,0,0,0,0,"794814,31","5831331,888","13,34919714","52,55204519",,,4363.0,22.0
211258,11,8,8200624.0,2021,4,21,6,3,3,6,2,0,1,0,0,0,0,0,"801218,0586","5820572,702","13,43363053","52,45210495",,,6146.0,58.0
211257,11,5,5200631.0,2021,3,10,4,3,5,3,0,0,1,0,0,0,0,0,"784643,0988","5827975,001","13,19671763","52,52735835",,,5453.0,1.0
211256,11,8,8100521.0,2021,4,21,3,3,2,6,2,0,1,0,0,0,0,0,"803769,2073","5822188,322","13,47252723","52,46517389",,,3749.0,17.0
211255,11,6,6200422.0,2021,4,15,3,3,2,6,0,1,1,0,0,0,0,0,"794216,3909","5816862,109","13,32762999","52,42265446",,,3845.0,63.0
211254,11,5,5200630.0,2021,5,9,3,3,6,7,0,1,0,1,0,0,0,0,"784439,8031","5827586,209","13,19339643","52,52397852",,,1358.0,51.0
211253,11,12,12400618.0,2021,3,18,2,3,3,6,0,1,0,0,0,0,0,0,"786909,8814","5838379,451","13,23904233","52,61945134",,,4558.0,14.0
211252,11,4,4501042.0,2021,4,17,4,2,5,2,0,0,1,0,0,0,0,0,"794349,984","5826074,583","13,33771412","52,50516802",,,4752.0,45.0
211251,11,3,3300412.0,2021,3,17,5,3,5,3,0,0,1,0,0,0,0,0,"802621,5204","5838062,988","13,47014089","52,60809303",,,3245.0,33.0
211250,11,1,1100207.0,2021,5,8,3,3,5,3,0,1,1,0,0,0,0,0,"798154,8935","5826711,902","13,39417829","52,50881487",,,4061.0,48.0
211249,11,12,12500930.0,2021,4,16,7,3,2,2,0,0,1,0,0,0,0,0,"792476,0501","5834307,667","13,3174328","52,5799824",,,2634.0,40.0
211248,11,8,8401245.0,2021,5,16,2,3,5,3,0,0,1,0,0,0,0,0,"806606,9344","5815508,621","13,50804272","52,40372272",,,4447.0,16.0
211247,11,3,3200205.0,2021,4,10,4,3,5,3,0,0,1,0,0,0,0,0,"797314,227","5835283,202","13,38950147","52,58610485",,,4357.0,21.0
211246,11,8,8100102.0,2021,5,9,7,3,2,6,0,0,1,0,0,0,1,0,"799503,5093","5823753,936","13,41133082","52,48156234",,,5064.0,24.0
211245,11,1,1100309.0,2021,5,18,6,3,5,2,0,1,0,0,0,0,0,1,"798251,2945","5828942,15","13,39759399","52,52875341",,,7835.0,51.0
211244,11,7,7100206.0,2021,4,15,3,3,3,6,0,0,1,0,0,0,0,0,"796662,6654","5824826,482","13,3705761","52,49272746",,,4446.0,12.0
211243,11,2,2200207.0,2021,4,12,6,2,5,2,0,1,0,0,0,0,1,0,"797090,1129",5824709,"13,37674876","52,49144188",,,4756.0,48.0
211242,11,12,12500928.0,2021,5,15,4,3,5,3,0,0,1,0,0,0,0,0,"792234,3926","5837196,882","13,31642575","52,60601273",,,1225.0,49.0
211241,11,5,5100316.0,2021,4,11,3,3,2,6,0,0,1,0,0,0,0,0,"784969,7716","5829414,779","13,20275445","52,54009666",,,3757.0,51.0
211240,11,11,11300724.0,2021,3,13,3,3,5,3,0,1,1,0,0,0,0,0,"804603,699","5827475,729","13,48960553","52,5120984",,,3053.0,54.0
211239,11,9,9200819.0,2021,4,12,6,3,1,5,0,1,1,0,0,0,0,0,"810487,763","5820173,614","13,56923633","52,44334269",,,3444.0,24.0
211238,11,10,10400836.0,2021,3,14,6,3,5,3,0,0,1,0,0,0,0,0,"811571,4337","5827389,854","13,59186941","52,50739389",,,5145.0,46.0
211237,11,1,1100205.0,2021,5,7,3,3,0,2,0,1,1,0,0,0,0,0,"796995,1329","5826616,928","13,37705541","52,50859615",,,4853.0,18.0
211236,11,11,11100203.0,2021,5,15,3,3,6,2,0,0,1,1,0,0,0,0,"806824,0124","5833826,248","13,52808471","52,56776796",,,5548.0,37.0
211235,11,4,4300414.0,2021,4,15,6,3,0,2,0,1,0,0,0,0,1,0,"791560,542","5826638,844","13,29722772","52,51172437",,,5662.0,47.0
211234,11,4,4300623.0,2021,4,14,3,3,2,6,0,0,1,0,0,0,0,0,"792174,8292","5826124,67","13,30580243","52,50678623",,,4461.0,54.0
211233,11,3,3500936.0,2021,5,10,6,2,6,2,0,0,1,1,0,0,0,0,"801854,3019","5831374,821","13,45275547","52,54857438",,,3550.0,28.0
211232,11,1,1100313.0,2021,4,8,3,3,5,3,0,1,0,0,0,0,1,0,"799700,5133","5827210,012","13,41733264","52,51243275",,,2953.0,57.0
211231,11,8,8200622.0,2021,3,9,3,3,5,2,0,0,1,0,0,0,0,0,"801225,2158","5821682,469","13,43473675","52,4620482",,,4648.0,37.0
211230,11,4,4100102.0,2021,4,16,4,3,3,6,0,0,1,0,0,0,0,1,"791132,4193","5829158,751","13,29314291","52,53454382",,,4564.0,57.0
211229,11,4,4501041.0,2021,5,22,6,3,2,2,2,0,1,0,0,0,0,0,"793300,1376","5825665,794","13,32193078","52,50206878",,,6935.0,43.0
211228,11,2,2200207.0,2021,3,18,4,3,5,2,0,1,1,0,0,0,0,0,"797257,0234","5824804,713","13,37928529","52,49220898",,,4033.0,40.0
211227,11,8,8100314.0,2021,4,18,7,3,5,2,0,1,1,0,0,0,0,0,"800365,9658","5824353,417","13,42453285","52,48646203",,,734.0,65.0
211226,11,9,9200510.0,2021,3,11,7,2,5,3,0,1,0,0,0,0,1,0,"805905,6177","5822714,449","13,50435965","52,46869743",,,1867.0,58.0
211225,11,9,9100202.0,2021,5,16,2,3,5,7,0,0,1,0,0,0,0,0,"803228,09","5823857,471","13,46610371","52,4804349",,,6427.0,48.0
211224,11,4,4300517.0,2021,5,15,6,3,2,6,0,0,1,0,0,0,0,1,"791452,282","5828309,436","13,29710068","52,52675888",,,2954.0,41.0
211223,11,5,5200422.0,2021,5,14,4,3,5,2,0,0,1,0,1,0,0,0,"780075,953","5828700,069","13,13018323","52,53622559",,,4557.0,40.0
211222,11,1,1200623.0,2021,4,12,6,3,5,7,0,0,1,0,0,0,0,0,"795432,4634","5829538,317","13,35669253","52,53563249",,,7025.0,64.0
211221,11,9,9501737.0,2021,5,9,1,3,0,7,0,0,1,0,0,0,0,1,"814831,2065","5823997,861","13,63653647","52,47512795",,,6426.0,51.0
211220,11,6,6300634.0,2021,4,19,4,2,0,1,1,0,0,0,1,0,0,0,"792171,945","5817834,435","13,29849983","52,43246677",,,5428.0,49.0
211219,11,1,1200626.0,2021,3,16,4,2,5,3,0,1,1,0,0,0,0,0,"795082,9372","5827876,295","13,3500792","52,52092312",,,4451.0,11.0
211218,11,11,10100205.0,2021,4,5,2,3,5,3,2,1,0,0,0,0,1,1,"807664,6435","5833598,85","13,5402375","52,56525565",,,4026.0,63.0
211217,11,2,2100102.0,2021,5,13,1,3,5,2,0,1,1,0,0,0,0,1,"798371,7883","5826337,013","13,39702863","52,50533589",,,3744.0,45.0
211216,11,2,2300314.0,2021,5,10,7,3,0,3,0,1,0,0,1,0,0,0,"800040,9237","5826344,066","13,42155325","52,50448379",,,958.0,48.0
211215,11,10,10100205.0,2021,4,6,2,3,5,3,0,0,1,0,0,0,0,0,"808294,3436","5832811,218","13,54876651","52,55784088",,,3748.0,42.0
211214,11,6,6100207.0,2021,5,9,3,3,2,7,0,0,1,0,0,0,0,0,"793810,616","5819376,33","13,32388946","52,4454117",,,1749.0,65.0
211213,11,4,4300623.0,2021,5,17,7,3,5,2,0,1,1,0,0,0,0,0,"792541,5636","5826115,416","13,31118228","52,50650674",,,3851.0,47.0
211212,11,8,8100207.0,2021,5,17,5,3,6,4,0,0,1,1,0,0,0,0,"801016,5573","5823341,835","13,43317192","52,47703663",,,4265.0,5.0
211211,11,2,2500726.0,2021,4,16,1,3,6,4,0,0,0,1,0,0,1,1,"801753,1902","5828656,304","13,44880044","52,5242643",,,6167.0,41.0
211210,11,12,12601235.0,2021,4,13,5,3,2,2,0,0,1,0,0,0,0,0,"794465,8966","5836244,992","13,34843647","52,59627573",,,6828.0,55.0
211209,11,12,12500825.0,2021,5,22,4,3,0,1,2,0,0,0,1,0,0,1,"792370,4924","5835079,931","13,31656072","52,58696212",,,4547.0,11.0
211208,11,1,1100311.0,2021,4,16,3,2,3,6,0,1,0,0,0,0,0,0,"799719,6565","5827797,125","13,41814273","52,51768477",,,4750.0,40.0
211207,11,3,3200308.0,2021,3,15,2,3,2,6,0,1,1,0,0,0,0,0,"800143,3173","5836329,695","13,43208262","52,59393131",,,4234.0,52.0
211206,11,1,1100102.0,2021,4,16,5,2,5,3,0,1,1,0,0,0,0,0,"796034,1781","5826691,256","13,36300384","52,50978474",,,5064.0,24.0
211205,11,7,7601339.0,2021,3,5,5,2,5,2,1,0,1,0,1,0,0,0,"795809,1168","5816026,344","13,35024548","52,41430368",,,5346.0,61.0
211204,11,1,1100416.0,2021,5,8,2,3,1,5,0,1,1,0,0,0,0,0,"798492,2876","5829457,047","13,40159827","52,53323684",,,4266.0,52.0
211203,11,1,1300834.0,2021,4,15,1,3,5,3,0,0,1,0,0,0,1,0,"797760,1092","5830894,708","13,39212441","52,54652411",,,3850.0,33.0
211202,11,4,4400728.0,2021,5,10,2,3,5,2,0,0,1,0,0,1,0,0,"790666,2093","5823281,257","13,28115648","52,48210068",,,4946.0,51.0
211201,11,9,9200819.0,2021,4,11,4,3,5,2,0,1,1,0,0,0,0,0,"810486,4123","5820325,897","13,56935802","52,44470818",,,1225.0,49.0
211200,11,4,4300623.0,2021,5,15,1,3,1,5,0,0,1,0,0,0,1,0,"791997,0485","5826242,314","13,30329369","52,50793606",,,3050.0,39.0
211199,11,6,6400737.0,2021,4,18,7,3,5,3,0,0,1,0,0,0,0,0,"786119,3566","5816873,711","13,20889439","52,42705243",,,4450.0,25.0
211198,11,6,6400841.0,2021,5,12,6,3,2,2,0,0,1,0,0,0,0,0,"789832,0282","5818728,695","13,26495381","52,44172896",,,3849.0,22.0
211197,11,4,4501148.0,2021,4,11,2,3,5,2,0,1,1,0,0,0,0,0,"793346,9412","5823082,417","13,32034405","52,47888462",,,1867.0,58.0
211196,11,1,1401045.0,2021,4,9,7,3,2,6,0,0,1,0,0,0,0,0,"796662,9018","5831673,026","13,37668678","52,55409943",,,3650.0,32.0
211195,11,7,7501029.0,2021,4,16,4,3,0,6,0,0,0,0,1,0,0,1,"797735,4825","5819132,06","13,38125028","52,44109903",,,4161.0,54.0
211194,11,1,1100205.0,2021,5,15,4,2,2,6,0,0,0,0,1,0,1,0,"797459,5819","5826827,173","13,3840665","52,51022771",,,7556.0,65.0
211193,11,4,4501043.0,2021,4,12,4,2,0,5,0,1,1,0,0,0,0,0,"793065,8394","5824814,253","13,31773965","52,4945609",,,4048.0,46.0
211192,11,5,5300736.0,2021,3,14,3,3,5,3,0,1,1,0,0,0,0,0,"785713,1657","5829289,726","13,21357836","52,53858617",,,5133.0,32.0
211191,11,1,1100103.0,2021,4,15,6,3,2,6,0,0,1,0,1,0,0,0,"796277,0547","5826264,625","13,36619239","52,50582854",,,3228.0,32.0
211190,11,6,6400844.0,2021,3,10,6,3,5,3,0,0,1,0,0,0,0,0,"790314,4007","5820353,988","13,27344323","52,45604427",,,4144.0,57.0
211189,11,1,1401047.0,2021,5,0,3,3,5,3,2,1,1,0,0,0,0,1,"795341,8706","5830382,797","13,35611141","52,54325163",,,5126.0,38.0
211188,11,4,4501042.0,2021,5,19,3,3,2,6,1,1,1,0,0,0,0,0,"794188,3239","5825979,062","13,33525481","52,50439892",,,5256.0,48.0
211187,11,8,8200623.0,2021,3,20,2,3,5,2,2,0,1,0,0,0,0,0,"801544,2511","5820646,983","13,43848319","52,45259092",,,6023.0,59.0
211186,11,9,9200715.0,2021,4,11,5,3,5,2,0,1,1,0,0,0,0,0,"808645,9373","5819162,442","13,54129044","52,4353232",,,7032.0,50.0
211185,11,10,10400940.0,2021,3,15,5,3,5,3,0,0,1,0,0,0,1,0,"812234,7074","5824581,412","13,5989784","52,48184768",,,4546.0,40.0
211184,11,1,1100102.0,2021,5,12,2,3,5,2,0,0,1,0,0,0,0,0,"796578,3024","5826873,197","13,37116003","52,51112012",,,3732.0,63.0
211183,11,8,8100415.0,2021,4,14,7,2,6,4,0,0,1,1,0,0,0,0,"801719,8586","5823692,128","13,44381282","52,47978829",,,4135.0,49.0
211182,11,6,6300528.0,2021,5,12,2,3,2,6,0,0,1,0,0,0,0,0,"790247,299","5815103,383","13,26790041","52,40900657",,,3944.0,21.0
211181,11,5,5100101.0,2021,4,13,5,2,6,4,0,0,0,1,0,0,1,0,"784869,1131","5832591,653","13,20400054","52,56863286",,,9328.0,63.0
211180,11,5,5100317.0,2021,5,13,1,3,2,6,0,1,1,0,0,0,0,0,"786992,4826","5828157,007","13,23141132","52,52775839",,,4749.0,23.0
211179,11,5,5100314.0,2021,5,23,5,3,1,7,2,0,1,0,0,0,0,0,"785227,4724","5830286,524","13,20729249","52,54777778",,,3264.0,52.0
211178,11,9,9401432.0,2021,4,14,3,3,5,2,0,0,1,0,0,0,0,0,"812133,8133","5820399,908","13,5935872","52,44443356",,,3262.0,61.0
211177,11,1,1100309.0,2021,4,15,6,3,0,1,0,1,0,0,0,0,0,0,"797748,1908","5828573,284","13,38986931","52,52572201",,,5826.0,49.0
211176,11,11,11200411.0,2021,4,16,4,3,6,4,0,0,1,1,0,0,0,0,"805153,7951","5831646,443","13,50151461","52,54917061",,,4262.0,53.0
211175,11,1,1200517.0,2021,4,7,3,3,0,7,0,0,1,0,0,0,0,0,"792683,5797","5828275,236","13,31516869","52,52579264",,,5166.0,65.0
211174,11,8,8200624.0,2021,5,13,4,3,6,7,0,1,0,1,0,0,0,0,"800956,6063","5820837,408","13,43003325","52,45462161",,,5162.0,47.0
211173,11,12,12500824.0,2021,4,13,3,3,1,5,0,1,1,0,0,0,0,0,"790957,3405","5836982,189","13,29743225","52,60477309",,,6151.0,48.0