OBJECTID,LAND,BEZ,LOR_ab_2021,UJAHR,UMONAT,USTUNDE,UWOCHENTAG,UKATEGORIE,UART,UTYP1,ULICHTVERH,IstRad,IstPKW,IstFuss,IstKrad,IstGkfz,IstSonstige,USTRZUSTAND,LINREFX,LINREFY,XGCSWGS84,YGCSWGS84,LOR,STRASSE,quadrant,quadrant_rank
211000,11,8,8301037.0,2021,5,15,6,3,0,1,0,0,0,0,0,0,1,0,"804663,0632","5817817,598","13,48165878","52,42550259",,,4937.0,59.0
210999,11,9,9200715.0,2021,4,10,2,3,5,3,0,1,0,0,0,0,1,0,"809218,816","5818619,013","13,54918817","52,43012948",,,4547.0,11.0
210998,11,5,5100316.0,2021,3,14,2,3,5,3,0,0,1,0,0,1,0,0,"784782,177","5828809,074","13,19947676","52,534764",,,4357.0,21.0
210997,11,8,8401243.0,2021,4,18,3,2,6,7,1,0,0,1,1,0,0,1,"806238,6195","5817289,233","13,50427437","52,41988762",,,4450.0,25.0
210996,11,1,1400942.0,2021,5,19,6,3,5,3,0,0,1,0,0,0,0,1,"794917,6931","5830561,401","13,35003324","52,54508244",,,3449.0,40.0
210995,11,5,5100208.0,2021,4,10,4,3,5,2,0,0,1,0,0,0,0,0,"782359,6096","5830492,579","13,16528697","52,55111946",,,559.0,65.0
210994,11,9,9501939.0,2021,3,9,3,3,5,3,0,1,1,0,0,0,0,0,"810822,8129","5821366,1","13,57525949","52,45383895",,,4453.0,15.0
210993,11,3,3601141.0,2021,4,8,1,3,6,4,0,0,1,1,0,0,0,0,"799191,093","5831330,916","13,41355728","52,54965005",,,5856.0,52.0
210992,11,1,1100308.0,2021,3,14,6,3,5,3,0,1,1,0,0,0,0,1,"796928,8497","5828126,166","13,37742846","52,52216094",,,4647.0,52.0
210991,11,12,12500930.0,2021,5,9,2,2,0,1,0,0,1,0,0,0,0,0,"793936,2325","5835181,409","13,33969543","52,58702805",,,6356.0,61.0
210990,11,12,12100205.0,2021,5,16,5,3,2,2,0,0,1,0,0,0,0,0,"794538,2666","5832979,94","13,34660027","52,56696805",,,3437.0,57.0
210989,11,1,1100312.0,2021,5,17,4,2,5,3,0,1,1,0,0,0,0,0,"799488,4747","5827073,169","13,41409431","52,51132261",,,5342.0,38.0
210988,11,5,5100104.0,2021,4,10,6,3,5,3,0,0,1,0,0,0,0,0,"785852,9197","5831729,408","13,21773358","52,56038647",,,4352.0,37.0
210987,11,3,3400828.0,2021,4,15,5,3,5,7,0,1,1,0,0,0,0,0,"799724,1576","5832504,329","13,42245485","52,5598747",,,7054.0,53.0
210986,11,8,8200833.0,2021,4,12,4,3,5,3,0,0,1,0,1,0,0,0,"801895,041","5816960,825","13,44030083","52,41935731",,,5457.0,20.0
210985,11,11,11300617.0,2021,3,19,4,3,5,2,2,1,1,0,0,0,0,0,"803066,0807","5829528,161","13,46888746","52,53135042",,,4261.0,37.0
210984,11,9,9200715.0,2021,4,18,4,2,2,6,1,0,1,0,0,0,0,0,"809196,5662","5818339,8","13,54860383","52,42763976",,,3164.0,63.0
210983,11,5,5100316.0,2021,5,13,7,3,2,6,0,0,1,0,1,0,0,0,"784497,2975","5828871,575","13,1953416","52,53547317",,,2181.0,63.0
210982,11,4,4400729.0,2021,5,17,7,3,5,3,0,0,1,0,0,0,0,1,"790565,743","5822036,703","13,27859684","52,47099654",,,5041.0,31.0
210981,11,8,8200725.0,2021,4,8,3,3,2,2,0,0,1,0,0,0,0,0,"800644,886","5819367,902","13,42413712","52,44162131",,,6634.0,61.0
210980,11,12,12100205.0,2021,5,17,3,3,5,3,0,1,1,0,0,0,0,0,"795564,3886","5834516,939","13,36306544","52,5801896",,,4968.0,61.0
210979,11,11,11401033.0,2021,5,22,6,3,1,1,2,0,1,0,0,0,0,1,"807520,4272","5827763,153","13,53271579","52,51303786",,,5271.0,64.0
210978,11,4,4400830.0,2021,5,17,5,2,2,7,0,0,1,1,0,0,0,0,"790983,4187","5822993,405","13,28556317","52,47935112",,,4864.0,14.0
210977,11,2,2200212.0,2021,4,15,1,3,5,3,0,1,1,0,0,0,0,1,"799611,2348","5824523,121","13,41360374","52,48839787",,,4257.0,20.0
210976,11,7,7200307.0,2021,3,13,4,3,2,6,0,0,1,0,1,0,0,0,"794934,7163","5824578,991","13,34497981","52,49144527",,,5143.0,6.0
210975,11,8,8200832.0,2021,5,9,3,3,1,5,0,0,1,0,0,0,0,0,"801499,3033","5817729,224","13,4351917","52,4264629",,,4446.0,12.0
210974,11,7,7100206.0,2021,3,19,1,3,0,3,0,1,0,0,0,0,1,0,"796112,5526","5824921,606","13,36258167","52,49387887",,,2658.0,65.0
210973,11,1,1401049.0,2021,4,20,4,3,3,5,2,0,1,0,0,0,0,0,"796346,4098","5831849,905","13,37219024","52,55585726",,,3750.0,33.0
210972,11,2,2200209.0,2021,3,12,5,3,0,7,0,1,0,0,0,0,0,0,"797102,9566","5824439,211","13,37669683","52,48901651",,,3554.0,52.0
210971,11,8,8100312.0,2021,5,13,3,3,1,5,0,1,1,0,0,0,0,0,"801464,7265","5824102,005","13,44043804","52,483603",,,3151.0,40.0
210970,11,4,4501146.0,2021,4,15,1,3,5,7,0,1,1,0,0,0,0,0,"793217,4336","5823926,706","13,31918518","52,48652294",,,3959.0,52.0
210969,11,4,4100101.0,2021,5,2,2,3,0,1,2,1,0,0,0,0,0,0,"789604,5615","5830350,335","13,27171948","52,54604054",,,5246.0,59.0
210968,11,11,11300826.0,2021,4,14,4,2,2,7,0,0,1,0,1,0,0,0,"804125,9247","5826815,19","13,48198346","52,5064448",,,4452.0,21.0
210967,11,5,5300737.0,2021,5,15,1,3,5,2,0,1,1,0,0,0,0,0,"787749,2835","5830017,576","13,24414739","52,54404032",,,3758.0,50.0
210966,11,4,4400832.0,2021,4,12,4,3,5,3,0,1,1,0,0,0,0,0,"791346,5215","5821988,648","13,29001692","52,47014986",,,5051.0,33.0
210965,11,3,3400721.0,2021,5,13,6,3,5,3,0,1,0,0,0,0,1,0,"797776,9225","5832954,855","13,3942197","52,56498139",,,1455.0,54.0
210964,11,6,6200314.0,2021,4,16,2,3,5,3,0,1,0,0,1,0,0,0,"794718,6581","5818101,715","13,33608727","52,43349669",,,3382.0,61.0
210963,11,4,4200311.0,2021,4,15,5,3,0,7,0,0,0,0,1,0,0,0,"790510,9731","5826554,832","13,28173211","52,51153121",,,2139.0,65.0
210962,11,8,8100417.0,2021,4,16,4,2,5,3,0,0,1,1,0,0,0,0,"802579,2588","5823086,479","13,45587928","52,47388437",,,3770.0,57.0
210961,11,5,5400943.0,2021,5,15,4,3,2,6,0,0,1,0,0,0,0,0,"780274,0279","5821118,767","13,12671438","52,46814355",,,7054.0,53.0
210960,11,5,5100104.0,2021,4,20,4,3,5,3,1,1,1,0,0,0,0,0,"785997,2099","5831721,833","13,21984976","52,56024279",,,5727.0,61.0
210959,11,5,5200528.0,2021,3,14,3,3,5,2,0,1,1,0,0,0,0,0,"783251,4561","5826372,86","13,17489452","52,51371799",,,4458.0,48.0
210958,11,2,2100101.0,2021,4,6,5,3,5,2,0,0,1,0,0,1,0,0,"797857,6124","5825641,001","13,38885295","52,49937793",,,5065.0,44.0
210957,11,1,1300733.0,2021,3,19,7,2,1,5,1,1,1,0,0,0,0,0,"797544,8367","5831285,817","13,38930957","52,55014751",,,5841.0,59.0
210956,11,2,2300419.0,2021,5,18,4,3,5,3,1,1,1,0,0,0,0,1,"801590,6399","5825952,041","13,44396115","52,50011564",,,3749.0,17.0
210955,11,1,1401045.0,2021,5,12,3,3,5,2,0,1,1,0,0,0,0,0,"796704,6463","5831624,16","13,37725701","52,55363867",,,6442.0,53.0
210954,11,12,12601235.0,2021,4,11,6,3,2,6,0,0,1,0,0,0,0,0,"794600,2671","5836264,598","13,35043197","52,5963787",,,6727.0,55.0
210953,11,9,9401432.0,2021,4,13,3,3,2,2,0,0,1,0,0,0,0,0,"812136,5076","5820183,958","13,593425","52,44249682",,,4953.0,49.0
210952,11,9,9100408.0,2021,5,5,7,3,5,2,0,1,1,0,0,0,0,0,"806528,6391","5820098,024","13,51110061","52,44489888",,,2856.0,54.0
210951,11,3,3500934.0,2021,4,17,3,3,9,1,0,0,1,0,0,0,0,0,"800858,641","5832102,317","13,43877534","52,55564581",,,6234.0,51.0
210950,11,1,1100205.0,2021,3,3,3,2,6,2,2,0,1,1,0,0,0,1,"796972,3391","5826716,618","13,37680948","52,50950218",,,6267.0,58.0
210949,11,8,8100314.0,2021,4,10,6,3,5,3,0,1,0,0,1,0,0,0,"800367,4853","5824325,521","13,42453002","52,48621115",,,4473.0,61.0
210948,11,12,12200309.0,2021,5,12,6,3,2,4,0,0,1,1,0,0,0,1,"792886,4102","5832723,419","13,3220724","52,56555971",,,3634.0,50.0
210947,11,5,5100312.0,2021,5,15,6,3,5,2,0,1,1,0,0,0,0,0,"784488,9296","5830919,965","13,19697306","52,55384341",,,6543.0,63.0
210946,11,4,4400726.0,2021,3,19,4,3,5,3,0,1,1,0,0,0,0,0,"790852,3043","5823648,922","13,28420991","52,48529773",,,2529.0,40.0
210945,11,7,7100204.0,2021,4,18,6,3,1,5,0,1,1,0,0,0,0,0,"795501,6469","5824750,513","13,35345779","52,49267624",,,5147.0,55.0
210944,11,12,12200307.0,2021,3,10,7,3,5,7,0,0,1,0,0,0,0,1,"793538,4047","5834134,31","13,33291274","52,57785631",,,3849.0,22.0
210943,11,3,3601450.0,2021,5,7,2,3,5,3,0,0,1,0,1,0,0,0,"801940,5269","5829769,365","13,45256417","52,53413696",,,5767.0,63.0
210942,11,9,9200715.0,2021,5,16,6,3,5,3,0,1,1,0,0,0,0,1,"807398,0468","5818318,354","13,52221575","52,42846095",,,3560.0,52.0
210941,11,1,1100312.0,2021,5,17,4,3,1,5,0,1,1,0,0,0,0,0,"799257,7479","5826928,986","13,41057499","52,51015685",,,6135.0,63.0
210940,11,3,3400723.0,2021,4,0,7,3,5,3,2,0,1,0,0,0,0,0,"798603,3798","5833049,902","13,40646191","52,56538069",,,5131.0,45.0
210939,11,1,1300835.0,2021,5,14,1,3,2,6,0,0,1,0,1,0,0,0,"797173,8421","5830389,456","13,38305215","52,54231524",,,4745.0,46.0
210938,11,12,12200309.0,2021,4,18,4,3,5,2,0,1,1,0,0,0,0,0,"793041,5728","5832662,813","13,32430149","52,56493291",,,2951.0,33.0
210937,11,1,1400938.0,2021,3,17,4,3,5,5,0,0,1,0,0,0,0,0,"793834,9646","5830334,752","13,33391226","52,5436357",,,4523.0,61.0
210936,11,2,2100106.0,2021,4,11,6,3,6,4,0,0,0,1,1,0,0,0,"799178,5505","5825621,932","13,40823704","52,49848444",,,5050.0,37.0
210935,11,12,12200515.0,2021,4,17,2,2,5,3,0,0,1,0,0,0,0,0,"790373,4114","5834875,346","13,28698656","52,58619774",,,5457.0,20.0
210934,11,12,12400617.0,2021,5,17,6,3,2,6,0,1,1,0,0,0,0,0,"785768,9057","5836840,089","13,22090473","52,60625133",,,4139.0,53.0
210933,11,9,9501737.0,2021,4,15,3,3,0,1,0,1,0,0,0,0,0,0,"814206,1082","5821659,548","13,62516187","52,45453442",,,5446.0,19.0
210932,11,1,1200522.0,2021,3,7,3,3,3,6,0,0,1,0,0,1,0,0,"793684,1213","5828010,129","13,32964032","52,52287806",,,5051.0,33.0
210931,11,4,4100102.0,2021,4,12,4,3,0,1,0,0,0,0,1,0,0,0,"791173,6885","5829089,183","13,29368868","52,5338981",,,4340.0,45.0
210930,11,9,9501737.0,2021,5,12,6,1,6,7,0,0,1,1,0,0,0,0,"814150,8154","5821717,553","13,62440539","52,45508598",,,3248.0,24.0
210929,11,3,3200205.0,2021,4,11,5,2,5,3,0,0,1,0,0,0,0,0,"797907,9131","5835183,724","13,39814908","52,5848884",,,5428.0,49.0
210928,11,1,1200623.0,2021,3,16,4,3,5,2,0,1,1,0,0,0,0,0,"794957,557","5829449,752","13,34963251","52,5350958",,,6443.0,52.0
210927,11,10,10100311.0,2021,4,9,7,3,1,5,0,0,1,0,0,0,1,0,"807115,2393","5828067,135","13,52704431","52,51599045",,,1557.0,28.0
210926,11,12,12400723.0,2021,3,17,1,3,1,5,0,0,1,0,0,0,1,0,"791724,3852","5838951,512","13,31046329","52,62201617",,,5858.0,54.0
210925,11,11,11300722.0,2021,5,15,2,3,2,6,0,0,1,0,0,0,0,0,"803791,1982","5827705,341","13,47787934","52,51460945",,,4455.0,27.0
210924,11,10,10200421.0,2021,5,14,6,3,5,3,0,0,1,0,0,0,0,0,"812077,3656","5830608,758","13,60231957","52,53594988",,,3961.0,48.0
210923,11,6,6400840.0,2021,5,22,4,3,5,2,2,1,1,0,0,0,0,0,"788833,4552","5819602,443","13,25105894","52,45009093",,,3539.0,53.0
210922,11,2,2400521.0,2021,4,12,7,3,3,6,0,0,1,0,0,0,0,0,"800662,1224","5828466,353","13,43259532","52,52316447",,,6048.0,59.0
210921,11,2,2300314.0,2021,5,18,7,3,2,6,0,0,1,0,0,0,0,0,"800041,3319","5825751,466","13,42102531","52,49917185",,,7237.0,52.0
210920,11,6,6200315.0,2021,4,7,3,3,6,4,1,0,1,1,0,0,0,0,"796040,3713","5817525,487","13,35496216","52,4276175",,,5548.0,37.0
210919,11,8,8100103.0,2021,3,14,4,3,2,7,0,1,1,0,0,0,0,0,"800597,7063","5823187,771","13,42688451","52,47588637",,,4353.0,37.0
210918,11,3,3500932.0,2021,4,13,7,3,0,2,0,1,1,0,0,0,0,0,"801854,9584","5832900,984","13,45415288","52,56225293",,,5025.0,57.0
210917,11,1,1300836.0,2021,4,8,2,3,5,3,0,1,1,0,0,0,0,0,"796500,9258","5830346,851","13,37312066","52,54229992",,,5539.0,57.0
210916,11,7,6100210.0,2021,5,21,1,3,2,6,2,0,1,0,0,0,0,0,"795316,6793","5821012,085","13,34743092","52,45926388",,,4754.0,20.0
210915,11,6,6300527.0,2021,5,17,7,3,1,7,0,0,1,0,0,0,0,0,"790485,4608","5818084,407","13,27398026","52,43560604",,,3964.0,39.0
210914,11,3,3601244.0,2021,4,16,3,1,6,7,0,0,0,1,0,1,0,0,"800274,1818","5831567,624","13,42969685","52,55117578",,,3549.0,24.0
210913,11,10,10100313.0,2021,5,5,3,3,3,6,0,0,1,0,0,0,1,0,"807762,0172","5830720,739","13,5390018","52,53940734",,,2130.0,45.0
210912,11,11,11200410.0,2021,5,10,6,3,0,1,0,0,0,0,1,0,0,1,"806482,8784","5832264,107","13,52162465","52,55396008",,,4923.0,62.0
210911,11,3,3601245.0,2021,5,17,5,3,5,3,0,1,1,0,0,0,0,0,"800467,11","5831061,165","13,43207547","52,5465299",,,5661.0,61.0
210910,11,2,2200210.0,2021,4,19,4,3,5,7,1,0,1,0,0,0,0,0,"798817,7416","5825110,925","13,40247938","52,49410164",,,4846.0,41.0
210909,11,5,5100104.0,2021,4,8,2,3,5,2,0,1,0,0,0,1,0,0,"785209,4833","5831445,376","13,2080235","52,55817731",,,4451.0,11.0
210908,11,1,1200623.0,2021,4,12,5,3,1,5,0,0,1,0,1,0,0,0,"794977,8894","5829387,992","13,34987659","52,53453117",,,5053.0,45.0
210907,11,1,1300836.0,2021,5,18,4,2,1,5,0,1,1,0,0,0,0,0,"796691,9015","5829859,969","13,37549368","52,5378316",,,3555.0,16.0
210906,11,2,2300419.0,2021,4,15,3,3,2,6,0,0,1,0,0,0,0,0,"801651,0443","5825896,791","13,44479826","52,49958705",,,4162.0,48.0
210905,11,10,10100313.0,2021,3,13,2,3,2,6,0,0,1,0,0,0,0,0,"807826,1943","5830744,037","13,53996666","52,53957988",,,4452.0,21.0
210904,11,4,4200311.0,2021,4,11,6,3,5,3,0,1,0,0,0,0,1,0,"790430,1974","5825978,652","13,28004245","52,50640872",,,4364.0,39.0
210903,11,9,9501939.0,2021,3,15,5,3,6,7,0,0,0,1,1,0,0,0,"810332,2636","5821354,665","13,568053","52,45401518",,,3546.0,33.0
210902,11,9,9200511.0,2021,5,10,2,3,0,2,0,1,1,0,0,0,0,0,"807848,4591","5822058,364","13,53226524","52,46172628",,,5244.0,47.0
210901,11,9,9401329.0,2021,4,15,1,3,4,6,0,0,1,0,0,0,0,0,"813726,542","5818857,353","13,61549693","52,42969916",,,5133.0,32.0
210900,11,1,1100101.0,2021,5,14,2,3,5,3,0,1,1,0,0,0,0,0,"794570,1647","5826081,533","13,34095487","52,50511149",,,3840.0,51.0
210899,11,9,9300920.0,2021,4,7,4,3,5,2,2,1,1,0,0,0,0,0,"808841,1667","5817390,135","13,54251671","52,41932954",,,3681.0,62.0
210898,11,8,8401243.0,2021,5,12,7,3,5,3,0,1,0,0,0,0,0,0,"805772,322","5817107,054","13,49727237","52,41851554",,,7933.0,55.0
210897,11,7,7400823.0,2021,4,23,7,3,1,7,2,0,1,0,1,0,0,0,"797046,1097","5821985,021","13,37367591","52,46704807",,,3852.0,51.0
210896,11,1,1300732.0,2021,5,20,5,2,6,7,1,0,1,1,0,0,0,0,"797630,5683","5832810,742","13,3919376","52,56376963",,,4423.0,52.0
210895,11,2,2500831.0,2021,4,15,3,3,5,3,0,0,1,0,1,0,0,0,"802815,9622","5827300,156","13,46318315","52,51152013",,,3556.0,48.0
210894,11,12,12200310.0,2021,4,18,5,3,6,7,1,1,0,1,0,0,0,0,"792204,5268","5833644,993","13,31285293","52,57418767",,,6828.0,55.0
210893,11,5,5400943.0,2021,4,11,4,2,5,3,0,0,1,0,0,1,0,1,"779998,7026","5821525,96","13,12301371","52,47193602",,,4340.0,45.0
210892,11,1,1200522.0,2021,5,15,4,2,1,5,0,1,1,0,0,0,0,0,"794256,5498","5828091,518","13,3381251","52,52329903",,,4255.0,45.0
210891,11,7,7100101.0,2021,4,10,4,3,2,2,0,0,1,0,0,0,0,0,"794606,4881","5825506,252","13,3409795","52,49993485",,,4250.0,52.0
210890,11,6,6400838.0,2021,3,16,3,2,5,3,0,1,0,0,0,0,1,0,"787067,6434","5818090,685","13,22384775","52,43746691",,,6051.0,55.0
210889,11,1,1401046.0,2021,4,18,7,3,5,3,0,0,1,0,0,0,0,0,"794832,7719","5830187,06","13,34845233","52,54177272",,,6364.0,61.0
210888,11,8,8200623.0,2021,3,12,6,3,5,2,0,1,1,0,0,0,0,0,"802455,8016","5820690,541","13,45189599","52,45247774",,,5069.0,51.0
210887,11,9,9401329.0,2021,5,10,4,3,2,6,0,0,1,0,0,0,0,0,"814677,0732","5818280,447","13,62888881","52,42398367",,,4850.0,38.0
210886,11,7,7100205.0,2021,5,20,3,3,2,6,1,0,1,0,0,0,0,0,"796032,7273","5825348,239","13,36178845","52,49774657",,,3040.0,60.0
210885,11,5,5100312.0,2021,4,16,5,2,6,4,0,0,1,1,0,0,0,0,"784764,2202","5830428,088","13,20060059","52,54928941",,,4241.0,63.0
210884,11,4,4200308.0,2021,5,10,7,3,2,6,0,0,1,0,0,0,0,0,"790403,3104","5827309,896","13,28080913","52,51835774",,,861.0,63.0
210883,11,3,3601245.0,2021,4,19,3,3,5,3,0,1,1,0,0,0,0,0,"800230,7406","5831186,584","13,42871357","52,54778438",,,5463.0,46.0
210882,11,8,8401241.0,2021,3,17,3,3,5,3,1,1,1,0,0,0,0,0,"804304,1851","5819652,028","13,47806673","52,44214398",,,5248.0,21.0
210881,11,6,6100205.0,2021,4,14,5,3,5,2,0,0,1,0,1,0,0,0,"794987,7719","5820025,288","13,34173235","52,45059544",,,4047.0,22.0
210880,11,3,3500934.0,2021,4,11,3,3,0,1,0,0,0,0,0,0,1,0,"800438,4535","5832269,557","13,43274757","52,55737678",,,3549.0,24.0
210879,11,9,9401635.0,2021,5,20,5,3,3,6,0,1,1,0,0,0,0,1,"817812,5588","5817972,443","13,67455332","52,41941197",,,3640.0,55.0
210878,11,4,4501043.0,2021,5,17,6,3,2,7,0,0,1,0,1,0,0,0,"792471,0394","5825282,733","13,30941476","52,49907976",,,1163.0,42.0
210877,11,6,6300526.0,2021,3,21,4,3,0,2,2,0,1,0,1,0,0,0,"789341,9784","5817294,255","13,25652266","52,42912807",,,5961.0,51.0
210876,11,11,11200514.0,2021,4,11,2,3,1,5,0,0,1,0,0,0,0,0,"804816,9225","5830614,16","13,49561457","52,54010744",,,5152.0,56.0
210875,11,6,6400843.0,2021,3,12,7,3,5,2,0,0,1,0,0,0,0,0,"791104,6806","5819243,515","13,28407304","52,4456684",,,5838.0,58.0
210874,11,5,5200631.0,2021,5,18,2,3,1,5,0,0,1,0,0,0,1,0,"784734,0435","5827514,281","13,19766008","52,52318003",,,4562.0,59.0
210873,11,10,10400940.0,2021,5,13,5,3,5,3,0,0,1,0,0,0,0,1,"812367,6819","5824285,563","13,600653","52,47912047",,,3531.0,58.0
210872,11,1,1401045.0,2021,5,19,4,3,3,6,0,0,1,0,0,0,0,0,"796699,0948","5831951,332","13,37746779","52,55657442",,,4438.0,62.0
210871,11,7,7200409.0,2021,4,16,6,3,1,5,0,1,1,0,0,0,0,0,"795838,0255","5824326,337","13,3580213","52,48869163",,,3058.0,38.0
210870,11,4,4501043.0,2021,5,15,2,3,6,4,0,0,1,1,0,0,0,0,"792777,6399","5825304,208","13,31393734","52,49910787",,,1346.0,65.0
210869,11,4,4200308.0,2021,4,14,4,3,5,2,0,1,1,0,0,0,0,0,"790210,9262","5827298,062","13,27797148","52,51835407",,,4660.0,51.0
210868,11,9,9100306.0,2021,3,13,4,3,2,6,0,0,1,0,0,0,0,0,"803786,1832","5820881,645","13,47158731","52,4534529",,,4658.0,28.0
210867,11,4,4200309.0,2021,5,18,7,3,5,3,0,0,1,0,0,0,0,0,"789091,0121","5827177,988","13,26140831","52,51787242",,,3264.0,52.0
210866,11,4,4500939.0,2021,4,10,2,3,0,3,0,1,1,0,0,0,0,0,"792204,2753","5824876,433","13,30513975","52,49558027",,,5649.0,33.0
210865,11,12,12200309.0,2021,5,14,2,3,5,2,0,1,0,0,0,0,1,0,"793492,2332","5832428,374","13,33072369","52,56258855",,,5450.0,55.0
210864,11,6,6100102.0,2021,5,21,7,3,6,7,2,0,0,1,0,0,1,0,"793538,014","5820450,367","13,32083399","52,45518653",,,4656.0,41.0
210863,11,5,5100211.0,2021,5,14,3,2,2,2,0,0,1,0,1,0,0,0,"781916,1831","5829567,653","13,15797924","52,54305587",,,1959.0,49.0
210862,11,9,9200613.0,2021,5,20,7,2,8,1,1,0,1,0,0,0,0,0,"805859,753","5821778,571","13,50282889","52,46033533",,,4547.0,11.0
210861,11,4,4200311.0,2021,5,13,4,3,0,3,0,1,1,0,0,0,0,0,"790739,7919","5826718,092","13,28523697","52,51287292",,,4444.0,62.0
210860,11,10,10200420.0,2021,4,17,1,3,5,3,0,0,1,0,0,0,1,1,"811992,6029","5830703,374","13,60116274","52,53684627",,,4657.0,9.0
210859,11,9,9200819.0,2021,4,14,5,3,5,3,0,0,1,0,0,0,0,0,"810184,628","5820391,587","13,56499302","52,44546814",,,7660.0,47.0
210858,11,5,5300736.0,2021,4,12,3,3,2,6,0,0,1,0,0,0,0,0,"786818,3557","5829747,14","13,23022394","52,54210658",,,3865.0,47.0
210857,11,6,7300619.0,2021,4,11,2,3,2,6,0,0,1,0,0,0,0,0,"795121,9441","5821294,351","13,34482269","52,46189942",,,6339.0,60.0
210856,11,5,5200631.0,2021,5,20,5,3,1,5,2,0,1,0,0,0,0,1,"784792,4452","5826880,086","13,19797555","52,51746333",,,4046.0,41.0
210855,11,4,4400835.0,2021,4,19,3,3,5,3,0,0,1,0,0,0,0,0,"792825,6448","5821856,686","13,31161407","52,468176",,,5842.0,63.0
210854,11,3,3300411.0,2021,3,15,1,3,5,3,0,0,1,0,1,0,0,0,"803793,413","5839220,722","13,4884568","52,6178155",,,5157.0,60.0
210853,11,11,11200515.0,2021,4,15,5,2,1,7,0,0,1,0,0,0,0,1,"805561,7434","5830265,315","13,50624196","52,53656386",,,3749.0,17.0
210852,11,7,7100102.0,2021,3,22,5,3,6,2,2,0,1,1,0,0,0,0,"795519,8203","5825477,438","13,35436958","52,49918272",,,3948.0,43.0
210851,11,9,9200715.0,2021,5,6,3,3,0,2,0,1,0,0,0,0,1,0,"809480,6822","5818371,539","13,55279852","52,42776357",,,4652.0,24.0
210850,11,8,8200832.0,2021,4,19,1,3,1,5,2,1,1,0,0,0,0,0,"801520,8131","5816580,527","13,43447191","52,41615485",,,5856.0,52.0
210849,11,4,4300416.0,2021,5,20,2,3,0,7,1,0,0,0,1,0,0,1,"791741,0373","5826105,043","13,29941198","52,50684242",,,5854.0,49.0
210848,11,12,12100205.0,2021,4,18,4,3,5,2,0,0,1,0,0,0,1,0,"793795,136","5832735,895","13,33545168","52,56518191",,,2057.0,59.0
210847,11,9,9200715.0,2021,5,17,1,3,5,2,0,1,1,0,0,0,0,0,"809404,156","5818446,512","13,55174595","52,42847875",,,6188.0,57.0
210846,11,8,8300934.0,2021,4,14,7,3,5,2,0,0,1,0,0,0,0,0,"803160,776","5818437,406","13,46019451","52,43189235",,,6741.0,65.0
210845,11,11,2500835.0,2021,4,18,1,3,2,6,0,0,1,0,0,0,0,0,"803323,0265","5826306,262","13,46972648","52,50233033",,,3248.0,24.0
210844,11,7,7501134.0,2021,5,14,1,3,2,7,0,0,1,0,0,0,0,0,"799697,4058","5819022,722","13,40992986","52,43904732",,,2466.0,61.0
210843,11,12,12400721.0,2021,5,13,7,3,5,3,0,0,1,0,0,0,0,1,"790311,9933","5841090,889","13,29153741","52,64195175",,,3546.0,33.0
210842,11,4,4300620.0,2021,4,8,2,3,5,2,0,1,1,0,0,0,0,0,"794159,5592","5827006,593","13,33574032","52,51362566",,,4564.0,57.0
210841,11,1,1401043.0,2021,5,13,2,3,2,6,0,0,1,0,0,0,1,0,"795670,0045","5830901,793","13,36139796","52,54772598",,,5363.0,56.0
210840,11,2,2100104.0,2021,5,11,6,3,5,2,0,1,0,0,0,1,0,1,"799185,1007",5826256,"13,4089029","52,50416435",,,3753.0,58.0
210839,11,2,2400521.0,2021,5,7,5,3,5,2,0,1,0,0,0,0,1,0,"800485,7326","5828469,318","13,43000598","52,52328828",,,4059.0,30.0
210838,11,3,3601244.0,2021,4,15,2,3,5,3,0,1,1,0,0,0,0,0,"800085,06","5831671,331","13,42700967","52,55220956",,,6162.0,62.0
210837,11,3,3601244.0,2021,3,14,4,2,5,3,0,1,1,0,0,0,0,0,"800084,1161","5831671,529","13,42699597","52,55221185",,,5356.0,13.0
210836,11,3,3400618.0,2021,5,7,4,3,3,6,0,1,0,0,0,1,0,0,"796189,5773","5836498,118","13,37403638","52,59760866",,,6959.0,61.0
210835,11,1,1100207.0,2021,4,15,3,3,5,3,0,0,1,0,1,0,0,0,"798221,3573","5826622,411","13,39507452","52,50797636",,,5054.0,36.0
210834,11,8,8200832.0,2021,3,16,2,3,2,6,0,1,1,0,0,0,0,0,"801544,055","5817531,435","13,43566958","52,42466538",,,7721.0,65.0
210833,11,4,4100101.0,2021,4,16,5,3,5,2,0,0,1,0,0,0,0,0,"793352,206","5829681,351","13,32623697","52,53803842",,,4460.0,59.0
210832,11,12,12200309.0,2021,3,19,5,3,1,5,2,1,1,0,0,0,0,0,"793198,0862","5832620,806","13,32656682","52,56447208",,,4160.0,4.0
210831,11,6,6300633.0,2021,5,12,2,3,5,3,0,1,1,0,0,0,0,0,"792938,1633","5819048,805","13,3108023","52,44294362",,,4045.0,42.0
210830,11,2,2100105.0,2021,4,17,7,3,1,5,0,0,1,0,0,0,0,0,"799725,4769","5825784,297","13,41641584","52,49963969",,,6438.0,61.0