OBJECTID,LAND,BEZ,LOR_ab_2021,UJAHR,UMONAT,USTUNDE,UWOCHENTAG,UKATEGORIE,UART,UTYP1,ULICHTVERH,IstRad,IstPKW,IstFuss,IstKrad,IstGkfz,IstSonstige,USTRZUSTAND,LINREFX,LINREFY,XGCSWGS84,YGCSWGS84,LOR,STRASSE,quadrant,quadrant_rank
210657,11,1,1100206.0,2021,5,22,5,3,5,3,2,0,1,0,0,0,0,0,"797738,4514","5827591,403","13,38884726","52,51692598",,,5047.0,51.0
210656,11,4,4501153.0,2021,4,10,2,3,5,2,0,1,0,0,0,0,1,0,"794093,671","5824092,924","13,33219909","52,4875417",,,4362.0,59.0
210655,11,8,8200726.0,2021,4,20,5,3,4,6,2,0,1,0,0,0,0,0,"801338,7904","5820019,382","13,43490263","52,44707883",,,5667.0,54.0
210654,11,7,7100101.0,2021,4,15,3,3,5,2,0,0,1,0,0,1,0,0,"794607,622","5825510,042","13,34099951","52,49996821",,,3536.0,43.0
210653,11,1,1401049.0,2021,5,15,4,3,5,2,0,1,1,0,0,0,0,0,"795882,7878","5831928,604","13,36544188","52,5568148",,,7052.0,57.0
210652,11,1,1100205.0,2021,4,17,3,3,5,3,0,1,1,0,0,0,0,0,"797159,0215","5826452,686","13,37931648","52,50703466",,,1561.0,61.0
210651,11,9,9501941.0,2021,3,7,3,3,2,6,0,0,1,0,1,0,0,0,"810887,8495","5821268,891","13,57612301","52,45293082",,,4344.0,28.0
210650,11,7,7300619.0,2021,4,12,6,2,0,3,0,1,1,0,0,0,0,0,"795875,2336","5822993,678","13,35738494","52,47672525",,,5965.0,63.0
210649,11,12,12400722.0,2021,3,14,6,3,5,3,0,0,1,0,0,0,0,0,"790879,5397","5839182,398","13,29822142","52,62453897",,,4251.0,2.0
210648,11,9,9200511.0,2021,5,19,3,2,3,6,0,0,1,0,1,0,0,1,"807289,7978","5822424,288","13,52440518","52,46532019",,,4755.0,4.0
210647,11,5,5100101.0,2021,5,13,2,3,0,1,0,1,0,0,0,0,0,0,"785333,6841","5833396,333","13,21152879","52,57560414",,,1760.0,43.0
210646,11,7,7200307.0,2021,4,14,6,3,2,6,0,0,1,0,1,0,0,0,"794964,9204","5824054,56","13,3449592","52,48672778",,,5981.0,65.0
210645,11,10,10100209.0,2021,4,17,2,3,5,3,0,1,1,0,0,0,0,0,"810010,9645","5832300,158","13,57352989","52,5522866",,,3730.0,44.0
210644,11,5,5100317.0,2021,5,22,6,2,6,4,2,0,1,1,0,0,0,0,"785502,3541","5828592,297","13,20987935","52,53244361",,,955.0,60.0
210643,11,4,4300619.0,2021,4,17,3,3,2,6,0,0,1,0,0,0,0,0,"791702,3155","5827524,136","13,30008704","52,51958508",,,1860.0,58.0
210642,11,3,3300411.0,2021,3,13,3,3,6,7,0,0,1,1,0,0,0,0,"804184,3156","5838973,412","13,49398552","52,61538035",,,3448.0,49.0
210641,11,5,5100210.0,2021,4,12,6,3,5,3,0,1,1,0,0,0,0,0,"783977,2623","5830082,41","13,18873021","52,54660086",,,4667.0,58.0
210640,11,12,12601235.0,2021,4,9,3,3,5,7,0,0,1,0,0,0,1,0,"794743,7568","5835811,825","13,35214132","52,59224225",,,5971.0,65.0
210639,11,2,2200209.0,2021,5,18,6,3,1,5,0,0,1,0,0,0,0,0,"796928,6953","5823985,285","13,37373347","52,48504233",,,5347.0,57.0
210638,11,9,9501737.0,2021,3,15,4,3,2,2,0,1,1,0,0,0,0,0,"814210,1481","5821997,471","13,6255391","52,45756021",,,3750.0,33.0
210637,11,3,3400829.0,2021,4,18,6,3,2,6,0,1,1,0,0,0,0,0,"799671,6944","5832818,828","13,42196727","52,56272253",,,5034.0,59.0
210636,11,6,6200313.0,2021,3,11,7,3,2,6,0,1,1,0,0,0,0,1,"795169,1472","5818216,855","13,34279615","52,43428596",,,4547.0,11.0
210635,11,3,3400828.0,2021,5,18,2,2,5,3,0,1,1,0,0,0,0,0,"799731,8901","5832503,607","13,42256792","52,55986398",,,6443.0,52.0
210634,11,4,4300623.0,2021,5,12,5,3,6,4,0,0,1,1,0,0,0,1,"792144,5823","5826481,474","13,30567121","52,5100011",,,3466.0,46.0
210633,11,7,7100205.0,2021,5,13,4,3,5,3,0,0,1,0,0,0,0,0,"796166,5526","5825313,327","13,363723","52,49736101",,,5048.0,24.0
210632,11,1,1100103.0,2021,4,22,6,3,5,2,2,0,1,0,0,0,1,0,"795418,8692","5825827,07","13,35319692","52,50237156",,,2973.0,44.0
210631,11,12,12100102.0,2021,5,12,1,3,5,3,0,0,1,0,0,0,0,0,"796297,6875","5833228,963","13,37270511","52,56824553",,,3168.0,61.0
210630,11,11,11200410.0,2021,4,17,4,3,5,3,0,1,1,0,0,0,0,0,"804935,8343","5831927,764","13,49856845","52,55181397",,,2643.0,59.0
210629,11,11,11401137.0,2021,3,14,4,3,0,2,0,1,1,0,0,0,0,0,"807105,9107","5825754,011","13,52477365","52,4952652",,,5731.0,61.0
210628,11,12,12200412.0,2021,4,15,1,2,5,3,0,1,1,0,0,0,0,0,"789846,1393","5833340,272","13,27788339","52,572717",,,4949.0,42.0
210627,11,1,1100102.0,2021,5,13,7,3,1,5,0,1,1,0,0,0,0,0,"796167,8003","5826733,968","13,36500498","52,51009509",,,5127.0,55.0
210626,11,8,8100208.0,2021,5,10,7,3,5,7,0,0,1,0,0,0,0,0,"801532,7246","5822707,815","13,44017575","52,47106904",,,5626.0,63.0
210625,11,11,11100204.0,2021,4,7,2,3,6,2,0,0,1,1,0,0,0,0,"806911,1095","5832628,248","13,52825769","52,55698239",,,3567.0,10.0
210624,11,4,4300624.0,2021,5,21,2,3,1,5,2,0,1,0,0,0,0,0,"792784,8947","5826601,347","13,31518463","52,51073243",,,4366.0,65.0
210623,11,5,5100317.0,2021,5,8,6,3,5,3,0,0,1,0,0,0,0,0,"787090,7813","5828345,623","13,23301921","52,52939769",,,4575.0,58.0
210622,11,1,1100206.0,2021,5,8,4,3,5,2,0,1,1,0,0,0,0,0,"797205,2731","5827496,998","13,38092854","52,51637056",,,1458.0,51.0
210621,11,1,1100415.0,2021,4,18,7,3,5,3,0,1,1,0,0,0,0,0,"797694,4832","5829016,599","13,3894769","52,5297251",,,6828.0,55.0
210620,11,1,1100312.0,2021,4,9,5,3,1,5,0,1,1,0,0,0,0,0,"799667,707","5827114,459","13,41676463","52,51159429",,,7655.0,61.0
210619,11,2,2400624.0,2021,5,19,4,3,2,6,1,1,1,0,0,0,0,1,"801917,8482","5827099,652","13,44980747","52,51022083",,,5454.0,53.0
210618,11,7,7400826.0,2021,4,14,3,3,2,6,0,0,1,0,0,0,0,0,"796534,0894","5819872,936","13,36428482","52,44839315",,,4457.0,55.0
210617,11,9,9100305.0,2021,3,14,2,3,6,4,0,0,1,1,0,0,0,0,"804978,3575","5822612,401","13,49065839","52,46830121",,,3466.0,46.0
210616,11,8,8301036.0,2021,4,13,5,2,2,6,0,0,1,0,0,0,1,0,"803706,4172","5817990,796","13,46779009","52,42758677",,,5838.0,58.0
210615,11,2,2400623.0,2021,3,9,5,2,6,4,0,0,0,1,1,0,0,0,"800578,3564","5827052,834","13,43008739","52,51054089",,,3527.0,52.0
210614,11,2,2100106.0,2021,5,9,3,3,0,4,0,1,0,1,0,0,0,1,"799991,4029","5825443,1","13,42001426","52,49643529",,,4268.0,58.0
210613,11,1,1400940.0,2021,4,3,1,2,1,5,2,0,1,0,0,0,0,0,"795122,4718","5832317,478","13,35460527","52,56071328",,,2554.0,65.0
210612,11,9,9200717.0,2021,5,11,2,3,6,7,0,0,1,1,0,0,0,0,"809501,696","5819089,949","13,55377149","52,43419",,,3650.0,32.0
210611,11,3,3300411.0,2021,4,7,4,3,5,3,0,1,1,0,0,0,0,0,"804039,1861","5838951,363","13,4918283","52,61526396",,,3050.0,39.0
210610,11,1,1300732.0,2021,5,11,1,3,0,6,0,0,1,0,1,0,0,0,"797268,3287","5832174,751","13,38603959","52,55826667",,,4365.0,7.0
210609,11,3,3501038.0,2021,4,10,1,3,4,6,0,1,1,0,0,0,0,0,"803476,1819","5832683,07","13,47779706","52,55939869",,,5749.0,42.0
210608,11,4,4300620.0,2021,5,11,6,3,1,1,0,1,1,0,0,0,0,0,"794088,3629","5827146,693","13,33481801","52,51491997",,,5126.0,38.0
210607,11,2,2500834.0,2021,4,11,2,3,5,2,0,1,1,0,0,0,0,0,"802157,4383","5826942,178","13,45318413","52,50867673",,,1661.0,51.0
210606,11,3,3601244.0,2021,4,18,6,3,6,7,0,1,0,1,0,0,0,1,"800187,3399","5831655,755","13,42849958","52,5520136",,,4063.0,55.0
210605,11,7,7300619.0,2021,4,12,4,2,5,7,0,0,1,0,0,0,0,0,"796052,811","5822853,723","13,35986767","52,47537443",,,3871.0,53.0
210604,11,8,8100102.0,2021,5,0,5,3,5,3,2,0,1,0,0,0,0,1,"800380,7412","5823330,469","13,42382815","52,4772848",,,4456.0,28.0
210603,11,6,6300525.0,2021,4,14,4,3,2,2,0,1,0,0,0,0,1,0,"790094,426","5815241,695","13,26577912","52,41032762",,,3857.0,60.0
210602,11,1,1200520.0,2021,3,15,3,3,2,2,0,1,1,0,0,0,0,0,"794567,6066","5828658,639","13,34319898","52,52821492",,,4448.0,24.0
210601,11,7,7601544.0,2021,4,19,7,3,4,6,0,0,1,0,0,0,0,0,"798978,1575","5814307,475","13,39516757","52,39717431",,,4263.0,51.0
210600,11,5,5100316.0,2021,3,7,7,3,5,7,0,0,1,0,0,0,1,0,"784310,417","5828924,089","13,19263871","52,53604154",,,5781.0,61.0
210599,11,7,7400823.0,2021,5,21,3,3,5,2,1,0,1,0,0,0,0,1,"796917,1111","5822287,268","13,37205152","52,46982755",,,4952.0,44.0
210598,11,4,4501043.0,2021,5,18,2,3,0,3,0,1,1,0,0,0,0,0,"792646,445","5825180,872","13,31190183","52,49807258",,,5342.0,38.0
210597,11,2,2500836.0,2021,4,17,6,3,2,6,0,0,1,0,0,0,0,0,"803197,3467","5825808,267","13,46742723","52,49793672",,,3245.0,33.0
210596,11,1,1200623.0,2021,5,17,6,3,3,6,0,1,1,0,0,0,0,1,"795355,2858","5829461,35","13,35548958","52,53498437",,,3337.0,58.0
210595,11,8,8100314.0,2021,4,10,4,3,1,5,0,0,1,0,0,0,0,0,"801216,177","5823802,376","13,43651823","52,48105452",,,3945.0,34.0
210594,11,1,1100416.0,2021,3,15,2,3,1,5,0,1,0,0,0,0,1,0,"798816,6552","5829368,547","13,40628651","52,53226584",,,3460.0,57.0
210593,11,8,8301036.0,2021,4,23,5,3,1,5,2,0,1,0,0,0,0,0,"803633,8726","5817894,444","13,46663895","52,42676343",,,1657.0,58.0
210592,11,1,1100207.0,2021,4,11,3,3,5,2,0,1,1,0,0,0,0,0,"798028,9545","5826591,209","13,39222008","52,50780182",,,3371.0,40.0
210591,11,2,2500835.0,2021,5,14,6,3,5,2,0,1,1,0,0,0,0,1,"803250,8299","5826009,436","13,46839583","52,49971006",,,1461.0,65.0
210590,11,9,9301025.0,2021,5,23,6,3,1,5,2,0,1,0,0,0,0,1,"811803,1879","5814733,061","13,58345836","52,39383871",,,2825.0,65.0
210589,11,8,8401241.0,2021,3,16,3,3,5,2,0,0,1,0,0,0,0,0,"804046,9733","5818556,012","13,47329729","52,4324636",,,4547.0,11.0
210588,11,5,5300737.0,2021,4,8,2,3,0,2,0,1,1,0,0,0,0,0,"787936,3246","5830043,031","13,24691998","52,54416972",,,7054.0,53.0
210587,11,4,4200310.0,2021,5,15,2,3,5,2,0,0,1,0,0,0,0,0,"789222,1374","5826009,91","13,26232018","52,50733074",,,3570.0,53.0
210586,11,3,3200308.0,2021,5,15,5,3,2,2,0,1,1,0,0,0,0,0,"799808,1992","5836713,973","13,42749804","52,5975605",,,2621.0,57.0
210585,11,1,1401044.0,2021,4,17,3,3,5,3,0,1,1,0,0,0,0,1,"796203,5215","5830765,259","13,36912119","52,54621227",,,5849.0,58.0
210584,11,4,4200311.0,2021,5,14,4,3,2,6,0,0,1,0,0,0,1,0,"790111,7531","5825343,899","13,27481069","52,50088751",,,4765.0,61.0
210583,11,10,10300731.0,2021,4,13,3,3,2,6,0,0,1,0,0,0,0,0,"809651,8128","5830245,859","13,56633491","52,53408118",,,7134.0,43.0
210582,11,3,3100102.0,2021,3,10,2,3,5,2,0,0,1,0,1,0,0,0,"804573,0491","5841313,946","13,50186569","52,6361391",,,3354.0,60.0
210581,11,12,12200309.0,2021,4,18,5,3,2,6,0,0,1,0,0,0,0,0,"793300,9093","5832617,591","13,32807657","52,56438787",,,6443.0,52.0
210580,11,6,6100205.0,2021,3,0,7,3,5,7,2,0,1,0,0,0,0,0,"795462,9563","5819669,253","13,3483895","52,44714719",,,5359.0,51.0
210579,11,2,2100101.0,2021,5,13,4,3,2,6,0,0,1,0,0,0,0,0,"797863,8747","5825584,128","13,38889406","52,49886471",,,5457.0,20.0
210578,11,5,5100317.0,2021,5,16,2,3,4,2,0,1,1,0,0,0,0,0,"787662,468","5828015,617","13,24113786","52,52613763",,,3450.0,48.0
210577,11,12,12601032.0,2021,4,13,6,3,5,3,0,0,1,0,0,0,0,0,"792936,5673","5837545,425","13,32707357","52,60875928",,,5357.0,55.0
210576,11,12,12100102.0,2021,4,21,2,3,2,6,2,1,1,0,0,0,0,0,"795743,2834","5833133,185","13,36446375","52,56768846",,,2651.0,45.0
210575,11,8,8401241.0,2021,5,16,6,3,6,4,0,0,1,1,0,0,0,0,"803961,597","5819064,75","13,47250788","52,43707081",,,4261.0,37.0
210574,11,4,4300623.0,2021,4,16,4,3,5,2,0,1,0,0,0,0,1,0,"792737,0017","5826395,065","13,31429951","52,50890888",,,1558.0,34.0
210573,11,2,2500831.0,2021,3,10,3,3,5,2,0,1,1,0,0,0,0,0,"803045,7907","5826985,973","13,46627335","52,50857653",,,4062.0,45.0
210572,11,12,12100101.0,2021,4,17,4,3,5,3,0,0,1,0,0,0,0,0,"796391,6412","5832679,726","13,37359657","52,56327109",,,4863.0,28.0
210571,11,12,12200309.0,2021,5,9,6,3,0,5,0,0,1,0,0,0,1,1,"793235,9022","5832454,835","13,32697643","52,56296387",,,4365.0,7.0
210570,11,9,9100101.0,2021,5,21,6,3,5,3,0,0,1,0,0,0,0,0,"802083,3078","5825008,762","13,4503415","52,49138848",,,3648.0,35.0
210569,11,2,2300315.0,2021,3,18,4,3,5,2,0,1,1,0,0,0,0,0,"800366,2415","5825803,936","13,42584457","52,49946342",,,3336.0,54.0
210568,11,11,11300826.0,2021,4,7,6,3,7,7,0,1,0,0,0,0,0,0,"803817,764","5827191,561","13,47780059","52,5099898",,,5064.0,24.0
210567,11,2,2200210.0,2021,3,9,7,3,5,3,0,0,1,0,0,0,1,1,"798292,0991","5824815,637","13,39449549","52,49174226",,,5551.0,40.0
210566,11,5,5100317.0,2021,5,18,2,3,0,1,0,1,0,0,0,0,0,0,"787112,8967","5828132,338","13,23316013","52,52747381",,,4449.0,28.0
210565,11,8,8100521.0,2021,5,15,6,3,2,6,0,0,1,0,0,0,1,1,"802972,5344","5821814,863","13,4604971","52,46226891",,,4760.0,20.0
210564,11,7,7400826.0,2021,5,1,4,3,1,7,2,0,1,0,0,0,0,0,"796885,6199","5820214,751","13,36974601","52,45126644",,,6950.0,63.0
210563,11,1,1100206.0,2021,4,20,6,3,5,3,1,1,1,0,0,0,0,0,"797875,927","5827467,061","13,39075595","52,51573634",,,1766.0,46.0
210562,11,5,5100209.0,2021,5,21,7,3,5,2,0,0,1,0,0,0,0,0,"783702,8617","5830173,49","13,18477229","52,54756048",,,4942.0,18.0
210561,11,5,5100316.0,2021,4,18,4,2,9,1,0,0,0,0,1,0,0,1,"784934,7103","5829359,492","13,20219146","52,53961929",,,5050.0,37.0
210560,11,3,3701660.0,2021,3,13,4,3,6,7,0,1,0,1,0,0,0,0,"800435,652","5829516,187","13,43021598","52,53269925",,,1363.0,64.0
210559,11,5,5300735.0,2021,4,17,6,3,6,4,0,0,1,1,0,0,0,0,"786507,7523","5831466,784","13,22714029","52,55768772",,,3253.0,43.0
210558,11,5,5100317.0,2021,4,10,2,2,2,6,0,0,1,0,0,0,0,0,"787529,407","5828039,601","13,23920266","52,52642285",,,4034.0,63.0
210557,11,11,11200410.0,2021,4,16,2,3,5,3,0,1,1,0,0,0,0,0,"805037,0174","5832122,788","13,50023533","52,5535052",,,3345.0,42.0
210556,11,1,1100309.0,2021,5,11,1,3,1,5,0,1,1,0,0,0,0,1,"798993,1595","5828846,541","13,40841137","52,52749004",,,4243.0,50.0
210555,11,6,6400838.0,2021,5,15,7,3,5,3,0,1,1,0,0,0,0,0,"786423,2763","5818351,422","13,21461801","52,44014251",,,1764.0,58.0
210554,11,4,4501148.0,2021,4,13,3,3,0,7,0,0,0,0,0,0,1,0,"792810,4942","5823233,029","13,31259998","52,4805227",,,3480.0,38.0
210553,11,7,7400927.0,2021,5,11,3,3,5,3,0,0,1,0,0,0,1,0,"798627,8785","5820661,229","13,39570718","52,45431963",,,5169.0,63.0
210552,11,6,6100103.0,2021,5,20,7,3,2,6,1,0,1,0,0,0,0,0,"793026,298","5821527,579","13,31427042","52,46511806",,,2252.0,63.0
210551,11,1,1200623.0,2021,5,1,5,3,5,2,2,0,1,0,1,0,0,0,"795863,1895","5828935,953","13,36248821","52,5299992",,,4261.0,37.0
210550,11,9,9301228.0,2021,4,12,1,2,9,1,0,0,1,0,0,0,0,1,"816441,27","5810287,859","13,64720391","52,35134696",,,4863.0,28.0
210549,11,7,7200307.0,2021,4,10,5,3,5,3,0,1,1,0,0,0,0,0,"794807,6164","5824037,366","13,34263407","52,4866586",,,4651.0,31.0
210548,11,4,4400835.0,2021,5,16,5,3,5,3,0,0,1,0,0,0,0,1,"793380,5828","5821960,262","13,31985095","52,4688068",,,6048.0,59.0
210547,11,6,6400839.0,2021,4,17,3,3,2,7,0,0,0,0,1,0,1,0,"788677,962","5819252,59","13,24847487","52,44703644",,,7350.0,61.0
210546,11,4,4500939.0,2021,3,23,2,3,3,6,2,0,1,0,0,0,0,0,"792440,736","5824095,889","13,30792781","52,48845622",,,4546.0,40.0
210545,11,10,10200629.0,2021,4,11,6,3,6,2,0,0,1,1,0,0,0,0,"810950,1536","5828191,658","13,58349405","52,51493362",,,5071.0,60.0
210544,11,8,8200727.0,2021,3,11,5,3,5,3,0,1,1,0,0,0,0,0,"802191,6309","5819276,057","13,44674095","52,43994557",,,2854.0,17.0
210543,11,8,8401246.0,2021,5,7,2,3,5,3,0,1,0,0,0,0,1,0,"806188,8218","5816650,17","13,50295971","52,41418786",,,4834.0,58.0
210542,11,1,1300733.0,2021,4,17,1,3,2,6,0,0,1,0,1,0,0,0,"797190,1846","5831917,126","13,38465961","52,55600004",,,2553.0,40.0
210541,11,6,6100207.0,2021,5,11,2,3,2,2,0,1,1,0,0,0,0,0,"794242,3052","5820272,06","13,33101181","52,4532094",,,4547.0,11.0
210540,11,3,3400724.0,2021,4,6,4,2,5,3,0,1,1,0,0,0,0,0,"800023,6073","5834674,557","13,428822","52,57916205",,,4757.0,11.0
210539,11,7,7601544.0,2021,5,14,7,3,5,2,0,0,1,0,0,0,0,0,"799777,221","5813975,764","13,4065799","52,39376419",,,5657.0,53.0
210538,11,4,4100102.0,2021,4,18,7,3,0,6,0,0,1,0,1,0,0,0,"791203,482","5829155,589","13,29418486","52,5344775",,,5064.0,24.0
210537,11,2,2200211.0,2021,5,12,5,3,1,7,0,0,1,0,0,0,0,0,"798554,5671","5824513,745","13,39807937","52,4888927",,,5657.0,53.0
210536,11,1,1300836.0,2021,4,12,3,3,0,6,0,1,1,0,0,0,0,0,"796474,1266","5829938,145","13,37236194","52,53865089",,,3846.0,63.0
210535,11,12,12500927.0,2021,4,12,7,3,0,3,0,1,0,0,0,0,1,0,"792794,4076","5836693,198","13,32422627","52,60119616",,,4775.0,64.0
210534,11,7,7300619.0,2021,4,1,4,2,1,5,2,1,1,0,0,0,0,0,"796009,5244","5822793,464","13,35917873","52,47485772",,,3441.0,51.0
210533,11,6,6400843.0,2021,5,12,6,3,6,7,0,0,1,1,0,0,0,0,"791566,9191","5820631,349","13,29206653","52,45786408",,,3968.0,60.0
210532,11,2,2200210.0,2021,4,22,5,3,0,7,2,1,0,0,0,0,0,1,"798216,9787","5825458,16","13,3939675","52,49754273",,,4050.0,59.0
210531,11,12,12601235.0,2021,3,11,2,3,2,6,0,0,1,0,0,0,0,0,"795713,779","5836429,467","13,36697085","52,59725222",,,5248.0,21.0
210530,11,6,6300634.0,2021,4,9,1,3,5,2,0,0,0,0,1,0,1,0,"791767,1237","5817838,673","13,29256587","52,43272084",,,5749.0,42.0
210529,11,5,5100316.0,2021,3,14,6,2,6,4,0,0,1,1,0,0,0,0,"783857,7676","5829096,614","13,18613039","52,53782439",,,4562.0,59.0
210528,11,10,10400940.0,2021,5,17,4,3,5,2,0,0,1,0,0,0,1,1,"812385,0122","5824266,174","13,60088919","52,47893681",,,3545.0,51.0
210527,11,1,1100206.0,2021,5,16,3,3,3,6,0,1,0,0,0,0,1,0,"797786,9752","5827254,199","13,38925846","52,51387686",,,5249.0,5.0
210526,11,2,2500727.0,2021,4,19,6,3,2,6,0,1,1,0,0,0,0,0,"802686,985","5828122,1","13,46203612","52,51895872",,,3570.0,53.0
210525,11,6,6300527.0,2021,4,16,3,3,6,4,0,0,1,1,0,0,0,0,"790716,254","5817905,514","13,27721013","52,43387959",,,2841.0,54.0
210524,11,3,3601244.0,2021,3,14,3,3,5,3,0,0,1,0,0,0,0,0,"800113,3531","5831694,208","13,42744639","52,55239902",,,4071.0,62.0
210523,11,1,1100103.0,2021,4,16,6,3,5,7,0,1,1,0,0,0,0,0,"796028,2645","5825596,058","13,36194317","52,49997048",,,4067.0,9.0
210522,11,1,1401045.0,2021,5,14,7,3,6,2,0,0,1,1,0,0,0,1,"796463,5106","5831924,831","13,37397935","52,55646516",,,4345.0,48.0
210521,11,3,3300517.0,2021,5,2,7,1,8,1,2,0,1,0,0,0,0,0,"803713,779","5834120,683","13,48260723","52,57215095",,,5051.0,33.0
210520,11,9,9200715.0,2021,3,15,4,3,2,6,0,0,1,0,0,0,0,0,"808991,7883","5818093,084","13,54537372","52,42554437",,,3446.0,47.0
210519,11,9,9100306.0,2021,4,16,2,3,2,2,0,0,1,0,1,0,0,0,"805019,534","5820673,16","13,48949084","52,45089752",,,3350.0,22.0
210518,11,1,1300834.0,2021,5,18,2,3,2,6,0,0,1,0,0,0,0,0,"797971,3904","5830851,769","13,39519243","52,5460237",,,5925.0,47.0
210517,11,4,4501042.0,2021,5,15,5,3,5,2,0,0,1,0,1,0,0,0,"793967,5306","5826143,208","13,33215617","52,50598941",,,4757.0,11.0
210516,11,4,4300619.0,2021,5,20,4,3,0,7,0,0,0,0,1,0,0,0,"792376,9613","5827629,068","13,31009392","52,52016446",,,3349.0,12.0
210515,11,4,4500937.0,2021,4,16,6,3,0,2,0,1,1,0,0,0,0,0,"791019,738","5824863,47","13,28772946","52,49609696",,,3049.0,57.0
210514,11,8,8100103.0,2021,4,15,5,3,3,6,0,0,1,0,1,0,0,0,"800704,3264","5822907,393","13,42819682","52,47331455",,,7050.0,59.0
210513,11,10,10100311.0,2021,5,13,1,3,5,2,0,1,1,0,0,0,0,0,"807490,1125","5829152,222","13,53355439","52,52550381",,,4655.0,41.0
210512,11,3,3601245.0,2021,5,18,3,3,5,2,0,1,0,0,0,0,0,0,"800880,784","5831061,928","13,43815822","52,54630844",,,3756.0,4.0
210511,11,2,2500833.0,2021,4,18,4,3,0,1,0,1,0,0,0,0,0,0,"802339,075","5827095,172","13,45599126","52,50994739",,,4431.0,51.0
210510,11,4,4501153.0,2021,3,13,4,3,5,2,0,1,1,0,0,0,0,0,"794027,6652","5824057,516","13,33119856","52,48725984",,,4358.0,45.0
210509,11,11,11300617.0,2021,5,14,2,2,6,4,0,0,1,1,0,0,0,0,"803149,3056","5829581,299","13,47015906","52,53178042",,,3184.0,63.0
210508,11,7,7100102.0,2021,4,19,2,3,2,7,0,1,1,0,0,0,0,0,"795090,7289","5825114,548","13,34774537","52,49616185",,,3851.0,47.0
210507,11,2,2100106.0,2021,5,15,2,3,5,7,0,0,1,0,1,0,0,0,"799968,1088","5825473,111","13,41969919","52,49671708",,,3559.0,22.0
210506,11,4,4300518.0,2021,5,11,2,2,5,7,0,1,1,0,0,0,0,0,"792089,4329","5827965,03","13,30616336","52,52333038",,,3756.0,4.0
210505,11,9,9200818.0,2021,5,18,6,3,1,5,0,1,1,0,0,0,0,1,"810495,6761","5820356,262","13,5695221","52,44497503",,,3268.0,42.0
210504,11,2,2200211.0,2021,5,7,5,3,6,4,0,0,0,1,0,0,1,0,"798324,5812","5824173,567","13,39439772","52,48596915",,,4446.0,12.0
210503,11,11,11501340.0,2021,4,7,2,3,3,6,0,1,0,0,0,1,0,0,"807347,5202","5825140,76","13,52775568","52,48963318",,,4849.0,28.0
210502,11,5,5100316.0,2021,4,7,5,2,0,1,0,0,0,0,1,0,0,0,"785000,3635","5829395,381","13,20318766","52,53990673",,,4657.0,9.0
210501,11,8,8100312.0,2021,5,15,4,3,3,6,0,0,1,0,0,0,0,0,"801446,3402","5823875,745","13,43996351","52,48158514",,,4658.0,28.0
210500,11,2,2200213.0,2021,5,19,4,3,2,6,0,1,0,0,0,0,1,0,"800153,1657","5825058,227","13,42204318","52,49289657",,,2260.0,56.0
210499,11,4,4300517.0,2021,4,15,7,3,0,2,0,1,1,0,0,0,0,0,"791705,952","5827845,831","13,30042261","52,52246707",,,3168.0,61.0
210498,11,4,4501146.0,2021,5,19,7,3,0,5,0,1,0,0,0,0,1,0,"792314,0156","5823781,556","13,30579113","52,48570615",,,6468.0,61.0
210497,11,6,6100208.0,2021,4,11,5,3,6,4,0,0,1,1,0,0,0,0,"794767,8279","5820566,029","13,33898251","52,45556154",,,1763.0,57.0
210496,11,11,11100204.0,2021,3,15,4,3,5,2,0,1,0,0,0,0,1,0,"806850,4751","5832567,741","13,52731017","52,55647429",,,3565.0,65.0
210495,11,6,6200423.0,2021,5,18,1,3,4,6,0,1,1,0,0,0,0,1,"793831,7005","5816317,239","13,32151057","52,41797654",,,3039.0,65.0
210494,11,6,6400736.0,2021,4,14,1,2,7,7,0,1,0,0,0,0,0,0,"786205,4406","5816042,821","13,20944612","52,41955762",,,3248.0,24.0
210493,11,6,6400840.0,2021,4,16,2,3,2,6,0,0,1,0,0,0,0,0,"788858,8146","5819535,177","13,2513729","52,44947446",,,2972.0,55.0
210492,11,3,3200206.0,2021,5,15,2,3,6,7,0,0,1,1,0,0,0,0,"798409,5363","5834846,318","13,40522717","52,58158916",,,3945.0,34.0
210491,11,1,1100103.0,2021,5,18,7,3,0,5,0,1,1,0,0,0,0,0,"796169,4011","5825980,485","13,36435816","52,50333993",,,2450.0,60.0
210490,11,7,7100101.0,2021,5,17,3,3,2,6,0,0,1,0,0,0,1,0,"794527,4735","5825835,308","13,3401099","52,50292728",,,5039.0,34.0
210489,11,8,8401139.0,2021,5,17,6,3,4,5,0,1,1,0,0,0,0,0,"803192,2754","5818917,705","13,46109197","52,43617983",,,3868.0,48.0
210488,11,6,6100207.0,2021,5,14,4,3,2,6,0,1,1,0,0,0,0,0,"794229,6137","5820280,901","13,33083337","52,45329549",,,4866.0,63.0
210487,11,12,12200411.0,2021,4,18,1,3,2,6,0,0,1,0,0,1,0,1,"793187,3609","5832335,98","13,32615736","52,56192454",,,7549.0,63.0
210486,11,7,7601546.0,2021,3,12,4,2,2,6,0,0,1,0,0,0,0,0,"798116,2034","5814245,239","13,38248122","52,39708625",,,5666.0,59.0