OBJECTID,LAND,BEZ,LOR_ab_2021,UJAHR,UMONAT,USTUNDE,UWOCHENTAG,UKATEGORIE,UART,UTYP1,ULICHTVERH,IstRad,IstPKW,IstFuss,IstKrad,IstGkfz,IstSonstige,USTRZUSTAND,LINREFX,LINREFY,XGCSWGS84,YGCSWGS84,LOR,STRASSE,quadrant,quadrant_rank
210485,11,11,11501340.0,2021,5,18,5,2,5,3,0,0,1,0,0,0,1,1,"808002,1569","5824740,509","13,53699691","52,48567719",,,4357.0,21.0
210484,11,6,6100205.0,2021,4,15,3,2,6,4,0,0,1,1,0,0,0,0,"795096,379","5819670,725","13,34301264","52,44735837",,,4652.0,24.0
210483,11,8,8100208.0,2021,3,12,1,3,6,4,0,1,0,1,0,0,0,0,"801626,816","5822565,477","13,44142807","52,46974129",,,6132.0,56.0
210482,11,8,8200832.0,2021,4,10,6,3,6,4,0,0,1,1,0,0,0,0,"800999,4577","5816277,305","13,42655651","52,41372387",,,6544.0,55.0
210481,11,2,2200209.0,2021,3,8,5,3,5,2,0,1,1,0,0,0,0,0,"797101,3481","5824481,482","13,3767109","52,4893963",,,3141.0,61.0
210480,11,4,4501043.0,2021,5,7,3,2,5,2,0,1,0,0,0,1,0,0,"792834,1337","5824344,824","13,31392385","52,49047697",,,1658.0,8.0
210479,11,5,5100105.0,2021,5,9,2,3,2,6,0,0,1,0,0,0,1,0,"784747,7598","5831111,673","13,20094479","52,55542699",,,3865.0,47.0
210478,11,4,4300620.0,2021,4,10,5,3,0,6,0,0,1,0,0,0,1,1,"793843,5917","5827013,998","13,33110415","52,51386235",,,3350.0,22.0
210477,11,7,7100102.0,2021,5,22,7,3,6,2,2,0,1,1,0,0,0,0,"795468,0303","5825557,035","13,35367948","52,49992429",,,3850.0,33.0
210476,11,10,10100205.0,2021,4,12,7,2,0,6,0,0,1,0,1,0,0,0,"807582,069","5831311,494","13,53690382","52,54480324",,,4246.0,53.0
210475,11,4,4400834.0,2021,5,13,6,3,5,2,0,1,1,0,0,0,0,0,"792603,69","5823006,821","13,30936496","52,47860566",,,4463.0,27.0
210474,11,10,10300734.0,2021,4,16,2,3,1,3,0,0,1,0,0,0,0,0,"809943,9957","5827056,326","13,56765712","52,50533191",,,5161.0,52.0
210473,11,2,2100105.0,2021,4,20,5,3,5,3,2,1,0,0,0,0,1,0,"799559,5717","5825858,404","13,41404579","52,50039505",,,2654.0,58.0
210472,11,5,5100105.0,2021,5,12,6,3,5,3,0,0,1,0,0,0,0,1,"785162,1209","5831166,2","13,20708689","52,55569906",,,3750.0,33.0
210471,11,4,4200310.0,2021,4,9,4,3,2,6,0,0,1,0,0,1,0,0,"789871,6341","5826226,511","13,27205168","52,50892789",,,4942.0,18.0
210470,11,7,7601442.0,2021,3,13,3,3,5,3,0,0,1,0,1,0,0,0,"799724,9294","5815167,695","13,40688007","52,40447697",,,3850.0,33.0
210469,11,9,9501939.0,2021,4,14,6,3,5,3,0,1,1,0,0,0,0,0,"811062,368","5821898,305","13,57926925","52,45847206",,,1158.0,56.0
210468,11,4,4501153.0,2021,3,13,6,3,3,6,0,0,1,0,1,0,0,0,"794028,9179","5824040,703","13,33120212","52,48710845",,,3748.0,42.0
210467,11,7,7300517.0,2021,5,16,3,3,2,6,0,1,1,0,0,0,0,0,"794406,0384","5822360,137","13,33525618","52,47183983",,,5840.0,59.0
210466,11,1,1200522.0,2021,5,22,4,3,5,2,2,1,1,0,0,0,0,0,"794572,0299","5828352,012","13,34299235","52,52546384",,,835.0,61.0
210465,11,6,6100103.0,2021,4,20,5,3,6,2,2,0,1,1,0,0,0,1,"792746,0369","5821717,847","13,3103237","52,466974",,,5242.0,49.0
210464,11,3,3300413.0,2021,4,9,5,3,6,4,0,0,1,1,0,0,0,0,"803227,4207","5838048,183","13,4790476","52,6076227",,,2335.0,62.0
210463,11,3,3701556.0,2021,4,19,3,3,0,6,0,1,1,0,0,0,0,0,"799785,1214","5829557,283","13,4206914","52,53342579",,,3151.0,40.0
210462,11,4,4300416.0,2021,3,11,3,3,3,6,0,1,1,0,0,0,0,0,"791960,073","5826031,317","13,30256538","52,5060643",,,6130.0,56.0
210461,11,3,3400724.0,2021,4,17,6,3,5,2,0,1,1,0,0,0,0,0,"800024,9774","5834542,705","13,42872283","52,57797948",,,5126.0,38.0
210460,11,1,1300732.0,2021,5,15,1,2,0,1,0,0,1,0,1,0,0,1,"797314,8624","5832307,139","13,38684258","52,55942796",,,7933.0,55.0
210459,11,4,4400726.0,2021,3,14,3,3,3,6,0,0,0,0,1,0,1,0,"790725,7001","5824965,319","13,28349931","52,49716675",,,4566.0,65.0
210458,11,5,5200423.0,2021,4,7,2,3,5,7,0,0,0,0,1,1,0,0,"781984,6157","5828468,785","13,15805308","52,53316752",,,5928.0,63.0
210457,11,10,10200418.0,2021,5,14,3,3,2,1,0,1,1,0,0,0,0,0,"810964,2229","5830915,731","13,58624814","52,53933699",,,3849.0,22.0
210456,11,12,12200412.0,2021,5,16,6,3,2,6,0,0,1,0,0,1,0,1,"791561,4305","5834014,732","13,30371532","52,57784718",,,5253.0,35.0
210455,11,5,5100105.0,2021,5,11,4,3,1,5,0,1,1,0,0,0,0,0,"785043,0519","5831879,566","13,2059481","52,56215734",,,4623.0,43.0
210454,11,4,4200310.0,2021,5,17,4,3,5,3,0,0,1,0,0,0,0,0,"789652,579","5826500,596","13,26907158","52,51150148",,,7643.0,63.0
210453,11,7,7100102.0,2021,4,17,6,3,1,5,0,1,1,0,0,0,0,0,"795353,5195","5825531,227","13,35197458","52,49975492",,,4464.0,34.0
210452,11,3,3601244.0,2021,4,9,5,3,5,3,0,1,1,0,0,0,0,0,"800085,3217","5831671,277","13,42701347","52,55220893",,,4767.0,50.0
210451,11,5,5100314.0,2021,5,18,3,3,3,6,0,0,1,0,0,0,0,0,"785196,7087","5829765,028","13,20639222","52,54311822",,,5451.0,41.0
210450,11,1,1100310.0,2021,3,10,1,3,5,2,0,0,1,0,0,0,0,0,"799244,971","5828468,804","13,41177225","52,52396604",,,4459.0,28.0
210449,11,5,5300841.0,2021,4,9,5,3,6,7,0,0,0,1,0,0,1,0,"789549,5489","5829288,376","13,26998492","52,53654916",,,3449.0,40.0
210448,11,1,1300732.0,2021,3,17,5,3,5,2,0,1,1,0,0,0,0,0,"797411,3538","5832512,327","13,38844564","52,56121451",,,3031.0,57.0
210447,11,3,3400826.0,2021,5,7,2,3,6,7,0,0,0,1,0,0,1,0,"798644,406","5832754,616","13,40679959","52,5627114",,,4262.0,53.0
210446,11,1,1300733.0,2021,4,9,2,3,5,3,0,1,1,0,0,0,0,1,"797152,8574","5831854,653","13,38405472","52,5554604",,,4556.0,46.0
210445,11,12,12500825.0,2021,5,6,2,3,5,3,0,0,1,0,0,0,0,0,"792398,9887","5835229,928","13,31711252","52,58829146",,,1762.0,53.0
210444,11,5,5100312.0,2021,4,13,5,2,5,7,0,0,1,0,0,0,0,1,"784464,7669","5830880,657","13,19658395","52,5535036",,,3738.0,53.0
210443,11,4,4200311.0,2021,5,13,1,3,5,2,0,1,1,0,0,0,0,0,"790294,4297","5826007,627","13,27807298","52,50674075",,,4452.0,21.0
210442,11,8,8200730.0,2021,5,20,6,2,2,7,0,0,1,0,0,0,0,0,"801454,0998","5818082,269","13,43484711","52,42965227",,,3642.0,57.0
210441,11,2,2300316.0,2021,4,15,2,3,5,3,0,0,0,0,1,0,1,0,"801245,4986","5826202,133","13,43911829","52,5025479",,,4463.0,27.0
210440,11,1,1100415.0,2021,4,22,5,3,2,7,2,1,1,0,0,0,0,0,"798193,9159","5829354,222","13,3971203","52,53247848",,,5269.0,57.0
210439,11,8,8100312.0,2021,4,17,3,3,5,3,0,1,1,0,1,0,0,0,"801259,2858","5824833,055","13,43808263","52,49026896",,,3642.0,57.0
210438,11,4,4300414.0,2021,5,12,4,3,1,5,0,1,1,0,0,0,0,0,"791355,9799","5826634,306","13,29421798","52,511793",,,6359.0,27.0
210437,11,11,11501238.0,2021,4,13,3,3,0,2,0,1,1,0,0,0,0,0,"804098,6172","5825992,899","13,48083142","52,49909009",,,4358.0,45.0
210436,11,5,5100316.0,2021,3,11,3,3,5,2,0,0,1,0,0,0,1,0,"784102,6845","5829005,308","13,18965369","52,53687809",,,3242.0,39.0
210435,11,5,5200633.0,2021,4,16,5,3,5,2,0,1,1,0,0,0,0,0,"783761,7864","5826932,03","13,18287153","52,51846634",,,6835.0,61.0
210434,11,9,9100407.0,2021,3,16,6,3,2,2,0,0,1,0,0,0,0,0,"805519,9313","5821502,419","13,49759011","52,45805039",,,964.0,53.0
210433,11,4,4400728.0,2021,5,17,3,3,5,3,0,0,1,0,0,0,0,0,"789610,2421","5823358,909","13,26571775","52,48335794",,,3348.0,36.0
210432,11,2,2400625.0,2021,5,17,4,3,3,6,0,1,1,0,0,0,0,0,"801094,223","5826637,1","13,43728972","52,5065301",,,5550.0,62.0
210431,11,7,7300517.0,2021,4,15,6,3,6,7,0,0,1,1,0,0,0,0,"794355,7701","5822213,594","13,33438895","52,47055324",,,6728.0,57.0
210430,11,6,6300632.0,2021,4,8,3,3,5,3,0,1,1,0,0,0,0,0,"791543,6516","5817466,664","13,28896373","52,42950489",,,4041.0,37.0
210429,11,12,12200309.0,2021,5,11,6,2,6,4,0,0,1,1,0,0,0,0,"793326,2949","5832770,154","13,3285849","52,56574183",,,2754.0,42.0
210428,11,1,1401049.0,2021,4,9,3,3,5,2,0,1,1,0,0,0,0,0,"795878,0702","5831961,265","13,36540161","52,55711013",,,4564.0,57.0
210427,11,1,1300836.0,2021,3,12,3,2,5,3,0,0,1,0,0,0,0,0,"796661,7177","5830361,176","13,37549748","52,54234081",,,4344.0,28.0
210426,11,1,1200520.0,2021,4,10,4,3,5,2,0,1,1,0,0,0,0,0,"794585,3778","5828435,086","13,34326212","52,52620133",,,7354.0,60.0
210425,11,12,12500927.0,2021,4,7,3,3,6,2,0,0,1,1,0,0,0,0,"792636,1769","5835828,416","13,32113237","52,59352904",,,6625.0,65.0
210424,11,5,5100209.0,2021,5,10,6,3,5,2,0,0,1,0,0,0,0,1,"783561,0834","5830196,711","13,18270687","52,5478425",,,5253.0,35.0
210423,11,12,12200515.0,2021,4,16,4,2,3,6,0,1,0,0,0,0,0,0,"789171,9593","5835322,169","13,26969236","52,59084352",,,3343.0,53.0
210422,11,1,1100310.0,2021,3,18,3,3,2,6,0,0,1,0,0,0,0,0,"799140,942","5828465,348","13,41024037","52,52399215",,,1756.0,58.0
210421,11,9,9200512.0,2021,4,17,1,3,5,3,0,0,1,0,1,0,0,0,"809343,8583","5821490,412","13,55367952","52,45579196",,,5050.0,37.0
210420,11,9,9502043.0,2021,3,1,7,3,9,1,2,0,1,0,0,0,0,0,"811363,3094","5822769,213","13,58449651","52,46610532",,,4450.0,25.0
210419,11,7,7601442.0,2021,5,15,2,3,1,5,0,1,0,0,0,0,1,0,"798600,6482","5814860,203","13,3901283","52,40233487",,,3559.0,22.0
210418,11,4,4200310.0,2021,5,9,5,3,5,2,0,1,1,0,0,0,0,0,"789870,1354","5826218,139","13,27202237","52,50885363",,,5040.0,48.0
210417,11,10,10200417.0,2021,5,19,4,3,5,3,0,1,1,0,0,0,0,0,"811313,9615","5831718,315","13,59214033","52,54632947",,,5351.0,36.0
210416,11,1,1100416.0,2021,4,14,6,3,2,6,0,0,1,0,0,0,0,0,"798161,2878","5829854,623","13,39708962","52,53698175",,,3124.0,62.0
210415,11,1,1200518.0,2021,1,14,2,3,6,4,0,0,1,1,0,0,0,1,"793377,8003","5828532,281","13,32559904","52,5277238",,,3647.0,52.0
210414,11,1,1300733.0,2021,2,16,1,3,5,2,0,1,1,0,0,0,0,0,"797163,1137","5831883,339","13,38423124","52,55571194",,,2260.0,56.0
210413,11,3,3300514.0,2021,3,0,1,3,8,1,2,0,1,0,0,0,0,0,"801614,8219","5836167,289","13,45359257","52,59166164",,,4554.0,60.0
210412,11,9,9301024.0,2021,1,12,3,3,0,7,0,0,1,0,0,0,0,0,"810137,5056","5815890,396","13,56012882","52,40515612",,,4655.0,41.0
210411,11,2,2500833.0,2021,2,13,2,3,2,6,0,0,1,0,0,0,0,2,"802748,6808","5826962,893","13,461888","52,50853462",,,5438.0,62.0
210410,11,1,1200623.0,2021,2,17,5,3,2,2,1,0,1,0,0,0,0,0,"795471,3704","5829570,434","13,35729303","52,5358993",,,5530.0,65.0
210409,11,5,5100316.0,2021,1,12,5,3,2,6,0,0,1,0,0,0,0,0,"784498,2462","5828898,495","13,19537859","52,53571404",,,4254.0,60.0
210408,11,3,3200204.0,2021,3,12,4,3,5,2,0,1,1,0,0,0,0,0,"798057,5053","5837198,717","13,40216383","52,60286789",,,3838.0,59.0
210407,11,7,7400823.0,2021,1,16,3,3,5,7,2,1,1,0,0,0,0,1,"797333,887","5821876,502","13,37780299","52,46591877",,,4955.0,53.0
210406,11,11,11200513.0,2021,1,9,3,3,5,3,0,1,1,0,0,0,0,1,"804874,0878","5830920,13","13,49673562","52,5428177",,,5547.0,53.0
210405,11,8,8100314.0,2021,2,13,3,3,2,6,0,0,1,0,0,0,1,0,"801050,7554","5823853,811","13,43413616","52,48160676",,,4749.0,23.0
210404,11,1,1100312.0,2021,3,11,2,3,1,5,0,0,1,0,0,0,1,0,"799475,5319","5826607,826","13,41348549","52,50715862",,,5155.0,43.0
210403,11,8,8401245.0,2021,3,18,3,3,2,2,2,0,1,0,0,0,1,0,"806766,0612","5815614,745","13,5104717","52,40458473",,,5242.0,49.0
210402,11,2,2100106.0,2021,2,12,2,2,2,6,0,0,1,0,0,0,0,1,"799987,3088","5825420,943","13,41993418","52,49623893",,,2430.0,59.0
210401,11,3,3601245.0,2021,2,17,7,3,0,2,2,1,1,0,0,0,0,0,"800292,5455","5831596,042","13,42999257","52,55142038",,,5046.0,45.0
210400,11,3,3500934.0,2021,1,16,7,3,5,2,2,0,1,0,0,0,1,1,"801311,7324","5831931,585","13,44528329","52,55386506",,,3660.0,50.0
210399,11,1,1300836.0,2021,2,6,2,3,5,7,2,1,1,0,0,0,0,1,"796369,9621","5830303,188","13,37115623","52,54197977",,,3648.0,35.0
210398,11,4,4200311.0,2021,3,7,5,2,5,3,0,1,1,0,0,0,0,0,"790469,0566","5826712,408","13,28125373","52,51296622",,,3151.0,40.0
210397,11,4,4501042.0,2021,2,7,4,3,2,2,0,0,1,0,0,0,0,0,"794557,6299","5825993,198","13,34069257","52,50432639",,,4466.0,58.0
210396,11,2,2200210.0,2021,1,7,7,3,9,1,0,0,1,0,0,0,0,0,"798626,5758","5825098,501","13,39966082","52,49409489",,,2334.0,57.0
210395,11,3,3500936.0,2021,3,11,5,3,5,3,0,1,0,0,0,0,1,0,"801856,6315","5831369,482","13,45278487","52,54852524",,,5044.0,14.0
210394,11,7,7400823.0,2021,3,11,5,2,5,7,0,0,1,0,0,0,0,1,"796901,4729","5820709,41","13,37041839","52,45569201",,,3753.0,58.0
210393,11,6,6200317.0,2021,3,7,6,3,5,3,0,0,1,0,0,0,0,0,"796561,2491","5817637,477","13,36269985","52,42833932",,,1453.0,50.0
210392,11,11,11200514.0,2021,2,16,5,3,6,7,0,0,1,1,0,0,0,0,"804968,2647","5830057,776","13,49732858","52,53503621",,,7933.0,55.0
210391,11,2,2500835.0,2021,1,3,1,3,0,1,2,0,0,0,0,0,1,0,"803109,0543","5826286,463","13,46656581","52,50227178",,,1870.0,61.0
210390,11,8,8200726.0,2021,3,5,3,3,6,4,2,0,0,1,0,0,1,1,"801267,5507","5819661,241","13,43353465","52,44390794",,,4763.0,56.0
210389,11,2,2100101.0,2021,1,12,3,3,5,7,0,1,1,0,0,0,0,1,"797585,931","5825949,119","13,38513787","52,50228807",,,4055.0,49.0
210388,11,11,11300722.0,2021,2,6,4,3,6,2,2,0,1,1,0,0,0,1,"804237,6751","5828690,52","13,48533947","52,52319037",,,4654.0,10.0
210387,11,3,3200207.0,2021,3,15,3,3,2,6,0,0,1,0,0,0,0,0,"800108,2264","5836219,19","13,43146601","52,59296019",,,4760.0,20.0
210386,11,10,10100209.0,2021,2,13,5,3,6,4,0,0,1,1,0,0,0,2,"809561,305","5832151,057","13,56678007","52,55120616",,,6536.0,61.0
210385,11,11,11300617.0,2021,2,17,5,3,2,6,0,0,1,0,0,0,1,0,"803183,7154","5829596,311","13,47067847","52,53189583",,,5262.0,43.0
210384,11,8,8200832.0,2021,1,5,3,3,6,2,2,0,0,1,0,0,1,1,"800637,5972","5816188,605","13,42117247","52,41312766",,,3555.0,16.0
210383,11,6,6300634.0,2021,3,15,5,3,5,2,0,0,1,0,0,0,0,0,"792939,0726","5817768,685","13,30969376","52,43146706",,,5344.0,56.0
210382,11,9,9200715.0,2021,1,17,6,3,5,3,2,0,1,0,0,0,0,1,"808559,0981","5818331,457","13,53925029","52,42792485",,,4339.0,29.0
210381,11,11,11200411.0,2021,3,14,1,3,5,2,0,0,1,0,0,0,0,0,"805717,436","5831376,826","13,50955308","52,54643821",,,3748.0,42.0
210380,11,10,10400837.0,2021,3,13,2,3,5,3,0,1,1,0,0,0,0,0,"809998,3682","5824357,137","13,56594433","52,48111189",,,7545.0,65.0
210379,11,3,3200205.0,2021,1,14,3,2,5,3,0,0,1,0,0,0,0,1,"797879,4557","5836017,544","13,39847999","52,59237798",,,4960.0,18.0
210378,11,12,12500824.0,2021,1,13,4,2,1,5,0,0,1,0,0,0,0,1,"791399,6769","5836556,259","13,30357057","52,60071785",,,5238.0,46.0
210377,11,1,1300834.0,2021,2,16,1,3,2,6,0,0,1,0,0,0,0,0,"797714,4126","5830668,348","13,39124961","52,54452005",,,5552.0,49.0
210376,11,3,3500935.0,2021,3,15,2,3,6,6,0,1,0,1,0,0,0,0,"801698,3821","5831372,677","13,45046104","52,54864154",,,3539.0,53.0
210375,11,2,2400623.0,2021,1,16,5,3,2,6,0,0,1,0,0,0,0,1,"800323,6345","5827720,972","13,42694833","52,51666993",,,4336.0,60.0
210374,11,3,3601243.0,2021,3,20,3,2,5,3,2,0,1,0,0,0,0,0,"799767,6968","5831418,234","13,42211444","52,55011572",,,4756.0,48.0
210373,11,4,4501040.0,2021,1,8,4,3,5,2,0,1,1,0,0,0,0,1,"792696,1814","5825474,236","13,31289022","52,50067582",,,5349.0,29.0
210372,11,9,9100306.0,2021,2,5,6,3,6,2,2,0,1,1,0,0,0,1,"804024,2995","5821201,652","13,47537201","52,45618869",,,4651.0,31.0
210371,11,6,6300632.0,2021,3,16,2,2,6,4,0,0,1,1,0,0,0,0,"792687,7764","5817352,315","13,30564363","52,42786886",,,4238.0,48.0
210370,11,3,3400829.0,2021,1,13,4,3,5,3,0,1,1,0,0,0,0,1,"799683,4523","5832692,365","13,42202599","52,56158253",,,5740.0,54.0
210369,11,10,10400837.0,2021,3,9,4,3,0,3,0,1,1,0,0,0,0,0,"810171,8628","5825516,327","13,56956957","52,49140159",,,3050.0,39.0
210368,11,11,11401137.0,2021,2,21,2,2,0,7,2,0,1,0,0,0,0,0,"806784,2168","5826590,537","13,52082048","52,50294322",,,2363.0,61.0
210367,11,9,9200715.0,2021,1,16,5,3,5,2,1,1,0,0,0,0,1,0,"808327,5654","5818866,563","13,53634914","52,43285105",,,1552.0,61.0
210366,11,2,2500833.0,2021,1,19,5,3,0,1,2,1,0,0,0,0,0,1,"802596,129","5827012,188","13,45969191","52,50906109",,,3546.0,33.0
210365,11,1,1200623.0,2021,3,15,6,3,1,5,0,1,0,0,0,0,1,0,"795257,4243","5828794,245","13,35345843","52,52905735",,,5563.0,50.0
210364,11,11,11501339.0,2021,2,16,2,3,5,3,0,1,1,0,0,0,0,0,"806064,5274","5825132,863","13,50891146","52,49028319",,,3545.0,51.0
210363,11,1,1100206.0,2021,3,15,3,3,3,6,0,1,1,0,0,0,0,0,"798182,1874","5827537,797","13,39531926","52,51620304",,,7237.0,52.0
210362,11,5,5200629.0,2021,3,18,5,2,6,4,2,0,0,1,0,0,1,1,"784706,1565","5828587,869","13,19816952","52,5328204",,,4824.0,53.0
210361,11,10,10100311.0,2021,2,7,3,3,5,2,0,0,1,0,0,0,1,2,"806476,6233","5829741,658","13,51920567","52,53135707",,,7935.0,61.0
210360,11,2,2100102.0,2021,3,15,3,2,1,5,0,1,1,0,0,0,1,0,"798347,7274","5826263,83","13,39660961","52,50469306",,,4853.0,18.0
210359,11,5,5200423.0,2021,1,17,7,3,5,2,2,0,1,0,0,0,0,1,"780873,7645","5828324,703","13,14159768","52,5324492",,,4049.0,39.0
210358,11,9,9200715.0,2021,2,6,5,2,5,3,2,0,1,0,0,0,1,1,"808813,7946","5818997,791","13,54359971","52,43375286",,,1356.0,63.0
210357,11,9,9200511.0,2021,2,14,5,3,1,5,0,0,1,0,0,0,1,1,"806985,6382","5821945,815","13,51950193","52,46120296",,,6861.0,54.0
210356,11,11,11200512.0,2021,3,20,7,3,5,2,2,0,1,0,0,0,1,0,"802872,9425","5831238,245","13,46760767","52,54678492",,,4564.0,57.0
210355,11,6,6100205.0,2021,2,12,4,3,0,2,0,1,1,0,0,0,0,0,"795349,9968","5819991,137","13,34701685","52,45009372",,,1251.0,62.0
210354,11,8,8100206.0,2021,1,16,6,3,3,6,0,1,1,0,0,0,0,0,"800967,334","5823524,697","13,43261438","52,4787028",,,3661.0,43.0
210353,11,12,12601134.0,2021,3,13,6,2,6,4,0,0,1,1,0,0,0,0,"794068,057","5836543,057","13,34284457","52,59916292",,,5242.0,49.0
210352,11,3,3200207.0,2021,1,19,6,2,6,4,2,0,1,1,0,0,0,1,"800067,5331","5835822,392","13,43050764","52,58942609",,,5732.0,60.0
210351,11,5,5100316.0,2021,3,21,7,3,3,6,2,0,1,0,0,0,0,1,"784819,6361","5829070,961","13,20025198","52,53709249",,,7360.0,59.0
210350,11,12,12601235.0,2021,3,8,2,3,5,2,0,0,1,0,0,0,1,0,"794624,6151","5836268,397","13,35079377","52,59639957",,,5243.0,34.0
210349,11,7,7601442.0,2021,2,14,5,3,0,5,0,0,1,0,0,0,0,0,"799399,1518","5814365,625","13,40138861","52,3974656",,,5054.0,36.0
210348,11,4,4501150.0,2021,1,10,6,3,6,7,0,0,1,1,0,0,0,1,"793906,8354","5824030,09","13,3294","52,48707904",,,1154.0,55.0
210347,11,8,8300935.0,2021,1,14,1,3,6,4,0,0,1,1,0,0,0,0,"802667,8377","5818093,624","13,4526549","52,42908394",,,3539.0,53.0
210346,11,12,12601235.0,2021,3,5,3,2,2,7,2,0,1,0,0,0,1,1,"794481,0742","5836247,189","13,34866185","52,5962872",,,2754.0,42.0
210345,11,9,9200510.0,2021,3,17,4,3,5,2,0,1,1,0,0,0,0,0,"806599,8004","5822782,188","13,51460908","52,46891541",,,5428.0,49.0
210344,11,10,10100205.0,2021,2,7,3,3,5,3,0,0,1,0,0,0,0,2,"808402,4386","5833052,018","13,5505797","52,55993767",,,5657.0,53.0
210343,11,4,4500939.0,2021,3,16,3,3,5,3,0,1,1,0,0,0,0,0,"792336,2679","5824093,226","13,30639129","52,48848829",,,7860.0,60.0
210342,11,1,1100308.0,2021,1,7,6,3,6,4,2,0,1,1,0,0,0,0,"796649,434","5829049,899","13,37414635","52,53059331",,,4730.0,63.0
210341,11,7,7400825.0,2021,2,14,2,3,6,2,0,0,1,1,0,0,0,2,"797809,942","5821044,332","13,38404744","52,45819999",,,4458.0,48.0
210340,11,3,3701555.0,2021,2,14,5,3,6,4,0,1,1,1,0,0,0,1,"799684,0349","5830034,991","13,41963634","52,53776325",,,5860.0,62.0
210339,11,11,11400930.0,2021,3,10,7,2,5,3,0,0,1,0,0,0,0,0,"805904,2557","5826550,331","13,50785997","52,5030769",,,1856.0,55.0
210338,11,1,1200623.0,2021,2,15,4,3,2,6,0,0,1,0,0,0,0,0,"795278,4987","5829389,32","13,35429679","52,5343803",,,4651.0,31.0
210337,11,4,4300623.0,2021,1,18,7,3,1,5,2,1,1,0,0,0,0,1,"792358,992","5826028,905","13,30842402","52,50582906",,,4046.0,41.0
210336,11,8,8100415.0,2021,3,17,4,2,5,2,1,0,1,0,0,0,1,0,"801998,7026","5823298,005","13,44754935","52,47610159",,,4448.0,24.0
210335,11,3,3400829.0,2021,3,16,5,3,5,3,0,0,1,0,0,0,0,1,"799768,6003","5832816,962","13,4233909","52,56265246",,,2943.0,55.0
210334,11,6,6300631.0,2021,2,16,6,3,5,3,1,1,1,0,0,0,0,1,"792324,8704","5816603,275","13,29966677","52,42134776",,,4245.0,40.0
210333,11,1,1100309.0,2021,3,21,7,2,5,3,2,1,0,0,0,0,0,1,"798126,7","5828963,615","13,39578202","52,52901397",,,556.0,60.0
210332,11,8,8200725.0,2021,2,15,7,3,5,3,0,0,1,0,0,0,0,0,"799911,3691","5819067,28","13,4131081","52,43932943",,,5946.0,61.0
210331,11,8,8401241.0,2021,1,12,2,3,5,7,0,0,1,0,0,1,0,1,"804348,0482","5819096,397","13,47820411","52,43713955",,,3279.0,63.0
210330,11,4,4500938.0,2021,1,7,2,3,1,5,2,1,1,0,0,0,0,1,"791580,9614","5825004,674","13,2960966","52,4970633",,,1255.0,61.0
210329,11,1,1300733.0,2021,1,16,3,2,0,2,1,0,1,0,1,0,0,1,"797353,4982","5831201,537","13,38642052","52,54949653",,,1459.0,57.0
210328,11,4,4200207.0,2021,1,14,5,3,5,2,0,1,0,0,0,0,0,1,"788474,5169","5825176,805","13,25061352","52,50025744",,,7068.0,65.0
210327,11,6,6300526.0,2021,3,16,3,3,5,3,0,0,1,0,0,0,0,0,"788367,992","5817753,792","13,24263334","52,43376237",,,3568.0,52.0
210326,11,9,9401329.0,2021,1,12,3,3,5,3,0,1,0,0,0,1,0,1,"811548,0273","5818933,783","13,58362989","52,43162894",,,5754.0,53.0
210325,11,7,7300619.0,2021,2,12,2,3,5,2,0,0,1,0,0,0,0,2,"795392,9711","5821007,642","13,34854659","52,45918282",,,4357.0,21.0
210324,11,2,2100104.0,2021,2,8,5,3,0,1,0,0,0,0,1,0,0,1,"798953,2508","5826344,742","13,40557694","52,50508688",,,3331.0,61.0
210323,11,7,7400823.0,2021,1,13,2,3,3,6,0,0,1,0,0,0,0,0,"797289,7441","5821226,553","13,37657618","52,46011664",,,3342.0,52.0
210322,11,10,10400835.0,2021,3,19,5,3,5,3,2,0,1,0,0,0,0,0,"812422,3193","5829384,261","13,6062382","52,52477945",,,3467.0,56.0
210321,11,2,2400623.0,2021,1,17,1,3,1,5,2,1,1,0,0,0,0,1,"800898,3692","5826940,841","13,43468733","52,50936065",,,5079.0,56.0
210320,11,4,4501042.0,2021,3,13,2,3,1,5,0,0,1,0,0,0,0,0,"793517,7443","5825549,37","13,32502479","52,50090808",,,6551.0,61.0
210319,11,8,8200832.0,2021,1,18,3,3,6,2,2,0,1,1,0,0,0,1,"801021,3403","5817079,19","13,42759855","52,42089951",,,5049.0,52.0
210318,11,6,6200316.0,2021,1,16,3,3,2,6,1,0,1,0,0,0,0,0,"795998,4224","5817704,698","13,35450561","52,4292467",,,9020.0,65.0
210317,11,4,4400727.0,2021,2,8,2,3,6,4,0,0,0,1,0,0,1,0,"791378,8934","5824265,691","13,29248212","52,49054627",,,4856.0,19.0
210316,11,1,1100308.0,2021,3,13,3,3,0,7,0,0,1,0,0,0,1,0,"797609,8673","5828365,603","13,38765056","52,52393592",,,3948.0,43.0
210315,11,12,12200310.0,2021,3,15,5,3,6,4,0,0,0,1,0,0,1,1,"792245,1414","5833320,58","13,31316464","52,57125764",,,3944.0,21.0
210314,11,1,1300732.0,2021,1,8,4,3,5,2,0,1,1,0,0,0,0,0,"797588,1029","5832768,797","13,39127535","52,56341686",,,4459.0,28.0