OBJECTID,LAND,BEZ,LOR_ab_2021,UJAHR,UMONAT,USTUNDE,UWOCHENTAG,UKATEGORIE,UART,UTYP1,ULICHTVERH,IstRad,IstPKW,IstFuss,IstKrad,IstGkfz,IstSonstige,USTRZUSTAND,LINREFX,LINREFY,XGCSWGS84,YGCSWGS84,LOR,STRASSE,quadrant,quadrant_rank
210313,11,1,1200624.0,2021,2,14,6,3,2,6,0,0,1,0,0,0,1,1,"795658,4184","5829732,916","13,3601873","52,53725436",,,3247.0,45.0
210312,11,7,7601340.0,2021,3,16,2,3,2,3,0,1,1,0,0,0,0,0,"796532,6273","5815645,34","13,3605147","52,4104968",,,5731.0,61.0
210311,11,4,4300416.0,2021,1,4,3,3,9,1,2,0,1,0,0,0,0,1,"791404,3789","5826085,216","13,29444841","52,5068446",,,4841.0,65.0
210310,11,4,4400830.0,2021,3,5,5,3,1,5,2,1,0,0,0,0,1,0,"792322,9255","5823123,865","13,30534526","52,47980529",,,4944.0,25.0
210309,11,8,8401241.0,2021,2,15,3,3,2,6,0,0,1,0,0,0,0,1,"804797,402","5817837,957","13,48364692","52,42561025",,,4246.0,53.0
210308,11,1,1300836.0,2021,1,8,5,2,3,6,0,1,0,0,0,0,1,0,"796972,8233","5831473,033","13,38106565","52,55213783",,,3470.0,55.0
210307,11,1,1401045.0,2021,1,9,5,3,2,6,0,0,1,0,0,1,0,1,"796701,7575","5831920,195","13,37747912","52,55629386",,,2534.0,59.0
210306,11,2,2400521.0,2021,3,11,5,3,5,2,0,1,1,0,0,0,0,0,"801250,9859","5827845,583","13,44068632","52,5172754",,,2553.0,40.0
210305,11,2,2200209.0,2021,2,13,2,3,5,2,0,0,1,0,1,0,0,0,"796910,6563","5824296,646","13,37374597","52,48784318",,,3527.0,52.0
210304,11,7,7501134.0,2021,3,12,4,2,6,4,0,0,1,1,0,0,0,1,"799281,6041","5817627,918","13,40258264","52,42677235",,,4942.0,18.0
210303,11,9,9200715.0,2021,3,9,5,3,5,2,0,0,1,0,0,0,0,0,"808643,3584","5819165,301","13,54125526","52,43535028",,,5162.0,47.0
210302,11,6,6200313.0,2021,2,6,4,2,6,2,2,0,1,1,0,0,0,1,"795347,9998","5818440,847","13,34561727","52,43619737",,,5049.0,52.0
210301,11,12,12200412.0,2021,3,13,2,3,5,7,0,0,1,0,0,0,0,0,"788636,8984","5833095,233","13,25987649","52,57116281",,,2847.0,41.0
210300,11,6,6100102.0,2021,1,17,5,2,5,2,2,0,1,0,0,0,0,1,"793647,6117","5820593,207","13,32256789","52,45640817",,,4364.0,39.0
210299,11,1,1200518.0,2021,2,13,5,3,5,2,0,1,1,0,0,0,0,1,"793431,4977","5828526,088","13,32638284","52,52763939",,,7933.0,55.0
210298,11,2,2500833.0,2021,1,9,5,3,0,1,0,0,0,0,1,0,0,1,"802458,29","5827055,745","13,45770669","52,50952792",,,5849.0,58.0
210297,11,2,2300316.0,2021,3,17,6,3,5,2,0,1,1,0,0,0,0,0,"800700,3395","5826552,211","13,43142718","52,50598645",,,3654.0,56.0
210296,11,7,7601238.0,2021,2,7,4,3,2,6,0,0,1,0,0,0,0,0,"797680,8939","5817273,162","13,37879454","52,42446555",,,7030.0,52.0
210295,11,4,4100102.0,2021,1,16,6,3,0,7,1,1,0,0,0,0,0,1,"791127,7118","5829152,424","13,29306816","52,53448961",,,5044.0,14.0
210294,11,4,4501149.0,2021,3,13,6,3,5,2,0,1,1,0,0,0,0,0,"793465,0021","5824499,503","13,32332509","52,49152482",,,7751.0,59.0
210293,11,8,8100311.0,2021,1,21,6,3,1,5,2,1,1,0,0,0,0,1,"800695,6899","5824359,707","13,42937976","52,48633692",,,2886.0,60.0
210292,11,3,3400827.0,2021,3,19,6,2,2,5,2,1,1,0,0,0,0,0,"799172,5147","5832457,015","13,41429895","52,55975396",,,1462.0,37.0
210291,11,8,8100209.0,2021,2,18,6,3,0,7,2,0,1,0,0,0,0,0,"801811,873","5821965,232","13,44360122","52,46425898",,,3876.0,49.0
210290,11,11,11300721.0,2021,1,0,7,3,0,1,2,1,0,0,0,0,0,0,"805052,6253","5829100,798","13,49769035","52,52641215",,,2628.0,59.0
210289,11,5,5100209.0,2021,1,18,2,3,5,2,2,0,1,0,0,0,0,1,"783691,3843","5830170,573","13,18460099","52,54754029",,,5127.0,55.0
210288,11,3,3601142.0,2021,1,10,3,2,6,4,0,1,0,1,0,0,0,0,"798732,9707","5830327,074","13,40591812","52,54090352",,,3960.0,55.0
210287,11,9,9100407.0,2021,2,10,6,3,6,4,0,0,1,1,0,0,0,0,"805615,9296","5819682,643","13,49733361","52,44168688",,,6833.0,65.0
210286,11,7,7200409.0,2021,3,4,1,3,1,1,2,0,1,0,0,0,0,0,"795177,864","5824367,973","13,34836373","52,48942222",,,864.0,61.0
210285,11,1,1100309.0,2021,2,13,2,3,2,6,0,0,1,0,0,0,0,2,"798068,353","5828936,066","13,39489976","52,52879893",,,1658.0,8.0
210284,11,4,4500937.0,2021,2,16,5,3,2,6,0,0,1,0,0,0,0,0,"791469,7825","5825060,96","13,29451276","52,49762729",,,4677.0,63.0
210283,11,5,5200527.0,2021,1,17,2,1,6,4,2,0,1,1,0,0,0,0,"783187,9829","5827502,959","13,17492375","52,52388374",,,5668.0,59.0
210282,11,1,1401046.0,2021,3,12,4,3,5,2,0,0,1,0,0,0,0,0,"794616,9598","5829881,925","13,34500871","52,53915414",,,4762.0,48.0
210281,11,4,4300623.0,2021,1,1,7,3,0,4,2,0,1,1,0,0,0,2,"792726,1893","5826122,625","13,31390107","52,50647234",,,4567.0,50.0
210280,11,12,12400617.0,2021,2,17,6,2,5,3,2,1,1,0,0,0,0,1,"785956,5297","5837001,543","13,22380733","52,6076002",,,3550.0,28.0
210279,11,2,2400623.0,2021,1,11,3,3,5,3,0,1,1,0,0,0,0,1,"801242,4196","5827686,705","13,44041661","52,51585609",,,6262.0,56.0
210278,11,4,4300517.0,2021,1,19,3,3,6,2,2,0,1,1,0,0,0,1,"791482,8917","5828283,193","13,2975276","52,52650725",,,5781.0,61.0
210277,11,4,4300619.0,2021,2,19,2,3,5,2,2,1,1,0,0,0,0,0,"791780,9285","5827465,256","13,30119071","52,51901517",,,6237.0,55.0
210276,11,4,4501042.0,2021,3,10,2,2,3,5,0,1,1,0,0,0,0,0,"794341,4057","5825624,502","13,33719023","52,50113793",,,3139.0,65.0
210275,11,4,4300416.0,2021,3,13,4,3,5,7,0,1,1,0,0,0,0,0,"791596,0098","5826097,691","13,29727479","52,50685405",,,1766.0,46.0
210274,11,1,1200522.0,2021,1,10,3,3,5,3,0,1,1,0,0,0,0,1,"794219,0046","5828307,448","13,33776435","52,52525498",,,3527.0,52.0
210273,11,6,6400737.0,2021,2,13,7,3,0,6,0,1,0,0,0,0,1,0,"785418,2688","5818372,444","13,19989085","52,44085647",,,7117.0,62.0
210272,11,11,11300721.0,2021,3,17,3,3,0,1,0,0,0,0,1,0,0,0,"805165,62","5829789,449","13,49998285","52,5325209",,,958.0,48.0
210271,11,1,1100102.0,2021,1,11,3,3,2,6,0,0,1,0,0,0,1,0,"796630,4979","5826687,258","13,37176117","52,50942498",,,5934.0,54.0
210270,11,1,1400938.0,2021,2,10,4,3,6,4,0,0,1,1,0,0,0,2,"793779,5145","5830452,119","13,33320075","52,54471771",,,4453.0,15.0
210269,11,8,8100313.0,2021,2,18,5,3,0,4,1,0,0,1,1,0,0,0,"801372,5603","5824763,708","13,43968321","52,48958486",,,3580.0,59.0
210268,11,7,7601544.0,2021,1,16,2,3,2,6,0,0,1,0,0,0,0,0,"799901,2985","5813192,173","13,40769684","52,38667237",,,2562.0,63.0
210267,11,2,2200210.0,2021,3,12,4,3,5,3,0,1,1,1,0,0,0,0,"798486,7613","5825222,172","13,39771834","52,49527992",,,3542.0,38.0
210266,11,5,5100315.0,2021,3,21,2,2,6,4,2,0,1,1,1,0,0,0,"784879,2492","5829539,282","13,20153008","52,54126028",,,4961.0,45.0
210265,11,6,6300633.0,2021,1,11,2,2,9,1,0,0,1,0,0,0,0,2,"793203,7041","5819646,822","13,31522272","52,44816239",,,3145.0,38.0
210264,11,1,1401047.0,2021,1,7,4,3,5,2,2,1,1,0,0,0,0,1,"795259,2603","5830462,14","13,35496731","52,54400765",,,4065.0,7.0
210263,11,9,9100304.0,2021,2,17,2,3,6,2,1,0,1,1,0,0,0,0,"804805,8299","5822374,842","13,48790947","52,46626834",,,6536.0,61.0
210262,11,4,4200310.0,2021,3,20,2,3,5,3,2,0,1,0,0,0,1,1,"789459,6764","5826669,538","13,26638398","52,51311848",,,3559.0,22.0
210261,11,2,2400623.0,2021,3,12,4,3,5,2,0,1,1,0,0,0,0,0,"800674,8061","5827572,211","13,43197356","52,51514306",,,4649.0,53.0
210260,11,3,3701658.0,2021,2,17,1,3,2,6,2,0,1,0,0,0,0,2,"800104,8559","5829686,466","13,42550763","52,53440774",,,4714.0,65.0
210259,11,11,11300721.0,2021,2,11,7,3,0,7,0,1,1,0,0,0,1,0,"805431,4175","5829110,898","13,5032658","52,52629061",,,4760.0,20.0
210258,11,1,1300733.0,2021,1,12,4,3,6,7,0,0,1,1,0,0,0,1,"797096,9793","5831730,188","13,38312155","52,55437522",,,4357.0,21.0
210257,11,12,12500930.0,2021,2,15,3,3,5,2,0,1,1,0,0,0,0,0,"793947,3557","5835309,322","13,33997263","52,58816868",,,4250.0,52.0
210256,11,5,5200420.0,2021,2,11,7,3,4,6,0,0,1,0,0,0,1,2,"782766,6567","5828174,187","13,16930105","52,53012088",,,4645.0,45.0
210255,11,9,9401329.0,2021,1,22,4,3,7,7,2,0,0,0,1,0,0,0,"812832,4219","5819345,776","13,60284585","52,43458802",,,3550.0,28.0
210254,11,12,12200515.0,2021,3,13,6,3,2,7,0,0,1,0,0,0,0,0,"789961,0763","5835548,387","13,28150656","52,59245145",,,3567.0,10.0
210253,11,1,1300835.0,2021,2,16,2,3,5,2,0,0,1,0,0,0,0,0,"797391,3274","5830020,483","13,38591939","52,53888918",,,5043.0,50.0
210252,11,10,10100313.0,2021,1,12,5,2,2,6,0,0,1,0,1,0,0,0,"808517,3689","5831180,074","13,55053043","52,5430967",,,4549.0,56.0
210251,11,1,1401044.0,2021,3,15,4,3,1,1,0,0,1,0,0,0,1,1,"796178,8376","5831232,303","13,36917478","52,55041226",,,4749.0,23.0
210250,11,1,1100310.0,2021,3,19,5,3,0,1,2,0,0,0,0,0,1,1,"798478,096","5828247,781","13,40030412","52,52240522",,,4944.0,25.0
210249,11,3,3601140.0,2021,3,9,7,3,5,2,0,1,0,0,0,0,1,0,"798517,3773","5831494,439","13,40379782","52,55148541",,,7120.0,63.0
210248,11,7,7601545.0,2021,2,20,4,3,0,5,2,0,1,0,0,0,0,0,"800566,565","5814129,337","13,41828323","52,39470824",,,4864.0,14.0
210247,11,12,12500824.0,2021,3,18,2,3,6,2,2,0,1,1,0,0,0,0,"790701,0544","5835392,387","13,29226272","52,59065793",,,3326.0,55.0
210246,11,12,12500928.0,2021,1,19,5,3,6,4,2,0,1,1,0,0,0,1,"792077,8752","5837104,955","13,31403993","52,60527276",,,3043.0,59.0
210245,11,9,9100101.0,2021,2,19,4,3,6,2,2,0,1,1,0,0,0,1,"802353,5095","5824747,089","13,45407167","52,48889351",,,3049.0,57.0
210244,11,3,3200310.0,2021,3,17,6,3,0,4,0,0,1,1,0,0,0,0,"799530,4832","5837790,807","13,42438444","52,60736544",,,4943.0,45.0
210243,11,3,3601453.0,2021,2,17,7,3,5,2,2,1,1,0,0,0,0,2,"802387,0823","5828846,5","13,45828826","52,52561784",,,4633.0,58.0
210242,11,3,3200204.0,2021,2,15,4,2,5,2,0,1,1,0,0,0,0,0,"798049,287","5837195,636","13,40204006","52,60284478",,,6437.0,60.0
210241,11,12,12100205.0,2021,1,9,3,3,2,6,0,0,1,0,0,0,0,2,"794248,1748","5835451,153","13,34452615","52,58927745",,,3171.0,61.0
210240,11,8,8100312.0,2021,3,8,5,3,0,6,0,0,1,0,1,0,0,0,"801071,7586","5824917,433","13,43540525","52,49112872",,,3948.0,43.0
210239,11,9,9100305.0,2021,2,18,1,3,5,2,2,0,1,0,0,0,1,2,"805017,3174","5822704,571","13,4913144","52,46910555",,,2974.0,55.0
210238,11,11,11100204.0,2021,3,15,7,3,5,2,0,0,1,0,0,0,0,1,"805956,7822","5833709,218","13,51522152","52,5672072",,,3361.0,65.0
210237,11,6,6200314.0,2021,1,18,5,3,2,6,2,0,1,0,0,0,0,1,"794571,9571","5817705,787","13,33358681","52,43002639",,,2895.0,65.0
210236,11,8,8100104.0,2021,1,16,1,3,0,5,2,1,1,0,0,0,0,1,"800872,8111","5822467,963","13,43027357","52,46928301",,,1642.0,65.0
210235,11,8,8100102.0,2021,2,16,1,2,5,2,0,0,1,0,1,0,0,0,"800486,377","5823549,643","13,42557635","52,47919124",,,4458.0,48.0
210234,11,1,2100104.0,2021,3,16,2,3,2,7,0,0,1,0,0,0,0,0,"799364,8239","5826332,852","13,41161195","52,50475465",,,5842.0,63.0
210233,11,7,7501031.0,2021,1,11,4,3,5,3,0,1,0,0,0,1,0,0,"799470,0617","5820515,232","13,40793314","52,45255021",,,6263.0,48.0
210232,11,4,4400834.0,2021,2,18,4,3,6,4,2,0,1,1,0,0,0,2,"792669,8231","5823057,032","13,31038002","52,47902034",,,4257.0,20.0
210231,11,12,12400723.0,2021,2,12,5,3,5,3,0,0,1,0,0,0,0,0,"791698,2701","5839251,104","13,31034293","52,6247159",,,4042.0,56.0
210230,11,11,11300617.0,2021,1,18,4,3,5,2,2,1,1,0,0,0,0,0,"803090,3371","5829538,646","13,46925351","52,53143091",,,4569.0,47.0
210229,11,8,8100209.0,2021,3,7,4,3,2,6,0,0,1,0,0,0,0,0,"801743,1908","5822067,088","13,4426854","52,46520986",,,7235.0,47.0
210228,11,4,4501152.0,2021,1,14,6,3,5,2,0,1,1,0,0,0,0,0,"793976,6113","5824458,417","13,3308025","52,49088122",,,4452.0,21.0
210227,11,4,4200308.0,2021,1,13,3,3,2,2,0,0,1,0,0,0,0,2,"788491,4479","5827719,59","13,25306653","52,5230456",,,2085.0,63.0
210226,11,1,1100102.0,2021,1,19,3,3,0,6,2,0,1,0,1,0,0,1,"795072,3777","5827223,179","13,34934474","52,51507414",,,1658.0,8.0
210225,11,3,3500934.0,2021,2,15,2,3,5,3,0,0,1,0,0,0,0,0,"800502,9514","5831781,198","13,43325402","52,55296393",,,5364.0,58.0
210224,11,4,4300624.0,2021,3,18,3,2,5,3,2,1,1,0,0,0,0,0,"793257,5868","5826077,906","13,32166869","52,50578607",,,3760.0,45.0
210223,11,3,3501038.0,2021,3,17,4,3,1,5,0,1,0,0,0,1,0,0,"803167,3237","5831369,699","13,47205564","52,54779937",,,5444.0,54.0
210222,11,4,4400726.0,2021,2,17,7,3,6,6,2,0,1,1,0,0,0,2,"790233,3152","5824588,42","13,27593819","52,49404988",,,1558.0,34.0
210221,11,7,7601236.0,2021,2,21,7,2,6,4,2,0,1,1,0,0,0,0,"796567,4106","5816249,672","13,36156","52,41589536",,,3863.0,41.0
210220,11,7,7501029.0,2021,1,18,6,2,6,3,2,0,1,1,0,0,0,1,"797367,2653","5819343,935","13,37603758","52,44319863",,,4349.0,61.0
210219,11,7,7400823.0,2021,2,16,3,3,6,2,2,0,0,1,1,0,0,1,"797289,7079","5821226,116","13,37657526","52,46011274",,,1061.0,59.0
210218,11,9,9100304.0,2021,1,11,3,3,6,4,0,1,1,1,0,0,0,1,"804601,5042","5822059,646","13,48462335","52,46355727",,,5757.0,55.0
210217,11,9,9501838.0,2021,3,17,5,3,2,6,0,0,1,0,0,0,0,0,"820165,4117","5819626,072","13,7106165","52,43285718",,,3245.0,33.0
210216,11,7,7100102.0,2021,3,7,7,3,8,1,0,0,1,0,0,0,0,0,"794961,5168","5825560,45","13,34624245","52,50022891",,,4759.0,53.0
210215,11,9,9502043.0,2021,2,14,4,3,5,3,0,1,1,0,0,0,0,0,"809220,5463","5823021,8","13,55328922","52,46958581",,,3548.0,45.0
210214,11,1,1300733.0,2021,1,23,5,3,9,1,2,0,1,0,0,0,0,1,"797021,4522","5831512,53","13,3818161","52,55246536",,,1558.0,34.0
210213,11,9,9200819.0,2021,3,7,4,3,5,2,0,1,1,0,0,0,0,0,"810778,3393","5818648,881","13,57208033","52,42951352",,,5756.0,56.0
210212,11,1,1100309.0,2021,3,15,6,3,1,5,0,1,0,0,0,1,0,0,"798670,5822","5828707,183","13,40354533","52,52641772",,,3550.0,28.0
210211,11,12,12200412.0,2021,3,6,2,3,2,6,0,0,1,0,0,0,0,0,"789784,5522","5833673,884","13,27726874","52,57574063",,,6237.0,55.0
210210,11,1,1300834.0,2021,2,18,2,3,2,6,2,0,1,0,0,0,0,2,"797437,3871","5831142,679","13,38760134","52,54892314",,,3929.0,55.0
210209,11,6,6100208.0,2021,1,11,2,3,5,7,0,0,1,0,0,0,1,2,"794767,9487","5820813,001","13,33920232","52,45777544",,,2627.0,61.0
210208,11,7,7400720.0,2021,3,14,3,2,5,2,0,0,1,0,0,0,1,0,"797207,361","5823599,939","13,37748164","52,48143649",,,3851.0,47.0
210207,11,4,4300624.0,2021,1,20,2,3,6,2,2,0,1,1,0,0,0,1,"793345,4028","5826090,331","13,32296976","52,50585024",,,4850.0,38.0
210206,11,7,7601547.0,2021,2,9,4,2,6,7,0,0,1,1,0,0,0,1,"800034,353","5813250,115","13,40969793","52,3871189",,,6436.0,63.0
210205,11,10,10300734.0,2021,2,13,6,2,6,4,0,0,1,1,0,0,0,1,"809578,4244","5825289,759","13,56064644","52,48970802",,,5441.0,34.0
210204,11,11,11401137.0,2021,3,8,2,3,2,6,0,1,1,0,0,0,0,0,"806776,4317","5825678,45","13,51986608","52,49477329",,,4449.0,28.0
210203,11,4,4300622.0,2021,1,8,4,3,5,2,0,1,1,0,0,0,0,1,"793676,862","5826072,268","13,32782334","52,50551",,,4451.0,11.0
210202,11,9,9401329.0,2021,2,11,3,3,1,5,0,0,1,0,0,0,0,1,"811788,4997","5818279,506","13,58654559","52,42562866",,,5144.0,42.0
210201,11,7,7601238.0,2021,1,9,5,2,2,2,0,0,1,0,0,0,0,0,"798522,7335","5816818,134","13,39073231","52,4199281",,,4360.0,52.0
210200,11,7,7200308.0,2021,3,16,6,3,0,4,0,1,0,1,0,0,0,0,"795143,4031","5823170,735","13,34679763","52,47870842",,,1660.0,30.0
210199,11,9,9200510.0,2021,2,17,3,3,6,7,1,1,0,1,0,0,0,0,"806447,4401","5822249,315","13,51188382","52,4642251",,,4953.0,49.0
210198,11,8,8100102.0,2021,1,14,7,3,1,5,0,0,1,0,0,0,1,1,"800516,058","5823437,743","13,42591123","52,4781719",,,5434.0,63.0
210197,11,4,4400728.0,2021,3,17,4,2,6,4,0,0,1,1,0,0,0,0,"790037,9893","5823780,664","13,27236609","52,48691202",,,6468.0,61.0
210196,11,8,8100208.0,2021,3,8,5,3,0,2,0,1,1,0,0,0,0,1,"801637,0967","5822641,373","13,44164758","52,47041588",,,3555.0,16.0
210195,11,8,8200726.0,2021,3,17,1,3,5,2,1,0,1,0,0,0,0,0,"802369,622","5819929,247","13,44994255","52,44570184",,,3945.0,34.0
210194,11,9,9200715.0,2021,2,11,3,3,5,3,0,0,1,0,0,0,0,1,"808100,9629","5818953,636","13,53310676","52,43375908",,,2947.0,18.0
210193,11,10,10100312.0,2021,3,15,3,3,5,3,0,1,1,0,0,0,0,0,"808498,075","5829508,787","13,54869552","52,52812991",,,3138.0,63.0
210192,11,7,7100101.0,2021,1,17,5,3,1,5,2,1,1,0,0,0,0,1,"794637,7079","5825746,476","13,34165063","52,50207145",,,3373.0,65.0
210191,11,3,3400619.0,2021,2,16,4,3,5,3,0,0,1,0,0,0,0,1,"795863,1973","5835596,065","13,36842595","52,58970042",,,5667.0,54.0
210190,11,9,9501737.0,2021,3,8,6,3,0,3,0,0,1,0,0,0,0,1,"814210,1404","5821999,652","13,62554104","52,45757975",,,5557.0,49.0
210189,11,11,2500835.0,2021,2,16,4,3,2,6,0,0,1,0,0,0,1,0,"803279,5637","5826314,461","13,4690956","52,50242798",,,4251.0,2.0
210188,11,1,1200623.0,2021,1,20,2,3,6,4,2,1,0,1,0,0,0,0,"795801,1895","5829040,275","13,36166973","52,530968",,,5132.0,38.0
210187,11,3,3500936.0,2021,3,14,6,3,5,2,0,0,1,0,0,0,1,1,"802268,288","5831574,409","13,45902391","52,55013372",,,663.0,63.0
210186,11,1,1200628.0,2021,3,17,7,3,5,2,0,1,1,0,0,0,0,1,"795727,5688","5828198,207","13,35983865","52,52345957",,,7065.0,59.0
210185,11,10,10200421.0,2021,3,12,2,3,2,6,0,0,1,0,0,0,0,0,"812101,6373","5830901,662","13,60295133","52,53856073",,,2160.0,45.0
210184,11,6,6400844.0,2021,1,15,5,2,0,2,0,0,1,0,0,0,1,1,"790387,9838","5820840,414","13,27494622","52,4603661",,,4453.0,15.0
210183,11,4,4501043.0,2021,1,14,1,3,6,7,0,0,1,1,0,0,0,0,"792911,7253","5824396,527","13,31510883","52,49089884",,,6335.0,57.0
210182,11,1,1100310.0,2021,2,20,2,3,5,2,2,0,1,0,0,0,0,0,"799245,9638","5828468,918","13,41178694","52,52396652",,,4536.0,56.0
210181,11,3,3100101.0,2021,3,16,2,3,0,1,0,0,0,0,0,0,1,0,"802024,907","5840382,05","13,46347499","52,62920996",,,3247.0,45.0
210180,11,6,6100209.0,2021,1,17,4,3,6,4,2,0,1,1,0,0,0,0,"794751,6041","5821238,764","13,3393384","52,461601",,,4346.0,53.0
210179,11,12,12500825.0,2021,2,14,3,3,5,3,0,0,1,0,0,0,0,2,"791643,4513","5834492,359","13,30534255","52,58208501",,,4647.0,52.0
210178,11,7,7400721.0,2021,2,17,5,3,4,6,0,1,0,0,0,0,0,0,"798744,4908","5823946,609","13,40035989","52,48370517",,,5325.0,63.0
210177,11,4,4501152.0,2021,1,18,3,3,6,2,2,0,1,1,0,0,0,1,"793977,4897","5824447,331","13,33080562","52,49078137",,,2950.0,60.0
210176,11,3,3601142.0,2021,3,9,4,3,0,1,0,1,0,0,0,0,0,0,"799181,3164","5831224,038","13,41331723","52,54869743",,,3346.0,47.0
210175,11,9,9100304.0,2021,1,3,6,3,2,7,2,0,1,0,0,0,0,0,"804296,1294","5821790,496","13,4798969","52,46131509",,,3028.0,65.0
210174,11,7,7400720.0,2021,1,17,5,3,2,6,2,0,1,0,1,0,0,1,"797303,0841","5822582,158","13,3779797","52,47226102",,,4559.0,31.0
210173,11,1,1300834.0,2021,1,17,4,3,2,6,2,0,1,1,0,0,0,1,"798428,4466","5830218,318","13,40134352","52,54009554",,,4351.0,43.0
210172,11,9,9401534.0,2021,2,14,2,3,0,6,0,0,1,0,1,0,0,0,"810818,0403","5820307,289","13,57420433","52,44435302",,,5539.0,57.0
210171,11,8,8100206.0,2021,3,19,3,3,2,7,2,1,1,0,0,0,0,0,"800704,4886","5823897,797","13,42909228","52,48219181",,,4049.0,39.0
210170,11,7,7501031.0,2021,3,15,4,3,1,5,0,1,1,0,0,0,0,0,"797933,5161","5820446,843","13,38532767","52,45277681",,,3546.0,33.0
210169,11,7,7501133.0,2021,2,17,3,3,2,6,2,0,1,0,0,0,1,1,"798171,1886","5819016,264","13,38753809","52,43982365",,,3183.0,60.0
210168,11,3,3601141.0,2021,3,7,3,2,5,2,0,1,1,0,0,0,0,0,"798816,199","5831461,976","13,40816272","52,55103059",,,3567.0,10.0
210167,11,11,11501340.0,2021,1,18,7,2,6,4,2,0,1,1,0,0,0,0,"807240,3908","5824292,701","13,52540115","52,48209304",,,4275.0,65.0
210166,11,2,2100101.0,2021,2,8,2,3,5,2,0,1,1,0,0,0,0,0,"797666,4985","5825846,145","13,38622927","52,50132108",,,3931.0,63.0
210165,11,9,9100203.0,2021,3,8,6,3,2,7,0,0,1,0,0,0,0,0,"804255,0672","5824135,165","13,48143281","52,48235261",,,4546.0,40.0
210164,11,5,5100208.0,2021,2,13,7,3,4,1,0,0,1,0,0,0,0,2,"781570,058","5829947,589","13,15321092","52,54664156",,,4964.0,49.0
210163,11,7,7601544.0,2021,2,12,5,3,5,3,0,1,1,0,0,0,0,0,"799474,2837","5813160,221","13,4014125","52,38661951",,,4657.0,9.0
210162,11,1,1100310.0,2021,1,20,6,3,0,7,2,0,1,0,0,0,0,0,"799339,2721","5827653,452","13,41242433","52,51660588",,,4043.0,62.0
210161,11,1,1100313.0,2021,3,13,5,3,5,2,0,1,1,0,0,0,0,0,"799981,3937","5826939,188","13,4212151","52,50985085",,,4551.0,40.0
210160,11,2,2500835.0,2021,3,20,5,3,2,6,2,1,1,0,0,0,0,1,"802406,8572","5826148,662","13,45612725","52,50142627",,,5348.0,58.0
210159,11,4,4300623.0,2021,3,6,2,3,2,6,0,0,1,0,1,0,0,0,"792435,739","5826103,503","13,30961707","52,50645668",,,4855.0,25.0
210158,11,12,12100205.0,2021,2,18,6,3,2,6,2,0,1,0,0,0,0,0,"794457,3242","5832966,317","13,34539741","52,56688972",,,4230.0,54.0
210157,11,4,4300416.0,2021,1,13,6,3,5,2,0,1,1,0,0,0,0,1,"791711,0404","5826103,461","13,29896988","52,50684427",,,4547.0,11.0
210156,11,8,8100102.0,2021,3,12,3,3,5,2,0,1,1,0,0,0,0,0,"800175,464","5823650,664","13,42110297","52,48026771",,,5457.0,20.0
210155,11,10,10100101.0,2021,1,17,1,2,6,4,2,0,1,1,1,0,0,1,"809014,212","5834325,516","13,56076169","52,57100346",,,3352.0,26.0
210154,11,8,8200622.0,2021,2,5,4,3,1,5,2,0,1,0,0,0,0,1,"801240,8739","5821609,573","13,43490074","52,46138619",,,758.0,54.0
210153,11,2,2300419.0,2021,3,15,3,3,5,3,0,1,0,0,0,0,0,0,"801733,3771","5825453,594","13,44560598","52,4955691",,,6347.0,62.0
210152,11,11,11300722.0,2021,2,17,2,3,0,1,2,0,0,0,1,0,0,2,"803424,4385","5828351,966","13,47308094","52,52060915",,,6055.0,63.0
210151,11,1,1100101.0,2021,2,11,6,2,6,7,0,0,1,1,0,0,0,0,"794972,8188","5825955,877","13,34675874","52,50376753",,,7453.0,65.0
210150,11,8,8100207.0,2021,1,15,2,3,5,3,0,1,0,0,0,0,1,0,"801306,9866","5823560,345","13,43763267","52,47883503",,,3756.0,4.0
210149,11,5,5100105.0,2021,3,9,5,3,5,2,0,0,1,0,0,0,1,1,"784590,6969","5831092,077","13,19861757","52,55533339",,,3658.0,61.0
210148,11,5,5200632.0,2021,1,11,7,3,8,1,0,0,1,0,0,0,0,2,"786150,561","5827273,218","13,21827418","52,52027713",,,3538.0,44.0
210147,11,10,10100205.0,2021,3,17,1,3,5,3,1,0,1,0,0,0,0,1,"807610,1316","5832363,226","13,53829056","52,55421293",,,3546.0,33.0
210146,11,4,4300518.0,2021,1,17,2,2,5,3,2,1,1,0,0,0,0,1,"792203,9849","5828107,489","13,30797214","52,5245461",,,3843.0,36.0
210145,11,2,2100102.0,2021,1,7,3,2,5,3,2,0,1,0,0,0,0,1,"798185,0387","5826507,304","13,39443787","52,50696443",,,2854.0,17.0
210144,11,4,4200310.0,2021,2,19,2,2,1,1,2,0,1,0,0,0,0,0,"789066,3025","5826974,662","13,2608685","52,51606264",,,4453.0,15.0
210143,11,7,7601544.0,2021,3,10,3,3,5,2,0,1,0,0,1,0,0,0,"799523,285","5813992,505","13,40287409","52,39405316",,,4046.0,41.0
210142,11,2,2500728.0,2021,3,15,4,3,6,4,0,1,0,1,0,0,0,0,"803018,5046","5828285,412","13,46705582","52,52023835",,,2327.0,63.0