OBJECTID,LAND,BEZ,LOR_ab_2021,UJAHR,UMONAT,USTUNDE,UWOCHENTAG,UKATEGORIE,UART,UTYP1,ULICHTVERH,IstRad,IstPKW,IstFuss,IstKrad,IstGkfz,IstSonstige,USTRZUSTAND,LINREFX,LINREFY,XGCSWGS84,YGCSWGS84,LOR,STRASSE,quadrant,quadrant_rank
210141,11,12,12200515.0,2021,1,14,4,3,3,2,0,0,1,0,0,0,1,0,"790430,8259","5835179,146","13,28809794","52,58889062",,,3639.0,45.0
210140,11,8,8100520.0,2021,2,14,2,3,3,2,0,0,1,0,0,0,0,1,"803195,9041","5822734,415","13,4646103","52,47038691",,,1660.0,30.0
210139,11,2,2300316.0,2021,3,16,2,3,0,3,0,0,1,0,1,0,0,0,"800734,127","5826517,945","13,43189253","52,50566069",,,1558.0,34.0
210138,11,4,4500936.0,2021,1,18,4,3,6,2,2,0,1,1,0,0,0,1,"792095,1637","5825783,309","13,3043325","52,50376865",,,4355.0,53.0
210137,11,2,2500831.0,2021,3,12,6,3,3,6,0,1,0,0,0,1,0,0,"803056,1059","5827005,973","13,46644308","52,50875005",,,4259.0,40.0
210136,11,7,7501031.0,2021,2,12,4,3,5,7,0,0,1,0,0,0,1,1,"798436,1997","5820499,195","13,39274993","52,45297187",,,4846.0,41.0
210135,11,5,5100105.0,2021,2,12,6,3,5,3,0,1,1,0,0,0,0,0,"785201,8584","5831871,845","13,20827786","52,56200495",,,4745.0,46.0
210134,11,5,5300840.0,2021,1,13,2,3,2,6,0,0,1,0,1,0,0,0,"788898,5766","5829301,395","13,26042523","52,53701137",,,7422.0,62.0
210133,11,1,1100103.0,2021,3,18,5,2,6,4,1,0,0,1,1,0,0,0,"795291,0125","5826135,607","13,35159241","52,50520657",,,4051.0,54.0
210132,11,3,3400721.0,2021,3,13,6,2,5,2,0,1,1,0,0,0,0,0,"797821,6798","5832997,427","13,39491627","52,5653385",,,4551.0,40.0
210131,11,11,11300722.0,2021,3,14,2,3,1,5,0,1,1,0,0,0,0,0,"803553,6948","5828340,911","13,47497003","52,52043813",,,3354.0,60.0
210130,11,4,4300414.0,2021,1,11,3,3,5,3,0,0,1,0,0,0,0,1,"791451,4375","5827212,862","13,29612736","52,51692869",,,4059.0,30.0
210129,11,1,1400938.0,2021,1,20,3,3,5,3,2,0,1,0,0,0,0,1,"794439,2248","5831463,457","13,34379774","52,5534275",,,4664.0,42.0
210128,11,9,9200511.0,2021,2,5,2,2,5,3,2,0,1,0,1,0,0,0,"807854,3774","5822054,697","13,5323487","52,46169008",,,4920.0,65.0
210127,11,3,3400620.0,2021,3,22,1,2,5,2,2,0,1,0,0,0,0,1,"796758,6104","5834009,81","13,38018445","52,57499382",,,4453.0,15.0
210126,11,11,11401033.0,2021,1,7,5,2,6,2,2,0,1,1,0,0,0,1,"806960,4446","5827802,346","13,52452603","52,51370453",,,6660.0,39.0
210125,11,9,9100202.0,2021,2,13,1,3,5,7,0,0,1,0,0,0,0,2,"803061,7211","5824413,842","13,46416719","52,48551397",,,3829.0,50.0
210124,11,10,10100104.0,2021,2,21,7,3,1,5,2,0,0,0,0,1,1,0,"810115,173","5834527,851","13,57714377","52,57219057",,,4455.0,27.0
210123,11,2,2100104.0,2021,1,6,4,3,5,3,2,1,1,0,0,0,0,1,"799327,382","5826236,786","13,41097559","52,50391409",,,5764.0,57.0
210122,11,7,7501029.0,2021,3,12,4,3,2,6,0,1,0,0,0,0,1,0,"797515,872","5820065,284","13,37885992","52,44958398",,,4648.0,37.0
210121,11,11,11100206.0,2021,2,5,3,3,5,2,2,0,1,0,0,0,0,1,"805090,3309","5834617,054","13,50331281","52,57582977",,,5041.0,31.0
210120,11,6,6200314.0,2021,1,12,4,3,0,5,0,0,1,0,1,0,0,0,"794830,7347","5817895,556","13,33754929","52,43158818",,,4264.0,38.0
210119,11,2,2100106.0,2021,1,13,5,3,0,1,0,1,0,0,0,0,0,2,"799581,6273","5825642,07","13,41417514","52,49844383",,,4467.0,55.0
210118,11,10,10400938.0,2021,3,12,6,3,5,3,0,0,1,0,0,0,0,0,"814189,4225","5830066,059","13,63284361","52,52987353",,,2659.0,45.0
210117,11,10,10100311.0,2021,2,13,2,3,5,2,0,0,1,0,0,0,0,0,"806333,4371","5830184,824","13,51750984","52,53540929",,,4164.0,52.0
210116,11,3,3300514.0,2021,3,10,2,3,5,3,0,0,1,0,0,0,0,0,"802500,3898","5836824,387","13,46722572","52,59705925",,,2534.0,59.0
210115,11,11,11300619.0,2021,3,13,5,3,5,3,0,1,1,0,0,0,0,0,"803669,8355","5828775,329","13,47707311","52,52426703",,,3453.0,59.0
210114,11,6,6400840.0,2021,2,13,5,3,0,1,0,1,1,0,0,0,0,1,"788698,5364","5819790,098","13,24924135","52,45184463",,,5041.0,31.0
210113,11,7,7601341.0,2021,3,21,3,3,2,6,2,0,1,0,0,0,0,0,"797565,6597","5815548,761","13,37557162","52,40907055",,,2973.0,44.0
210112,11,12,12500825.0,2021,1,15,5,3,2,6,1,0,1,0,0,0,0,1,"792345,481","5835048,24","13,31616463","52,58669147",,,5682.0,62.0
210111,11,1,1300733.0,2021,2,19,4,3,6,4,2,0,1,1,0,0,0,1,"797018,9363","5831531,013","13,38179564","52,55263241",,,1728.0,61.0
210110,11,12,12601133.0,2021,2,15,2,3,5,3,0,0,1,0,0,0,0,2,"795734,9294","5837043,604","13,36783077","52,60274579",,,5439.0,56.0
210109,11,12,12100205.0,2021,3,10,7,2,2,6,0,0,1,0,0,0,1,0,"795571,3371","5834537,849","13,36318633","52,58037326",,,3154.0,20.0
210108,11,4,4200311.0,2021,2,14,4,3,5,3,0,1,0,0,0,0,0,0,"790477,41","5825988,024","13,28074429","52,50646761",,,6053.0,51.0
210107,11,8,8100105.0,2021,1,13,1,2,9,7,0,0,1,1,0,0,1,1,"801009,1985","5822149,028","13,4319876","52,46634917",,,3556.0,48.0
210106,11,4,4501147.0,2021,3,21,5,3,6,4,2,0,1,1,0,0,0,1,"792873,9682","5824310,139","13,31447839","52,49014466",,,5073.0,56.0
210105,11,11,11100206.0,2021,3,17,1,3,5,3,0,1,1,0,0,0,0,1,"805545,892","5834234,687","13,50966221","52,57214734",,,7069.0,49.0
210104,11,9,9100101.0,2021,3,10,2,2,5,3,0,1,1,0,0,0,0,0,"802095,9045","5825008,851","13,45052654","52,49138231",,,4155.0,51.0
210103,11,2,2500831.0,2021,2,14,6,3,6,4,0,1,0,1,0,0,0,0,"803081,3368","5827445,99","13,46721438","52,51267984",,,7032.0,50.0
210102,11,1,1100104.0,2021,1,14,7,3,9,7,0,0,1,0,0,0,0,0,"796097,5784","5825570,205","13,3629383","52,49970112",,,5543.0,65.0
210101,11,8,8200726.0,2021,1,14,3,3,5,2,0,1,1,0,0,0,0,1,"802366,5237","5819912,36","13,44988181","52,44555219",,,2941.0,57.0
210100,11,3,3701555.0,2021,1,14,3,3,1,5,0,1,1,0,0,0,0,1,"799572,9647","5830088,323","13,41805169","52,53830235",,,6053.0,51.0
210099,11,5,5200528.0,2021,2,9,5,3,2,6,0,0,1,0,0,0,0,1,"783794,9286","5826305,689","13,1828244","52,5128332",,,4425.0,63.0
210098,11,11,11200411.0,2021,3,15,3,2,5,2,0,1,1,0,0,0,0,0,"805606,1936","5831603,563","13,50812633","52,54853271",,,3086.0,61.0
210097,11,1,1100206.0,2021,1,14,3,3,0,1,0,1,0,0,0,0,0,0,"797963,5368","5827080,911","13,39169744","52,51222713",,,864.0,61.0
210096,11,4,4501148.0,2021,2,9,3,3,5,2,0,0,1,0,0,0,0,2,"792824,1357","5823228,314","13,31279614","52,48047312",,,4757.0,11.0
210095,11,1,1100308.0,2021,2,20,5,3,5,3,2,1,1,0,0,0,0,0,"797083,8086","5828186,314","13,37975939","52,52261569",,,2352.0,63.0
210094,11,5,5100313.0,2021,1,13,2,2,3,6,0,1,1,0,0,0,0,0,"785194,2052","5831098,867","13,207501","52,55507856",,,1453.0,50.0
210093,11,4,4501042.0,2021,3,14,4,3,1,5,0,0,0,0,1,0,1,0,"794423,124","5826078,216","13,33879181","52,50516113",,,4264.0,38.0
210092,11,2,2200210.0,2021,2,17,6,3,5,3,2,0,1,0,0,0,0,1,"798425,0107","5824768,658","13,39640523","52,4912485",,,4265.0,5.0
210091,11,9,9501939.0,2021,3,18,2,3,2,6,2,0,1,0,0,0,0,0,"809738,8844","5821531,568","13,55951268","52,45593709",,,4859.0,52.0
210090,11,8,8100520.0,2021,1,17,2,3,6,2,2,0,0,1,0,1,0,1,"803181,3797","5822714,253","13,46437881","52,47021427",,,5658.0,55.0
210089,11,1,1300835.0,2021,1,8,3,3,6,4,0,0,0,1,0,0,1,0,"797299,4101","5829953,682","13,38450834","52,53834055",,,3849.0,22.0
210088,11,7,7601340.0,2021,2,14,1,3,6,2,0,0,1,1,0,0,0,0,"796569,0812","5815882,313","13,361259","52,41260135",,,4938.0,62.0
210087,11,2,2300419.0,2021,3,8,3,3,6,4,0,0,1,1,0,0,0,0,"801549,9626","5825972,873","13,44338258","52,50032485",,,4568.0,63.0
210086,11,7,7601237.0,2021,3,16,4,2,5,3,0,0,1,0,1,0,0,0,"797376,0902","5816911,517","13,37400369","52,42138946",,,6629.0,41.0
210085,11,2,2200210.0,2021,2,11,7,3,5,7,0,0,1,0,0,0,0,0,"798677,6971","5825127,111","13,40043723","52,49432337",,,7938.0,65.0
210084,11,4,4400831.0,2021,2,11,7,3,5,3,0,0,1,0,0,0,0,0,"791147,3629","5822596,272","13,28762364","52,47570342",,,2851.0,8.0
210083,11,8,8100208.0,2021,1,12,4,3,5,3,0,0,1,0,0,0,0,1,"801131,3369","5822850,952","13,43441362","52,47257343",,,3176.0,65.0
210082,11,4,4100102.0,2021,3,17,5,3,2,2,1,0,1,0,0,0,1,0,"791219,3575","5829148,864","13,29441235","52,53440873",,,1859.0,54.0
210081,11,4,4100101.0,2021,2,15,3,3,5,2,0,0,1,0,0,0,0,1,"793352,206","5829681,351","13,32623697","52,53803842",,,4658.0,28.0
210080,11,2,2100101.0,2021,1,10,4,3,5,3,0,0,1,0,0,0,1,0,"797389,3503","5826186,965","13,38246276","52,50452726",,,5143.0,6.0
210079,11,8,8100419.0,2021,3,19,5,3,6,2,2,0,1,1,0,0,0,1,"802025,3959","5824297,828","13,44884685","52,48504836",,,3445.0,43.0
210078,11,6,6400735.0,2021,2,15,3,3,5,3,0,1,1,0,0,0,0,0,"782210,8322","5815684,498","13,15056063","52,41841925",,,5053.0,45.0
210077,11,12,12400618.0,2021,3,13,4,3,2,2,0,0,1,0,0,0,0,0,"786976,6144","5838310,851","13,23996583","52,61880108",,,3575.0,59.0
210076,11,5,5200526.0,2021,3,10,5,3,3,6,0,0,1,0,0,0,0,1,"782112,3797","5827109,536","13,15877833","52,52091376",,,5465.0,60.0
210075,11,2,2200210.0,2021,2,17,3,3,6,4,2,1,1,1,0,0,0,2,"798306,0533","5825416,517","13,39523845","52,49712077",,,5551.0,40.0
210074,11,5,5100209.0,2021,3,19,3,3,5,2,2,0,1,0,0,0,1,0,"783684,601","5830180,433","13,18450965","52,54763223",,,3253.0,43.0
210073,11,4,4400726.0,2021,1,14,5,3,2,6,0,0,1,0,0,0,0,0,"790851,7612","5824718,28","13,28513533","52,49488487",,,5457.0,20.0
210072,11,4,4200308.0,2021,2,10,4,3,0,1,0,0,1,0,0,0,0,1,"790525,5591","5827347,676","13,28263871","52,51863133",,,2734.0,62.0
210071,11,6,6200423.0,2021,3,18,1,3,0,7,2,0,1,0,0,0,0,1,"795349,5372","5816136,301","13,34360491","52,41553756",,,3371.0,40.0
210070,11,2,2200210.0,2021,3,14,4,3,6,7,0,0,1,1,0,0,0,0,"798696,6891","5825123,182","13,40071262","52,49427775",,,4047.0,22.0
210069,11,6,6400840.0,2021,2,11,3,3,5,3,0,0,1,0,0,0,0,1,"789508,5016","5819011,494","13,26045236","52,44443575",,,7133.0,61.0
210068,11,3,3200309.0,2021,2,14,6,3,5,3,0,0,1,0,0,0,0,2,"800540,7808","5836250,315","13,43786063","52,59300033",,,7450.0,61.0
210067,11,10,10200421.0,2021,1,14,5,3,2,7,0,0,1,0,0,0,0,0,"812183,3367","5830949,202","13,60419668","52,53893994",,,3661.0,43.0
210066,11,5,5200423.0,2021,1,6,5,2,6,2,1,0,1,1,0,0,0,2,"780870,7221","5828313,748","13,14154369","52,53235254",,,4454.0,36.0
210065,11,4,4501044.0,2021,3,16,5,3,5,3,0,1,1,0,0,0,0,0,"793347,5944","5824643,776","13,32172781","52,49288129",,,3655.0,57.0
210064,11,10,10100316.0,2021,2,16,3,3,2,6,0,0,1,0,0,0,0,0,"809958,1668","5831612,286","13,57211165","52,5461523",,,2854.0,17.0
210063,11,9,9200715.0,2021,3,8,4,3,2,6,0,0,1,0,0,0,0,0,"809196,4692","5818339,689","13,5486023","52,42763882",,,4951.0,32.0
210062,11,1,1100416.0,2021,1,19,5,3,2,6,2,1,1,0,0,0,0,0,"798720,0594","5829545,364","13,40502561","52,5339037",,,3860.0,55.0
210061,11,11,11300721.0,2021,3,6,5,3,0,1,1,1,0,0,0,0,0,1,"804303,8727","5829080,558","13,48666906","52,52664918",,,5967.0,61.0
210060,11,6,6200423.0,2021,2,7,5,3,2,6,0,0,1,0,0,0,0,1,"793935,2864","5815476,701","13,32229121","52,41038573",,,4265.0,5.0
210059,11,12,12500927.0,2021,3,16,3,3,6,7,0,1,0,1,0,0,0,0,"792971,9152","5835711,554","13,32597123","52,5923007",,,3840.0,51.0
210058,11,3,3601245.0,2021,1,16,5,3,3,6,1,1,0,0,0,1,0,1,"800911,7407","5831246,375","13,43878047","52,54794457",,,3567.0,10.0
210057,11,7,7100102.0,2021,2,12,5,3,5,2,0,0,1,0,0,0,0,1,"794957,7606","5825654,309","13,34627041","52,50107232",,,3955.0,57.0
210056,11,5,5100317.0,2021,2,6,2,3,6,7,2,0,1,1,0,0,0,1,"786760,6084","5828401,847","13,22821388","52,53007557",,,5055.0,41.0
210055,11,1,1100414.0,2021,3,8,7,3,1,5,0,1,1,0,0,0,0,0,"797256,0269","5829463,647","13,38343225","52,53397163",,,6534.0,65.0
210054,11,1,1200520.0,2021,2,14,4,2,4,6,0,1,0,0,0,0,0,0,"794501,4195","5828437,612","13,34203037","52,52626933",,,3747.0,53.0
210053,11,3,3601449.0,2021,1,14,1,3,1,5,0,1,1,0,0,0,0,1,"801438,8059","5830262,245","13,44563683","52,53883238",,,3184.0,63.0
210052,11,3,3400723.0,2021,3,16,6,3,0,4,0,0,0,1,0,0,1,0,"798787,7237","5833177,3","13,40928824","52,56642148",,,3566.0,39.0
210051,11,1,1100104.0,2021,2,21,1,3,5,3,2,0,1,0,0,0,0,2,"796088,5809","5825572,09","13,36280782","52,4997229",,,3077.0,63.0
210050,11,9,9501737.0,2021,3,8,7,3,5,2,0,1,1,0,0,0,0,1,"813998,8254","5821209,298","13,62169812","52,45061883",,,4348.0,45.0
210049,11,6,6300634.0,2021,3,13,7,3,3,6,0,1,1,0,0,0,0,0,"792228,024","5818669,422","13,30005231","52,43992245",,,4664.0,42.0
210048,11,2,2200208.0,2021,2,13,7,3,0,2,0,1,0,0,0,0,1,0,"797268,9189","5825038,521","13,37966859","52,49429834",,,3254.0,59.0
210047,11,12,12100101.0,2021,1,11,6,3,1,7,0,0,1,1,0,0,0,1,"796199,8622","5832640,709","13,37074077","52,5630257",,,3833.0,63.0
210046,11,1,1300732.0,2021,1,14,2,2,5,2,0,1,1,0,0,0,0,1,"797333,719","5832349,771","13,38715811","52,5597998",,,3538.0,44.0
210045,11,1,1100415.0,2021,2,15,1,3,2,2,0,1,0,0,0,0,1,0,"797266,8796","5829092,114","13,38325952","52,53063536",,,4449.0,28.0
210044,11,5,5300840.0,2021,3,17,3,3,2,6,1,0,1,0,0,0,0,0,"790230,6089","5829080,465","13,27981651","52,53432296",,,5653.0,57.0
210043,11,4,4100102.0,2021,1,18,3,3,3,2,2,0,1,0,0,0,0,1,"791179,2707","5829186,593","13,29385608","52,53476839",,,4847.0,63.0
210042,11,5,5400945.0,2021,2,14,2,3,1,5,0,0,1,0,0,0,0,2,"780801,3276","5819244,648","13,13287979","52,45106783",,,556.0,60.0
210041,11,8,8200730.0,2021,2,17,6,3,5,3,0,0,1,0,0,0,1,0,"801384,6102","5819147,624","13,43478852","52,43923971",,,3429.0,56.0
210040,11,12,12500930.0,2021,1,9,3,3,5,2,0,0,1,0,0,0,0,1,"792355,0274","5834061,141","13,31543439","52,57783744",,,3640.0,55.0
210039,11,12,12400721.0,2021,3,15,4,3,6,4,0,0,1,1,0,0,0,0,"790658,3231","5839640,14","13,29536507","52,62876091",,,3446.0,47.0
210038,11,7,7400927.0,2021,1,15,6,3,5,7,0,0,1,0,0,0,0,0,"798117,877","5820901,084","13,3884382","52,45674805",,,3947.0,56.0
210037,11,12,12500824.0,2021,1,13,3,3,5,2,0,1,0,0,0,1,0,1,"790208,55","5835827,334","13,28539402","52,59482019",,,4339.0,29.0
210036,11,8,8100417.0,2021,1,9,3,3,5,2,0,1,1,0,0,0,0,1,"802353,1328","5822955,787","13,45244174","52,47283818",,,3944.0,21.0
210035,11,5,5100210.0,2021,2,15,1,3,5,2,0,1,1,0,0,0,0,0,"783917,6176","5830123,735","13,18788832","52,54700248",,,4462.0,55.0
210034,11,10,10100311.0,2021,3,16,2,3,5,2,0,1,1,0,0,0,0,1,"806458,4643","5829755,429","13,51895151","52,5314907",,,4451.0,11.0
210033,11,6,6100209.0,2021,3,18,3,3,5,2,2,1,1,0,0,0,0,0,"794700,0502","5821560,684","13,33886604","52,46451464",,,1348.0,65.0
210032,11,5,5200525.0,2021,2,14,1,3,0,7,0,0,1,0,0,0,1,0,"781541,6367","5827304,198","13,15055349","52,52295421",,,5054.0,36.0
210031,11,6,6100209.0,2021,2,15,7,3,5,3,0,1,1,0,0,0,0,0,"794097,0772","5821515,907","13,32997657","52,46443812",,,3370.0,55.0
210030,11,12,12400618.0,2021,1,13,4,2,6,2,0,0,1,1,0,0,0,1,"787334,5566","5837847,144","13,24483566","52,61445463",,,5080.0,61.0
210029,11,7,7601236.0,2021,2,17,3,3,6,2,2,0,1,1,0,0,0,1,"796979,6013","5816617,387","13,36792922","52,41896813",,,1760.0,43.0
210028,11,8,8200831.0,2021,1,8,4,2,0,1,0,1,0,0,0,0,0,1,"799583,6171","5816399,471","13,40591121","52,41559563",,,5132.0,38.0
210027,11,5,5300841.0,2021,3,14,6,3,5,3,0,1,1,0,0,0,0,0,"789440,8795","5829305,047","13,26840173","52,53675635",,,4732.0,65.0
210026,11,4,4200310.0,2021,2,12,1,3,3,6,0,0,1,0,0,0,0,2,"789757,0611","5826410,351","13,27052828","52,51063692",,,6358.0,63.0
210025,11,8,8200623.0,2021,2,17,3,3,0,1,1,0,0,0,1,0,0,0,"802438,9451","5820695,363","13,45165306","52,45253029",,,4453.0,15.0
210024,11,6,6100102.0,2021,1,11,1,3,5,3,0,1,1,0,0,0,0,1,"793743,4784","5820564,566","13,32394951","52,4560999",,,3844.0,58.0
210023,11,11,11200411.0,2021,3,7,4,3,5,3,0,1,1,0,0,0,0,0,"805872,3617","5831391,245","13,51184392","52,54648049",,,2973.0,44.0
210022,11,12,12601235.0,2021,3,16,5,2,6,4,0,0,1,1,0,0,0,1,"795576,1379","5836409,157","13,36492651","52,597145",,,6459.0,59.0
210021,11,11,11200513.0,2021,3,23,6,2,5,3,2,0,1,0,0,0,1,0,"804754,6881","5830828,946","13,49489678","52,54206726",,,6133.0,57.0
210020,11,9,9200511.0,2021,2,14,4,3,0,4,0,0,0,1,0,0,1,1,"806845,4612","5821988,463","13,51748439","52,4616639",,,5045.0,46.0
210019,11,9,9200716.0,2021,3,13,2,3,5,3,0,1,1,0,0,0,0,0,"808915,0425","5819069,522","13,54515056","52,43433854",,,2936.0,63.0
210018,11,10,10100205.0,2021,1,21,5,2,9,7,2,0,1,0,0,0,0,1,"807662,7483","5832374,329","13,53907447","52,55428271",,,6628.0,57.0
210017,11,9,9100408.0,2021,2,13,4,2,0,1,0,0,0,0,1,0,0,1,"806131,8065","5820061,822","13,50524698","52,44479673",,,4449.0,28.0
210016,11,12,12200307.0,2021,1,10,5,3,6,4,0,0,1,1,0,0,0,1,"793384,6156","5833152,269","13,32978083","52,56913584",,,2952.0,50.0
210015,11,1,1100101.0,2021,3,8,7,2,6,7,0,0,1,1,0,0,0,0,"794813,9915","5826013,412","13,3444765","52,50436914",,,5224.0,60.0
210014,11,9,9100407.0,2021,2,20,4,3,8,1,2,0,0,0,1,0,0,0,"805513,9064","5821506,514","13,49750546","52,45809045",,,7422.0,62.0
210013,11,5,5100208.0,2021,1,18,1,3,6,2,2,0,1,1,0,0,0,1,"782360,4737","5830508,553","13,16531327","52,55126224",,,3262.0,61.0
210012,11,1,1300835.0,2021,3,15,6,2,2,6,0,1,0,0,0,0,0,1,"797593,1391","5829486,284","13,38840785","52,53399059",,,7069.0,49.0
210011,11,7,7601442.0,2021,3,12,7,3,5,2,0,0,1,0,0,0,0,1,"799682,0021","5815153,967","13,40623865","52,40437741",,,7658.0,55.0
210010,11,3,3500933.0,2021,1,15,6,3,6,4,0,0,1,1,0,0,0,1,"801842,9701","5831740,958","13,45292168","52,55186233",,,4437.0,60.0
210009,11,1,1100310.0,2021,1,11,1,2,5,2,0,0,1,0,1,0,0,0,"799248,351","5828469,191","13,41182226","52,52396765",,,3749.0,17.0
210008,11,9,9100304.0,2021,2,6,1,3,1,5,1,0,1,0,0,0,0,0,"804603,0006","5822449,152","13,48500082","52,46704747",,,3568.0,52.0
210007,11,1,1100207.0,2021,3,19,1,3,2,6,2,0,1,0,0,0,1,1,"798846,513","5827280,413","13,4048491","52,51353234",,,4767.0,50.0
210006,11,8,8100102.0,2021,1,14,3,2,6,2,0,0,0,1,0,0,1,0,"800549,8214","5823370,203","13,426346","52,47754794",,,4251.0,2.0
210005,11,10,10400939.0,2021,2,13,2,3,6,4,0,0,1,1,0,0,0,2,"812920,1857","5827974,368","13,61222667","52,51185988",,,3132.0,61.0
210004,11,2,2100104.0,2021,2,18,5,2,5,2,2,0,1,0,0,0,1,0,"799230,0838","5825987,067","13,40932199","52,50172909",,,5528.0,60.0
210003,11,8,8100415.0,2021,1,7,4,3,2,2,2,0,1,0,0,1,0,1,"802027,0781","5823473,143","13,44812448","52,47765568",,,4449.0,28.0
210002,11,5,5100206.0,2021,3,6,4,3,2,6,0,0,1,0,1,0,0,0,"781791,6459","5831601,727","13,1578742","52,5613587",,,5143.0,6.0
210001,11,1,1100415.0,2021,1,14,7,3,5,2,0,0,1,0,0,0,0,1,"798316,3121","5829369,129","13,39893273","52,53254512",,,3875.0,59.0
210000,11,1,1100207.0,2021,2,10,5,3,5,3,0,1,1,0,0,0,0,0,"798164,0871","5826610,307","13,39422235","52,50789917",,,2080.0,65.0
209999,11,1,1300733.0,2021,1,13,7,3,5,2,0,1,1,0,0,0,0,1,"797235,074","5831321,961","13,38478693","52,55064062",,,4550.0,26.0
209998,11,4,4100102.0,2021,3,6,5,3,2,6,0,0,1,0,0,0,0,1,"791402,5771","5829175,381","13,29712916","52,53454852",,,3058.0,38.0
209997,11,8,8200832.0,2021,2,17,1,3,4,5,2,0,1,0,0,0,0,2,"801492,801","5817773,32","13,43513611","52,42686173",,,3760.0,45.0
209996,11,1,1100308.0,2021,3,7,7,3,1,5,0,0,1,0,0,0,0,1,"797293,8078","5828254,644","13,38290655","52,52311373",,,4351.0,43.0
209995,11,3,3200205.0,2021,3,12,2,3,6,4,0,0,1,1,0,0,0,0,"797496,9327","5835051,724","13,39198248","52,58393009",,,4848.0,3.0
209994,11,4,4200310.0,2021,2,12,6,3,5,3,0,0,1,0,0,0,0,0,"789992,273","5826317,665","13,27390367","52,50968098",,,3855.0,43.0
209993,11,5,5100103.0,2021,1,17,7,2,6,4,2,0,1,1,0,0,0,0,"785529,4253","5831850,572","13,21307875","52,56164255",,,3650.0,32.0
209992,11,6,6100101.0,2021,1,7,2,3,5,3,0,0,1,0,0,0,0,1,"793397,0539","5820361,463","13,31868737","52,45446522",,,4756.0,48.0
209991,11,3,3701660.0,2021,2,10,6,2,5,3,0,1,0,0,0,0,1,0,"800459,2998","5829718,6","13,43074653","52,53450049",,,5826.0,49.0
209990,11,2,2500835.0,2021,3,15,2,3,5,2,0,1,1,0,0,0,0,0,"803092,251","5826028,647","13,46608437","52,49997034",,,3953.0,55.0
209989,11,5,5300736.0,2021,2,19,3,3,1,5,2,0,1,0,0,0,0,1,"786515,1285","5829221,338","13,22531149","52,53755195",,,2256.0,58.0
209988,11,7,7200410.0,2021,2,9,5,3,6,4,0,1,0,1,0,0,0,0,"795726,978","5824016,603","13,35611576","52,48597528",,,7117.0,62.0
209987,11,1,1100206.0,2021,1,8,2,3,0,2,0,1,1,0,0,0,0,1,"797159,8964","5827689,134","13,3804334","52,51811757",,,4165.0,55.0
209986,11,3,3400725.0,2021,3,16,4,3,5,2,0,0,1,0,1,0,0,0,"799849,8873","5835578,126","13,42708346","52,58735669",,,5073.0,56.0
209985,11,3,3200205.0,2021,1,15,7,3,5,3,0,0,1,0,0,0,0,1,"798108,672","5836955,329","13,40269794","52,60065823",,,4958.0,60.0
209984,11,1,1401045.0,2021,1,12,3,3,5,7,0,0,0,0,0,1,1,1,"796859,5629","5831905,851","13,37978713","52,55607929",,,755.0,65.0
209983,11,10,10100209.0,2021,1,10,3,3,5,3,0,0,1,0,0,0,0,1,"810013,0413","5832314,066","13,57357341","52,55241006",,,3063.0,49.0
209982,11,5,5400943.0,2021,2,20,1,3,8,1,2,0,1,0,0,0,0,0,"781371,2897","5819764,103","13,14168251","52,45543258",,,4735.0,61.0
209981,11,9,9401534.0,2021,3,15,3,3,0,7,0,0,1,0,0,0,0,0,"810899,6972","5820441,115","13,5755264","52,44550589",,,7433.0,61.0
209980,11,7,7501133.0,2021,3,14,4,3,5,3,0,0,1,0,0,0,0,0,"797089,1122","5818576,681","13,37127522","52,43647208",,,6339.0,60.0
209979,11,9,9200512.0,2021,2,8,2,3,2,6,0,0,1,0,0,0,0,1,"808550,1655","5821662,134","13,54219461","52,45777954",,,5249.0,5.0
209978,11,9,9200510.0,2021,3,0,2,3,5,3,2,1,1,0,0,0,0,0,"806128,2801","5822121,953","13,50708375","52,46326252",,,4023.0,43.0
209977,11,3,3500934.0,2021,1,9,3,3,6,4,0,0,1,1,0,0,0,1,"801173,8497","5831650,243","13,44300053","52,55141963",,,4846.0,41.0
209976,11,10,10100206.0,2021,2,15,3,3,2,6,0,0,1,0,0,0,0,1,"809530,7964","5832682,27","13,5668268","52,55598398",,,5069.0,51.0
209975,11,10,10200525.0,2021,1,16,5,3,2,6,1,0,1,0,0,0,0,1,"812989,6131","5830186,104","13,61532747","52,5316394",,,3658.0,61.0
209974,11,4,4300412.0,2021,3,13,6,3,3,6,0,0,1,0,0,0,0,0,"791615,6713","5827511,214","13,29880237","52,51951557",,,5764.0,57.0
209973,11,3,3601141.0,2021,3,8,6,3,5,2,0,1,1,0,0,0,0,1,"798828,6688",5831788,"13,40863952","52,55394606",,,4974.0,65.0
209972,11,1,1300733.0,2021,2,15,1,3,2,6,0,0,1,0,0,0,0,2,"797155,5009","5831862,046","13,38410022","52,55552524",,,7157.0,65.0
209971,11,9,9200717.0,2021,2,15,3,3,0,6,0,1,0,0,0,1,0,0,"809163,6558","5819530,171","13,54922197","52,4383264",,,3147.0,43.0
209970,11,1,1100206.0,2021,1,11,7,3,5,2,0,1,0,0,0,0,1,1,"797186,0805","5827524,159","13,38067079","52,51662448",,,7644.0,55.0