OBJECTID,LAND,BEZ,LOR_ab_2021,UJAHR,UMONAT,USTUNDE,UWOCHENTAG,UKATEGORIE,UART,UTYP1,ULICHTVERH,IstRad,IstPKW,IstFuss,IstKrad,IstGkfz,IstSonstige,USTRZUSTAND,LINREFX,LINREFY,XGCSWGS84,YGCSWGS84,LOR,STRASSE,quadrant,quadrant_rank
209969,11,8,8100104.0,2021,3,23,4,2,5,3,2,1,1,0,0,0,0,1,"800942,3518","5822305,633","13,4311478","52,4677897",,,4837.0,50.0
209968,11,4,4300416.0,2021,3,12,6,2,5,3,0,0,1,0,0,0,0,0,"791990,7681","5825974,035","13,3029661","52,50553435",,,4238.0,48.0
209967,11,11,11300619.0,2021,3,11,6,3,6,7,0,0,0,1,0,0,1,1,"803282,6055","5829082,958","13,47166356","52,52723976",,,3380.0,63.0
209966,11,12,12400722.0,2021,2,12,5,3,1,5,0,0,1,0,0,0,0,0,"791517,3217","5838366,824","13,30689775","52,61688582",,,4062.0,45.0
209965,11,4,4501045.0,2021,1,13,1,3,5,3,0,0,1,0,0,0,0,0,"793959,6471","5824932,277","13,33097146","52,49513828",,,3849.0,22.0
209964,11,3,3100103.0,2021,3,15,3,2,6,4,0,0,1,1,0,0,0,0,"804031,4357","5839848,704","13,49253911","52,62331059",,,4156.0,34.0
209963,11,12,12200412.0,2021,1,20,1,3,6,2,2,0,1,1,0,0,0,0,"790966,2216","5833829,754","13,294794","52,57650747",,,1562.0,57.0
209962,11,4,4501150.0,2021,2,19,4,3,6,2,2,0,1,1,0,0,0,1,"793459,7394","5823931,761","13,32274784","52,48643807",,,4757.0,11.0
209961,11,2,2200213.0,2021,3,7,6,3,2,7,0,0,1,0,0,0,0,0,"800044,5395","5824715,975","13,42013981","52,48988853",,,6545.0,62.0
209960,11,3,3601348.0,2021,2,16,4,3,5,3,0,0,1,0,0,0,0,2,"799861,9659","5830465,012","13,42264","52,5415198",,,4557.0,40.0
209959,11,5,5200420.0,2021,2,11,6,3,2,6,0,0,1,0,0,0,0,1,"782880,4323","5828579,284","13,17131856","52,53369407",,,2738.0,62.0
209958,11,3,3300517.0,2021,1,9,2,3,5,2,0,1,1,0,0,0,0,1,"803364,9103","5833523,725","13,47692929","52,56699518",,,3242.0,39.0
209957,11,3,3601348.0,2021,3,9,5,3,1,5,0,1,1,0,0,0,0,0,"799916,5713","5830686,872","13,42364306","52,54347835",,,5350.0,52.0
209956,11,11,11100308.0,2021,3,13,6,3,6,4,0,0,0,1,0,0,1,0,"805206,6747","5833334,198","13,50384388","52,56426721",,,3932.0,63.0
209955,11,11,11100309.0,2021,3,9,2,3,2,6,0,0,1,0,0,0,0,0,"805417,1452","5833320,993","13,50692713","52,56403083",,,6146.0,58.0
209954,11,11,11100101.0,2021,1,10,3,3,2,6,0,0,1,0,0,0,0,1,"803897,0207","5834706,632","13,48583977","52,57730025",,,5664.0,53.0
209953,11,7,7100206.0,2021,1,18,4,3,0,2,2,0,1,0,0,0,1,1,"796011,754","5824630,217","13,36084241","52,4913215",,,4755.0,4.0
209952,11,5,5200528.0,2021,2,13,2,2,0,2,0,0,1,0,0,0,1,0,"783900,6508","5826594,507","13,18462454","52,51536777",,,3851.0,47.0
209951,11,6,6400841.0,2021,3,12,2,3,5,3,0,0,1,0,0,0,0,0,"790190,9508","5818819,302","13,27029822","52,44235093",,,6851.0,49.0
209950,11,6,6100205.0,2021,1,16,4,3,5,3,1,1,1,0,0,0,0,0,"795836,4284","5819499,657","13,35371856","52,44542493",,,3086.0,61.0
209949,11,12,12100205.0,2021,2,20,7,2,1,1,2,0,1,0,0,1,0,1,"795094,0199","5834198,204","13,35586004","52,57758772",,,2735.0,58.0
209948,11,7,7200410.0,2021,3,15,2,3,6,4,0,0,1,1,0,0,0,0,"795574,4622","5823459,767","13,35338249","52,48106625",,,5249.0,5.0
209947,11,2,2200209.0,2021,1,14,4,3,1,5,0,1,1,0,0,0,0,1,"797055,3169","5824293,668","13,37586754","52,48773779",,,5056.0,65.0
209946,11,12,12400617.0,2021,3,13,4,3,0,7,0,1,0,0,0,0,0,0,"785446,4569","5837371,701","13,21661469","52,61118701",,,5049.0,52.0
209945,11,6,6300528.0,2021,1,12,6,3,5,2,0,1,1,0,0,0,0,2,"789583,0122","5817203,029","13,25997889","52,42818265",,,3336.0,54.0
209944,11,7,7601341.0,2021,1,17,4,3,3,6,2,0,1,0,0,0,0,0,"797756,2582","5815637,903","13,37844468","52,409766",,,5627.0,51.0
209943,11,8,8100521.0,2021,1,6,5,3,5,3,2,1,1,0,0,0,0,2,"802482,4154","5822558,764","13,45397933","52,46920807",,,3543.0,59.0
209942,11,2,2200212.0,2021,2,10,3,2,6,4,0,0,1,1,0,0,0,0,"800134,1712","5824420,761","13,4211901","52,48719314",,,4027.0,65.0
209941,11,1,1100313.0,2021,3,11,2,2,4,6,0,1,0,0,0,1,0,0,"800271,8029","5826812,741","13,4253673","52,50855769",,,3349.0,12.0
209940,11,1,1300835.0,2021,3,15,4,3,6,4,0,0,1,1,0,0,0,0,"797402,2386","5830014,542","13,38607448","52,53882998",,,3334.0,60.0
209939,11,6,6100204.0,2021,2,6,4,3,5,7,2,0,1,0,1,0,0,1,"795419,6436","5820151,629","13,34818067","52,45149479",,,4154.0,56.0
209938,11,5,5200629.0,2021,3,16,3,3,2,6,0,0,1,0,0,1,0,0,"784841,8801","5828556,947","13,2001385","52,53247224",,,6132.0,56.0
209937,11,4,4400834.0,2021,1,17,5,3,6,4,2,1,0,1,0,0,0,1,"792703,7778","5823107,109","13,31092252","52,47945108",,,4244.0,54.0
209936,11,2,2100101.0,2021,2,3,2,3,0,1,2,0,0,0,0,0,1,2,"797841,0804","5825649,184","13,38861745","52,4994603",,,2972.0,55.0
209935,11,12,12200310.0,2021,3,19,6,3,5,2,2,1,1,0,0,0,0,0,"792119,7441","5833152,324","13,31117143","52,5698166",,,3324.0,63.0
209934,11,12,12500825.0,2021,2,14,5,3,6,4,0,0,1,1,0,0,0,0,"791263,4047","5834599,734","13,29984373","52,58325118",,,1659.0,46.0
209933,11,12,12100102.0,2021,1,11,6,3,5,3,0,0,1,0,0,1,0,0,"796733,7918","5833439,012","13,37930854","52,56989083",,,5332.0,53.0
209932,11,7,7400927.0,2021,1,16,3,3,2,6,1,0,1,0,0,0,1,1,"798427,9681","5821047,981","13,39311962","52,45789558",,,2754.0,42.0
209931,11,1,1100309.0,2021,1,18,4,3,1,5,2,1,1,0,0,0,0,1,"797974,241","5828708,174","13,39331232","52,52680762",,,6029.0,56.0
209930,11,4,4400830.0,2021,2,16,2,3,0,7,0,1,0,0,0,0,0,0,"792456,353","5823099,367","13,30728287","52,47951424",,,4558.0,14.0
209929,11,4,7300515.0,2021,3,19,3,3,2,6,2,0,1,0,0,0,1,0,"793401,7597","5822272,651","13,32043654","52,4715959",,,4045.0,42.0
209928,11,11,11501339.0,2021,3,18,4,3,0,2,2,0,1,0,1,0,0,0,"806360,2016","5825047,834","13,51317446","52,48935529",,,4252.0,53.0
209927,11,2,2400521.0,2021,2,20,2,2,6,4,2,0,1,1,0,0,0,2,"800735,9064","5828488,342","13,43369945","52,52332087",,,6263.0,48.0
209926,11,8,8100415.0,2021,2,14,1,3,2,6,0,0,1,0,0,0,0,0,"801483,5111","5823877,875","13,44051114","52,48158371",,,4151.0,37.0
209925,11,4,4501042.0,2021,1,15,7,3,2,6,0,0,1,0,0,0,0,0,"794414,0082","5825875,234","13,3384784","52,50334644",,,3555.0,16.0
209924,11,6,6300524.0,2021,2,10,2,3,5,2,0,1,1,0,0,0,0,2,"788266,8855","5816714,592","13,24025442","52,42449855",,,3776.0,60.0
209923,11,7,7100205.0,2021,1,10,5,3,0,2,0,0,0,0,0,0,1,0,"796054,4282","5825342,474","13,36210207","52,49768312",,,2654.0,58.0
209922,11,6,6400841.0,2021,3,14,5,3,5,3,0,1,1,0,0,0,0,0,"790009,4873","5819156,125","13,2679283","52,44546693",,,4717.0,54.0
209921,11,9,9300922.0,2021,3,9,6,2,4,5,0,0,1,0,0,0,0,1,"807991,056","5815469,697","13,52828885","52,40259718",,,3945.0,34.0
209920,11,3,3500934.0,2021,2,14,4,3,5,3,0,1,1,0,0,0,0,0,"801095,7429","5831492,418","13,44170893","52,55004821",,,4753.0,44.0
209919,11,2,2200211.0,2021,1,13,6,3,2,6,0,0,1,0,0,0,1,0,"797917,0925","5824578,66","13,38877657","52,48982283",,,4848.0,3.0
209918,11,9,9200613.0,2021,3,16,4,2,1,5,0,1,1,0,0,0,0,0,"807334,1011","5821034,796","13,52377616","52,45284235",,,5330.0,56.0
209917,11,11,11401033.0,2021,1,0,5,2,0,7,2,0,1,0,0,0,0,1,"806922,4417","5827729,016","13,52390015","52,51306872",,,4678.0,65.0
209916,11,9,9100305.0,2021,3,5,6,2,5,2,2,0,1,0,0,0,1,1,"805014,8883","5822700,789","13,49127529","52,46907301",,,3767.0,65.0
209915,11,12,12400720.0,2021,2,9,6,3,5,7,0,0,1,0,0,0,0,0,"790090,7795","5840098,831","13,2874061","52,63317639",,,2953.0,57.0
209914,11,9,9200715.0,2021,3,11,1,3,2,6,0,0,1,0,0,0,0,1,"807685,4364","5818114,884","13,52624212","52,42647586",,,4445.0,43.0
209913,11,4,4200308.0,2021,2,14,5,3,3,2,0,0,1,0,0,0,0,0,"790576,6992","5827337,965","13,2833818","52,51851702",,,2059.0,42.0
209912,11,12,12100204.0,2021,1,7,6,3,5,3,2,0,1,0,0,0,0,1,"795471,099","5832482,135","13,35987979","52,56200021",,,3926.0,62.0
209911,11,8,8401246.0,2021,3,15,3,3,5,2,0,1,0,0,1,0,0,0,"807005,1593","5817444,192","13,51565314","52,42084698",,,3848.0,36.0
209910,11,8,8100208.0,2021,1,17,2,3,2,6,2,0,0,0,0,0,1,1,"801593,958","5822840,268","13,44119424","52,47222244",,,5741.0,60.0
209909,11,1,1100308.0,2021,2,12,4,3,1,5,0,1,1,0,0,0,0,1,"797493,8255","5828806,548","13,3863397","52,52795179",,,3745.0,36.0
209908,11,3,3400724.0,2021,3,17,6,3,5,3,1,1,1,0,0,0,0,0,"800030,6468","5834667,931","13,42891958","52,57909878",,,5253.0,35.0
209907,11,3,3500934.0,2021,2,11,5,3,2,6,0,0,1,0,0,1,0,2,"801059,9122","5831419,745","13,4411162","52,54941664",,,3050.0,39.0
209906,11,9,9100409.0,2021,2,15,5,3,5,3,0,0,1,0,0,0,1,0,"807062,2563","5818317,923","13,51729212","52,42864564",,,5038.0,31.0
209905,11,1,1100207.0,2021,1,9,3,3,5,3,0,1,1,0,0,0,0,0,"798481,8171","5826666,263","13,39894011","52,50822701",,,2871.0,63.0
209904,11,1,1400942.0,2021,3,15,5,3,5,3,0,0,1,0,0,0,0,0,"794648,3517","5830521,459","13,34603745","52,54487012",,,4446.0,12.0
209903,11,10,10100104.0,2021,3,19,7,3,6,4,2,0,1,1,0,0,0,1,"810321,1266","5833581,103","13,57928735","52,56358904",,,4154.0,56.0
209902,11,7,7501029.0,2021,3,12,2,3,5,2,0,0,1,0,0,0,1,0,"797539,533","5819904,582","13,37906392","52,44813057",,,4339.0,29.0
209901,11,6,6400843.0,2021,1,18,3,3,6,4,2,0,1,1,0,0,0,1,"792010,5294","5820635,54","13,2985805","52,45766481",,,4453.0,15.0
209900,11,1,1400937.0,2021,1,14,4,3,5,2,0,0,1,0,0,0,0,0,"793963,9515","5832013,577","13,33729518","52,55861569",,,4365.0,7.0
209899,11,4,4400728.0,2021,2,10,2,3,5,2,0,1,1,0,0,0,0,0,"790684,5371","5822677,51","13,28089926","52,47667826",,,4547.0,11.0
209898,11,9,9200614.0,2021,3,19,2,3,5,3,2,1,1,0,0,0,0,1,"808381,0692","5820893,165","13,53900372","52,45098344",,,6727.0,55.0
209897,11,1,1100312.0,2021,3,12,5,3,1,5,0,1,1,0,0,0,0,1,"799264,1482","5826920,941","13,41066179","52,51008123",,,4955.0,53.0
209896,11,12,12200309.0,2021,1,5,4,3,1,5,2,1,1,0,0,0,0,1,"793008,9193","5832673,572","13,32383063","52,56504693",,,3522.0,63.0
209895,11,10,10200629.0,2021,2,13,7,3,5,3,0,0,1,0,0,0,0,1,"811123,3312","5828405,991","13,58623826","52,51675559",,,4048.0,46.0
209894,11,10,10200627.0,2021,2,14,7,2,6,4,0,0,1,1,0,0,0,0,"811178,3624","5829839,525","13,58838783","52,52957056",,,5275.0,63.0
209893,11,12,12500824.0,2021,1,17,4,3,1,5,2,0,1,0,0,1,0,1,"790634,4532","5835709,823","13,29156087","52,59353928",,,5841.0,59.0
209892,11,3,3400721.0,2021,3,15,4,3,6,7,0,0,1,1,0,0,0,0,"797998,3787","5832663,995","13,39721598","52,56225307",,,3429.0,56.0
209891,11,12,12200411.0,2021,2,20,3,3,5,3,2,0,1,0,0,0,0,1,"792897,799","5832158,918","13,32174163","52,56049311",,,4947.0,51.0
209890,11,12,12601235.0,2021,1,15,4,3,5,2,0,0,1,0,0,0,0,0,"795279,5599","5836363,276","13,36051968","52,59689484",,,1254.0,63.0
209889,11,4,4100101.0,2021,1,15,4,2,0,7,0,0,1,0,1,0,0,1,"790122,5964","5829360,124","13,2784727","52,53688762",,,1359.0,62.0
209888,11,12,12200309.0,2021,3,13,6,3,2,6,0,0,1,0,0,0,1,0,"792537,7334","5832838,495","13,31704441","52,56677878",,,3440.0,55.0
209887,11,9,9100306.0,2021,2,8,3,3,2,6,0,0,1,0,0,0,0,0,"804259,3534","5820137,122","13,4778509","52,44651673",,,3136.0,49.0
209886,11,1,1100310.0,2021,3,19,4,3,5,7,2,1,1,0,0,0,0,0,"798950,7953","5827814,98","13,40686153","52,51826683",,,4365.0,7.0
209885,11,11,11300722.0,2021,3,20,5,2,5,3,2,0,1,0,0,0,1,1,"803421,0518","5828617,527","13,47327343","52,52299119",,,5351.0,36.0
209884,11,3,3601450.0,2021,2,6,5,3,3,6,2,0,1,0,0,0,0,1,"801920,879","5829797,985","13,45230138","52,53440436",,,4333.0,53.0
209883,11,12,12200412.0,2021,3,15,3,3,6,2,0,0,1,1,0,0,0,0,"790717,5594","5834501,027","13,29172358","52,58265822",,,6546.0,64.0
209882,11,9,9501941.0,2021,1,12,6,3,2,2,0,0,1,0,0,0,0,1,"812063,2022","5821198,31","13,59329745","52,45162865",,,3438.0,56.0
209881,11,2,2500831.0,2021,2,18,3,3,5,2,2,0,1,0,1,0,0,1,"802857,7406","5827211,39","13,46371611","52,51070134",,,3570.0,53.0
209880,11,11,11400929.0,2021,3,18,7,3,5,3,1,0,1,0,0,0,0,0,"804591,784","5826374,121","13,48842259","52,50223181",,,5044.0,14.0
209879,11,11,11200515.0,2021,2,7,4,3,5,3,0,1,1,0,0,0,0,0,"806173,8157","5830411,628","13,5153728","52,53753165",,,4854.0,36.0
209878,11,4,4500936.0,2021,1,16,6,3,5,3,1,0,1,0,0,0,0,0,"792297,4459","5825381,09","13,30695113","52,50005452",,,4757.0,11.0
209877,11,8,8100104.0,2021,3,8,5,1,5,2,0,1,0,0,0,1,0,0,"800270,9511","5822151,402","13,42115515","52,46677666",,,6728.0,57.0
209876,11,8,8100314.0,2021,3,17,7,3,6,2,1,0,1,1,0,0,0,1,"800330,0662","5824358,379","13,42401022","52,48652625",,,7248.0,63.0
209875,11,3,3100101.0,2021,3,9,2,3,5,3,0,0,1,0,0,1,0,0,"800420,952","5841151,586","13,4405482","52,63699678",,,3458.0,61.0
209874,11,11,11100204.0,2021,2,14,7,3,6,4,0,0,1,1,0,0,0,0,"806299,855","5833624,487","13,52018914","52,56625493",,,3542.0,38.0
209873,11,10,10100312.0,2021,1,4,1,3,9,1,2,0,1,0,0,0,0,0,"807932,828","5829216,076","13,54011855","52,52582621",,,4752.0,45.0
209872,11,9,9100101.0,2021,1,17,3,3,5,2,2,1,0,0,0,0,1,1,"802345,114","5824755,558","13,45395608","52,48897407",,,3048.0,43.0
209871,11,6,6300633.0,2021,1,14,4,2,6,4,0,0,1,1,0,0,0,0,"793207,8349","5819560,008","13,31520713","52,4473819",,,2130.0,45.0
209870,11,2,2500833.0,2021,2,13,7,2,2,7,0,0,1,0,1,0,0,0,"802473,2408","5827070,801","13,45793999","52,50965458",,,4162.0,48.0
209869,11,1,1100415.0,2021,3,17,3,2,2,7,0,0,1,0,1,0,0,0,"798379,694","5829258,542","13,39976509","52,53151917",,,3555.0,16.0
209868,11,3,3500936.0,2021,1,13,3,1,6,4,0,0,0,1,0,0,1,0,"802767,0808","5831682,561","13,46645637","52,55082607",,,4627.0,65.0
209867,11,4,4500936.0,2021,2,18,4,3,3,6,2,0,1,0,0,0,0,2,"792150,8769","5825666,596","13,30504857","52,50269252",,,6420.0,56.0
209866,11,1,1200624.0,2021,2,19,5,3,5,2,2,1,1,0,0,0,0,0,"795668,661","5829732,691","13,36033767","52,53724679",,,2976.0,49.0
209865,11,7,7200410.0,2021,1,10,1,3,5,3,0,0,1,0,0,0,1,1,"795620,631","5823736,816","13,35430603","52,48352479",,,3056.0,54.0
209864,11,1,1300730.0,2021,3,8,4,2,6,2,0,0,1,1,0,0,0,0,"796162,943","5832263,235","13,36986082","52,55966213",,,7330.0,61.0
209863,11,1,1400939.0,2021,1,10,1,3,0,1,0,0,0,0,1,0,0,2,"794722,7823","5831522,679","13,34802049","52,55380502",,,4023.0,43.0
209862,11,3,3501038.0,2021,1,12,2,3,5,7,0,1,1,0,0,0,0,2,"803858,1195","5832990,423","13,48369523","52,56194038",,,4864.0,14.0
209861,11,4,4300621.0,2021,1,20,3,3,5,7,2,0,1,0,0,0,0,1,"792749,6039","5826895,31","13,31492469","52,51338665",,,5767.0,63.0
209860,11,2,2100106.0,2021,3,17,4,3,5,2,0,0,1,0,1,0,0,1,"799068,3744","5825601,886","13,40660088","52,49836514",,,7056.0,63.0
209859,11,5,5200420.0,2021,3,8,6,3,5,3,0,0,1,0,0,0,1,1,"782235,2861","5827622,682","13,16102047","52,52545125",,,6248.0,65.0
209858,11,2,2100106.0,2021,3,7,2,3,5,2,0,0,0,0,1,0,1,0,"799880,024","5825707,995","13,41861702","52,49887086",,,4850.0,38.0
209857,11,3,3300516.0,2021,2,14,7,3,5,3,0,0,1,0,0,0,0,0,"801107,4057","5834310,415","13,44443761","52,57529962",,,3757.0,51.0
209856,11,8,8100104.0,2021,1,19,2,3,5,7,2,1,1,0,0,0,0,1,"800259,9682","5822215,766","13,42105188","52,46735962",,,2947.0,18.0
209855,11,6,6100205.0,2021,1,10,2,3,6,7,0,0,1,1,0,0,0,0,"795527,0759","5819700,342","13,34935771","52,44739123",,,5983.0,65.0
209854,11,12,12601134.0,2021,2,22,4,3,8,1,2,0,1,0,0,0,0,1,"794727,2133","5836859,869","13,35283061","52,60164598",,,4243.0,50.0
209853,11,8,8300934.0,2021,3,15,3,3,2,6,0,0,1,0,0,0,1,0,"802740,99","5818148,804","13,45377749","52,42953805",,,7360.0,59.0
209852,11,5,5300840.0,2021,2,17,5,2,5,2,2,0,1,0,0,0,0,2,"789207,7954","5829280,507","13,26495342","52,53666009",,,3071.0,39.0
209851,11,9,9200510.0,2021,2,6,5,3,3,6,0,1,1,0,0,0,0,0,"806206,8358","5823250,693","13,50927226","52,47333472",,,5780.0,50.0
209850,11,2,2100102.0,2021,1,18,2,2,1,5,2,1,1,0,0,0,0,0,"797685,9538","5826425,97","13,38703343","52,50650792",,,3252.0,41.0
209849,11,2,2200213.0,2021,3,18,5,3,1,5,2,1,1,0,0,0,0,0,"799803,7392","5824995,849","13,41685571","52,49252947",,,4263.0,51.0
209848,11,3,3300411.0,2021,1,15,6,2,6,4,0,0,1,1,0,0,0,0,"803288,0449","5839660,621","13,48141843","52,62204038",,,5248.0,21.0
209847,11,7,7100102.0,2021,3,19,2,3,6,2,1,0,1,1,0,0,0,1,"794966,3087","5825196,659","13,34599065","52,49696518",,,3153.0,49.0
209846,11,6,6200422.0,2021,2,18,6,3,6,2,2,0,1,1,0,0,0,2,"794205,2732","5817193,386","13,32775832","52,42563022",,,4583.0,65.0
209845,11,6,6300633.0,2021,3,17,2,3,5,3,0,0,1,0,1,0,0,0,"793251,911","5818490,33","13,31491507","52,43776885",,,2647.0,59.0
209844,11,9,9100304.0,2021,1,21,2,3,5,3,2,1,1,0,0,0,0,1,"804874,4542","5822500,518","13,48903134","52,46735644",,,4556.0,46.0
209843,11,4,4501153.0,2021,1,11,4,3,6,4,0,0,1,1,0,0,0,1,"794209,2588","5823431,037","13,33331229","52,48154594",,,4559.0,31.0
209842,11,1,1300733.0,2021,2,17,2,3,5,2,0,1,1,0,0,0,0,0,"797706,2683","5831844,091","13,39218396","52,5550635",,,7168.0,60.0
209841,11,2,2500833.0,2021,3,18,3,3,6,7,2,1,0,1,0,0,0,0,"802522,335","5827286,117","13,45885688","52,51155722",,,5165.0,60.0
209840,11,2,2300417.0,2021,3,12,4,3,5,3,0,1,1,0,0,0,0,0,"800490,334","5825756,97","13,42762475","52,49897414",,,5146.0,51.0
209839,11,11,11100102.0,2021,1,7,5,2,2,7,2,0,1,0,0,0,0,1,"807352,7932","5834153,805","13,53616536","52,57040523",,,1760.0,43.0
209838,11,9,9200510.0,2021,2,16,2,3,6,4,1,1,0,1,0,0,0,1,"806234,7741","5823214,047","13,50964866","52,47299062",,,3755.0,63.0
209837,11,10,10400835.0,2021,2,8,7,3,1,5,0,0,1,0,0,0,0,0,"812003,9197","5829489,117","13,60018946","52,52595865",,,7857.0,55.0
209836,11,7,7100204.0,2021,1,16,3,3,6,4,2,0,0,1,0,0,1,0,"795240,4312","5824482,163","13,34938372","52,49041201",,,3750.0,33.0
209835,11,11,11300619.0,2021,3,9,4,3,2,6,0,0,1,0,0,0,0,0,"803834,4415","5828685,44","13,47940976","52,52336968",,,4265.0,5.0
209834,11,8,8100104.0,2021,2,17,3,2,2,6,2,1,0,0,0,0,1,1,"800761,506","5822757,347","13,42890084","52,47193816",,,3048.0,43.0
209833,11,11,11501340.0,2021,2,13,6,3,5,3,0,0,1,0,0,0,0,0,"807680,7844","5824546,055","13,53209958","52,48411567",,,5163.0,58.0
209832,11,12,12400722.0,2021,1,6,5,2,4,6,2,0,1,0,0,1,0,1,"790619,1055","5837357,064","13,29278098","52,60831468",,,3249.0,57.0
209831,11,2,2400623.0,2021,1,6,5,2,5,3,2,1,0,0,0,0,1,2,"800367,4148","5827193,34","13,42711531","52,51191648",,,5457.0,20.0
209830,11,1,1300834.0,2021,3,20,4,3,5,2,2,0,1,0,0,0,0,0,"797507,2937","5831024,317","13,38852324","52,547824",,,4146.0,50.0
209829,11,5,5100208.0,2021,2,7,2,3,0,1,0,0,0,0,1,0,0,1,"782015,3752","5830192,6","13,1599687","52,54860807",,,5062.0,44.0
209828,11,2,2100104.0,2021,3,11,4,3,5,2,0,1,1,0,0,0,0,0,"799222,3755","5825981,783","13,40920402","52,50168596",,,4061.0,48.0
209827,11,7,7400826.0,2021,3,15,5,3,5,3,0,0,1,0,1,0,0,0,"796693,1286","5820021,025","13,36674966","52,44963436",,,4450.0,25.0
209826,11,12,12400722.0,2021,2,7,5,2,1,5,0,0,1,0,0,0,0,1,"791140,4889","5838828,639","13,30175404","52,62122787",,,5249.0,5.0
209825,11,1,1100205.0,2021,3,20,3,3,5,2,2,1,1,0,0,0,0,0,"797250,1496","5827363,761","13,38146891","52,51515178",,,3449.0,40.0
209824,11,3,3500934.0,2021,1,17,5,3,5,3,2,0,1,0,0,0,0,1,"801068,9248","5831437,698","13,441265","52,54957257",,,4149.0,60.0
209823,11,2,2300419.0,2021,2,8,4,3,5,3,0,1,1,0,0,0,0,1,"801622,6327","5825918,286","13,44440045","52,49979542",,,4329.0,59.0
209822,11,2,2500835.0,2021,2,5,5,3,0,6,0,1,0,0,0,0,1,0,"803036,4957","5825809,281","13,46506593","52,49803515",,,5044.0,14.0
209821,11,8,8300934.0,2021,3,11,6,3,0,2,0,0,1,0,0,0,1,0,"802715,9069","5818129,956","13,45339263","52,42938299",,,3636.0,64.0
209820,11,4,4300619.0,2021,2,14,4,2,5,3,0,0,1,0,1,0,0,0,"792768,424","5827045,479","13,31533336","52,51472276",,,5749.0,42.0
209819,11,3,3400826.0,2021,1,11,6,3,5,3,0,1,1,0,0,0,0,0,"798673,4632","5832491,965","13,40699058","52,56034119",,,5328.0,63.0
209818,11,11,11501339.0,2021,3,17,6,3,1,5,0,1,1,0,0,0,0,0,"807176,7624","5824337,309","13,52450823","52,48252862",,,4856.0,19.0
209817,11,8,8100520.0,2021,3,20,7,2,5,2,2,0,1,0,0,0,0,1,"803188,623","5822721,162","13,46449139","52,47027217",,,1558.0,34.0
209816,11,3,3300517.0,2021,3,13,2,3,5,3,0,0,1,0,0,0,0,0,"802889,489","5833531,368","13,46994343","52,5673284",,,3828.0,63.0
209815,11,12,12100205.0,2021,2,16,7,3,0,7,0,0,1,0,1,0,0,0,"793558,2126","5832501,849","13,33175925","52,56321164",,,4178.0,61.0
209814,11,9,9100101.0,2021,1,7,5,3,5,3,0,1,1,0,0,0,0,1,"802352,1958","5824761,08","13,45406507","52,48901964",,,5064.0,24.0
209813,11,11,11100102.0,2021,1,11,1,3,5,2,0,1,1,0,0,0,0,0,"809245,205","5834482,632","13,56430568","52,57228028",,,4062.0,45.0
209812,11,12,12500825.0,2021,1,12,3,3,5,3,0,0,1,0,1,0,0,1,"791275,2142","5834931,873","13,30030949","52,58622238",,,6062.0,52.0
209811,11,10,10100104.0,2021,2,10,7,3,6,7,0,0,1,1,0,0,0,0,"810194,4194","5833731,028","13,57756423","52,56500477",,,7644.0,55.0
209810,11,7,7601442.0,2021,3,21,1,3,5,2,2,0,1,0,0,0,0,1,"799261,7874","5816265,807","13,40107379","52,41457355",,,1928.0,56.0
209809,11,8,8100520.0,2021,1,17,3,3,0,3,2,0,1,0,1,0,0,1,"803098,665","5822634,835","13,46309269","52,46954834",,,4653.0,53.0
209808,11,12,12500824.0,2021,2,11,2,3,8,1,0,0,1,0,0,0,0,2,"790188,7625","5835894,271","13,28516137","52,59543083",,,4750.0,40.0
209807,11,8,8100206.0,2021,2,17,6,3,1,5,0,1,1,0,0,0,0,0,"800353,7642","5824229,073","13,42424165","52,48535419",,,5332.0,53.0
209806,11,10,10300732.0,2021,1,3,1,3,1,5,2,0,1,0,0,1,0,1,"809783,9055","5827918,238","13,56610813","52,51314695",,,5927.0,61.0
209805,11,9,9501939.0,2021,3,15,4,3,5,2,0,1,1,0,0,0,0,0,"809638,3683","5821500,289","13,55800911","52,45571372",,,6446.0,50.0
209804,11,8,8100415.0,2021,1,6,6,3,6,2,2,0,1,1,0,0,0,0,"802030,332","5823470,808","13,44817013","52,47763295",,,4864.0,14.0
209803,11,8,8200726.0,2021,1,8,3,3,5,3,0,0,1,0,0,0,1,1,"801412,9292","5820221,245","13,43617234","52,44884732",,,3960.0,55.0
209802,11,1,1100103.0,2021,1,18,3,3,1,5,2,1,1,0,0,0,0,1,"795950,9984","5825626,761","13,36083553","52,50028761",,,4436.0,56.0
209801,11,3,3400620.0,2021,2,9,2,3,5,3,0,1,1,0,0,0,0,0,"796683,2119","5833998,241","13,37906475","52,57493122",,,4276.0,65.0
209800,11,4,4500936.0,2021,3,17,2,3,1,5,0,1,1,0,0,0,0,1,"792080,1076","5825523,956","13,30388381","52,50145166",,,4643.0,57.0
209799,11,6,6200423.0,2021,3,9,4,3,5,2,0,1,0,0,0,1,0,0,"793383,4496","5816240,135","13,31487066","52,41752579",,,3852.0,51.0
209798,11,3,3400721.0,2021,2,8,2,3,2,7,0,0,1,0,0,0,0,1,"798238,8635","5833057,416","13,4011068","52,56564785",,,4450.0,25.0