OBJECTID,LAND,BEZ,LOR_ab_2021,UJAHR,UMONAT,USTUNDE,UWOCHENTAG,UKATEGORIE,UART,UTYP1,ULICHTVERH,IstRad,IstPKW,IstFuss,IstKrad,IstGkfz,IstSonstige,USTRZUSTAND,LINREFX,LINREFY,XGCSWGS84,YGCSWGS84,LOR,STRASSE,quadrant,quadrant_rank
209281,11,11,11100204.0,2021,2,11,1,3,0,6,0,0,1,0,0,0,1,0,"806159,3503","5833822,321","13,51830525","52,56810697",,,6130.0,56.0
209280,11,5,5100315.0,2021,3,16,3,3,2,2,0,0,1,0,0,0,0,0,"784415,8022","5829932,991","13,19505199","52,54503239",,,4757.0,11.0
209279,11,6,6200312.0,2021,3,9,4,2,0,1,0,0,0,0,1,0,0,0,"794646,3726","5819198,816","13,33599421","52,44337063",,,3560.0,52.0
209278,11,12,12200515.0,2021,2,17,6,3,2,6,1,0,1,0,0,0,0,1,"790282,382","5834517,93","13,28533362","52,58304212",,,4265.0,5.0
209277,11,4,4501043.0,2021,3,0,2,3,6,4,2,0,1,1,0,0,0,0,"792326,4168","5825322,174","13,30732498","52,49951083",,,4951.0,32.0
209276,11,9,9200818.0,2021,1,15,6,3,2,6,0,0,1,0,0,0,0,1,"809784,3929","5820546,994","13,55926711","52,44708776",,,5052.0,43.0
209275,11,9,9401534.0,2021,2,18,3,3,6,2,2,0,1,1,0,0,0,1,"811358,9558","5820172,312","13,58201142","52,4428357",,,6057.0,61.0
209274,11,11,11300722.0,2021,1,7,5,3,5,3,2,1,1,0,0,0,0,1,"804309,4241","5828168,384","13,48591607","52,51847064",,,4824.0,53.0
209273,11,6,6100103.0,2021,3,14,5,2,6,7,0,0,0,1,0,0,1,0,"793912,4381","5821467,061","13,32722354","52,46409958",,,3454.0,49.0
209272,11,9,9200511.0,2021,3,15,1,3,6,4,0,0,1,1,0,0,0,0,"806758,2809","5822288,513","13,51648099","52,46440199",,,4937.0,59.0
209271,11,6,6300634.0,2021,2,12,4,3,6,7,0,0,0,1,0,0,1,0,"791890,2937","5818966,704","13,29535754","52,44276795",,,4165.0,55.0
209270,11,7,7501029.0,2021,1,14,7,3,0,6,0,0,1,0,1,0,0,1,"797373,8153","5819874,669","13,37660606","52,44795259",,,6338.0,60.0
209269,11,7,7400720.0,2021,3,16,4,3,3,6,0,0,1,0,0,0,0,1,"797186,9624","5823737,792","13,37730503","52,48268329",,,3749.0,17.0
209268,11,11,11200512.0,2021,3,15,6,3,5,2,0,0,1,0,0,0,1,0,"802920,9017","5831082,631","13,46817084","52,54536351",,,2841.0,54.0
209267,11,1,1200522.0,2021,3,16,1,2,6,4,0,0,1,1,0,0,0,0,"793724,5833","5827917,753","13,3301534","52,52202816",,,6945.0,62.0
209266,11,8,8100419.0,2021,2,13,5,3,6,2,0,0,1,1,0,0,0,0,"802385,4876","5824033,102","13,45389349","52,48247631",,,5566.0,61.0
209265,11,12,12500825.0,2021,1,22,7,2,0,3,2,0,1,0,0,0,0,0,"792542,279","5835162,836","13,31916235","52,58761297",,,1756.0,58.0
209264,11,7,7601340.0,2021,3,14,3,3,5,2,0,1,1,0,0,0,0,0,"796460,3402","5815899,352","13,35968001","52,41281298",,,4365.0,7.0
209263,11,8,8100417.0,2021,1,11,2,2,6,2,0,0,1,1,0,0,0,1,"802546,4085","5822994,509","13,45531369","52,47307824",,,3268.0,42.0
209262,11,6,6200316.0,2021,2,6,4,3,2,6,2,0,1,0,0,0,0,1,"796020,5414","5817677,42","13,35480584","52,4289902",,,3762.0,55.0
209261,11,1,1100309.0,2021,3,19,6,3,1,5,2,1,1,0,0,0,0,0,"798202,5891","5828999,499","13,39692959","52,52929411",,,7660.0,47.0
209260,11,4,4500939.0,2021,2,18,2,3,5,2,2,0,1,0,0,0,0,2,"792440,9697","5824104,655","13,30793894","52,48853468",,,2852.0,40.0
209259,11,9,9501939.0,2021,2,8,6,3,1,5,1,1,1,0,0,0,0,1,"810696,8163","5821848,968","13,57386055","52,45823785",,,4658.0,28.0
209258,11,4,4100101.0,2021,1,14,2,3,5,3,0,0,1,0,0,0,0,0,"790515,5001","5829777,109","13,28461389","52,54041658",,,3148.0,24.0
209257,11,10,10400939.0,2021,3,18,5,3,5,3,2,0,1,0,0,0,0,0,"813006,615","5827610,884","13,61315429","52,50855311",,,3550.0,28.0
209256,11,6,6100205.0,2021,3,10,7,3,0,2,0,0,1,0,1,0,0,1,"795893,4942","5819895,709","13,35490654","52,44894437",,,4558.0,14.0
209255,11,3,3701660.0,2021,2,12,6,3,5,2,0,1,0,0,0,0,1,0,"800746,4297","5829153,61","13,43445577","52,52927801",,,3242.0,39.0
209254,11,3,3500934.0,2021,3,13,2,2,5,3,0,0,1,0,0,0,0,0,"800677,654","5831577,962","13,43563893","52,55104589",,,4851.0,50.0
209253,11,1,1100308.0,2021,1,17,3,3,6,2,2,0,1,1,0,0,0,1,"797572,1292","5828596,148","13,38730226","52,52602308",,,4636.0,53.0
209252,11,5,5300736.0,2021,1,13,4,3,5,3,0,0,1,0,0,0,0,0,"786142,4785","5829359,682","13,21995128","52,53898811",,,4547.0,11.0
209251,11,6,6300634.0,2021,2,17,2,3,0,1,2,0,0,0,1,0,0,0,"792287,7147","5818592,16","13,30086038","52,4391979",,,2736.0,65.0
209250,11,4,4300416.0,2021,3,22,2,2,5,3,2,0,1,0,0,0,0,0,"791924,255","5826239,278","13,30222152","52,5079478",,,3071.0,39.0
209249,11,10,10200629.0,2021,1,6,4,3,5,3,2,0,1,0,0,0,1,1,"810931,5541","5828228,97","13,58325571","52,5152786",,,7046.0,61.0
209248,11,5,5200524.0,2021,2,12,2,3,1,7,0,0,1,0,0,0,0,0,"780184,5551","5827867,351","13,13107826","52,52870297",,,5157.0,60.0
209247,11,1,1300731.0,2021,2,19,1,3,5,3,2,0,1,0,0,0,0,0,"797496,3851","5832915,439","13,39005775","52,56478144",,,3730.0,44.0
209246,11,9,9100304.0,2021,1,21,4,3,0,6,2,0,1,0,0,0,1,1,"804879,4239","5822489,53","13,48909423","52,46725519",,,3656.0,44.0
209245,11,11,11300618.0,2021,3,7,4,3,0,1,0,0,0,0,1,0,0,2,"802435,8625","5828901,892","13,45905546","52,52608725",,,7047.0,62.0
209244,11,6,6200421.0,2021,1,18,1,3,4,3,2,0,1,0,1,0,0,2,"793329,053","5816986,282","13,31472725","52,42424401",,,3961.0,48.0
209243,11,6,6100204.0,2021,2,19,6,3,5,3,2,1,1,0,0,0,0,2,"795396,574","5820130,494","13,34782349","52,4513178",,,3870.0,38.0
209242,11,10,10100312.0,2021,1,12,5,3,0,3,0,0,1,0,0,0,1,0,"808579,0946","5830116,809","13,55045039","52,53353302",,,4761.0,38.0
209241,11,10,10100313.0,2021,1,7,5,2,6,4,0,0,0,1,0,0,1,1,"809395,719","5831060,695","13,56333003","52,54152885",,,4572.0,61.0
209240,11,9,9200510.0,2021,2,16,3,3,5,3,0,1,1,0,0,0,0,0,"806411,1472","5822970,435","13,51201345","52,47070838",,,6760.0,65.0
209234,11,4,4400834.0,2021,1,10,2,3,5,3,0,1,1,0,0,0,0,1,"792746,9398","5823119,583","13,31156721","52,47953977",,,2750.0,55.0
209225,11,4,4501045.0,2021,1,14,2,3,5,3,0,0,1,0,0,0,0,0,"793965,8567","5824962,066","13,33108895","52,49540198",,,3025.0,58.0
209197,11,2,2500726.0,2021,1,19,7,2,5,3,2,1,0,0,0,0,1,0,"801972,1869","5828241,904","13,45164233","52,52042879",,,4937.0,59.0
209169,11,4,4501149.0,2021,1,23,2,3,5,3,2,0,1,0,1,0,0,1,"793443,0877","5824199,107","13,32273871","52,48884367",,,4375.0,52.0
209138,11,4,4501045.0,2021,1,18,1,3,5,7,0,0,1,0,0,0,0,1,"793917,457","5825315,053","13,33068955","52,4985924",,,6232.0,65.0
209111,11,1,1100310.0,2021,1,17,6,3,0,1,2,1,0,0,0,0,0,1,"799634,0555","5828547,551","13,41756095","52,5244582",,,2362.0,54.0
209057,11,7,7400721.0,2021,1,18,2,3,1,7,2,0,1,0,0,0,0,1,"797546,3336","5823049,369","13,38196712","52,47631662",,,2647.0,59.0
209031,11,4,4501149.0,2021,1,8,2,3,6,4,1,0,1,1,0,0,0,1,"793477,6376","5824497,912","13,32350926","52,49150376",,,4723.0,63.0
209005,11,9,9100101.0,2021,1,20,2,3,6,2,2,0,1,1,0,0,0,1,"802326,8162","5825310,216","13,45419066","52,49395562",,,2282.0,59.0
208955,11,7,7100101.0,2021,1,17,7,2,6,2,2,0,1,1,0,0,0,0,"794962,4953","5824924,375","13,34569355","52,4945264",,,3444.0,24.0
208917,11,1,1100101.0,2021,1,17,7,3,5,3,2,0,1,0,0,0,0,0,"795324,9179","5826261,255","13,35220195","52,50631455",,,3148.0,24.0
208904,11,10,10300734.0,2021,1,12,7,3,2,6,0,0,1,0,0,0,0,1,"810017,365","5827161,418","13,56883249","52,50623202",,,1345.0,63.0
208875,11,9,9501838.0,2021,1,21,7,1,8,1,2,0,1,0,0,0,0,1,"820448,5872","5819536,522","13,71468176","52,43188902",,,637.0,61.0
208836,11,4,4501041.0,2021,1,10,2,3,0,7,0,0,0,0,0,1,0,1,"792967,5428","5825869,311","13,31722401","52,50407191",,,3649.0,23.0
208821,11,1,1300836.0,2021,1,9,1,3,8,1,0,0,1,0,0,0,0,2,"797247,064","5831130,741","13,38479208","52,54892002",,,7332.0,60.0
208783,11,1,1200522.0,2021,1,11,2,3,5,7,0,1,1,0,0,0,0,1,"793822,7262","5828155,65","13,33180593","52,5241079",,,1761.0,52.0
208734,11,7,7200409.0,2021,1,12,2,3,5,2,0,0,1,0,1,0,0,1,"795219,248","5824365,114","13,34896894","52,48937421",,,7659.0,42.0
208679,11,5,5100211.0,2021,1,16,1,3,5,2,2,0,1,0,0,0,0,2,"781908,5137","5829573,923","13,15787177","52,54311606",,,3756.0,4.0
208651,11,12,12200310.0,2021,1,23,7,3,0,7,2,0,0,0,1,0,0,1,"791716,2523","5833715,242","13,3057301","52,57507937",,,923.0,65.0
208639,11,12,12200411.0,2021,1,13,2,3,2,6,0,0,1,0,0,0,0,1,"792947,8206","5832179,836","13,32249588","52,56065372",,,6836.0,61.0
208623,11,4,4501043.0,2021,1,13,7,3,2,2,0,1,1,0,0,0,0,0,"792329,2377","5825256,603","13,30730887","52,4989215",,,4364.0,39.0
208597,11,1,1200520.0,2021,1,18,2,3,6,2,2,0,1,1,0,0,0,1,"794063,7798","5828469,151","13,33562594","52,52678829",,,4853.0,18.0
208581,11,11,11200411.0,2021,1,12,6,3,0,1,0,1,0,0,0,0,0,1,"805048,1006","5831501,247","13,4998273","52,5479285",,,3156.0,56.0
208547,11,12,12500928.0,2021,1,23,6,3,8,1,2,0,1,0,0,0,0,1,"792102,5724","5837669,144","13,31490159","52,61031719",,,7757.0,65.0
208510,11,5,5300839.0,2021,1,15,7,3,5,2,0,0,1,0,0,0,0,0,"789018,1024","5829783,079","13,26260159","52,5412664",,,3444.0,24.0
208496,11,9,9200717.0,2021,1,10,7,3,0,1,0,1,0,0,0,0,0,1,"809148,4988","5819519,491","13,54898983","52,43823926",,,3437.0,57.0
208457,11,1,1200628.0,2021,1,12,7,3,2,6,0,0,1,0,0,0,0,0,"795713,819","5828192,436","13,35963144","52,52341529",,,4544.0,57.0
208414,11,12,12100204.0,2021,1,16,1,3,6,4,2,0,0,1,0,0,1,1,"795471,5648","5832479,532","13,35988432","52,56197662",,,2737.0,55.0
208376,11,2,2500727.0,2021,1,19,2,3,5,2,2,1,1,0,0,0,0,1,"802638,4829","5827920,207","13,46113983","52,51717609",,,2130.0,45.0
208366,11,4,4300621.0,2021,1,23,2,3,5,3,2,0,1,0,0,0,1,0,"792066,0492","5826858,009","13,30484777","52,51341871",,,2525.0,64.0
208361,11,9,9200819.0,2021,1,1,1,3,6,4,2,0,1,1,0,0,0,0,"810203,5192","5819613,968","13,56454829","52,43848861",,,3745.0,36.0
208322,11,11,11100204.0,2021,1,7,2,2,6,4,2,0,1,1,0,0,0,1,"806555,4587","5833551,868","13,52388131","52,56546025",,,3945.0,34.0
208271,11,2,2200210.0,2021,1,20,1,3,5,2,2,1,1,0,0,0,0,1,"798311,4541","5825329,351","13,39523971","52,49633648",,,4854.0,36.0
208232,11,1,1400939.0,2021,1,16,7,3,0,7,1,0,1,0,1,0,0,1,"795110,9338","5831544,666","13,35374844","52,55379194",,,4046.0,41.0
208214,11,5,5400942.0,2021,1,0,7,3,9,1,2,0,1,0,0,0,0,1,"783785,2905","5822558,789","13,1794905","52,47924257",,,3154.0,20.0
208187,11,11,11200411.0,2021,1,0,1,3,0,2,2,0,1,0,0,0,0,1,"805705,3331","5831358,701","13,50935847","52,54628256",,,6234.0,51.0
208137,11,4,4300414.0,2021,1,11,1,3,5,2,0,0,1,0,0,0,0,1,"790974,116","5826670,181","13,2886383","52,51231845",,,4140.0,37.0
208122,11,8,8401243.0,2021,1,4,6,3,9,1,2,0,0,0,0,0,1,1,"805036,2885","5817845,666","13,48715633","52,42554623",,,3071.0,39.0
208100,11,4,4500936.0,2021,1,16,7,3,5,2,1,0,1,0,0,0,0,0,"792089,6582","5825771,812","13,30424153","52,50366853",,,2856.0,54.0
115644,11,12,12400723.0,2021,6,17,4,2,5,2,1,1,1,0,0,0,0,0,"791883,4019","5839013,549","13,31286042","52,6224869",,,3374.0,61.0
115642,11,7,4501153.0,2021,9,5,1,2,9,1,2,0,1,0,0,0,0,0,"794221,233","5823025,56","13,3331303","52,47790459",,,1663.0,55.0
115641,11,7,4501153.0,2021,11,15,4,3,2,6,0,0,1,0,0,0,0,0,"794429,1214","5823089,821","13,33623919","52,47836863",,,5555.0,53.0
115640,11,4,4300414.0,2021,8,14,1,3,5,2,0,0,1,0,0,0,0,1,"791570,1382","5826545,567","13,29728701","52,51088303",,,4267.0,59.0
115637,11,2,2400521.0,2021,7,7,2,3,5,2,0,0,1,0,0,0,0,0,"800372,9887","5827974,204","13,42790211","52,51891254",,,6086.0,60.0
115636,11,4,4300414.0,2021,10,10,3,3,2,2,0,1,1,0,0,0,0,1,"791845,7789","5826592,029","13,30137783","52,51115215",,,5132.0,38.0
115635,11,12,12100205.0,2021,12,15,4,3,2,6,1,0,1,0,0,0,0,1,"794557,8625","5833881,034","13,34768887","52,57503504",,,6050.0,65.0
115634,11,4,4100101.0,2021,5,7,6,3,2,6,0,0,1,0,0,0,1,0,"791140,028","5829419,906","13,29348356","52,53688097",,,5249.0,5.0
115631,11,7,7300619.0,2021,1,10,4,3,3,2,0,0,1,0,0,0,0,1,"795638,2603","5823236,336","13,35412109","52,47902882",,,6057.0,61.0
115627,11,1,1100205.0,2021,6,14,2,3,1,5,0,0,1,0,0,0,0,0,"797128,4722","5826745,826","13,37912936","52,50967897",,,3381.0,45.0
115624,11,7,7200308.0,2021,12,16,6,3,6,2,2,0,1,1,0,0,0,1,"795242,8346","5823529,518","13,34857516","52,48187091",,,3964.0,39.0
115623,11,1,1100102.0,2021,8,12,2,3,3,6,0,0,1,0,1,0,0,0,"795987,4142","5827312,315","13,36286917","52,51537736",,,3567.0,10.0
115621,11,12,12400721.0,2021,9,14,1,3,1,5,0,1,1,0,0,0,0,0,"791015,6182","5841218,821","13,30201962","52,64272191",,,5051.0,33.0
115619,11,9,9100202.0,2021,3,21,1,3,5,5,2,1,1,0,0,0,0,1,"802930,858","5824726,478","13,46253005","52,48838873",,,2947.0,18.0
115616,11,7,7400721.0,2021,6,10,1,3,2,6,0,0,1,0,0,0,0,0,"797828,3069","5822743,214","13,38583315","52,4734186",,,3756.0,4.0
115614,11,9,9100305.0,2021,9,10,3,2,0,1,0,1,0,0,0,0,0,0,"804509,4389","5823189,906","13,48430389","52,47373877",,,7659.0,42.0
115613,11,10,10300734.0,2021,11,17,2,3,2,6,2,0,1,0,0,0,0,0,"810336,6929","5827083,145","13,5734493","52,50534904",,,5155.0,43.0
115612,11,4,4400830.0,2021,8,17,3,3,2,6,0,0,1,0,1,0,0,0,"792043,5808","5823877,203","13,30190364","52,48670834",,,4550.0,26.0
115607,11,7,7400824.0,2021,10,17,7,3,1,5,0,1,1,0,0,0,0,0,"797834,9232","5822252,26","13,38549196","52,46901413",,,4757.0,11.0
115606,11,1,1100310.0,2021,12,16,3,3,5,3,2,0,1,0,0,0,1,1,"799107,1095","5827693,697","13,40904932","52,517094",,,4864.0,14.0
115603,11,6,6400737.0,2021,2,19,2,3,2,6,2,0,1,0,0,0,1,0,"785280,4223","5816277,423","13,19608087","52,42214409",,,3745.0,36.0
115599,11,7,7501133.0,2021,6,17,3,3,5,5,0,0,1,0,1,0,0,0,"798203,6175","5818848,994","13,38786452","52,43830658",,,4657.0,9.0
115595,11,7,7601442.0,2021,5,6,4,3,5,7,0,1,1,0,0,0,0,0,"799683,6742","5815208,742","13,40631217","52,40486749",,,3760.0,45.0
115594,11,1,1100310.0,2021,8,8,5,3,3,6,0,0,1,0,0,0,1,0,"799003,5737","5828205,284","13,40798787","52,5217364",,,2947.0,18.0
115587,11,1,1100311.0,2021,7,8,3,3,0,7,0,1,0,0,0,0,0,0,"800072,1154","5828070,788","13,42356832","52,5199439",,,1255.0,61.0
115585,11,12,12400723.0,2021,10,16,2,3,5,2,0,1,1,0,0,0,0,0,"791888,6087","5838992,367","13,31291842","52,62229421",,,4734.0,59.0
115584,11,3,3400828.0,2021,11,16,2,3,5,3,1,0,1,0,0,0,0,0,"800173,8223","5832247,771","13,42883612","52,55732743",,,2623.0,62.0
115583,11,8,8200622.0,2021,9,15,6,3,2,6,0,0,1,0,0,0,0,0,"802062,5448","5821856,877","13,44718175","52,46314925",,,4556.0,46.0
115580,11,4,4200310.0,2021,4,14,4,3,0,1,0,1,0,0,0,0,0,0,"789832,9371","5826243,802","13,27149815","52,50910347",,,4269.0,61.0
115577,11,7,7501030.0,2021,3,15,2,3,5,7,0,0,1,0,0,0,0,1,"797918,5341","5820156,317","13,3848487","52,45018072",,,4266.0,52.0
115576,11,9,9100202.0,2021,10,7,6,3,3,6,1,0,1,0,1,0,0,0,"802877,3198","5824778,627","13,46179136","52,48888584",,,3048.0,43.0
115575,11,3,3400620.0,2021,12,11,4,3,3,6,0,0,1,0,0,0,1,0,"798043,6606","5833922,031","13,39901236","52,5735048",,,3152.0,19.0
115574,11,9,9100409.0,2021,9,21,4,2,3,6,2,0,1,0,0,0,0,1,"806567,8035","5818308,095","13,51003355","52,42883483",,,3444.0,24.0
115572,11,3,3701660.0,2021,2,21,4,3,6,4,2,0,0,1,0,0,1,2,"800052,675","5829007,804","13,42412807","52,5283534",,,1158.0,56.0
115568,11,6,6300526.0,2021,6,10,2,3,5,2,0,1,1,0,0,0,0,0,"789579,6468","5817961,003","13,26058598","52,43498",,,6024.0,50.0
115564,11,6,6400735.0,2021,5,1,4,3,0,1,2,0,1,0,0,0,0,0,"778573,4275","5814897,649","13,09655865","52,41322702",,,3546.0,33.0
115563,11,7,7400824.0,2021,8,13,7,3,0,7,0,0,1,0,0,0,0,0,"797349,1362","5822327,457","13,37842867","52,46995282",,,3764.0,45.0
115559,11,12,12100204.0,2021,7,14,5,3,1,5,0,1,1,0,0,0,0,0,"795759,3724","5832649,126","13,3642689","52,56334061",,,1660.0,30.0
115557,11,4,4400830.0,2021,10,16,2,3,2,6,0,0,1,0,0,0,0,0,"792209,2353","5823676,429","13,30416029","52,48481979",,,5261.0,46.0
115556,11,1,1100310.0,2021,11,7,4,3,6,2,2,0,1,1,0,0,0,1,"799791,6383","5828611,657","13,41993451","52,52494619",,,6438.0,61.0
115552,11,12,12601032.0,2021,1,7,6,3,3,6,0,0,1,0,0,1,0,1,"792727,4817","5837424,981","13,32388811","52,60779221",,,2754.0,42.0
115549,11,1,1300836.0,2021,4,10,2,3,2,6,0,0,1,0,0,0,0,0,"796213,7884","5830220,113","13,36878603","52,54132001",,,4850.0,38.0
115548,11,12,12400723.0,2021,6,2,1,3,9,1,2,0,1,0,0,0,0,0,"791813,508","5839299,6","13,31208333","52,62508876",,,5331.0,63.0
115546,11,4,4300621.0,2021,11,14,6,3,5,3,0,0,1,0,0,0,1,0,"792257,905","5826682,827","13,30751306","52,51174548",,,4177.0,61.0
115544,11,3,3601142.0,2021,5,8,7,2,5,2,0,0,1,0,0,0,0,0,"799141,8061","5830374,505","13,4119712","52,54110438",,,4856.0,19.0
115543,11,7,7400824.0,2021,8,5,1,3,5,2,0,0,1,0,0,0,0,0,"797848,5281","5822307,39","13,38574086","52,46950089",,,4447.0,16.0
115542,11,11,11300722.0,2021,9,12,5,3,3,6,0,0,1,0,0,0,1,0,"803795,9588","5827579,12","13,47783405","52,51347552",,,3048.0,43.0
115538,11,1,1100311.0,2021,2,16,1,3,5,2,0,1,0,0,0,0,0,0,"800165,8512","5828031,697","13,4249104","52,51954193",,,3567.0,10.0
115535,11,7,7300619.0,2021,7,8,5,3,2,6,0,0,1,0,0,0,1,1,"796273,0844","5822709,04","13,36297283","52,47395803",,,4849.0,28.0
115533,11,9,9100202.0,2021,9,17,6,3,2,3,0,1,0,0,0,0,1,0,"803092,5922","5824569,821","13,46476227","52,48689486",,,3754.0,59.0
115532,11,3,3400721.0,2021,11,13,2,3,5,2,0,1,1,0,0,0,0,1,"798082,9611","5833574,57","13,39927825","52,57036878",,,4455.0,27.0
115531,11,10,10400940.0,2021,8,14,7,2,0,7,0,1,0,0,0,0,0,0,"812196,1132","5827147,555","13,60081637","52,50486553",,,4831.0,63.0
115526,11,7,7400720.0,2021,7,13,1,3,3,6,0,0,1,0,1,0,0,0,"797823,7106","5822488,031","13,38553785","52,47113368",,,6830.0,43.0
115525,11,3,3100101.0,2021,10,14,5,3,2,6,0,0,1,0,0,0,0,1,"800210,2312","5839286,126","13,43574933","52,62039314",,,3336.0,54.0
115524,11,7,7501133.0,2021,12,17,2,3,0,3,2,0,0,0,1,0,1,0,"797550,6852","5818306,766","13,37780491","52,43380165",,,5039.0,34.0
115523,11,2,2500727.0,2021,5,12,2,3,0,6,0,1,0,0,0,0,0,0,"802146,2533","5827747,788","13,45375122","52,51590362",,,4653.0,53.0
115522,11,2,2500727.0,2021,5,16,7,3,2,6,0,0,1,0,0,0,0,0,"802561,7282","5827688,7","13,45980161","52,5151437",,,3461.0,59.0
115519,11,3,3601142.0,2021,2,16,3,3,6,7,2,0,1,1,0,0,0,1,"799165,5228","5830386,212","13,4123304","52,54119629",,,7934.0,54.0
115515,11,1,1100310.0,2021,6,10,6,3,2,6,0,0,1,0,0,0,0,0,"799692,5916","5828505,978","13,41838371","52,5240534",,,4451.0,11.0
115511,11,7,7601547.0,2021,5,8,6,2,0,7,0,0,1,0,0,0,0,0,"800466,1569","5812468,585","13,41532357","52,37987693",,,1253.0,63.0
115510,11,7,7400823.0,2021,8,15,5,3,2,6,0,0,1,0,0,0,1,0,"796847,61","5822389,496","13,37112233","52,47078169",,,3640.0,55.0
115508,11,8,8200624.0,2021,9,13,7,3,0,7,0,0,0,0,0,0,1,0,"801016,5404","5821648,578","13,43164398","52,46185942",,,4261.0,37.0
115507,11,9,9100101.0,2021,3,10,6,3,5,2,0,1,0,0,0,0,1,1,"802709,6029","5825270,788","13,4597759","52,49339007",,,5853.0,62.0
115503,11,4,4200310.0,2021,7,6,5,2,2,6,0,0,1,0,0,0,0,0,"789168,5385","5826160,711","13,26166366","52,50871113",,,3761.0,56.0
115501,11,4,4100101.0,2021,9,17,5,3,3,6,0,0,1,0,1,0,0,0,"791145,8558","5829378,013","13,29353253","52,5365023",,,2842.0,47.0
115500,11,10,10100311.0,2021,11,13,2,3,6,7,0,1,0,1,0,0,0,0,"808048,9874","5827445,904","13,54018635","52,50989646",,,6137.0,47.0
115499,11,4,4300414.0,2021,8,8,3,3,0,2,0,1,1,0,0,0,0,1,"791564,8657","5826544,665","13,29720875","52,51087776",,,4460.0,59.0
115496,11,6,6400736.0,2021,4,18,5,2,9,1,0,0,0,0,1,0,0,0,"785095,8953","5815956,227","13,19310092","52,41936035",,,7433.0,61.0
115493,11,4,4300622.0,2021,3,15,6,3,5,2,0,0,0,0,0,1,1,0,"793302,3784","5826822,804","13,32298312","52,51243969",,,5169.0,63.0
115492,11,1,1300836.0,2021,10,8,4,3,5,2,0,1,1,0,0,0,0,1,"796319,2263","5830073,464","13,3702054","52,53994813",,,4660.0,51.0
115491,11,7,7400823.0,2021,12,19,5,3,2,6,0,0,1,0,0,0,0,0,"796854,4466","5822387,822","13,37122119","52,47076297",,,3342.0,52.0
115490,11,3,3601449.0,2021,9,21,6,2,5,2,2,0,1,0,0,0,1,0,"801348,9709","5831003,534","13,44498869","52,54552629",,,4660.0,51.0
115488,11,7,7400720.0,2021,2,16,6,3,2,6,0,0,1,0,0,0,0,0,"797777,269","5823509,976","13,38576861","52,48031959",,,3628.0,54.0
115484,11,6,6300527.0,2021,6,16,7,2,1,7,0,0,1,0,0,0,0,0,"790726,328","5818643,664","13,27799992","52,44049192",,,5551.0,40.0
115480,11,1,1100310.0,2021,5,8,5,3,3,6,0,0,1,0,1,0,0,0,"799187,0703","5828390,667","13,41085107","52,52329743",,,3071.0,39.0
115479,11,4,4300621.0,2021,5,20,7,3,5,3,0,0,1,0,0,0,1,0,"792384,1254","5826703,72","13,30938603","52,51186514",,,2359.0,44.0
115478,11,7,7200410.0,2021,8,11,5,3,3,6,0,1,0,0,0,1,1,0,"795560,3455","5823888,428","13,35355527","52,48491652",,,2059.0,42.0
115474,11,4,4400830.0,2021,7,16,2,3,8,1,0,0,1,0,0,0,0,0,"792063,3455","5823862,24","13,30218077","52,48656362",,,6352.0,56.0
115470,11,11,11300722.0,2021,7,15,3,3,2,6,0,1,1,0,0,0,0,0,"803778,7922","5827580,785","13,47758338","52,5135",,,7235.0,47.0
115468,11,7,7501133.0,2021,10,13,7,3,1,5,0,0,1,0,0,0,1,0,"798324,1365","5818500,906","13,38932158","52,43512062",,,2851.0,8.0
115467,11,3,3601449.0,2021,11,19,1,3,1,5,2,1,1,0,0,0,0,1,"801011,3286","5830594,723","13,43965417","52,54204871",,,5457.0,20.0
115466,11,3,3500933.0,2021,9,14,6,3,0,2,0,0,1,0,0,0,1,0,"802791,2609","5832257,26","13,46733603","52,55596353",,,4239.0,42.0
115463,11,12,12200414.0,2021,4,0,7,3,8,1,2,0,1,0,0,0,0,0,"791862,911","5831369,927","13,3058249","52,55397574",,,4139.0,53.0
115460,11,3,3200204.0,2021,4,14,6,3,2,6,0,0,1,0,1,0,0,0,"797848,3408","5837673,667","13,39951188","52,60723973",,,3147.0,43.0
115459,11,4,4400727.0,2021,10,7,5,3,2,6,0,0,1,0,0,0,0,0,"791655,2298","5824286,441","13,29655873","52,49058472",,,6260.0,65.0
115458,11,1,1100310.0,2021,12,19,3,3,3,2,2,1,1,0,0,0,0,0,"799571,012","5828269,929","13,41638443","52,5220044",,,3335.0,47.0
115457,11,12,12200515.0,2021,5,16,3,3,2,6,0,0,1,0,1,0,0,0,"790764,4607","5834742,757","13,29262594","52,58480023",,,4654.0,10.0
115456,11,9,9100203.0,2021,7,14,7,3,2,7,0,0,1,0,0,0,0,0,"804168,368","5823519,231","13,47959819","52,47688046",,,6138.0,65.0
115453,11,9,9100305.0,2021,2,20,2,3,5,3,2,1,1,0,0,0,0,0,"805147,852","5822568,757","13,49310587","52,46781541",,,1659.0,46.0
115450,11,3,3601452.0,2021,6,18,3,3,5,2,0,1,1,0,0,0,0,0,"801433,9662","5829173,243","13,44457808","52,52907426",,,5730.0,63.0