OBJECTID,LAND,BEZ,LOR_ab_2021,UJAHR,UMONAT,USTUNDE,UWOCHENTAG,UKATEGORIE,UART,UTYP1,ULICHTVERH,IstRad,IstPKW,IstFuss,IstKrad,IstGkfz,IstSonstige,USTRZUSTAND,LINREFX,LINREFY,XGCSWGS84,YGCSWGS84,LOR,STRASSE,quadrant,quadrant_rank
115079,11,4,4400727.0,2021,5,15,4,3,2,6,0,0,1,0,0,0,0,0,"791848,6945","5824083,281","13,29922214","52,48866001",,,5627.0,51.0
115078,11,7,7200308.0,2021,8,15,6,3,5,2,0,1,1,0,0,0,0,0,"795230,7697","5823535,285","13,34840312","52,48192914",,,6431.0,63.0
115071,11,7,7300619.0,2021,7,14,5,3,2,6,0,0,1,0,0,0,0,0,"795317,2563","5822785,826","13,34900923","52,47516398",,,3044.0,50.0
115069,11,1,1100310.0,2021,10,15,3,3,0,2,0,1,1,0,0,0,0,1,"799261,8696","5827859,517","13,4114724","52,51849542",,,2159.0,63.0
115068,11,7,7400825.0,2021,11,16,5,3,6,4,0,0,1,1,0,0,0,1,"797870,3018","5820507,722","13,38445447","52,45335697",,,4650.0,45.0
115067,11,4,4200308.0,2021,9,11,6,3,2,6,0,0,1,0,0,0,0,0,"790468,6622","5827594,352","13,28201795","52,5208731",,,6629.0,41.0
115064,11,4,4100101.0,2021,4,16,4,3,2,6,0,0,1,0,0,0,0,0,"791212,4377","5829675,195","13,29477187","52,53913092",,,5555.0,53.0
115061,11,1,1400940.0,2021,3,13,6,3,5,3,0,0,1,0,0,0,0,0,"795878,9476","5832057,858","13,36550062","52,55797552",,,3352.0,26.0
115060,11,12,12200411.0,2021,10,22,3,2,0,1,2,0,0,0,1,0,0,1,"792886,9275","5832275,174","13,32168432","52,56154113",,,4654.0,10.0
115059,11,1,1100104.0,2021,12,18,7,3,0,6,2,0,1,0,1,0,0,1,"796413,7514","5826241,151","13,36817961","52,50554387",,,3247.0,45.0
115058,11,2,2500728.0,2021,9,16,1,3,2,2,0,1,1,0,0,0,0,0,"802797,1233","5827665,093","13,46323845","52,51480148",,,3756.0,4.0
115056,11,11,11401034.0,2021,2,16,7,3,0,7,1,0,1,0,0,0,0,0,"807003,0807","5827371,978","13,52475537","52,50982351",,,4757.0,11.0
115052,11,5,5200634.0,2021,6,17,4,2,5,2,0,0,1,0,1,0,0,0,"785373,0567","5826218,253","13,20594138","52,51122586",,,5742.0,57.0
115048,11,7,7200308.0,2021,5,17,4,3,2,6,0,0,1,0,0,0,0,0,"794559,2732","5823114,934","13,33817223","52,47852357",,,4466.0,58.0
115047,11,4,4300414.0,2021,8,10,4,3,5,2,0,1,1,0,0,0,0,0,"791024,4361","5826476,598","13,28920842","52,51055614",,,1465.0,57.0
115042,11,8,8200624.0,2021,1,20,2,3,5,3,2,0,1,0,0,0,0,1,"800999,6172","5821672,991","13,43141766","52,46208756",,,4824.0,53.0
115038,11,7,7400927.0,2021,6,6,5,3,2,6,0,0,1,0,0,0,0,0,"798518,8065","5822085,263","13,39538029","52,46714396",,,1983.0,65.0
115034,11,7,7501030.0,2021,5,14,2,2,5,3,0,1,0,0,0,0,1,0,"797899,1737","5820343,248","13,38473138","52,4518669",,,5989.0,62.0
115033,11,1,1300836.0,2021,8,18,5,3,2,6,0,0,1,0,1,0,0,0,"796343,923","5830077,937","13,37057247","52,53997479",,,8125.0,65.0
115026,11,4,4200206.0,2021,7,23,7,3,2,6,2,0,1,0,0,0,0,0,"788345,0243","5826029,996","13,24945009","52,50797513",,,4655.0,41.0
115024,11,4,4200206.0,2021,10,15,7,3,2,6,0,0,1,0,0,0,0,0,"788384,8431","5826036,435","13,25004074","52,50801181",,,7057.0,55.0
115023,11,5,5400943.0,2021,11,16,4,3,8,7,1,0,1,0,0,0,0,0,"780645,5907","5822885,876","13,13365691","52,48379816",,,6464.0,61.0
115022,11,2,2500729.0,2021,9,13,7,3,2,6,0,0,1,0,0,0,0,0,"803097,124","5827633,336","13,46761694","52,51435022",,,3151.0,40.0
115019,11,1,1100310.0,2021,4,20,3,2,5,3,1,0,1,0,0,0,1,0,"799571,012","5828269,929","13,41638443","52,5220044",,,7655.0,61.0
115016,11,7,7400824.0,2021,3,11,4,3,2,6,0,0,1,0,0,0,1,0,"797855,7144","5821404,286","13,38504028","52,46140165",,,4043.0,62.0
115015,11,3,3200309.0,2021,10,19,1,2,2,6,2,0,1,0,0,0,0,1,"801133,8996","5837311,46","13,4475551","52,60218326",,,5854.0,49.0
115014,11,8,8200622.0,2021,12,10,6,3,3,6,0,0,1,0,0,1,0,0,"801986,0421","5821846,914","13,44605009","52,46310224",,,5124.0,60.0
115013,11,2,2200208.0,2021,9,5,1,3,2,4,2,0,1,1,0,0,0,0,"797844,9792","5824959,104","13,38805769","52,49327242",,,2846.0,54.0
115011,11,12,12400721.0,2021,2,21,2,3,8,1,2,0,1,0,0,0,0,2,"790530,9014","5841892,452","13,29546883","52,64902042",,,4328.0,63.0
115007,11,6,6100208.0,2021,6,14,5,3,2,6,0,0,1,0,0,0,0,0,"793786,0934","5820758,136","13,3247452","52,45781228",,,7857.0,55.0
115002,11,1,1100310.0,2021,5,20,3,3,3,6,1,0,1,0,0,0,0,1,"799705,2879","5828467,538","13,41853565","52,52370186",,,4156.0,34.0
115001,11,2,2500726.0,2021,8,9,2,3,5,2,0,1,0,0,0,1,0,0,"801681,565","5828880,61","13,44795141","52,52631441",,,6656.0,56.0
114997,11,9,9100101.0,2021,7,16,2,3,5,2,0,0,1,0,0,0,0,0,"802671,0471","5825217,155","13,45916101","52,49293074",,,2754.0,42.0
114995,11,2,2500726.0,2021,7,0,4,3,5,3,2,1,1,0,0,0,0,1,"801653,5942","5828873,615","13,44753401","52,52626719",,,4251.0,2.0
114993,11,3,3200204.0,2021,10,17,5,3,5,2,0,0,1,0,0,0,0,0,"797157,1286","5838899,228","13,39043545","52,61860349",,,3044.0,50.0
114992,11,10,10400940.0,2021,11,9,2,3,5,2,0,0,1,0,0,0,1,1,"812048,9709","5827139,718","13,59864819","52,50487947",,,4845.0,36.0
114990,11,4,4200311.0,2021,9,16,4,3,2,6,0,0,1,0,0,0,0,0,"790064,1657","5825197,106","13,27398375","52,49959677",,,5638.0,53.0
114987,11,4,4400725.0,2021,4,14,4,3,2,6,0,0,1,0,1,0,1,0,"790597,2169","5825076,743","13,28170922","52,49823411",,,1458.0,51.0
114984,11,7,7400927.0,2021,4,15,3,3,2,6,0,0,1,0,0,0,0,0,"798546,1569","5822068,126","13,39576638","52,4669754",,,4845.0,36.0
114983,11,9,9100101.0,2021,7,4,1,3,0,1,2,1,0,0,0,0,0,0,"802696,6918","5825221,445","13,45954148","52,49295497",,,4549.0,56.0
114981,11,2,2500727.0,2021,10,19,2,3,5,2,2,1,1,0,0,0,0,0,"802580,8809","5827686,778","13,46008124","52,51511584",,,1458.0,51.0
114980,11,6,6300526.0,2021,12,19,7,3,2,6,2,0,1,0,0,0,0,1,"789578,3764","5817961,359","13,26056765","52,43498386",,,4050.0,59.0
114979,11,3,3601348.0,2021,8,8,4,3,5,2,0,1,1,0,0,0,0,0,"799716,9672","5830274,487","13,42033647","52,53989183",,,7454.0,63.0
114978,11,7,7100205.0,2021,9,12,4,3,5,2,0,0,1,0,0,0,1,0,"796034,264","5825282,561","13,36175265","52,49715699",,,4365.0,7.0
114974,11,1,1300836.0,2021,3,13,3,3,5,2,0,1,1,0,0,0,0,0,"796195,046","5830185,826","13,36847991","52,54102285",,,3555.0,16.0
114971,11,4,4300622.0,2021,6,17,4,3,3,6,0,0,1,0,0,0,1,0,"793292,727","5826869,321","13,32288231","52,51286189",,,1556.0,46.0
114969,11,1,2400520.0,2021,9,23,6,3,6,4,2,1,0,1,0,0,0,0,"799817,952","5828653,437","13,42035887","52,52530621",,,4657.0,9.0
114968,11,12,12100103.0,2021,11,11,7,3,5,2,0,0,1,0,0,0,0,0,"795336,4422","5833746,175","13,35902452","52,57340421",,,6868.0,65.0
114967,11,1,1100310.0,2021,8,13,1,3,5,3,0,0,1,0,0,0,0,1,"799119,0178","5827656,891","13,4091912","52,51675755",,,5332.0,53.0
114963,11,2,2200208.0,2021,7,19,7,3,2,6,0,0,1,0,0,0,0,0,"797918,0476","5825340,678","13,38947199","52,4966529",,,5551.0,40.0
114962,11,7,7300619.0,2021,10,15,5,3,0,7,0,0,0,0,1,0,0,1,"795427,9894","5822838,372","13,35068139","52,47557515",,,5133.0,32.0
114961,11,9,9200613.0,2021,12,16,4,3,5,2,2,1,1,0,0,0,0,0,"806133,5022","5821620,399","13,50670041","52,45876445",,,2854.0,17.0
114960,11,4,4400726.0,2021,5,18,7,3,3,6,0,0,1,0,0,0,0,0,"790678,4558","5824979,265","13,28281751","52,49731695",,,7035.0,48.0
114957,11,7,7601236.0,2021,1,10,6,3,5,2,0,0,1,0,0,0,0,1,"797057,4444","5816814,445","13,36924546","52,42069235",,,3821.0,61.0
114953,11,7,7501133.0,2021,6,16,6,3,2,6,0,1,1,0,0,0,0,0,"798418,0958","5818273,75","13,39049686","52,43303317",,,5341.0,41.0
114949,11,2,2400625.0,2021,5,19,3,3,3,6,0,1,0,0,0,0,0,0,"801857,3072","5826475,209","13,44835189","52,50465741",,,4655.0,41.0
114948,11,10,10400837.0,2021,8,8,5,3,5,2,0,1,1,0,0,0,0,0,"811528,2057","5827129,827","13,59099124","52,5050884",,,3954.0,59.0
114946,11,7,7400824.0,2021,9,9,1,3,3,6,0,0,1,0,0,0,1,0,"797827,961","5822395,493","13,38551763","52,47030185",,,1061.0,59.0
114944,11,1,1100310.0,2021,3,7,5,3,5,2,0,1,1,0,0,0,0,0,"798784,9028","5828000,693","13,40459074","52,5200224",,,6048.0,59.0
114941,11,1,1100310.0,2021,6,14,3,3,5,3,0,0,0,0,0,0,1,0,"799707,583","5828531,754","13,41862725","52,52427619",,,4949.0,42.0
114939,11,7,7400721.0,2021,9,22,1,3,5,2,2,1,1,0,0,0,0,0,"797777,9082","5823495,986","13,3857655","52,48019384",,,3661.0,43.0
114938,11,3,3701657.0,2021,11,17,5,3,5,2,2,1,1,0,0,0,0,1,"799970,6949","5830201,965","13,42400095","52,53910218",,,5540.0,55.0
114937,11,4,4200311.0,2021,9,13,4,3,2,6,0,0,1,0,0,0,0,0,"790522,6717","5825360,267","13,28086152","52,50081562",,,2261.0,57.0
114934,11,3,3601142.0,2021,4,8,2,2,6,6,0,1,0,1,0,0,0,0,"799165,39","5830944,002","13,4128308","52,54619609",,,4944.0,25.0
114931,11,6,6100209.0,2021,10,11,3,2,3,6,0,0,0,0,1,0,1,0,"794195,8975","5821370,321","13,33129865","52,46307981",,,3959.0,52.0
114930,11,12,12400619.0,2021,12,7,4,3,3,6,1,0,1,0,0,1,0,1,"788079,4663","5837415,33","13,25543133","52,61018897",,,5467.0,63.0
114927,11,3,3200204.0,2021,2,18,2,2,5,2,2,0,1,0,0,0,0,0,"797157,558","5838898,209","13,39044086","52,61859411",,,4048.0,46.0
114923,11,1,1100104.0,2021,6,12,5,3,6,6,0,1,1,1,0,0,0,0,"796127,7943","5825661,918","13,36346368","52,50050685",,,3850.0,33.0
114919,11,4,4501148.0,2021,5,16,2,3,2,6,0,0,1,0,0,0,1,0,"792988,3475","5823092,243","13,31508768","52,47916521",,,2073.0,61.0
114918,11,2,2500830.0,2021,8,2,5,3,3,6,2,1,1,0,0,0,0,0,"802175,6896","5827702,99","13,45414302","52,51548579",,,3148.0,24.0
114911,11,7,7300619.0,2021,7,17,5,3,2,6,0,0,1,0,0,0,0,0,"795000,4929","5823095,348","13,34463277","52,47810984",,,4651.0,31.0
114909,11,7,7501133.0,2021,10,12,3,3,6,2,0,0,0,1,0,1,0,1,"797516,8825","5818157,123","13,37717599","52,43247863",,,5047.0,51.0
114908,11,10,10400940.0,2021,11,6,3,3,5,2,1,1,1,0,0,0,0,0,"813050,679","5827205,425","13,61342017","52,5048945",,,6024.0,50.0
114907,11,7,7200308.0,2021,9,7,4,3,5,7,0,0,1,0,1,0,0,0,"795474,4422","5823377,468","13,35184102","52,48038263",,,4454.0,36.0
114905,11,3,3400620.0,2021,6,16,6,3,3,6,0,0,1,0,0,0,1,0,"798044,3441","5833927,088","13,39902696","52,57354975",,,5447.0,55.0
114903,11,12,12601031.0,2021,4,13,2,3,5,2,0,0,1,0,1,0,0,0,"793128,5803","5836839,228","13,3292756","52,60232518",,,6250.0,55.0
114900,11,10,10400941.0,2021,3,10,3,3,5,3,0,1,1,0,0,0,0,0,"813262,0864","5827202,511","13,61652196","52,50474706",,,7656.0,65.0
114899,11,2,2500727.0,2021,10,17,2,3,5,2,1,1,1,0,0,0,0,0,"802576,9516","5827687,172","13,46002388","52,51512156",,,4058.0,59.0
114898,11,2,2200209.0,2021,12,10,3,3,1,7,0,0,1,0,0,0,0,0,"797739,48","5824484,971","13,38608469","52,48907992",,,4456.0,28.0
114897,11,3,3601141.0,2021,9,15,5,3,5,3,0,1,0,0,0,0,1,0,"799229,2086","5831614,666","13,41437344","52,55217249",,,1928.0,56.0
114895,11,4,4300414.0,2021,2,12,5,3,6,7,0,0,1,1,0,0,0,0,"791288,9323","5826519,954","13,29313271","52,51080365",,,3744.0,45.0
114891,11,12,12200310.0,2021,6,8,2,3,2,6,0,0,1,0,0,0,0,0,"791741,6038","5833077,575","13,30554214","52,5693493",,,1559.0,52.0
114887,11,10,10400837.0,2021,5,8,5,3,5,3,0,1,0,0,0,0,1,0,"811084,3173","5827097,28","13,58444201","52,50504998",,,5952.0,37.0
114886,11,1,1300836.0,2021,8,10,3,3,0,2,0,1,0,0,0,1,0,0,"796286,0491","5830278,212","13,36990023","52,54180152",,,3551.0,40.0
114882,11,9,9200613.0,2021,7,9,3,3,5,3,0,0,1,0,0,0,1,0,"806538,2471","5821214,5","13,51226611","52,45489978",,,5076.0,61.0
114880,11,1,1300836.0,2021,10,8,3,3,5,2,0,0,1,0,0,0,1,1,"796274,416","5830256,427","13,36970977","52,54161257",,,4251.0,2.0
114879,11,2,2500729.0,2021,11,14,5,3,6,7,0,0,1,1,0,0,0,0,"803555,0623","5827586,414","13,47430175","52,513675",,,5548.0,37.0
114875,11,4,4300414.0,2021,1,8,3,3,6,4,0,0,1,1,0,0,0,1,"791773,1822","5826579,66","13,30030029","52,5110801",,,2526.0,65.0
114872,11,12,12200414.0,2021,4,17,3,3,2,6,2,0,1,0,0,0,1,0,"792169,5774","5832050,689","13,31093445","52,55991411",,,2061.0,64.0
114871,11,2,2500727.0,2021,6,9,2,3,5,2,0,1,1,0,0,0,0,0,"802387,7966","5827706,31","13,45726227","52,51539799",,,6531.0,61.0
114868,11,9,9100101.0,2021,5,11,6,3,5,3,0,1,1,0,0,0,0,1,"802772,724","5825329,042","13,46075573","52,49387719",,,1655.0,64.0
114867,11,9,9100101.0,2021,8,15,2,2,0,7,0,0,0,0,0,0,1,0,"802672,2399","5825218,814","13,45918003","52,49294495",,,5261.0,46.0
114866,11,1,1100206.0,2021,9,6,3,3,6,4,0,1,0,1,0,0,0,0,"798305,4845","5827700,1","13,39727641","52,51759045",,,7634.0,64.0
114862,11,3,3701660.0,2021,2,15,6,3,6,2,0,0,1,1,0,0,0,0,"800023,02","5828998,995","13,42368429","52,52829076",,,5635.0,63.0
114859,11,6,6400737.0,2021,6,18,4,3,1,5,0,0,1,0,0,0,0,1,"786890,9569","5817120,606","13,22042326","52,42886201",,,4755.0,4.0
114857,11,3,3500934.0,2021,9,9,3,3,2,2,0,1,1,0,0,0,0,0,"800250,5445","5831907,336","13,42965649","52,55423373",,,1658.0,8.0
114856,11,4,4300621.0,2021,11,18,2,3,6,4,2,0,0,1,0,0,1,1,"791920,7592","5826625,879","13,30250924","52,51141548",,,3970.0,41.0
114855,11,4,4300414.0,2021,8,13,3,3,2,6,0,0,1,0,0,0,0,0,"791562,0838","5826544,189","13,29716746","52,51087498",,,4636.0,53.0
114850,11,6,6100209.0,2021,7,16,2,2,7,7,0,0,0,0,1,0,0,0,"794278,3712","5821475,068","13,33260146","52,4639744",,,3253.0,43.0
114849,11,11,11401032.0,2021,10,16,6,3,2,6,0,0,1,0,0,0,0,1,"805749,8756","5827385,935","13,50636006","52,51065242",,,3875.0,59.0
114848,11,6,6300629.0,2021,12,17,2,3,6,4,1,1,0,1,0,0,0,1,"792421,0573","5819725,655","13,30380847","52,4492883",,,3948.0,43.0
114847,11,9,9100305.0,2021,5,16,2,3,2,6,0,0,1,0,0,0,0,0,"805168,0336","5822571,393","13,49340445","52,46782777",,,5050.0,37.0
114844,11,3,3601451.0,2021,1,13,5,3,2,6,0,0,1,0,0,0,0,0,"800601,44","5829929,833","13,43302685","52,53631544",,,6542.0,65.0
114840,11,4,4400726.0,2021,6,15,3,3,2,6,0,0,1,0,0,0,0,0,"790994,9416","5824661,752","13,28718902","52,49430178",,,4459.0,28.0
114836,11,7,7400822.0,2021,7,19,5,2,2,6,0,0,1,0,1,0,0,0,"796458,6616","5822585,13","13,36558693","52,4727466",,,3370.0,55.0
114834,11,4,4100101.0,2021,10,17,5,3,3,6,0,0,1,0,0,0,0,0,"790681,3573","5828841,751","13,2862344","52,53194268",,,5444.0,54.0
114833,11,4,4200207.0,2021,11,19,4,3,3,6,2,0,1,0,0,1,0,1,"789367,6605","5824209,209","13,26289375","52,49110977",,,1462.0,37.0
114829,11,1,1100310.0,2021,4,14,4,3,0,3,0,1,0,0,0,0,1,0,"798818,3293","5828032,37","13,40511038","52,52028802",,,6359.0,27.0
114826,11,7,7400824.0,2021,3,15,1,3,3,6,0,0,1,0,0,0,0,0,"797858,7504","5822104,431","13,38570972","52,46767602",,,5053.0,45.0
114825,11,10,10100208.0,2021,6,13,3,2,6,4,0,0,1,1,0,0,0,0,"808318,2972","5832056,016","13,54841738","52,55105938",,,5232.0,65.0
114823,11,4,4200206.0,2021,11,7,4,3,5,3,0,0,1,0,1,0,0,0,"786933,7013","5825809,887","13,22852285","52,50674585",,,5150.0,59.0
114822,11,10,10100206.0,2021,12,21,4,3,6,2,2,0,1,1,0,0,0,1,"808677,308","5832818,436","13,55440433","52,55768865",,,1658.0,8.0
114821,11,6,6300527.0,2021,8,18,2,3,1,5,0,0,1,0,0,0,0,0,"790030,2756","5818149,149","13,26735937","52,43642803",,,4546.0,40.0
114820,11,4,4200206.0,2021,9,16,5,3,2,6,0,0,1,0,0,0,0,0,"788340,3835","5826029,238","13,24938124","52,50797079",,,5263.0,52.0
114816,11,2,2500729.0,2021,2,15,3,3,3,6,0,0,1,0,0,0,0,0,"803551,0649","5827586,876","13,47424345","52,51368137",,,3753.0,58.0
114813,11,2,2100101.0,2021,6,14,7,3,6,4,0,1,0,1,0,0,0,0,"797787,4748","5825526,523","13,38772043","52,49839005",,,4558.0,14.0
114811,11,2,2100101.0,2021,9,10,5,3,5,3,0,0,1,0,0,0,1,0,"797860,7189","5825502,098","13,38877436","52,49813113",,,7163.0,56.0
114810,11,6,6300629.0,2021,11,17,5,3,5,3,2,0,1,0,1,0,0,1,"792251,8685","5819610,576","13,30122531","52,44834709",,,4463.0,27.0
114809,11,3,3500936.0,2021,8,10,3,3,0,2,0,0,1,0,0,0,1,0,"801542,2371","5831167,045","13,44797853","52,54688491",,,1856.0,55.0
114804,11,9,9100101.0,2021,7,18,6,3,5,3,0,0,1,0,0,0,1,0,"802584,4364","5825069,436","13,45775505","52,49165476",,,5361.0,59.0
114803,11,6,6300526.0,2021,10,15,5,3,2,2,0,1,1,0,0,0,0,1,"789557,7507","5817980,864","13,26028199","52,43516965",,,3966.0,55.0
114802,11,6,6300629.0,2021,12,15,3,3,5,7,1,0,1,0,1,0,0,0,"792703,9045","5819922,664","13,30813125","52,45090309",,,5155.0,43.0
114801,11,2,2200209.0,2021,5,7,2,3,2,6,0,0,1,0,0,0,0,0,"797754,1854","5824448,284","13,38626785","52,48874304",,,5145.0,46.0
114798,11,3,3701657.0,2021,1,17,4,3,5,2,2,0,1,0,0,0,0,1,"799994,3727","5830221,017","13,42436622","52,53925992",,,5055.0,41.0
114794,11,3,3601449.0,2021,6,19,7,2,2,2,1,0,1,0,0,0,1,0,"801333,2991","5830989,816","13,44474583","52,545412",,,4766.0,48.0
114790,11,2,2500728.0,2021,5,14,6,3,5,2,0,1,1,0,0,0,0,0,"803085,262","5827634,511","13,46744374","52,51436734",,,5431.0,57.0
114789,11,9,9100202.0,2021,8,17,6,3,6,7,0,1,0,1,0,0,0,0,"802824,4645","5824831,924","13,46106373","52,48939286",,,5061.0,55.0
114787,11,10,10300733.0,2021,9,15,3,3,2,6,0,0,1,0,0,0,0,0,"808614,9263","5827444,589","13,5484977","52,50956482",,,7134.0,43.0
114786,11,7,7300619.0,2021,3,15,5,3,2,6,0,0,1,0,0,0,0,0,"795881,0713","5822666,384","13,35718028","52,47378815",,,7070.0,63.0
114783,11,2,2400625.0,2021,7,20,6,3,2,6,0,1,0,0,0,0,0,0,"801873,2655","5826523,108","13,44862972","52,5050779",,,6935.0,43.0
114781,11,1,1100102.0,2021,9,8,3,3,2,6,0,0,1,0,0,0,0,0,"796798,1095","5826697,063","13,37423236","52,50942171",,,4948.0,23.0
114780,11,4,4300414.0,2021,11,9,2,3,2,6,0,0,1,0,0,0,0,1,"791849,98","5826614,083","13,3014589","52,51134761",,,1859.0,54.0
114779,11,2,2500727.0,2021,8,18,5,3,2,2,1,0,1,0,0,0,0,1,"802594,7332","5827701,248","13,46029792","52,51523785",,,3454.0,49.0
114776,11,7,7601442.0,2021,4,17,3,3,3,6,0,0,1,0,1,0,0,0,"799288,1347","5816185,395","13,40138812","52,41383834",,,6350.0,50.0
114773,11,1,1100102.0,2021,3,9,2,3,5,2,0,0,1,0,0,0,1,0,"796458,4454","5827391,52","13,36986084","52,51583152",,,4446.0,12.0
114772,11,4,4300414.0,2021,10,15,2,3,2,6,0,0,1,0,0,0,0,0,"791658,1734","5826581,715","13,29861222","52,51116003",,,6359.0,27.0
114771,11,7,7200308.0,2021,12,12,2,3,0,2,0,0,1,0,0,0,1,1,"795229,2524","5823514,341","13,34836229","52,48174221",,,5563.0,50.0
114769,11,7,7400825.0,2021,1,15,6,3,2,3,0,0,1,0,0,0,0,0,"797820,1991","5820722,81","13,38391116","52,4553123",,,3747.0,53.0
114765,11,2,2200208.0,2021,6,13,5,3,0,5,0,0,1,0,0,0,1,0,"797917,8706","5825341,503","13,38947012","52,49666039",,,4848.0,3.0
114761,11,7,7501030.0,2021,5,18,3,3,2,2,0,1,1,0,0,0,0,1,"798038,6941","5819475,769","13,38600448","52,44401485",,,5161.0,52.0
114760,11,4,4300414.0,2021,8,9,4,3,5,2,0,1,1,0,0,0,0,0,"791564,8657","5826544,665","13,29720875","52,51087776",,,5758.0,52.0
114756,11,3,3601142.0,2021,7,21,5,3,0,1,1,1,0,0,0,0,0,0,"799188,471","5831261,268","13,41345597","52,54902721",,,3248.0,24.0
114752,11,11,11300722.0,2021,7,14,6,2,0,1,0,0,0,0,1,0,0,0,"804048,8843","5827537,474","13,48151164","52,51296134",,,3452.0,33.0
114750,11,2,2100101.0,2021,10,17,6,3,5,2,0,1,0,0,0,0,1,0,"797031,8648","5825874,481","13,37693265","52,50192091",,,4944.0,25.0
114749,11,3,3601347.0,2021,6,23,7,3,5,2,2,1,1,0,0,0,0,0,"799299,78","5830335,843","13,41425877","52,54067109",,,4979.0,60.0
114748,11,9,9100101.0,2021,11,21,2,3,5,3,2,1,1,0,0,0,0,0,"802589,9781","5825080,892","13,45784682","52,49175437",,,3576.0,61.0
114747,11,12,12200414.0,2021,9,16,4,3,2,6,0,0,1,0,0,0,0,0,"791627,4089","5830861,499","13,30191463","52,54954395",,,2527.0,63.0
114744,11,12,12100205.0,2021,4,14,1,3,6,4,0,0,1,1,0,0,0,0,"795156,2342","5833728,58","13,35635743","52,57334424",,,4246.0,53.0
114741,11,7,7501133.0,2021,3,18,3,3,0,2,0,1,1,0,0,0,0,0,"797575,5266","5818415,817","13,3782663","52,43476567",,,3631.0,63.0
114740,11,7,7501133.0,2021,10,20,3,2,0,7,2,0,1,0,0,0,1,0,"798144,3905","5819050,944","13,38717596","52,44014913",,,1455.0,54.0
114739,11,3,3200205.0,2021,12,6,6,2,8,1,2,0,1,0,0,0,0,1,"798174,2031","5835375,21","13,40224013","52,58645891",,,758.0,54.0
114738,11,7,7400824.0,2021,7,10,7,2,5,2,0,0,1,0,0,0,0,0,"797829,1526","5822372,329","13,38551444","52,47009357",,,4965.0,61.0
114735,11,6,6100101.0,2021,3,8,3,3,5,3,0,1,1,0,0,0,0,0,"793110,7444","5820191,153","13,3143365","52,45309204",,,6666.0,65.0
114732,11,7,7400927.0,2021,6,17,2,3,2,6,0,0,1,0,0,0,0,0,"799290,9865","5821556,346","13,40623904","52,46198049",,,3760.0,45.0
114729,11,12,12200414.0,2021,5,15,2,3,2,6,0,0,1,0,0,0,0,0,"792019,5729","5831684,62","13,30840586","52,55671288",,,7338.0,64.0
114728,11,4,4300622.0,2021,8,22,1,3,3,2,2,0,1,0,1,0,0,0,"793303,5729","5826824,656","13,3230023","52,51245565",,,4749.0,23.0
114724,11,4,4400726.0,2021,7,17,4,2,0,6,0,0,1,0,1,0,0,0,"790873,3111","5824706,626","13,28544168","52,49476891",,,3434.0,57.0
114722,11,1,1300836.0,2021,10,18,1,3,5,3,1,0,1,0,0,0,0,0,"796193,6839","5830186,949","13,36846088","52,54103366",,,4649.0,53.0
114721,11,1,1100102.0,2021,11,21,2,3,5,3,2,0,1,0,0,0,0,1,"796443,4918","5826336,924","13,36870178","52,50638623",,,5067.0,63.0
114719,11,3,3601142.0,2021,4,15,6,3,5,3,0,1,1,0,0,0,0,0,"799165,6751","5830374,118","13,41232175","52,5410878",,,4648.0,37.0
114716,11,1,1100310.0,2021,1,9,4,3,2,6,0,0,1,0,1,0,0,1,"799780,8588","5828594,368","13,41976051","52,52479715",,,7956.0,63.0
114713,11,3,3601141.0,2021,4,18,6,2,3,6,0,1,0,0,0,0,0,0,"799215,4479","5831748,757","13,41429194","52,55338197",,,4447.0,16.0
114712,11,11,11300722.0,2021,6,12,2,3,2,6,0,0,1,0,0,0,0,0,"803655,2459","5827591,9","13,47577853","52,51366842",,,5759.0,55.0
114708,11,2,2500729.0,2021,6,14,3,3,2,6,0,0,1,0,0,0,0,0,"803515,5973","5827606,592","13,47374038","52,51387782",,,5856.0,52.0
114707,11,11,11300724.0,2021,8,14,3,3,5,2,0,1,1,0,0,0,0,0,"804514,2218","5827504,755","13,48831766","52,51240851",,,3550.0,28.0
114705,11,7,7200410.0,2021,9,15,7,3,1,5,0,1,1,0,0,0,1,0,"795328,4526","5823630,714","13,34992191","52,48273177",,,6365.0,62.0
114703,11,1,1300836.0,2021,3,9,6,3,5,2,0,0,1,0,0,0,1,0,"796340,095","5830081,258","13,37051915","52,54000665",,,3861.0,37.0
114700,11,3,3601142.0,2021,7,14,6,3,1,5,0,1,1,0,0,0,0,0,"799184,5342","5830908,997","13,41308074","52,54587181",,,1557.0,28.0
114698,11,6,6300526.0,2021,9,0,5,3,0,7,2,0,0,0,1,0,0,1,"789614,4888","5817969,043","13,26110403","52,43503363",,,4069.0,34.0
114697,11,3,3601452.0,2021,11,23,3,3,5,3,2,1,1,0,0,0,0,1,"801284,4452","5829412,978","13,44259788","52,53130568",,,5154.0,55.0
114696,11,2,2200208.0,2021,8,18,6,3,5,2,0,1,1,0,0,0,0,0,"797878,2611","5825435,087","13,38897208","52,49752088",,,4848.0,3.0
114691,11,3,3100101.0,2021,7,6,7,3,0,1,0,0,1,0,0,0,0,0,"800599,552","5840951,741","13,44299765","52,63510675",,,5924.0,65.0