OBJECTID,LAND,BEZ,LOR_ab_2021,UJAHR,UMONAT,USTUNDE,UWOCHENTAG,UKATEGORIE,UART,UTYP1,ULICHTVERH,IstRad,IstPKW,IstFuss,IstKrad,IstGkfz,IstSonstige,USTRZUSTAND,LINREFX,LINREFY,XGCSWGS84,YGCSWGS84,LOR,STRASSE,quadrant,quadrant_rank
114315,11,1,1300836.0,2021,11,11,4,3,2,2,0,0,1,0,0,0,0,1,"796316,5952","5830075,845","13,37016884","52,5399709",,,6129.0,63.0
114313,11,3,3701657.0,2021,9,14,3,3,5,3,0,1,0,0,0,0,0,0,"800319,4656","5830067,432","13,42900638","52,53770423",,,5062.0,44.0
114310,11,1,1100205.0,2021,4,8,3,3,2,2,0,0,1,0,0,0,0,0,"796951,2659","5826704,308","13,3764889","52,5094033",,,3976.0,55.0
114307,11,2,2500727.0,2021,4,12,4,3,2,6,0,0,1,0,0,0,0,1,"802544,2153","5827690,458","13,45954591","52,51516917",,,5982.0,62.0
114306,11,7,7400822.0,2021,6,7,4,3,2,6,0,0,1,0,0,1,0,0,"796542,8497","5822529,582","13,36677338","52,47220297",,,3738.0,53.0
114304,11,1,1100102.0,2021,11,19,6,3,2,6,1,0,1,0,0,0,0,0,"794700,3889","5827081,224","13,34375306","52,51400274",,,6427.0,48.0
114302,11,2,2200208.0,2021,8,11,4,3,3,6,0,0,1,0,0,0,0,0,"797863,4468","5825012,347","13,3883765","52,4937396",,,4715.0,55.0
114301,11,7,7501030.0,2021,9,15,6,3,5,2,0,0,1,0,0,0,0,1,"798039,4015","5819471,742","13,38601126","52,44397836",,,7660.0,47.0
114297,11,11,11300724.0,2021,2,8,3,3,5,2,0,1,1,0,0,0,0,0,"804515,7947","5827504,598","13,48834063","52,51240623",,,3548.0,45.0
114294,11,6,6100209.0,2021,6,14,5,3,0,1,0,0,0,0,1,0,0,0,"794202,0287","5821405,735","13,33141985","52,46339398",,,4059.0,30.0
114292,11,6,6300629.0,2021,9,13,7,3,5,3,0,0,1,0,1,0,0,0,"791845,4846","5819328,785","13,29501643","52,44603793",,,3467.0,56.0
114291,11,4,4200311.0,2021,11,11,4,3,2,6,0,0,1,0,0,0,0,0,"790546,4406","5825877,893","13,28166238","52,50544352",,,7752.0,58.0
114290,11,4,4400726.0,2021,8,17,6,2,2,6,0,0,1,0,0,0,0,0,"790758,4925","5824850,863","13,28388109","52,49612319",,,4238.0,48.0
114285,11,7,7200308.0,2021,7,12,6,3,2,6,0,0,1,0,0,0,0,0,"795223,509","5823525,402","13,34828776","52,48184447",,,1556.0,46.0
114284,11,3,3400723.0,2021,10,11,3,3,3,6,0,1,1,0,0,0,0,0,"798457,2854","5833332,84","13,40456749","52,56799692",,,3368.0,49.0
114283,11,7,7400720.0,2021,12,12,3,3,0,6,0,0,1,0,0,0,1,1,"797823,4387","5822494,028","13,38553922","52,47118758",,,4853.0,18.0
114282,11,4,4300414.0,2021,5,14,1,3,3,6,0,1,1,0,0,0,0,0,"791098,5895","5826470,129","13,29029233","52,51045857",,,3474.0,49.0
114278,11,1,1100310.0,2021,1,19,5,3,2,6,2,0,1,0,0,0,0,1,"799544,6018","5828286,211","13,416011","52,52216485",,,1859.0,54.0
114274,11,12,12500926.0,2021,6,13,5,3,0,5,0,0,1,0,0,0,0,0,"793673,9475","5835687,188","13,33628346","52,59170366",,,5143.0,6.0
114270,11,7,7200411.0,2021,5,8,6,3,5,2,0,1,0,0,0,0,1,0,"795792,783","5824122,5","13,35717601","52,48688891",,,3541.0,57.0
114269,11,7,7400824.0,2021,8,17,6,3,5,3,0,1,1,0,0,0,0,0,"797857,7269","5821431,711","13,38509429","52,46164639",,,3541.0,57.0
114267,11,1,1100102.0,2021,9,8,2,3,3,6,0,0,1,0,0,0,0,0,"796435,7992","5826380,355","13,36862745","52,50677973",,,3944.0,21.0
114265,11,12,12500927.0,2021,3,19,1,2,3,6,2,0,1,0,0,0,0,1,"793388,072","5836322,543","13,33263831","52,59755348",,,2064.0,55.0
114262,11,5,5200634.0,2021,7,17,5,3,2,6,0,0,1,0,0,0,0,1,"785278,8254","5826243,286","13,20457808","52,51149959",,,4252.0,53.0
114260,11,4,4300414.0,2021,9,10,3,3,5,3,0,1,1,0,0,0,0,1,"791851,3026","5826592,97","13,30145982","52,51115763",,,5457.0,20.0
114259,11,7,7400825.0,2021,11,13,2,3,2,6,0,0,1,0,0,0,0,0,"797866,775","5820528,143","13,38442093","52,45354194",,,1966.0,59.0
114258,11,4,4400726.0,2021,8,8,5,3,0,1,0,0,0,0,1,0,0,0,"791173,3346","5824637,66","13,2897882","52,49399066",,,7334.0,59.0
114255,11,7,7300619.0,2021,4,23,4,2,9,1,2,0,1,0,0,0,0,0,"796252,769","5822715,675","13,3626805","52,47402853",,,7933.0,55.0
114252,11,12,12100101.0,2021,10,5,4,3,3,6,2,1,1,0,0,0,0,1,"795804,6186","5832389,224","13,36470276","52,56098626",,,5446.0,19.0
114251,11,2,2200209.0,2021,12,11,7,3,2,6,0,0,1,0,0,0,1,1,"797756,3191","5824486,404","13,38633324","52,48908358",,,5728.0,63.0
114249,11,7,7601236.0,2021,2,19,3,2,6,4,2,0,1,1,0,0,0,1,"797028,1677","5816747,772","13,36875702","52,42011057",,,3349.0,12.0
114245,11,3,3701660.0,2021,6,7,5,3,1,5,0,1,1,0,0,0,0,0,"800437,144","5829622,836","13,4303343","52,53365435",,,3468.0,60.0
114241,11,4,4200311.0,2021,5,14,6,2,5,2,0,1,0,0,0,1,0,0,"790540,9715","5826379,223","13,2820196","52,50994089",,,7462.0,45.0
114240,11,8,8200622.0,2021,8,10,6,3,3,6,0,0,1,0,0,1,0,0,"801570,7771","5821777,807","13,43989377","52,46271215",,,2848.0,27.0
114233,11,12,12100205.0,2021,7,16,7,3,0,7,0,1,0,0,0,0,0,0,"794556,8841","5833925,759","13,34771421","52,57543649",,,5055.0,41.0
114231,11,7,7501029.0,2021,10,20,1,3,2,1,0,0,1,0,0,0,0,0,"797786,0411","5818930,118","13,38181196","52,43926129",,,5150.0,59.0
114230,11,6,6400735.0,2021,11,13,7,3,0,1,0,0,0,0,1,0,0,1,"781702,5376","5815583,001","13,14302077","52,41777103",,,5239.0,47.0
114229,11,12,12200515.0,2021,9,17,6,3,2,6,0,0,1,0,0,0,0,0,"790690,9088","5834895,618","13,29167749","52,58620991",,,4067.0,9.0
114226,11,1,1100310.0,2021,4,9,4,3,5,2,0,1,0,0,0,0,1,0,"799596,5804","5828280,771","13,41676992","52,52208754",,,3634.0,50.0
114223,11,2,2500727.0,2021,3,22,2,3,0,1,2,1,0,0,0,0,0,0,"802176,7778","5827749,034","13,45420082","52,51589788",,,5826.0,49.0
114221,11,12,12200515.0,2021,3,15,5,2,8,1,0,0,1,0,0,0,0,1,"790676,2473","5834899,763","13,29146533","52,5862549",,,3461.0,59.0
114218,11,7,7501030.0,2021,6,7,2,3,5,3,0,1,1,0,0,0,0,0,"797869,3439","5820431,15","13,38437211","52,4526711",,,4079.0,62.0
114216,11,6,6300526.0,2021,10,12,6,3,6,6,0,0,1,1,0,0,0,0,"789564,6124","5817964,797","13,26036873","52,43502197",,,2429.0,57.0
114215,11,11,11300724.0,2021,11,18,2,3,3,6,2,1,0,0,0,0,1,0,"804466,3962","5827494,706","13,48760591","52,51234514",,,4456.0,28.0
114214,11,3,3601449.0,2021,9,10,4,3,5,2,0,0,1,0,0,0,1,0,"801333,3126","5831020,354","13,44477374","52,54568571",,,6965.0,61.0
114209,11,1,1100102.0,2021,10,10,7,2,5,2,0,0,1,0,1,0,0,0,"796458,4454","5827391,52","13,36986084","52,51583152",,,662.0,65.0
114208,11,7,7400927.0,2021,12,7,2,3,2,6,2,0,1,0,0,0,1,1,"798538,6256","5822072,845","13,39566007","52,46702181",,,7036.0,65.0
114205,11,6,6300629.0,2021,1,18,2,3,4,6,2,0,1,0,0,0,0,1,"792655,3264","5819889,117","13,30738905","52,45062835",,,1358.0,51.0
114201,11,9,9100409.0,2021,6,8,6,1,2,6,0,0,0,0,0,1,0,0,"805933,3978","5818648,963","13,5010437","52,43224498",,,4748.0,28.0
114197,11,7,7400825.0,2021,5,12,3,3,2,6,0,0,1,0,0,0,1,0,"797877,8616","5820463,951","13,38452634","52,45296049",,,4967.0,51.0
114196,11,4,4200311.0,2021,8,8,5,3,0,1,0,1,0,0,0,0,0,0,"790500,9039","5826372,474","13,28142498","52,50990172",,,5043.0,50.0
114189,11,12,12500928.0,2021,7,11,4,3,5,3,0,0,1,0,0,0,0,1,"792369,5455","5837739,953","13,31889567","52,61080841",,,7134.0,43.0
114187,11,9,9100306.0,2021,10,14,7,3,2,6,0,0,1,0,0,0,0,0,"803093,2888","5820914,051","13,46145126","52,45412798",,,3352.0,26.0
114186,11,10,10100311.0,2021,11,16,5,3,2,6,0,0,1,0,0,0,0,1,"808038,4277","5827445,99","13,54003133","52,5099032",,,4153.0,36.0
114185,11,6,6400737.0,2021,9,18,5,2,6,4,0,0,1,1,0,0,0,0,"786519,5539","5816954,015","13,21483292","52,427563",,,4461.0,54.0
114182,11,7,7400822.0,2021,4,13,5,3,2,6,0,0,1,0,0,0,0,0,"796517,6698","5822545,927","13,36641829","52,47236315",,,4265.0,5.0
114179,11,4,4200311.0,2021,3,9,3,3,2,6,0,0,1,0,0,0,0,0,"790534,6239","5826378,161","13,28192541","52,50993475",,,3864.0,60.0
114178,11,3,3601347.0,2021,10,21,4,3,0,1,2,1,0,0,0,0,0,0,"799304,9855","5830349,851","13,41434792","52,54079379",,,3550.0,28.0
114177,11,7,7400927.0,2021,12,16,2,3,3,6,2,0,1,0,0,1,0,0,"798881,5648","5821891,528","13,40053091","52,46520905",,,6958.0,57.0
114176,11,1,1400940.0,2021,5,15,3,3,3,2,0,1,1,0,0,0,0,0,"795862,0271","5832067,486","13,36526034","52,55807102",,,4340.0,45.0
114175,11,1,1100207.0,2021,5,22,2,3,5,3,2,1,1,0,0,0,0,0,"798650,7286","5827024,425","13,40174286","52,511345",,,5741.0,60.0
114174,11,1,1100102.0,2021,9,8,5,3,0,1,0,1,0,0,0,0,0,1,"796749,0018","5826665,676","13,37348292","52,50916707",,,3863.0,41.0
114172,11,4,4300415.0,2021,2,14,4,3,2,6,0,0,1,0,0,0,0,1,"790702,2172","5826178,924","13,2842139","52,50805929",,,2974.0,55.0
114168,11,7,7501133.0,2021,6,8,3,3,0,2,0,0,1,0,0,0,0,0,"797475,5808","5817970,766","13,37640448","52,43083057",,,2770.0,62.0
114164,11,7,7200411.0,2021,5,13,3,3,2,6,0,0,1,0,0,0,0,1,"795930,621","5824409,067","13,35945452","52,48938306",,,4855.0,25.0
114163,11,3,3601141.0,2021,8,17,2,3,6,7,0,0,1,1,0,0,0,0,"799219,321","5831429,787","13,41406144","52,55052077",,,5355.0,51.0
114159,11,3,3601142.0,2021,7,10,6,3,4,6,0,1,0,0,0,0,0,1,"799150,678","5830803,488","13,41248793","52,54494468",,,1556.0,46.0
114157,11,7,7601236.0,2021,10,16,2,3,5,2,0,1,0,0,0,1,0,0,"796607,3606","5816001,707","13,36192595","52,41365089",,,6527.0,56.0
114156,11,10,10100206.0,2021,11,9,2,3,5,7,0,0,1,0,0,0,0,1,"808815,9415","5833167,253","13,55676734","52,56073603",,,4365.0,7.0
114152,11,4,4100101.0,2021,4,8,3,3,2,6,0,0,1,0,0,0,0,0,"790944,706","5829025,95","13,29026701","52,5334535",,,3633.0,59.0
114149,11,3,3601449.0,2021,3,10,7,3,3,6,0,1,0,0,0,0,0,1,"801055,7023","5830618,193","13,44032778","52,54223456",,,4029.0,62.0
114148,11,1,1100310.0,2021,6,21,4,3,5,2,0,0,1,0,1,0,0,0,"799107,8408","5827694,885","13,40906113","52,51710424",,,3649.0,23.0
114146,11,3,3200205.0,2021,11,7,2,3,5,3,0,1,1,0,0,0,0,0,"798165,7233","5836122,188","13,40278764","52,5931591",,,2528.0,57.0
114145,11,3,3400724.0,2021,12,15,5,3,2,6,0,0,1,0,0,0,1,1,"800158,5112","5835134,321","13,43122327","52,5832086",,,1664.0,56.0
114144,11,4,4100101.0,2021,7,11,7,3,2,6,0,0,1,0,0,0,0,0,"790873,2459","5828999,017","13,2891929","52,53325019",,,5342.0,38.0
114143,11,12,12400721.0,2021,9,12,4,3,1,5,0,0,1,0,0,0,0,0,"791040,7983","5841182,954","13,3023591","52,64238688",,,4761.0,38.0
114139,11,2,2500726.0,2021,2,16,6,3,5,3,0,0,1,0,1,0,0,0,"801652,9761","5828874,873","13,44752607","52,52627881",,,3343.0,53.0
114136,11,12,12601031.0,2021,7,15,6,2,5,2,0,1,1,0,0,0,0,0,"793198,9635","5836753,432","13,33023589","52,60151812",,,3352.0,26.0
114134,11,4,4200311.0,2021,9,15,4,3,3,6,0,0,1,0,1,0,0,0,"790641,799","5826209,112","13,28335256","52,50836213",,,5249.0,5.0
114133,11,3,3200206.0,2021,10,5,1,3,1,5,2,0,1,0,0,0,0,0,"798057,3136","5834039,004","13,39931837","52,57454582",,,2858.0,52.0
114132,11,2,2400521.0,2021,8,7,2,3,5,2,0,0,1,0,1,0,0,1,"800374,6036","5827974,722","13,4279263","52,5189163",,,2748.0,55.0
114127,11,4,4300415.0,2021,7,13,6,3,2,6,0,0,1,0,0,0,0,0,"790744,4558","5826301,712","13,28494176","52,50913759",,,4560.0,49.0
114126,11,6,6300527.0,2021,10,18,6,3,3,6,1,0,1,0,0,0,0,1,"790285,4912","5818362,906","13,2712888","52,43820903",,,4332.0,40.0
114125,11,2,2500727.0,2021,12,20,6,3,1,1,2,0,1,0,0,0,1,0,"802133,6631","5827900,394","13,45370483","52,5172784",,,5124.0,60.0
114124,11,9,9100202.0,2021,5,8,2,3,2,6,0,0,1,0,0,0,1,0,"803109,3416","5824553,864","13,46499367","52,48674254",,,5650.0,43.0
114121,11,2,2500834.0,2021,1,12,4,3,5,2,0,1,1,0,0,0,0,0,"802035,4804","5827025,715","13,45146841","52,50949301",,,3927.0,63.0
114117,11,6,6400737.0,2021,6,16,5,3,3,6,0,0,1,0,0,0,0,0,"785508,4249","5816249,101","13,19940052","52,42177124",,,4365.0,7.0
114113,11,1,1200624.0,2021,5,16,6,3,2,6,0,0,1,0,0,0,0,0,"795885,1182","5829599,047","13,3634008","52,53593132",,,5527.0,60.0
114112,11,7,7200308.0,2021,8,19,6,3,0,2,0,1,1,0,0,0,0,1,"795344,388","5823458,459","13,35000329","52,48117901",,,3750.0,33.0
114110,11,2,1100104.0,2021,9,12,3,3,2,6,0,0,1,0,0,0,1,0,"796729,3261","5826099,537","13,37268924","52,50410291",,,4558.0,14.0
114109,11,7,7400824.0,2021,3,8,5,3,3,2,0,0,1,0,0,1,0,0,"797846,189","5822368,397","13,38576099","52,47004903",,,3350.0,22.0
114105,11,4,4200311.0,2021,7,16,3,3,2,6,0,0,1,0,0,0,1,0,"790744,536","5826801,608","13,28537966","52,51361912",,,758.0,54.0
114103,11,1,1100310.0,2021,9,21,5,3,3,6,2,0,1,0,1,0,0,0,"799796,2906","5828619,161","13,42000964","52,5250109",,,4456.0,28.0
114102,11,5,5200528.0,2021,11,8,6,3,2,6,0,0,1,0,0,0,0,1,"783549,8541","5826706,215","13,17956405","52,51655187",,,7760.0,63.0
114101,11,12,12100205.0,2021,8,7,3,3,5,2,1,1,1,0,0,0,0,1,"794457,8183","5834355,345","13,34663812","52,57934099",,,4623.0,43.0
114098,11,3,3100101.0,2021,4,14,4,3,5,3,0,0,1,0,0,0,0,0,"800757,9748","5838764,996","13,44334217","52,61541936",,,3741.0,61.0
114095,11,1,1100310.0,2021,3,16,3,3,2,6,0,1,0,0,0,0,0,0,"799108,1246","5827695,346","13,40906572","52,51710822",,,2850.0,46.0
114094,11,6,6400737.0,2021,10,19,2,3,3,6,2,1,1,0,0,0,0,0,"786334,8734","5816871,75","13,21205373","52,4269221",,,4949.0,42.0
114093,11,7,7300619.0,2021,12,16,7,3,2,6,1,0,1,0,0,1,0,0,"795743,994","5822620,596","13,3551274","52,47345193",,,2161.0,59.0
114092,11,8,8200622.0,2021,9,16,4,3,2,6,1,0,1,0,0,0,0,1,"801996,4458","5821849,519","13,44620511","52,46311984",,,5457.0,20.0
114090,11,3,3601451.0,2021,2,16,3,2,5,3,1,1,1,0,0,0,0,1,"800646,0201","5830008,301","13,43375313","52,53699418",,,4546.0,40.0
114086,11,4,4300622.0,2021,6,12,7,3,0,1,0,0,0,0,1,0,0,0,"793106,246","5826825,611","13,32010373","52,51257028",,,3666.0,49.0
114082,11,7,7400927.0,2021,5,18,5,3,0,6,0,0,1,0,1,0,0,1,"798497,4319","5822081,5","13,39506321","52,4671219",,,3730.0,44.0
114081,11,1,1400940.0,2021,8,17,4,3,0,7,0,1,0,0,0,0,0,1,"795877,1958","5832068,7","13,36548452","52,55807366",,,5144.0,42.0
114077,11,3,3400620.0,2021,7,8,5,3,0,1,0,1,0,0,0,0,0,0,"798004,5499","5833676,293","13,39821612","52,57132352",,,2544.0,63.0
114073,11,4,4200206.0,2021,7,10,3,3,2,6,0,0,1,0,1,0,0,0,"787821,9793","5825945,488","13,24169168","52,50749368",,,4643.0,57.0
114071,11,7,7200308.0,2021,10,13,3,3,2,6,0,0,1,0,1,0,0,1,"795367,4291","5823426,495","13,35031327","52,48088001",,,3852.0,51.0
114070,11,4,4200310.0,2021,11,12,3,3,0,7,0,1,0,0,0,0,0,1,"789690,4819","5826244,969","13,26940603","52,50918961",,,4950.0,49.0
114069,11,4,4300414.0,2021,9,12,6,3,0,5,0,0,1,0,0,0,1,0,"791634,8238","5826577,767","13,29826568","52,51113712",,,4837.0,50.0
114066,11,3,3400723.0,2021,4,18,6,3,5,2,0,1,1,0,0,0,0,0,"798361,6636","5833480,658","13,40329382","52,5693743",,,3926.0,62.0
114063,11,3,3200206.0,2021,4,14,6,3,0,1,0,1,0,0,0,0,0,0,"798002,8085","5834181,702","13,39864471","52,57585475",,,3650.0,32.0
114062,11,3,3701660.0,2021,10,8,4,3,5,3,0,1,0,0,0,0,0,0,"800027,5199","5829006,359","13,42375707","52,52835429",,,3933.0,51.0
114061,11,12,12100204.0,2021,12,13,5,3,1,7,0,0,1,0,0,0,0,0,"795697,559","5832844,843","13,36353408","52,56512859",,,4526.0,46.0
114060,11,7,7501133.0,2021,8,13,3,3,2,6,0,0,1,0,0,0,0,0,"797432,0564","5817775,13","13,37559218","52,42910055",,,4257.0,20.0
114057,11,4,4300415.0,2021,3,9,2,3,2,6,0,0,1,0,0,0,0,0,"790551,2371","5825597,787","13,28148841","52,5029298",,,4047.0,22.0
114054,11,4,4300621.0,2021,6,8,3,3,3,6,0,0,1,0,0,0,0,0,"792512,77","5826703,773","13,31127631","52,51179663",,,2842.0,47.0
114051,11,3,3601142.0,2021,4,18,6,3,6,4,0,1,0,1,0,0,0,0,"799162,9757","5830611,732","13,41249604","52,54321913",,,2852.0,40.0
114050,11,7,7501135.0,2021,8,10,7,2,3,6,0,0,1,0,1,0,0,0,"799010,0756","5816852,425","13,39790797","52,41996944",,,4931.0,61.0
114046,11,10,10300734.0,2021,7,8,3,3,5,7,0,0,1,0,0,1,0,0,"810503,8368","5827075,443","13,57589679","52,50518493",,,2643.0,59.0
114044,11,3,3601451.0,2021,10,9,4,3,5,2,0,1,1,0,0,0,0,0,"800755,0079","5829828,332","13,43519232","52,53532094",,,6167.0,41.0
114043,11,1,1300836.0,2021,11,17,2,3,6,2,2,0,1,1,0,0,0,1,"796214,3678","5830202,34","13,3687787","52,54116038",,,1862.0,65.0
114041,11,7,7400928.0,2021,5,7,5,3,2,6,0,0,1,0,0,0,0,0,"800141,2174","5821496,035","13,41866176","52,46097357",,,5139.0,41.0
114038,11,1,1100205.0,2021,1,6,2,3,5,2,2,0,1,0,0,0,0,1,"796965,19","5826726,507","13,37671327","52,50959471",,,4945.0,47.0
114035,11,7,7501133.0,2021,4,21,7,2,0,1,2,1,0,0,0,0,0,0,"797898,1713","5818968,495","13,38349088","52,43954424",,,4464.0,34.0
114034,11,1,1300836.0,2021,6,18,4,3,2,6,0,0,1,0,0,0,1,0,"796314,9073","5830051,414","13,37012224","52,53975283",,,7237.0,52.0
114030,11,3,3701657.0,2021,5,20,3,3,2,2,1,1,1,0,0,0,0,0,"800291,5733","5830052,321","13,42858271","52,53758416",,,3568.0,52.0
114029,11,7,7400825.0,2021,8,18,7,3,2,6,0,0,1,0,0,0,0,0,"797864,7074","5820540,312","13,38440145","52,45365215",,,6059.0,59.0
114027,11,1,1100206.0,2021,9,13,7,3,0,1,0,0,0,0,0,0,1,0,"797948,2725","5827620,088","13,39195597","52,51706851",,,4751.0,61.0
114025,11,4,4200311.0,2021,3,15,3,3,2,6,0,0,1,0,0,0,0,0,"790074,3009","5825154,425","13,27409546","52,49920874",,,3063.0,49.0
114022,11,1,1100310.0,2021,7,23,6,2,5,2,2,0,0,0,0,0,1,0,"798800,863","5828016,067","13,40483908","52,52015145",,,8911.0,65.0
114020,11,3,3601141.0,2021,9,16,5,2,3,6,0,1,0,0,0,0,0,0,"799223,1241","5831496,419","13,4141774","52,55111594",,,7260.0,59.0
114019,11,10,10100210.0,2021,11,14,3,3,5,3,0,0,1,0,1,0,0,0,"807967,8797","5831215,417","13,54248611","52,54372428",,,4948.0,23.0
114018,11,4,4200310.0,2021,10,8,6,3,5,3,0,0,1,0,0,1,0,0,"789831,6334","5826245,582","13,27148054","52,50912012",,,6263.0,48.0
114017,11,4,4200207.0,2021,12,16,4,3,2,6,2,0,1,0,0,0,0,0,"788203,5789","5822414,704","13,24424453","52,47563694",,,4454.0,36.0
114016,11,1,1401044.0,2021,9,15,6,3,2,6,0,0,1,0,0,0,0,0,"796153,5397","5831090,75","13,36867653","52,54915714",,,4734.0,59.0
114014,11,2,2500728.0,2021,2,13,5,3,5,3,0,1,1,0,0,0,0,0,"803071,3577","5827636,097","13,46724092","52,51438928",,,4232.0,61.0
114011,11,2,2100101.0,2021,6,10,3,3,3,6,0,1,1,0,0,0,0,0,"797059,2059","5825830,913","13,37729539","52,50151548",,,4651.0,31.0
114008,11,11,11100101.0,2021,5,8,3,3,2,2,0,0,1,0,0,0,0,0,"803731,253","5834700,159","13,48339508","52,57733478",,,4246.0,53.0
114007,11,4,4400830.0,2021,8,12,2,3,2,6,0,0,1,0,0,0,1,0,"791992,056","5823912,883","13,30117824","52,48705576",,,3075.0,58.0
114003,11,6,6100209.0,2021,7,13,6,3,2,6,0,0,1,0,0,0,0,0,"793984,815","5821052,217","13,32792044","52,46034174",,,3724.0,63.0
114001,11,12,12200412.0,2021,10,10,7,2,2,6,0,0,1,0,1,0,0,0,"791185,8896","5833970,635","13,29815023","52,57765295",,,1037.0,63.0
114000,11,2,2200209.0,2021,11,16,6,3,2,7,1,1,1,0,0,0,0,0,"797758,5546","5824138,759","13,38605548","52,48596612",,,4546.0,40.0
113996,11,7,7300619.0,2021,1,15,4,3,5,3,0,0,1,0,0,0,0,1,"795638,5547","5823236,005","13,35412511","52,47902569",,,4365.0,7.0
113993,11,7,7300619.0,2021,4,16,6,3,2,6,0,0,1,0,0,0,0,0,"795908,1169","5822676,427","13,35758621","52,47386353",,,6565.0,55.0
113992,11,7,7501133.0,2021,6,17,3,3,0,7,0,1,0,0,0,0,0,0,"798468,3001","5818214,425","13,39118019","52,432474",,,3649.0,23.0
113990,11,1,1401049.0,2021,12,13,4,3,2,6,0,0,1,0,0,0,0,1,"795898,712","5831864,742","13,36561915","52,55623369",,,4858.0,57.0
113989,11,7,7400822.0,2021,5,13,1,3,8,1,0,0,1,0,0,0,0,1,"796819,6064","5822396,353","13,37071737","52,47085837",,,1652.0,59.0
113988,11,2,2200207.0,2021,6,12,3,3,5,3,0,1,1,0,0,0,0,0,"796880,074","5825924,074","13,37474723","52,50244806",,,4849.0,28.0
113987,11,7,7200308.0,2021,8,7,3,3,0,2,0,1,1,0,0,0,0,0,"795223,509","5823525,402","13,34828776","52,48184447",,,5045.0,46.0
113986,11,7,7501030.0,2021,9,10,6,3,2,6,0,0,1,0,0,0,0,0,"797894,5354","5820291,053","13,38461677","52,45140156",,,3255.0,52.0
113982,11,1,1300836.0,2021,3,18,2,3,0,2,1,1,1,0,0,0,0,0,"796286,3508","5830279,083","13,36990544","52,54180916",,,1759.0,52.0
113979,11,4,4100101.0,2021,6,7,4,3,3,6,0,0,1,0,1,0,0,1,"790790,0959","5828951,088","13,28792857","52,53286488",,,4748.0,28.0
113977,11,4,4100101.0,2021,9,20,7,3,3,6,2,0,1,0,0,1,0,0,"791390,0598","5830286,942","13,29791999","52,54452017",,,3151.0,40.0
113976,11,7,7601236.0,2021,11,6,3,2,6,4,2,0,1,1,0,0,0,1,"796864,5905","5816371,394","13,36602477","52,41682539",,,5041.0,31.0
113975,11,2,2200208.0,2021,8,20,4,3,5,2,2,1,1,0,0,0,0,1,"797898,6042","5825431,298","13,38926747","52,49747582",,,2429.0,57.0
113970,11,1,1100206.0,2021,7,19,4,3,0,3,0,1,0,0,1,0,0,0,"798077,0348","5827649,72","13,39387449","52,51726376",,,4853.0,18.0
113969,11,11,11100101.0,2021,10,5,5,3,2,1,2,0,1,0,0,1,0,1,"803730,166","5834704,546","13,48338311","52,5773747",,,4448.0,24.0
113968,11,4,4100101.0,2021,12,7,7,3,3,6,0,0,1,0,0,0,0,1,"793009,8355","5829568,052","13,32110354","52,53720694",,,1462.0,37.0
113967,11,7,7400928.0,2021,5,16,7,3,3,6,2,0,1,0,0,0,0,0,"800192,3764","5821503,612","13,4194193","52,46101338",,,5925.0,47.0
113964,11,11,11300722.0,2021,1,11,4,3,2,2,0,1,1,0,0,0,0,1,"803770,9264","5827581,548","13,47746852","52,51351122",,,3444.0,24.0
113960,11,11,11401034.0,2021,6,15,5,3,5,3,0,1,1,0,0,0,0,0,"806949,0073","5827385,896","13,52397394","52,50997868",,,7635.0,61.0
113956,11,4,4200310.0,2021,5,9,2,3,2,6,0,0,1,0,0,0,0,0,"789169,0585","5826160,795","13,26167137","52,50871161",,,4557.0,40.0
113955,11,4,4300414.0,2021,6,23,5,3,3,6,2,0,1,0,0,0,0,0,"791443,2704","5826545,38","13,29542272","52,51094915",,,3757.0,51.0
113954,11,7,7400824.0,2021,8,6,3,3,5,2,0,0,1,0,0,0,0,0,"797848,7788","5822303,258","13,38574085","52,46946372",,,6332.0,63.0
113952,11,4,4400725.0,2021,9,15,2,2,2,6,0,0,1,0,1,0,0,0,"790561,4015","5825135,032","13,28123397","52,49877575",,,4243.0,50.0
113950,11,7,7501133.0,2021,3,10,5,3,3,6,0,0,1,0,0,1,1,0,"797651,0787","5818639,003","13,37957311","52,4367252",,,7562.0,61.0
113946,11,4,4200206.0,2021,7,14,6,3,4,6,0,0,1,0,0,0,0,0,"786492,8785","5825919,251","13,22213978","52,50795806",,,4249.0,53.0
113944,11,2,2500727.0,2021,9,17,5,3,5,2,1,1,1,0,0,0,0,1,"802149,1216","5827727,676","13,4537751","52,51572177",,,5041.0,31.0
113943,11,2,2500830.0,2021,11,3,1,3,3,6,2,0,1,0,1,0,0,0,"802147,3445","5827709,236","13,45373225","52,51555747",,,3855.0,43.0
113942,11,12,12100205.0,2021,8,15,1,2,5,3,0,0,1,0,0,0,0,0,"794559,281","5833816,192","13,34765214","52,57445301",,,4749.0,23.0
113939,11,1,1300836.0,2021,4,9,5,3,5,2,0,1,0,0,0,0,1,0,"796200,0953","5830207,73","13,36857367","52,54121646",,,5248.0,21.0
113936,11,9,9100409.0,2021,3,11,5,3,2,6,0,0,0,0,0,1,0,0,"806191,8609","5818482,45","13,50468112","52,43060801",,,3382.0,61.0