OBJECTID,LAND,BEZ,LOR_ab_2021,UJAHR,UMONAT,USTUNDE,UWOCHENTAG,UKATEGORIE,UART,UTYP1,ULICHTVERH,IstRad,IstPKW,IstFuss,IstKrad,IstGkfz,IstSonstige,USTRZUSTAND,LINREFX,LINREFY,XGCSWGS84,YGCSWGS84,LOR,STRASSE,quadrant,quadrant_rank
113177,11,3,3400725.0,2021,12,14,6,3,2,6,0,0,1,0,0,0,1,0,"800220,1054","5835215,375","13,43220305","52,58390112",,,2954.0,41.0
113176,11,3,3601449.0,2021,7,9,7,3,0,7,0,1,0,0,0,0,0,0,"801009,2026","5830591,335","13,43961985","52,54201952",,,3446.0,47.0
113173,11,7,7400824.0,2021,2,10,4,3,3,6,0,1,0,0,0,0,1,0,"797860,633","5821598,7","13,38528595","52,46314167",,,4648.0,37.0
113170,11,1,1100102.0,2021,6,13,1,3,0,6,0,1,0,0,0,0,1,0,"794457,5856","5827039,044","13,34014808","52,51375576",,,3326.0,55.0
113167,11,3,3400826.0,2021,4,13,6,3,2,6,0,0,1,0,1,0,0,0,"799141,9934","5832240,316","13,41365474","52,55782837",,,5063.0,29.0
113166,11,2,2400625.0,2021,8,13,4,3,1,5,0,1,1,0,0,0,0,0,"801894,1814","5826590,082","13,44899768","52,50566662",,,4463.0,27.0
113162,11,7,7200308.0,2021,7,14,3,3,2,2,0,0,1,0,0,0,0,0,"795242,1097","5823528,548","13,34856365","52,48186261",,,6268.0,60.0
113160,11,12,12100103.0,2021,10,22,3,3,2,6,2,0,1,0,0,0,0,0,"795356,3335","5833736,805","13,35930883","52,57330942",,,5227.0,61.0
113159,11,3,3200206.0,2021,11,20,1,3,6,4,2,0,1,1,0,0,0,1,"798155,7891","5834710,117","13,40137077","52,58050742",,,4357.0,21.0
113157,11,7,7601236.0,2021,5,20,1,3,5,2,2,1,1,0,0,0,0,1,"796608,831","5815997,411","13,3619437","52,41361158",,,4162.0,48.0
113154,11,4,4400727.0,2021,1,18,5,3,3,6,2,0,1,0,0,0,0,0,"791457,1394","5824459,542","13,29380086","52,49224237",,,6660.0,39.0
113151,11,4,4400725.0,2021,4,18,1,3,2,6,0,0,1,0,0,0,0,0,"790559,9722","5825137,646","13,28121525","52,49879995",,,3834.0,50.0
113150,11,7,7501030.0,2021,6,10,4,3,5,2,0,0,1,0,1,0,0,0,"797868,097","5820438,208","13,38436011","52,45273506",,,6432.0,65.0
113147,11,1,1100310.0,2021,12,0,2,3,5,2,2,0,1,0,0,0,1,0,"799107,5376","5827694,393","13,40905623","52,51709999",,,4065.0,7.0
113146,11,9,9100101.0,2021,5,6,3,3,3,6,0,1,0,0,0,0,1,0,"802761,7345","5825313,412","13,46058015","52,4937432",,,3122.0,65.0
113145,11,6,6300527.0,2021,8,23,6,2,5,3,2,0,1,0,0,0,0,1,"790289,1625","5818387,076","13,27136365","52,43842377",,,7957.0,59.0
113143,11,6,6400737.0,2021,9,12,1,3,3,7,0,0,1,0,1,0,0,0,"786970,0574","5820577,111","13,22455228","52,459811",,,2751.0,29.0
113141,11,4,4200311.0,2021,3,8,4,3,2,6,0,0,1,0,0,1,0,0,"790690,2903","5827013,711","13,28476784","52,51554954",,,3145.0,38.0
113138,11,4,4200206.0,2021,6,17,4,3,2,6,0,0,1,0,0,0,0,1,"787109,794","5825830,38","13,23112791","52,50683694",,,2677.0,65.0
113136,11,4,4400727.0,2021,9,14,7,3,2,6,0,0,1,0,0,0,0,0,"791725,0854","5824214,3","13,29752152","52,48990066",,,4552.0,62.0
113135,11,1,1100310.0,2021,11,17,4,3,0,7,0,1,0,0,0,0,0,0,"798926,7792","5828133,601","13,40679496","52,52113597",,,7659.0,42.0
113134,11,3,3601451.0,2021,8,14,3,2,5,2,0,1,0,0,0,0,1,0,"800756,8187","5829795,749","13,43518945","52,5350279",,,3245.0,33.0
113129,11,2,2500729.0,2021,7,6,6,3,0,7,0,1,0,0,0,0,0,0,"803441,78","5827598,848","13,47264887","52,51384948",,,3442.0,43.0
113128,11,5,5400943.0,2021,10,16,3,3,8,1,0,0,1,0,0,0,0,0,"780085,9812","5822242,793","13,12489731","52,47831905",,,3349.0,12.0
113127,11,4,4200310.0,2021,12,0,3,2,6,7,2,0,1,1,0,0,0,0,"789605,918","5826231,257","13,26815157","52,50911157",,,3851.0,47.0
113124,11,7,7300619.0,2021,1,14,6,3,2,6,0,0,1,0,0,0,0,1,"795973,875","5822700,893","13,35857324","52,47404722",,,6338.0,60.0
113120,11,6,6100101.0,2021,6,13,4,3,2,6,0,0,1,0,0,0,0,0,"793110,777","5820191,173","13,31433699","52,4530922",,,2059.0,42.0
113116,11,7,7200308.0,2021,5,18,1,3,5,2,0,1,1,0,0,0,0,0,"795225,438","5823516,568","13,34830826","52,48176423",,,4657.0,9.0
113115,11,1,1401044.0,2021,6,9,5,3,6,2,0,0,1,1,0,0,0,0,"796049,7714","5831333,797","13,36736733","52,55139221",,,4658.0,28.0
113114,11,5,5200528.0,2021,8,13,5,2,3,6,0,0,1,0,1,0,0,0,"783608,5443","5826690,141","13,18041294","52,51637724",,,4042.0,56.0
113108,11,9,9100202.0,2021,7,12,7,3,3,6,0,0,1,0,1,0,0,0,"802876,3258","5824779,629","13,46177768","52,48889537",,,3141.0,61.0
113106,11,3,3601451.0,2021,10,10,7,3,5,2,0,0,1,0,1,0,0,0,"800618,3279","5829922,235","13,43326821","52,53623803",,,4862.0,43.0
113105,11,7,7300619.0,2021,11,7,4,3,2,6,1,0,1,0,0,0,1,1,"796212,8073","5822727,982","13,3621048","52,47416052",,,7032.0,50.0
113104,11,4,4200207.0,2021,9,15,1,3,2,6,0,0,1,0,0,0,0,0,"789563,9197","5824470,623","13,26600349","52,49334934",,,4261.0,37.0
113101,11,3,3601449.0,2021,4,22,5,3,5,3,2,0,1,0,0,0,0,1,"800973,6557","5830485,933","13,43900179","52,54109443",,,4962.0,45.0
113098,11,12,12500930.0,2021,3,8,6,3,2,6,0,0,1,0,0,0,1,1,"794319,7375","5834607,866","13,34483044","52,58167935",,,1760.0,43.0
113097,11,4,4400830.0,2021,10,16,5,3,2,6,0,0,1,0,0,0,0,1,"792147,7849","5823744,795","13,30331784","52,48546557",,,4961.0,45.0
113096,11,7,7501133.0,2021,12,18,1,3,5,2,2,1,1,0,0,0,0,1,"798226,3835","5818768,138","13,3881263","52,43756938",,,3681.0,62.0
113095,11,1,1400940.0,2021,9,18,2,2,5,2,0,1,1,0,0,0,0,0,"795861,7826","5832068,848","13,36525796","52,55808336",,,4257.0,20.0
113093,11,7,7501133.0,2021,2,18,3,3,5,3,2,0,1,0,0,0,0,1,"797550,6488","5818306,607","13,37780424","52,43380024",,,6430.0,58.0
113089,11,2,2200207.0,2021,6,18,4,2,5,3,0,1,1,0,0,0,0,0,"796890,6032","5825915,197","13,37489397","52,50236276",,,3443.0,52.0
113084,11,2,2400521.0,2021,5,18,1,2,6,4,0,1,0,1,0,0,0,0,"800933,9776","5827856,219","13,43603821","52,51754575",,,5065.0,44.0
113083,11,3,3601139.0,2021,8,19,1,2,0,6,0,1,0,0,0,0,0,0,"799228,5071","5831997,33","13,41470803","52,55560285",,,5133.0,32.0
113079,11,7,7300619.0,2021,7,18,5,3,2,6,0,0,1,0,0,0,0,0,"795624,3876","5823251,935","13,35393124","52,47917616",,,2942.0,62.0
113076,11,1,1100310.0,2021,7,11,2,3,0,4,0,0,0,1,0,0,1,0,"798764,98","5827955,214","13,40425714","52,51962565",,,7232.0,31.0
113074,11,7,7200308.0,2021,10,22,5,3,6,2,2,0,1,1,0,0,0,0,"795244,0678","5823531,168","13,34859472","52,48188504",,,4846.0,41.0
113073,11,3,3601449.0,2021,11,6,6,3,5,2,2,1,1,0,0,0,0,0,"801355,8588","5831009,362","13,44509524","52,54557471",,,5262.0,43.0
113071,11,7,7300619.0,2021,9,15,6,3,2,6,0,0,1,0,0,0,0,1,"795753,515","5823099,571","13,35569191","52,47774042",,,5050.0,37.0
113068,11,12,12100101.0,2021,4,14,3,3,1,5,0,1,1,0,0,0,0,0,"795803,5531","5832395,318","13,36469252","52,56104147",,,4257.0,20.0
113065,11,12,12100103.0,2021,4,10,7,3,2,6,0,0,1,0,0,0,0,0,"795353,7937","5833738,526","13,359273","52,57332622",,,4151.0,37.0
113064,11,1,1100207.0,2021,7,16,4,3,0,1,0,0,1,0,0,0,0,0,"797718,9869","5826843,855","13,38789245","52,51023574",,,5451.0,41.0
113062,11,4,4200308.0,2021,10,6,3,3,0,6,2,0,1,0,0,0,0,0,"790406,9775","5827867,978","13,28135028","52,52335903",,,3048.0,43.0
113061,11,7,7601442.0,2021,12,18,1,2,1,5,2,0,1,0,0,0,0,1,"799343,1079","5816053,905","13,40207639","52,41262964",,,4431.0,51.0
113060,11,12,12100204.0,2021,8,13,5,3,0,2,0,1,1,1,0,0,0,0,"795766,759","5832692,7","13,3644164","52,56372719",,,4365.0,7.0
113059,11,1,1100102.0,2021,9,13,3,3,2,6,0,0,1,0,0,0,0,0,"794654,151","5827073,175","13,34306653","52,51395557",,,1965.0,61.0
113055,11,2,2500726.0,2021,2,15,6,3,3,6,0,0,1,0,0,0,0,0,"801680,7858","5828882,209","13,44794141","52,52632917",,,6660.0,39.0
113052,11,7,7400825.0,2021,6,17,2,3,2,6,0,0,1,0,0,0,1,0,"797873,2168","5820490,844","13,38448218","52,45320409",,,7040.0,65.0
113050,11,3,3701660.0,2021,9,11,1,3,5,3,0,1,1,0,0,0,0,0,"800129,5444","5829173,327","13,42540722","52,52979472",,,4251.0,2.0
113049,11,9,9100101.0,2021,8,13,2,3,0,2,0,1,0,0,0,1,0,0,"802589,2579","5825080,34","13,45783575","52,49174982",,,3947.0,56.0
113046,11,4,4300622.0,2021,7,15,7,3,5,3,0,0,1,0,0,0,1,0,"793553,4137","5826883,549","13,32672526","52,5128492",,,5754.0,53.0
113044,11,10,10100206.0,2021,10,21,3,3,5,2,2,0,1,0,0,0,0,0,"809048,162","5833349,062","13,56035141","52,56223359",,,3133.0,56.0
113043,11,4,4200206.0,2021,12,11,1,3,2,6,0,0,1,0,0,0,0,1,"787818,836","5825944,983","13,24164505","52,50749081",,,6339.0,60.0
113042,11,3,3701657.0,2021,5,17,6,3,0,2,0,0,1,0,0,0,1,1,"799995,902","5830220,527","13,42438826","52,53925468",,,4557.0,40.0
113038,11,6,6400737.0,2021,1,22,5,2,2,6,2,0,1,0,0,0,0,1,"785274,8626","5816281,014","13,19600239","52,42217919",,,1556.0,46.0
113034,11,1,1100310.0,2021,6,17,3,3,5,3,0,1,0,0,0,0,0,0,"798795,4203","5827983,729","13,40473005","52,51986457",,,3340.0,62.0
113031,11,4,4200206.0,2021,12,11,4,3,2,6,0,0,1,0,1,0,0,1,"787816,8356","5825944,661","13,24161538","52,50748898",,,4351.0,43.0
113030,11,7,7400825.0,2021,6,9,4,3,0,6,0,0,1,0,0,0,1,0,"797824,4703","5820697,46","13,38395122","52,45508274",,,3452.0,33.0
113029,11,1,1100102.0,2021,8,21,1,3,5,3,2,0,1,0,0,0,0,0,"796438,7049","5826320,739","13,36861705","52,50624374",,,4951.0,32.0
113027,11,3,3400620.0,2021,9,10,4,3,0,1,0,0,1,0,0,0,0,0,"798002,6544","5833647,995","13,39816281","52,5710709",,,4657.0,9.0
113025,11,10,10300733.0,2021,3,17,7,3,5,2,1,1,1,0,0,0,0,0,"808952,1764","5827441,288","13,55344813","52,50934436",,,4451.0,11.0
113022,11,11,11300725.0,2021,6,0,3,3,0,2,2,1,0,0,0,0,1,0,"804912,6633","5827464,388","13,4941338","52,51182414",,,4631.0,55.0
113020,11,10,10100312.0,2021,9,11,3,3,0,5,0,0,0,0,1,0,1,1,"807723,5846","5829437,424","13,53724885","52,52792806",,,3356.0,56.0
113019,11,12,12100205.0,2021,11,9,2,3,2,6,0,0,1,0,0,0,0,1,"794559,2364","5833802,734","13,34763953","52,5743324",,,3949.0,53.0
113018,11,9,9100203.0,2021,8,8,2,3,3,6,0,0,1,0,0,0,0,0,"803924,5224","5823781,886","13,47625827","52,47937032",,,6132.0,56.0
113013,11,4,4200308.0,2021,10,14,7,3,2,6,0,0,1,0,0,0,0,0,"790482,2864","5828463,417","13,28297733","52,52865704",,,4848.0,3.0
113012,11,9,9100306.0,2021,12,9,2,3,2,6,0,0,1,0,0,1,0,1,"803269,994","5820578,574","13,46373911","52,45102311",,,7168.0,60.0
113009,11,10,10100206.0,2021,1,10,6,3,2,6,0,0,1,0,0,0,1,0,"809036,2083","5833321,15","13,56014963","52,56199024",,,2260.0,56.0
113005,11,10,10100311.0,2021,6,14,7,3,0,1,0,0,0,0,1,0,0,1,"807942,1011","5827446,537","13,53861696","52,50996248",,,1760.0,43.0
113001,11,3,3200204.0,2021,5,16,4,3,2,6,0,0,1,0,1,0,0,0,"796693,0015","5839794,073","13,38440289","52,6268782",,,1362.0,55.0
113000,11,6,6100209.0,2021,8,9,6,3,2,6,0,0,1,0,0,0,0,0,"794430,2601","5821598,62","13,33493974","52,46500016",,,5052.0,43.0
112994,11,6,6400737.0,2021,1,4,6,3,2,6,2,0,0,0,0,0,1,1,"785421,6732","5818279,673","13,19986157","52,44002289",,,5044.0,14.0
112990,11,1,1100310.0,2021,6,22,7,3,0,1,2,0,0,0,0,0,1,0,"799109,9812","5827642,864","13,40904581","52,51663677",,,3759.0,54.0
112986,11,4,4400830.0,2021,5,11,6,3,2,6,0,0,1,0,0,0,1,1,"791968,2013","5823938,47","13,30085034","52,4872979",,,3380.0,63.0
112985,11,7,7601442.0,2021,6,13,4,3,5,7,0,1,0,0,0,0,1,0,"799784,8935","5814081,157","13,4067866","52,39470471",,,5132.0,38.0
112984,11,3,3601139.0,2021,8,18,7,3,5,2,0,1,1,0,0,0,0,0,"799216,1733","5832078,425","13,41459975","52,55633651",,,5061.0,55.0
112982,11,7,7400927.0,2021,9,7,3,3,3,6,0,0,1,0,0,0,1,0,"798477,5168","5822093,955","13,39478206","52,46724443",,,6038.0,59.0
112980,11,3,3500936.0,2021,3,10,7,3,2,6,0,0,1,0,0,0,0,0,"802187,5446","5831522,475","13,45778945","52,54971304",,,4636.0,53.0
112977,11,7,7200308.0,2021,6,16,4,3,6,4,0,0,0,1,0,0,1,1,"795242,7002","5823529,338","13,34857302","52,48186937",,,3059.0,57.0
112975,11,12,12400723.0,2021,9,11,5,3,5,3,0,0,1,0,0,0,0,0,"792181,1767","5838089,909","13,31643074","52,61404688",,,3958.0,60.0
112974,11,4,4200206.0,2021,11,18,2,3,2,6,2,0,1,0,0,0,0,0,"786826,266","5825830,907","13,22696238","52,50699081",,,5352.0,35.0
112973,11,3,3400620.0,2021,8,15,3,2,5,7,0,0,1,0,0,0,1,0,"798037,064","5833798,824","13,39880458","52,57240403",,,5457.0,20.0
112969,11,4,4100101.0,2021,7,13,6,3,2,6,0,0,1,0,0,0,0,0,"791447,3368","5830433,399","13,29889074","52,54580249",,,4251.0,2.0
112968,11,2,2500727.0,2021,10,8,6,3,0,7,0,1,0,0,0,0,0,1,"802044,1989","5828032,858","13,45251064","52,51851523",,,2842.0,47.0
112967,11,7,7501133.0,2021,12,16,2,3,2,6,2,0,1,0,0,0,0,0,"798461,9631","5818167,106","13,39104501","52,4320533",,,4051.0,54.0
112964,11,12,12100103.0,2021,1,11,3,3,2,6,0,0,1,0,0,0,0,1,"795449,8433","5833486,44","13,36046159","52,57101438",,,5129.0,63.0
112960,11,2,2200208.0,2021,6,17,7,3,3,6,0,0,1,0,0,0,0,0,"797902,9035","5825411,261","13,38931269","52,49729386",,,3868.0,48.0
112956,11,9,9100203.0,2021,5,9,2,3,5,3,0,1,1,0,0,0,0,0,"804105,746","5824368,084","13,4794532","52,48452337",,,3335.0,47.0
112955,11,2,2500727.0,2021,6,19,5,2,3,6,0,1,0,0,0,0,1,0,"802340,0334","5827728,766","13,45658095","52,51562574",,,6656.0,56.0
112954,11,9,9100101.0,2021,8,11,4,3,5,2,0,1,1,0,0,0,0,0,"802673,8366","5825221,035","13,4592055","52,49296398",,,4760.0,20.0
112947,11,11,11401032.0,2021,7,12,3,3,2,6,0,0,1,0,0,0,0,0,"805606,4615","5827379,11","13,50424715","52,51067161",,,4550.0,26.0
112945,11,3,3701660.0,2021,10,11,7,3,6,4,0,1,0,1,0,0,0,0,"800302,4112","5829454,316","13,4282017","52,53221811",,,4547.0,11.0
112944,11,1,1100310.0,2021,11,1,3,2,0,1,2,0,0,0,0,0,1,0,"798805,1712","5827992,863","13,40488154","52,5199411",,,6245.0,65.0
112943,11,4,4300622.0,2021,9,8,2,3,5,2,0,1,1,0,0,0,0,0,"792964,3826","5826801,637","13,31799815","52,51243158",,,5345.0,59.0
112940,11,9,9100305.0,2021,4,11,4,3,6,4,0,0,1,1,0,0,0,0,"804690,4303","5823013,561","13,48679928","52,47205733",,,1458.0,51.0
112937,11,9,9100407.0,2021,3,10,6,3,3,6,0,0,1,0,0,1,0,0,"805528,0599","5818934,941","13,49536144","52,43503462",,,7934.0,54.0
112936,11,10,10300733.0,2021,10,3,1,2,3,6,2,1,1,0,0,0,0,0,"808796,7727","5827420,437","13,55114624","52,50924548",,,7433.0,61.0
112935,11,7,7601236.0,2021,12,8,5,3,4,6,0,0,1,0,0,0,0,0,"796607,1076","5816012,706","13,36193199","52,41374962",,,4459.0,28.0
112934,11,12,12100101.0,2021,9,6,5,3,5,2,1,1,1,0,0,0,0,1,"795798,3622","5832425,087","13,3646427","52,56131114",,,5649.0,33.0
112932,11,5,5200634.0,2021,2,15,3,3,3,6,0,0,1,0,0,1,0,2,"784946,5119","5826331,878","13,19977045","52,51246761",,,2359.0,44.0
112928,11,1,1100205.0,2021,6,9,6,3,4,6,0,1,0,0,0,0,0,0,"797199,2673","5826758,092","13,38018039","52,50975036",,,4061.0,48.0
112924,11,2,2200209.0,2021,5,14,4,3,5,3,0,1,1,0,0,0,0,0,"797744,3341","5824144,678","13,38585196","52,48602693",,,3568.0,52.0
112923,11,4,4300622.0,2021,8,18,2,3,5,2,0,1,1,0,0,0,0,0,"793052,8387","5826816,607","13,31931106","52,51251826",,,4319.0,61.0
112918,11,1,1100207.0,2021,7,18,5,2,0,1,0,1,0,0,0,0,0,1,"798809,08","5827230,721","13,4042545","52,51310743",,,6062.0,52.0
112916,11,4,4501151.0,2021,10,16,6,3,2,6,0,0,1,0,0,0,1,0,"793864,9611","5822993,976","13,32787176","52,47781328",,,3232.0,65.0
112915,11,2,2500833.0,2021,11,17,4,3,2,3,2,0,1,0,0,0,0,0,"802103,4349","5827348,333","13,45275949","52,51234702",,,2947.0,18.0
112913,11,3,3200205.0,2021,9,15,6,3,5,2,0,1,1,0,0,0,0,1,"798153,4332","5836011,581","13,40250718","52,59217441",,,5038.0,31.0
112910,11,10,10400940.0,2021,4,16,5,2,5,3,0,1,1,0,0,0,0,0,"812566,2618","5827181,007","13,60628349","52,50495339",,,5357.0,55.0
112907,11,6,6400735.0,2021,4,15,3,3,5,2,0,1,1,0,0,0,0,1,"782346,8895","5815727,829","13,15259252","52,41873762",,,6235.0,41.0
112906,11,7,7601442.0,2021,6,6,4,3,1,5,0,0,1,0,1,0,0,0,"799663,676","5815318,126","13,40611695","52,40585892",,,6655.0,57.0
112904,11,4,4501148.0,2021,11,17,5,3,2,6,2,0,1,0,0,0,0,1,"793088,4593","5823060,552","13,31652971","52,47882739",,,2854.0,17.0
112902,11,4,4200308.0,2021,5,11,2,3,3,6,0,0,1,0,0,1,0,0,"790500,7215","5828515,45","13,28329378","52,52911368",,,3257.0,57.0
112901,11,10,10400837.0,2021,8,10,1,3,2,6,0,0,1,0,0,0,0,0,"811548,314","5827130,728","13,59128738","52,50508499",,,7353.0,59.0
112900,11,3,3400723.0,2021,9,14,4,3,3,6,0,0,0,0,1,0,1,0,"798362,8181","5833480,992","13,40331111","52,56937667",,,4648.0,37.0
112896,11,7,7601544.0,2021,2,10,1,3,5,7,0,0,1,0,0,0,0,0,"799926,2548","5813390,318","13,40823972","52,38843483",,,4760.0,20.0
112893,11,10,10400940.0,2021,6,13,5,3,2,6,0,0,1,0,0,0,0,0,"812071,8949","5827156,524","13,59900059","52,50501696",,,4241.0,63.0
112891,11,4,4200311.0,2021,9,13,6,2,3,6,0,0,1,0,1,0,0,0,"790544,1667","5825854,214","13,28160831","52,50523245",,,4649.0,53.0
112890,11,3,3601451.0,2021,10,19,1,3,0,6,2,0,1,0,1,0,0,0,"800640,9553","5829907,339","13,43358734","52,53609203",,,4240.0,51.0
112889,11,3,3601348.0,2021,8,18,7,3,5,2,0,1,1,0,0,0,0,0,"799600,8989","5830275,057","13,4186307","52,53996076",,,5043.0,50.0
112885,11,4,4200206.0,2021,7,15,3,3,2,6,0,0,1,0,0,0,0,0,"788896,1474","5826118,697","13,25762484","52,50847879",,,4768.0,57.0
112884,11,7,7200410.0,2021,10,14,2,2,1,5,0,1,0,0,0,0,1,0,"795444,9349","5823786,657","13,35177042","52,48406667",,,5072.0,61.0
112883,11,2,2500728.0,2021,12,10,4,3,0,7,0,1,0,0,0,0,0,0,"802946,5907","5827649,329","13,46541998","52,51457719",,,7430.0,57.0
112882,11,7,7501030.0,2021,5,8,7,3,6,4,0,0,1,1,0,0,0,0,"798000,2733","5819693,434","13,385635","52,44598692",,,4079.0,62.0
112879,11,8,8200622.0,2021,1,17,2,3,3,6,2,0,1,0,0,0,0,1,"801748,4851","5821822,856","13,44254228","52,46301784",,,4272.0,65.0
112875,11,7,7200411.0,2021,6,12,7,3,2,6,0,0,1,0,0,0,0,1,"795905,0188","5824393,978","13,35906515","52,48926167",,,3849.0,22.0
112871,11,12,12500927.0,2021,5,18,6,3,3,6,0,1,1,0,0,0,0,1,"793383,0877","5836329,709","13,33257128","52,59762041",,,4151.0,37.0
112870,11,4,4300414.0,2021,6,17,5,3,5,2,0,0,1,0,1,0,0,0,"791571,3263","5826545,771","13,29730464","52,51088422",,,3466.0,46.0
112869,11,7,7601236.0,2021,8,19,6,3,1,1,0,0,1,0,0,0,0,0,"796740,074","5816074,057","13,36393564","52,41422752",,,3246.0,58.0
112867,11,2,2500726.0,2021,9,16,2,3,0,7,0,1,0,0,0,0,0,0,"801916,2823","5828402,509","13,45096667","52,52189925",,,2851.0,8.0
112865,11,2,2200209.0,2021,3,9,6,3,3,6,0,0,1,0,0,1,0,0,"797785,2323","5824804,454","13,38704204","52,49191876",,,4824.0,53.0
112862,11,2,2500727.0,2021,6,18,4,3,2,6,0,0,1,0,0,0,0,1,"802148,9846","5827848,68","13,45388297","52,5168064",,,5664.0,53.0
112860,11,4,4501151.0,2021,9,15,2,3,2,6,0,0,1,0,0,0,0,0,"793810,0272","5822991,083","13,32706268","52,4778169",,,6368.0,50.0
112859,11,3,3400723.0,2021,11,14,5,3,1,5,0,0,1,0,0,0,1,0,"798402,1707","5833429,949","13,40384409","52,56889757",,,5051.0,33.0
112858,11,2,2200208.0,2021,9,12,4,3,5,2,0,1,1,0,0,0,0,0,"797896,849","5825439,479","13,38924901","52,4975501",,,3362.0,60.0
112855,11,7,7501133.0,2021,4,20,2,3,5,2,1,1,1,0,0,0,0,0,"797577,797","5818425,304","13,37830805","52,43484948",,,4850.0,38.0
112852,11,12,12601032.0,2021,10,16,3,3,2,6,0,0,1,0,0,0,1,0,"792738,537","5837410,827","13,32403838","52,60765938",,,4768.0,57.0
112851,11,4,4300621.0,2021,12,18,6,3,2,7,2,0,1,0,0,0,1,1,"792513,9321","5826725,53","13,31131251","52,51199106",,,5149.0,46.0
112848,11,9,9100202.0,2021,2,22,3,1,8,1,2,0,1,0,0,0,0,1,"803329,2497","5824338,648","13,46802652","52,48469146",,,3354.0,60.0
112844,11,3,3601347.0,2021,6,20,3,3,2,2,0,0,1,0,1,0,0,0,"799432,5147","5830307,275","13,41618436","52,5403421",,,3147.0,43.0
112840,11,10,10400940.0,2021,5,12,6,3,2,6,0,0,1,0,0,0,0,0,"812065,073","5827140,562","13,59888545","52,50487782",,,4357.0,21.0
112839,11,12,12400721.0,2021,8,17,4,3,5,3,0,1,1,0,0,0,0,0,"790996,6056","5841245,863","13,30176325","52,64297452",,,3439.0,54.0
112832,11,5,5200633.0,2021,7,9,7,2,5,3,0,0,1,0,0,0,0,0,"784343,3466","5826494,092","13,191045","52,51423682",,,5752.0,11.0
112830,11,3,3400831.0,2021,10,16,6,3,5,7,0,1,1,0,0,0,0,0,"800075,3247","5834038,937","13,42900767","52,57343634",,,4748.0,28.0
112829,11,9,9100203.0,2021,11,21,5,3,6,7,2,0,1,1,0,0,0,1,"804038,1139","5824306,139","13,4784038","52,48400585",,,3449.0,40.0
112828,11,12,12500927.0,2021,9,15,5,3,2,6,0,0,1,0,0,0,0,0,"793388,072","5836322,543","13,33263831","52,59755348",,,4234.0,52.0
112825,11,7,7501030.0,2021,4,17,5,3,3,6,0,0,1,0,0,0,0,0,"797951,3261","5819971,703","13,38516513","52,44850798",,,2737.0,55.0
112822,11,12,12601032.0,2021,3,13,3,3,3,6,0,0,1,0,1,0,0,0,"792807,1201","5837300,969","13,32495108","52,60663763",,,3859.0,62.0
112821,11,1,1100310.0,2021,10,22,2,2,3,6,2,1,1,0,0,0,0,0,"799045,3056","5827542,271","13,40800511","52,51577057",,,5649.0,33.0
112820,11,7,7501133.0,2021,12,10,4,3,3,6,0,0,1,0,0,0,1,1,"798285,593","5818648,815","13,38888826","52,43646749",,,3131.0,59.0
112819,11,7,7400720.0,2021,5,15,2,3,6,4,0,0,1,1,0,0,0,0,"797842,3037","5822464,311","13,38578959","52,47091091",,,5358.0,56.0
112818,11,5,5200528.0,2021,9,15,5,1,5,2,0,0,1,0,1,0,0,0,"782206,9977","5825008,353","13,15838734","52,50202459",,,4557.0,40.0
112816,11,2,2500728.0,2021,2,11,5,3,2,6,0,0,1,0,1,0,0,1,"802935,4972","5827650,372","13,46525795","52,5145927",,,3764.0,45.0
112813,11,7,7400721.0,2021,6,9,1,3,5,2,0,1,0,0,1,0,0,0,"797814,0224","5823053,155","13,38590022","52,47620466",,,5443.0,63.0
112810,11,4,4400726.0,2021,5,11,5,3,2,3,0,0,1,0,0,1,0,0,"791238,3449","5824615,352","13,29072357","52,49375598",,,3060.0,36.0
112809,11,7,7501135.0,2021,8,15,7,3,2,6,0,0,1,0,1,0,0,0,"798824,5392","5817300,676","13,39558814","52,42408883",,,4751.0,61.0
112805,11,11,11300725.0,2021,7,16,5,3,5,2,0,0,1,0,1,0,0,1,"804919,011","5827445,546","13,49420979","52,51165172",,,5137.0,55.0
112803,11,12,12400723.0,2021,10,15,5,3,5,2,0,0,1,0,1,0,0,0,"791854,96","5839129,334","13,31254366","52,62354013",,,3666.0,49.0
112802,11,4,4400727.0,2021,11,17,5,3,2,6,1,0,1,0,0,1,0,0,"791534,9682","5824376,64","13,29487141","52,49145759",,,2972.0,55.0
112798,11,2,2400625.0,2021,1,6,1,3,8,1,2,1,0,0,0,0,0,0,"801796,3989","5826319,607","13,44731622","52,50329643",,,3381.0,45.0
112795,11,4,4200206.0,2021,4,13,7,3,2,6,0,0,1,0,0,0,0,0,"786851,0503","5825824,34","13,22732089","52,5069189",,,5327.0,45.0
112794,11,4,4200311.0,2021,6,13,1,3,5,5,0,1,1,0,0,0,0,0,"790515,9155","5826374,98","13,28164774","52,50991619",,,1557.0,28.0
112789,11,4,4200308.0,2021,7,20,7,3,3,6,1,0,1,0,0,1,0,0,"790462,2691","5828449,192","13,28267066","52,52854017",,,4222.0,53.0
112787,11,7,7300619.0,2021,10,7,3,2,2,6,1,0,1,0,0,0,0,1,"795911,1295","5822693,263","13,35764538","52,47401282",,,3848.0,36.0