OBJECTID,LAND,BEZ,LOR_ab_2021,UJAHR,UMONAT,USTUNDE,UWOCHENTAG,UKATEGORIE,UART,UTYP1,ULICHTVERH,IstRad,IstPKW,IstFuss,IstKrad,IstGkfz,IstSonstige,USTRZUSTAND,LINREFX,LINREFY,XGCSWGS84,YGCSWGS84,LOR,STRASSE,quadrant,quadrant_rank
112786,11,3,3601451.0,2021,11,9,6,3,2,6,0,0,1,0,0,0,0,0,"800581,0641","5829912,965","13,43271208","52,5361755",,,6761.0,58.0
112785,11,7,7501133.0,2021,9,16,6,3,2,7,0,0,1,0,0,0,0,0,"798224,2256","5818775,802","13,38810149","52,43763926",,,3351.0,63.0
112782,11,1,1100310.0,2021,4,20,5,3,5,2,1,1,1,0,0,0,0,1,"799079,3393","5827595,299","13,40855283","52,51622723",,,7457.0,61.0
112779,11,7,7400822.0,2021,3,14,5,3,2,6,0,0,1,0,0,0,0,1,"796820,9329","5822396,028","13,37073656","52,47085474",,,6430.0,58.0
112778,11,7,7200410.0,2021,10,18,3,3,0,5,2,0,1,0,0,0,0,1,"795327,4541","5823629,716","13,34990636","52,48272336",,,3436.0,49.0
112777,11,1,1100102.0,2021,12,16,1,3,5,3,1,0,1,0,0,0,0,1,"796676,764","5826211,163","13,37201659","52,5051321",,,6448.0,65.0
112776,11,4,4100101.0,2021,9,14,3,3,0,1,0,0,1,0,0,0,0,0,"790892,7734","5829007,481","13,28948738","52,53331565",,,6056.0,54.0
112774,11,7,7601236.0,2021,2,12,2,3,4,1,0,0,1,0,0,0,1,2,"797162,098","5817054,421","13,37099303","52,42278671",,,5855.0,64.0
112770,11,4,4100101.0,2021,6,16,5,3,2,6,0,0,1,0,0,0,1,0,"790970,8991","5828987,714","13,2906186","52,53309673",,,5269.0,57.0
112766,11,1,1100310.0,2021,5,18,4,3,0,2,0,1,1,0,0,0,0,0,"799792,5569","5828613,13","13,41994934","52,52495889",,,6369.0,61.0
112765,11,7,7601236.0,2021,8,17,4,3,5,3,0,0,1,0,1,0,0,0,"796614,1709","5816012,315","13,36203519","52,41374229",,,3256.0,49.0
112761,11,1,1100310.0,2021,7,13,5,3,5,3,0,1,0,0,0,0,1,0,"799320,3653","5827928,357","13,41239386","52,51908037",,,5046.0,45.0
112759,11,2,2400521.0,2021,10,19,5,3,5,3,2,0,1,0,1,0,0,0,"800400,706","5827977,743","13,42831257","52,518929",,,1658.0,8.0
112758,11,12,12100103.0,2021,11,16,1,3,5,7,2,0,1,0,0,0,0,0,"795336,9183","5833745,999","13,35903137","52,57340237",,,5155.0,43.0
112754,11,3,3601141.0,2021,4,14,5,3,1,5,0,0,1,0,0,0,0,1,"799202,7437","5831557,678","13,41393292","52,55167622",,,4354.0,42.0
112751,11,2,2500835.0,2021,3,10,4,3,5,3,0,0,1,0,0,1,0,0,"801835,1686","5826227,769","13,44780241","52,50245183",,,6143.0,61.0
112750,11,4,4300414.0,2021,6,15,4,3,6,4,0,0,1,1,0,0,0,0,"791561,8946","5826565,403","13,29718326","52,51106526",,,4951.0,32.0
112748,11,7,7501133.0,2021,11,16,6,3,5,2,1,0,1,0,0,0,1,1,"798466,8899","5818155,113","13,39110656","52,43194311",,,1455.0,54.0
112746,11,6,6300527.0,2021,5,14,4,2,2,6,0,0,0,0,1,1,0,0,"790237,2919","5818329,981","13,27055314","52,43793943",,,5238.0,46.0
112745,11,1,1100310.0,2021,8,6,1,3,5,2,0,0,1,0,0,0,0,0,"799105,0119","5827690,29","13,40901544","52,51706461",,,5658.0,55.0
112744,11,3,3200205.0,2021,9,15,4,3,5,3,0,0,1,0,0,0,0,0,"798165,874","5836123,633","13,40279116","52,59317197",,,3959.0,52.0
112740,11,12,12400723.0,2021,2,14,5,3,2,6,0,0,1,0,0,0,0,0,"792114,6667","5837967,142","13,31534281","52,61298209",,,4031.0,65.0
112737,11,9,9200613.0,2021,6,16,7,3,2,6,0,0,1,0,0,0,0,0,"806775,7178","5820984,765","13,51553888","52,4527076",,,4859.0,52.0
112735,11,7,7400720.0,2021,9,5,1,2,1,6,2,0,1,0,0,0,0,0,"797774,3952","5823571,027","13,38578094","52,48086841",,,5249.0,5.0
112734,11,2,2400625.0,2021,11,0,7,3,6,4,2,0,0,1,0,0,1,1,"801872,9496","5826522,075","13,44862415","52,50506882",,,2854.0,17.0
112733,11,7,7501030.0,2021,8,18,3,3,2,6,0,0,1,0,0,0,0,0,"798111,7914","5819180,742","13,38681357","52,4413304",,,2085.0,63.0
112728,11,12,12500927.0,2021,7,19,2,3,3,6,0,0,1,0,0,0,0,0,"793411,8147","5836199,13","13,33287849","52,59643436",,,5351.0,36.0
112727,11,1,1300836.0,2021,10,15,6,3,5,2,0,0,1,0,0,0,0,1,"796343,923","5830077,937","13,37057247","52,53997479",,,2934.0,62.0
112726,11,2,2500727.0,2021,11,17,3,3,5,2,2,1,1,0,0,0,0,1,"802579,0961","5827686,957","13,46005519","52,51511844",,,2758.0,64.0
112725,11,3,3601451.0,2021,5,19,2,3,5,3,0,1,1,0,0,0,0,0,"800578,0533","5829914,358","13,43266909","52,53618964",,,4748.0,28.0
112722,11,7,7300619.0,2021,1,15,3,3,2,2,1,0,1,0,0,0,0,1,"795707,786","5823146,433","13,35506211","52,47818526",,,4363.0,22.0
112718,11,3,3601142.0,2021,6,23,1,3,5,2,2,0,1,0,1,0,0,0,"799170,3292","5830364,129","13,41238118","52,54099572",,,4023.0,43.0
112714,11,3,3701657.0,2021,5,16,6,2,2,6,0,0,0,0,1,0,1,1,"800447,8659","5829974,765","13,43081005","52,53680286",,,2623.0,62.0
112713,11,10,10300734.0,2021,6,16,5,3,2,6,0,0,1,0,1,0,0,0,"810473,8816","5827073,93","13,57545546","52,50518842",,,4615.0,51.0
112712,11,3,3400620.0,2021,8,18,1,2,5,3,0,0,1,0,0,0,0,0,"798042,6871","5833914,83","13,39899157","52,57344078",,,5960.0,57.0
112710,11,7,7501133.0,2021,9,14,6,3,2,3,0,1,1,0,0,0,0,1,"798266,6304","5818638,776","13,38860118","52,43638784",,,3557.0,60.0
112709,11,9,9200613.0,2021,3,13,6,2,2,2,0,0,1,0,0,1,0,0,"805508,469","5822223,96","13,4980823","52,46452364",,,3049.0,57.0
112706,11,2,2500727.0,2021,7,20,3,3,0,1,0,1,0,0,0,0,0,0,"802175,9803","5827752,07","13,45419186","52,51592553",,,5035.0,60.0
112704,11,9,9100101.0,2021,9,0,4,3,5,2,2,1,0,0,0,0,1,0,"802593,7752","5825083,805","13,45790523","52,49177837",,,2858.0,52.0
112703,11,7,7501133.0,2021,11,9,5,3,2,2,0,0,1,0,0,0,1,0,"797478,4228","5817983,32","13,37645733","52,43094156",,,4650.0,45.0
112702,11,3,3601347.0,2021,8,16,2,3,2,6,0,0,1,0,0,0,1,1,"799268,7245","5830343,863","13,41380945","52,54076003",,,4551.0,40.0
112699,11,5,5400943.0,2021,4,12,2,3,5,3,0,1,1,0,0,0,0,0,"780178,4245","5822276,179","13,12628297","52,478571",,,4942.0,18.0
112696,11,7,7601547.0,2021,3,10,7,3,3,6,0,0,1,0,0,0,0,1,"800376,3585","5812645,944","13,41416709","52,38151593",,,3866.0,65.0
112695,11,1,1100102.0,2021,10,4,1,3,0,7,2,1,0,0,0,0,1,0,"794645,0773","5827086,879","13,34294534","52,51408331",,,6088.0,54.0
112694,11,7,7100205.0,2021,12,21,3,3,3,6,2,1,1,0,0,0,0,1,"796033,162","5825276,908","13,36173144","52,49710691",,,3538.0,44.0
112693,11,1,1100104.0,2021,9,20,6,3,2,2,2,0,1,0,0,0,0,0,"796211,3171","5825846,542","13,36485473","52,50211651",,,7661.0,63.0
112691,11,8,8200622.0,2021,2,12,4,3,0,7,0,0,0,0,0,0,1,1,"802292,4195","5821928,251","13,45061969","52,46366187",,,1658.0,8.0
112687,11,2,2400521.0,2021,6,9,5,3,0,1,0,1,0,0,0,0,0,0,"800428,756","5827893,736","13,42864886","52,51816057",,,4652.0,24.0
112683,11,2,2500728.0,2021,5,12,5,1,3,5,0,1,0,0,0,1,1,0,"802989,8632","5827661,081","13,46606641","52,51465848",,,4136.0,57.0
112682,11,7,7501133.0,2021,8,6,4,3,1,5,0,0,1,0,0,0,1,0,"798443,5421","5818211,908","13,39081485","52,43246494",,,4942.0,18.0
112678,11,1,1100102.0,2021,7,17,6,2,6,4,0,0,1,1,0,0,0,0,"794653,708","5827073,098","13,34305996","52,51395511",,,6345.0,61.0
112674,11,3,3701660.0,2021,7,12,6,3,0,1,0,1,0,0,0,0,0,0,"800008,8561","5828979,327","13,42345838","52,52812226",,,4658.0,28.0
112672,11,7,7501030.0,2021,10,19,3,3,3,6,2,0,1,0,0,0,1,1,"798071,3037","5819370,754","13,38638916","52,44305573",,,2528.0,57.0
112671,11,3,3500936.0,2021,11,20,3,3,3,6,2,0,1,0,0,0,0,1,"801535,5221","5831186,587","13,44789755","52,54706378",,,4133.0,63.0
112670,11,6,6400737.0,2021,9,18,5,2,8,1,0,0,1,0,0,0,0,0,"786402,3551","5816901,902","13,21306931","52,42715711",,,4953.0,49.0
112667,11,4,4200206.0,2021,4,15,7,3,5,2,0,1,0,0,0,0,0,0,"788371,5555","5826034,297","13,24984365","52,50799966",,,3974.0,65.0
112664,11,3,3601449.0,2021,4,15,6,2,5,2,0,0,1,0,0,0,0,0,"801342,9431","5830998,378","13,44489539","52,54548341",,,5764.0,57.0
112663,11,7,7400720.0,2021,10,20,3,3,2,6,2,0,1,0,0,0,0,0,"797791,3265","5823530,035","13,38599291","52,48049173",,,4750.0,40.0
112662,11,4,4400725.0,2021,12,7,6,3,3,6,2,0,1,0,0,0,0,1,"790629,8701","5825033,727","13,28215135","52,49783108",,,4423.0,52.0
112661,11,4,4200308.0,2021,8,13,2,2,0,1,0,0,0,0,1,0,0,0,"790467,894","5828415,751","13,28272412","52,52823738",,,5055.0,41.0
112658,11,7,7200308.0,2021,2,9,4,3,2,6,0,0,1,0,0,0,0,0,"795230,843","5823513,413","13,34838482","52,48173303",,,5654.0,60.0
112655,11,1,1100207.0,2021,6,13,3,3,2,7,0,0,1,0,1,0,0,0,"798966,319","5827418,654","13,4067335","52,51470582",,,4166.0,53.0
112652,11,1,1100207.0,2021,5,9,3,3,2,6,0,0,1,0,0,0,0,0,"798635,7727","5827033,609","13,40153138","52,5114355",,,4654.0,10.0
112651,11,4,4300621.0,2021,8,13,2,3,6,7,0,1,0,1,0,0,0,0,"792566,9682","5826734,441","13,31209963","52,5120425",,,4344.0,28.0
112647,11,2,2100101.0,2021,7,6,4,3,3,6,0,0,1,0,0,0,0,0,"797300,4111","5825591,351","13,38062451","52,49923671",,,1660.0,30.0
112645,11,3,3701657.0,2021,10,17,5,3,3,6,0,1,0,0,0,0,0,0,"800062,041","5830191,77","13,42533456","52,53896051",,,6167.0,41.0
112644,11,4,4400725.0,2021,11,17,5,3,3,6,2,0,1,0,0,1,0,1,"790532,2438","5825218,846","13,28087877","52,49954267",,,2356.0,61.0
112642,11,4,4200206.0,2021,5,15,1,3,2,6,0,0,1,0,0,0,0,1,"788383,9118","5826036,285","13,25002692","52,50801096",,,4251.0,2.0
112639,11,2,2200208.0,2021,1,12,4,3,3,6,0,0,1,0,0,1,0,0,"797868,7436","5825027,618","13,38846794","52,4938736",,,4953.0,49.0
112636,11,7,7501133.0,2021,4,1,1,3,5,2,2,0,1,0,0,0,0,1,"798181,752","5818924,81","13,38761144","52,4389981",,,5074.0,56.0
112635,11,10,10400941.0,2021,6,17,4,3,5,2,0,1,1,0,0,0,0,0,"813550,9263","5827159,332","13,62072288","52,50419424",,,7263.0,61.0
112631,11,12,12100101.0,2021,5,11,3,3,2,6,0,0,1,0,0,0,0,0,"795809,0701","5832452,408","13,36482456","52,56155023",,,7432.0,62.0
112630,11,8,8100521.0,2021,8,14,6,3,2,6,0,0,1,0,0,0,0,0,"802654,576","5821738,984","13,45576256","52,46176499",,,3862.0,51.0
112628,11,7,7400824.0,2021,9,16,6,3,0,1,0,0,1,0,0,0,0,1,"797694,6572","5822311,382","13,38348592","52,46962055",,,3848.0,36.0
112626,11,7,7501030.0,2021,3,12,4,2,6,7,0,0,0,1,0,0,1,0,"798022,5514","5819629,132","13,38590447","52,44539838",,,4657.0,9.0
112623,11,3,3601139.0,2021,7,20,6,2,0,2,0,1,1,0,0,0,0,0,"799199,2257","5832020,08","13,41429792","52,55582286",,,3348.0,36.0
112621,11,3,3100103.0,2021,9,14,4,3,3,6,0,0,1,0,0,1,0,0,"803920,3016","5839827,245","13,4908827","52,62318045",,,6370.0,63.0
112620,11,6,6400737.0,2021,11,8,2,3,5,3,0,0,1,0,0,0,0,0,"785698,269","5816405,609","13,20231835","52,42307542",,,6051.0,55.0
112619,11,1,1100310.0,2021,8,1,1,3,2,6,2,1,1,0,0,0,0,0,"799709,0759","5828474,049","13,41859718","52,52375814",,,3460.0,57.0
112614,11,1,1100104.0,2021,7,14,7,3,5,2,0,1,1,0,0,0,0,0,"796206,1451","5825835,12","13,3647686","52,50201693",,,4947.0,51.0
112613,11,2,2100101.0,2021,10,19,4,3,5,2,2,1,1,0,0,0,0,0,"797284,7209","5825593,917","13,38039635","52,49926826",,,3549.0,24.0
112612,11,7,7200308.0,2021,12,8,6,3,0,1,1,0,0,0,1,0,0,1,"794590,4698","5823120,239","13,33863494","52,4785543",,,5658.0,55.0
112609,11,7,7601544.0,2021,1,11,3,3,5,2,0,0,1,0,0,0,0,0,"799806,7265","5813852,25","13,40690173","52,39264089",,,4555.0,52.0
112605,11,7,7400822.0,2021,6,16,6,3,2,6,0,0,1,0,0,1,0,0,"796415,2048","5822613,751","13,36497445","52,47302675",,,4770.0,65.0
112601,11,1,1100102.0,2021,5,10,3,3,5,3,0,0,1,0,0,0,1,0,"796682,6447","5826208,705","13,37210078","52,50510688",,,2522.0,65.0
112600,11,12,12500930.0,2021,6,12,6,3,2,6,0,0,1,0,0,0,0,0,"794063,015","5835082,502","13,34147364","52,5860729",,,2874.0,52.0
112599,11,4,4400830.0,2021,8,14,4,3,2,6,0,0,1,0,0,0,0,0,"791950,1925","5823957,788","13,3006028","52,48748071",,,6163.0,63.0
112593,11,9,9100101.0,2021,7,6,2,2,2,2,0,1,0,0,0,1,0,0,"802586,6565","5825067,3","13,45778571","52,49163438",,,3466.0,46.0
112591,11,1,1300836.0,2021,10,12,6,1,5,2,0,1,0,0,0,1,0,0,"796288,9374","5830295,632","13,36995823","52,5419561",,,5650.0,43.0
112590,11,4,4200311.0,2021,11,7,5,3,3,6,0,0,1,0,0,1,0,0,"790738,2469","5826465,98","13,28499402","52,51061356",,,4864.0,14.0
112589,11,10,10100312.0,2021,12,17,4,2,6,4,2,0,1,1,0,0,0,1,"807670,9065","5829886,141","13,53689003","52,53197917",,,7170.0,65.0
112588,11,12,12100205.0,2021,5,15,1,3,5,3,0,0,1,0,0,0,0,0,"794559,2845","5833816,034","13,34765205","52,5744516",,,5034.0,59.0
112587,11,3,3601449.0,2021,8,16,3,3,5,2,0,1,1,0,0,0,0,0,"801016,932","5830555,206","13,43970075","52,54169143",,,4664.0,42.0
112586,11,3,3601142.0,2021,9,10,5,3,4,6,0,1,0,0,0,0,1,0,"799151,0116","5830806,478","13,41249553","52,5449713",,,8621.0,65.0
112582,11,1,1100310.0,2021,2,6,3,3,5,2,0,1,0,0,0,0,1,0,"799596,8435","5828281,211","13,41677418","52,52209133",,,3741.0,61.0
112579,11,6,6400735.0,2021,6,17,1,2,1,5,0,0,1,0,1,0,0,0,"778927,3903","5814983,109","13,10182059","52,4138131",,,3650.0,32.0
112577,11,3,3601451.0,2021,9,19,4,3,5,2,2,1,1,0,0,0,0,0,"800606,4017","5829899,506","13,43307235","52,53604088",,,3947.0,56.0
112576,11,2,2500727.0,2021,11,9,3,3,2,2,0,0,1,0,0,0,0,1,"802178,1345","5827715,384","13,45419019","52,51559552",,,5045.0,46.0
112575,11,6,6300629.0,2021,8,16,4,3,4,6,0,0,1,0,0,0,1,0,"792753,1006","5819956,639","13,30888289","52,45118132",,,4948.0,23.0
112570,11,7,7400824.0,2021,7,22,3,3,5,3,2,0,1,0,0,0,0,0,"797829,1018","5822373,316","13,38551458","52,47010245",,,3038.0,62.0
112569,11,1,1100310.0,2021,10,8,7,3,2,6,0,0,1,0,0,0,1,1,"799550,0053","5828282,83","13,41608736","52,52213158",,,4868.0,52.0
112568,11,3,3701660.0,2021,12,16,2,3,5,2,2,1,1,0,0,0,0,0,"800044,5914","5828994,889","13,42399761","52,52824209",,,4646.0,50.0
112567,11,7,7501133.0,2021,5,11,2,3,5,2,0,1,0,0,0,0,1,0,"797447,9603","5817846,326","13,37588873","52,4297301",,,3567.0,10.0
112563,11,4,4400726.0,2021,1,11,5,3,5,3,0,0,1,0,0,0,0,0,"791228,7405","5824620,315","13,29058684","52,4938056",,,1762.0,53.0
112559,11,7,7400927.0,2021,6,6,5,3,2,6,0,0,1,0,0,0,0,0,"798518,8065","5822085,263","13,39538029","52,46714396",,,4357.0,21.0
112555,11,4,4200311.0,2021,5,20,2,3,3,6,2,0,1,0,0,1,0,1,"790040,2708","5825190,243","13,27362675","52,49954795",,,4673.0,61.0
112554,11,12,12200414.0,2021,8,15,6,3,3,6,0,0,1,0,0,0,0,0,"791633,5781","5830875,987","13,30201808","52,54967053",,,5050.0,37.0
112552,11,11,11300724.0,2021,9,5,4,2,3,6,2,0,1,0,1,0,0,0,"804485,7225","5827507,716","13,48790172","52,51245096",,,7835.0,51.0
112551,11,3,3701660.0,2021,3,16,3,3,5,2,0,0,0,0,1,0,1,0,"800387,267","5829541,732","13,4295279","52,53295488",,,2654.0,58.0
112547,11,12,12601032.0,2021,7,15,6,3,2,1,0,0,1,0,0,0,0,1,"792716,916","5837436,284","13,32374253","52,60789923",,,4467.0,55.0
112545,11,4,4300414.0,2021,9,10,3,3,0,1,0,0,0,0,1,0,0,1,"791106,4925","5826471,428","13,29040958","52,510466",,,3474.0,49.0
112544,11,9,9200613.0,2021,11,17,4,3,4,6,2,1,0,0,0,0,0,0,"805798,5606","5821947,198","13,50208552","52,46188089",,,3655.0,57.0
112543,11,4,4400725.0,2021,8,16,6,3,2,6,0,0,1,0,0,0,0,0,"790556,3766","5825144,222","13,28116817","52,49886081",,,5939.0,38.0
112540,11,10,10300733.0,2021,4,12,4,3,2,6,0,0,1,0,0,0,0,0,"808764,7052","5827439,37","13,5506928","52,5094333",,,4345.0,48.0
112537,11,6,6400737.0,2021,3,14,4,3,3,6,0,0,1,0,0,0,1,0,"785371,281","5818205,199","13,19905864","52,43938145",,,4657.0,9.0
112536,11,3,3601451.0,2021,10,18,4,3,5,2,2,1,0,0,0,0,1,0,"800625,2075","5829918,216","13,4333657","52,53619821",,,4758.0,63.0
112535,11,1,1100102.0,2021,12,20,7,3,2,2,2,0,1,0,0,0,0,0,"796453,881","5827390,807","13,36979314","52,51582761",,,5354.0,49.0
112534,11,7,7501030.0,2021,9,21,6,3,0,6,2,0,1,0,0,0,1,0,"797998,7117","5819702,13","13,38561985","52,44606572",,,3339.0,61.0
112532,11,7,7400927.0,2021,2,9,4,3,2,6,0,0,1,0,0,0,0,1,"797956,9584","5822358,203","13,38737777","52,46989725",,,4266.0,52.0
112528,11,6,6300527.0,2021,6,8,5,3,5,2,0,0,1,0,0,1,0,0,"790161,884","5818290,612","13,26941275","52,43762649",,,4467.0,55.0
112524,11,2,2400522.0,2021,5,17,1,3,2,6,0,0,1,0,0,0,0,1,"801774,0773","5827769,851","13,44830319","52,51630742",,,6956.0,65.0
112523,11,11,11300722.0,2021,5,15,6,3,5,3,0,1,1,0,0,0,0,1,"804226,0691","5827519,655","13,48409826","52,51270284",,,4757.0,11.0
112522,11,4,4200310.0,2021,8,7,6,3,2,6,0,1,0,0,0,0,0,0,"789142,7925","5826156,533","13,26128174","52,50868732",,,3868.0,48.0
112518,11,12,12100204.0,2021,7,15,3,3,1,5,0,0,1,0,0,0,0,0,"795723,5254","5832812,135","13,3638869","52,5648213",,,2160.0,45.0
112514,11,3,3601139.0,2021,7,17,7,3,0,1,0,1,0,0,0,0,0,0,"799221,2353","5832044,62","13,41464372","52,55603072",,,4837.0,50.0
112512,11,7,7601547.0,2021,10,7,2,3,6,4,0,0,1,1,0,0,0,0,"800578,4055","5812245,727","13,41676802","52,37781775",,,5040.0,48.0
112511,11,7,7400824.0,2021,11,19,2,3,0,6,2,0,1,0,0,0,1,0,"797865,9118","5821680,913","13,3854368","52,46387574",,,2559.0,56.0
112509,11,11,11300722.0,2021,9,16,6,3,5,2,0,0,1,0,1,0,0,0,"803742,834","5827568,253","13,47704369","52,5134077",,,4322.0,52.0
112506,11,3,3701657.0,2021,4,11,2,3,2,2,0,0,1,0,0,0,0,0,"799983,8276","5830224,046","13,42421394","52,53929287",,,4466.0,58.0
112503,11,4,4300621.0,2021,3,11,3,3,5,3,0,1,1,0,0,0,0,0,"792257,4631","5826682,764","13,30750651","52,51174515",,,4363.0,22.0
112502,11,4,4400727.0,2021,7,14,5,3,6,7,0,0,1,0,0,0,1,0,"791707,0025","5824214,818","13,2972564","52,48991496",,,4459.0,28.0
112500,11,6,6400735.0,2021,10,14,7,3,6,7,0,1,0,1,0,0,0,0,"781746,2191","5815593,037","13,14366982","52,41783854",,,4254.0,60.0
112499,11,6,6300629.0,2021,12,19,7,3,0,6,2,0,1,0,1,0,0,2,"792365,8035","5819715,234","13,30298862","52,44922442",,,4423.0,52.0
112498,11,1,1100310.0,2021,8,19,4,3,2,6,0,1,1,0,0,0,0,0,"799318,6624","5827926,333","13,41236702","52,51906316",,,4033.0,40.0
112495,11,1,1400940.0,2021,3,15,3,3,5,3,0,1,0,0,1,0,0,0,"795864,3529","5832054,696","13,36528315","52,5579551",,,4265.0,5.0
112492,11,9,9100101.0,2021,6,16,2,3,4,6,0,1,0,0,0,0,0,0,"802848,8455","5825477,463","13,46200846","52,49516525",,,5768.0,60.0
112490,11,7,7601442.0,2021,9,14,5,3,5,3,0,0,1,0,0,0,0,0,"799732,3755","5814397,287","13,40629986","52,39756716",,,3667.0,63.0
112489,11,10,10400940.0,2021,5,16,3,3,5,3,0,1,1,0,0,0,0,0,"812565,7574","5827180,98","13,60627606","52,50495344",,,4358.0,45.0
112488,11,1,1100310.0,2021,8,16,3,3,1,5,0,0,1,0,1,0,0,0,"799617,066","5828380,059","13,41716039","52,52296623",,,2854.0,17.0
112484,11,2,2400521.0,2021,7,9,3,3,2,3,0,1,0,0,0,0,0,0,"800355,2697","5827973,276","13,42764091","52,51891399",,,3131.0,59.0
112482,11,7,7501030.0,2021,10,14,4,3,5,2,0,1,1,0,0,0,0,0,"797884,4768","5820425,942","13,3845895","52,45261618",,,1556.0,46.0
112481,11,7,7400720.0,2021,11,8,2,3,5,2,0,1,1,0,0,0,0,1,"797773,5523","5823588,932","13,38578456","52,48102936",,,4757.0,11.0
112479,11,2,2500726.0,2021,5,14,7,3,0,1,0,0,1,0,1,0,0,0,"801788,8681","5828597,111","13,44927101","52,52371401",,,3449.0,40.0
112476,11,4,4200311.0,2021,1,14,3,3,2,6,0,0,1,0,0,0,1,0,"790693,723","5826332,983","13,28422365","52,50944497",,,4717.0,54.0
112472,11,12,12200310.0,2021,4,17,1,3,3,6,0,0,1,0,0,1,0,0,"791710,4499","5833404,061","13,30537096","52,57229285",,,3353.0,38.0
112471,11,7,7601341.0,2021,6,11,4,3,2,6,0,0,1,0,0,0,1,0,"796426,0283","5815405,148","13,35873943","52,40840138",,,5665.0,61.0
112467,11,2,2500727.0,2021,5,15,5,3,5,3,0,0,1,0,0,0,0,1,"802179,8209","5827735,063","13,45423284","52,51577096",,,4859.0,52.0
112466,11,2,2500727.0,2021,8,17,6,2,5,2,0,1,0,0,0,0,1,1,"802581,8631","5827686,679","13,46009558","52,51511441",,,3058.0,38.0
112464,11,1,1100310.0,2021,9,19,3,3,2,6,1,0,1,0,0,0,0,0,"799597,7001","5828282,643","13,41678806","52,5221037",,,5327.0,45.0
112462,11,4,4300621.0,2021,3,18,3,3,6,4,2,1,0,1,0,0,0,0,"792110,0645","5826657,753","13,30531876","52,51159989",,,3522.0,63.0
112459,11,6,6400737.0,2021,6,2,1,3,1,5,2,0,1,0,0,0,1,0,"786421,1011","5816886,011","13,21333065","52,42700483",,,2548.0,65.0
112457,11,10,10400940.0,2021,9,13,2,3,0,1,0,1,0,0,0,0,0,0,"812806,8864","5827178,789","13,60981503","52,50479562",,,5729.0,65.0
112456,11,9,9100101.0,2021,11,14,4,3,6,4,0,0,0,1,1,0,0,0,"802774,6593","5825332,08","13,46078691","52,49390335",,,4464.0,34.0
112455,11,1,1100310.0,2021,8,7,3,3,0,2,0,1,0,0,0,0,1,1,"799782,44","5828662,487","13,41984516","52,52540686",,,3476.0,57.0
112451,11,2,2500727.0,2021,7,13,7,2,5,2,0,0,1,0,0,0,0,0,"802180,4469","5827727,107","13,45423481","52,51569931",,,1860.0,58.0
112450,11,12,12400721.0,2021,10,8,3,3,5,3,0,1,1,0,0,0,0,1,"790998,3323","5841243,444","13,30178657","52,64295191",,,2453.0,65.0
112449,11,2,2500728.0,2021,12,21,4,2,6,2,2,0,1,1,0,0,0,0,"803078,4134","5827652,087","13,46735914","52,51452867",,,2546.0,65.0
112446,11,10,10100206.0,2021,1,4,3,3,5,3,2,0,1,0,0,0,1,2,"808904,9131","5833415,649","13,55830687","52,56291161",,,5356.0,13.0
112442,11,3,3601449.0,2021,6,1,1,3,0,1,2,0,0,0,0,0,1,0,"800950,098","5830448,315","13,4386214","52,54077026",,,4867.0,65.0
112438,11,7,7300619.0,2021,5,10,4,3,2,6,0,0,1,0,0,0,0,0,"795339,5817","5822791,362","13,34934188","52,47520154",,,3634.0,50.0
112437,11,4,4200207.0,2021,8,16,7,3,0,7,0,0,1,0,0,0,1,0,"788211,955","5822400,767","13,24435547","52,47550757",,,4449.0,28.0
112431,11,4,4300414.0,2021,7,15,7,3,6,4,0,1,0,1,0,0,0,0,"791585,3658","5826548,132","13,297513","52,51089788",,,4245.0,40.0
112429,11,12,12601031.0,2021,10,7,7,3,9,1,0,0,1,0,0,0,0,0,"793360,7846","5836430,097","13,33233188","52,59853235",,,5445.0,59.0
112428,11,7,7501030.0,2021,11,16,5,3,6,4,0,0,1,1,0,0,0,1,"797929,583","5820164,603","13,38501819","52,45024897",,,3660.0,50.0
112427,11,5,5200528.0,2021,9,15,7,3,2,6,0,0,1,0,0,0,0,0,"783700,9278","5826664,84","13,18174917","52,51610233",,,5928.0,63.0
112424,11,1,1100207.0,2021,4,13,5,3,5,7,0,0,0,0,1,0,0,0,"798835,5477","5827239,657","13,40465139","52,51317304",,,3653.0,61.0
112421,11,7,7400823.0,2021,3,14,4,3,2,7,0,0,1,0,0,0,0,0,"796844,6447","5822390,222","13,37107945","52,47078981",,,5429.0,59.0
112420,11,3,3601245.0,2021,10,10,6,3,0,6,0,0,1,0,0,0,1,0,"800238,5163","5831288,411","13,42891996","52,54869279",,,3585.0,65.0
112419,11,6,6400735.0,2021,12,17,1,3,5,2,2,1,1,0,0,0,0,1,"782515,5814","5815767,111","13,15509963","52,41900278",,,3228.0,32.0
112418,11,10,10300733.0,2021,9,7,3,3,2,6,0,0,1,0,0,0,1,0,"808810,005","5827437,677","13,55135659","52,50939248",,,6049.0,61.0
112416,11,11,11300724.0,2021,2,14,7,3,2,6,0,0,1,0,0,0,0,2,"804284,5913","5827528,386","13,48496596","52,51274845",,,4347.0,52.0
112412,11,3,3400725.0,2021,6,17,6,3,2,6,0,0,1,0,0,0,0,0,"800399,8349","5835525,672","13,43512908","52,58658314",,,1558.0,34.0