OBJECTID,LAND,BEZ,LOR_ab_2021,UJAHR,UMONAT,USTUNDE,UWOCHENTAG,UKATEGORIE,UART,UTYP1,ULICHTVERH,IstRad,IstPKW,IstFuss,IstKrad,IstGkfz,IstSonstige,USTRZUSTAND,LINREFX,LINREFY,XGCSWGS84,YGCSWGS84,LOR,STRASSE,quadrant,quadrant_rank
49219,11,8,,2019,1,3,4,3,3,6,2,0,1,0,0,1,0,1,"802207,3872","5821926,654","13,44937","52,46369",8020619.0,Buschkrugallee Nord,5338.0,54.0
49222,11,2,,2019,1,4,3,3,2,6,2,0,1,0,0,0,0,1,"797332,4939","5825588,423","13,38109","52,49919",2010101.0,Askanischer Platz,4348.0,45.0
49223,11,6,,2019,1,11,3,2,5,2,0,0,1,0,0,0,0,1,"794018,691","5821046,749","13,32841","52,46027",6010209.0,Feuerbachstraße,3537.0,58.0
49228,11,4,,2019,1,5,3,3,9,1,2,0,1,0,0,0,0,1,"790313,0473","5825487,58","13,27789","52,50207",4020314.0,Messegelände,2749.0,61.0
49229,11,1,,2019,2,10,4,1,5,2,0,1,0,0,0,1,0,0,"799571,012","5828269,929","13,41638","52,522",1011303.0,Alexanderplatzviertel,4855.0,25.0
49232,11,2,,2019,1,2,3,3,2,6,2,0,1,0,0,0,0,1,"797777,9576","5825474,655","13,38753","52,49793",2020202.0,Rathaus Yorckstraße,4448.0,24.0
49233,11,7,,2019,1,21,7,3,2,6,2,0,1,0,0,0,0,1,"797845,7323","5822074,498","13,38549","52,46741",7040403.0,Manteuffelstraße,4339.0,29.0
49236,11,7,,2019,1,14,6,3,5,2,0,1,1,0,0,0,0,0,"797550,088","5818304,145","13,37779","52,43378",7050502.0,Fritz-Werner-Straße,4229.0,34.0
49238,11,9,,2019,1,2,3,3,2,4,2,0,1,1,0,0,0,1,"802731,5974","5825212,336","13,46005","52,49285",9010102.0,Am Treptower Park Nord,5446.0,19.0
49239,11,3,,2019,2,18,5,3,2,6,2,0,1,0,0,0,0,0,"800337,5764","5830029,634","13,42924","52,53736",3071633.0,Thälmannpark,5059.0,35.0
49248,11,3,,2019,2,15,6,3,6,2,0,0,1,1,0,0,0,0,"801322,9569","5830980,634","13,44459","52,54534",3061429.0,Greifswalder Straße,5262.0,43.0
49250,11,4,,2019,3,12,6,3,5,2,0,0,0,0,1,0,1,0,"793299,8004","5826818,808","13,32294","52,51241",4030623.0,Ernst-Reuter-Platz,3452.0,33.0
49254,11,2,,2019,2,20,4,3,2,6,2,1,0,0,0,0,0,0,"802738,9367","5827670,928","13,46239","52,51489",2050602.0,Samariterviertel,5553.0,28.0
49258,11,7,,2019,1,23,7,2,9,1,2,0,1,0,0,0,0,1,"798906,9826","5821904,27","13,40092","52,46531",7040405.0,Rathaus Tempelhof,4638.0,48.0
49264,11,7,,2019,2,6,2,3,2,6,0,0,1,0,0,0,1,0,"797846,4449","5822349,191","13,38575","52,46988",7040403.0,Manteuffelstraße,4339.0,29.0
49273,11,1,,2019,2,16,2,3,5,7,0,0,1,0,0,0,0,0,"796048,2099","5831337,493","13,36735","52,55143",1044201.0,Reinickendorfer Straße,4163.0,33.0
49277,11,3,,2019,2,18,4,3,6,4,1,1,0,1,0,0,0,0,"799173,1409","5830789,648","13,41281","52,54481",3061131.0,Falkplatz,4761.0,38.0
49283,11,4,,2019,1,13,6,3,2,6,0,0,1,0,0,0,0,0,"790637,0798","5825050,807","13,28227","52,49798",4041133.0,Güterbahnhof Grunewald,2848.0,27.0
49286,11,3,,2019,2,19,3,3,1,5,2,1,1,0,0,0,0,0,"800375,4147","5830010,81","13,42978","52,53717",3071633.0,Thälmannpark,5059.0,35.0
49289,11,1,,2019,3,14,7,3,4,6,0,1,1,0,0,0,0,1,"797242,2649","5826765,307","13,38082","52,50979",1011201.0,Wilhelmstraße,4351.0,43.0
49297,11,6,,2019,1,19,5,2,6,4,2,0,1,1,0,0,0,1,"782355,4063","5815729,758","13,15272","52,41875",6040701.0,Wannsee,924.0,65.0
49299,11,2,,2019,2,13,5,3,5,3,0,1,0,0,0,0,0,0,"801808,5744","5826347,661","13,44752","52,50354",2040703.0,Wriezener Bahnhof/Entwicklungsgebiet,5349.0,29.0
49303,11,7,,2019,2,16,3,3,2,6,0,0,1,0,0,0,0,0,"795761,954","5823111,603","13,35583","52,47784",7030303.0,Grazer Platz,3942.0,35.0
49307,11,3,,2019,1,12,3,3,5,2,0,1,0,0,0,1,0,0,"800973,4348","5830485,581","13,439","52,54109",3061429.0,Greifswalder Straße,5160.0,41.0
49312,11,1,,2019,2,22,7,3,2,6,2,0,1,0,0,0,0,0,"798054,754","5827659,626","13,39356","52,51736",1011202.0,Unter den Linden Nord,4553.0,29.0
49321,11,7,,2019,2,8,5,2,6,2,0,0,1,1,0,0,0,0,"795753,515","5823099,571","13,35569","52,47774",7030303.0,Grazer Platz,3942.0,35.0
49323,11,1,,2019,3,22,5,3,2,2,2,1,0,0,0,0,1,0,"798782,3916","5827998,141","13,40455","52,52",1011303.0,Alexanderplatzviertel,4654.0,10.0
49330,11,4,,2019,1,7,4,3,3,6,1,0,1,0,0,0,0,1,"790430,9598","5828269,053","13,28205","52,52694",4020310.0,Park Ruhwald,2856.0,54.0
49337,11,3,,2019,2,14,7,3,5,3,0,1,1,0,0,0,0,0,"801544,955","5831193,727","13,44804","52,54712",3050925.0,Komponistenviertel Weißensee,5362.0,45.0
49338,11,2,,2019,3,7,6,3,1,1,0,0,1,0,0,0,0,0,"797741,4785","5824501,894","13,38613","52,48923",2020203.0,Viktoriapark,4345.0,48.0
49345,11,6,,2019,1,12,4,2,2,6,0,0,1,0,0,0,0,1,"785966,7366","5816632,556","13,20645","52,42497",6040703.0,Nikolassee,1726.0,62.0
49350,11,4,,2019,2,18,1,3,2,6,2,0,1,0,0,0,0,0,"793068,5594","5829585,483","13,32198","52,53733",4010102.0,Plötzensee,3459.0,63.0
49354,11,7,,2019,1,7,2,3,2,6,2,0,1,0,0,0,0,1,"799305,9337","5816197,575","13,40166","52,41394",7070701.0,Kettinger Straße/Schillerstraße,4623.0,43.0
49360,11,4,,2019,2,14,7,3,3,6,0,0,1,0,0,0,1,0,"790075,4492","5826321,718","13,27513","52,50967",4020311.0,Reichsstraße,2751.0,29.0
49370,11,4,,2019,2,19,4,3,2,6,2,0,1,0,0,0,0,0,"791990,4042","5826616,301","13,30352","52,51129",4030622.0,Richard-Wagner-Straße,3152.0,19.0
49372,11,4,,2019,3,12,4,3,2,6,0,0,1,0,0,0,0,0,"790516,429","5826393,681","13,28167","52,51008",4020313.0,Königin-Elisabeth-Straße,2851.0,8.0
49379,11,1,,2019,1,12,3,3,3,6,0,1,1,0,0,0,0,0,"799038,7403","5827532,034","13,4079","52,51568",1011303.0,Alexanderplatzviertel,4753.0,44.0
49385,11,4,,2019,2,9,5,3,5,7,0,0,1,0,1,0,0,0,"792362,0134","5826678,445","13,30904","52,51165",4030622.0,Richard-Wagner-Straße,3252.0,41.0
49389,11,4,,2019,1,6,7,3,5,2,1,0,1,0,0,0,1,0,"792101,9508","5826635,133","13,30518","52,5114",4030622.0,Richard-Wagner-Straße,3152.0,19.0
49392,11,12,,2019,1,10,6,3,2,6,0,0,1,0,0,0,1,1,"791393,3515","5833814,014","13,30107","52,57614",12214125.0,Waldidyll/Flughafensee,3171.0,61.0
49395,11,3,,2019,2,12,6,2,5,2,0,0,1,0,0,0,1,0,"799174,0612","5832231,906","13,41412","52,55774",3040818.0,Pankow Süd,4865.0,35.0
49404,11,3,,2019,1,0,1,3,3,6,2,0,1,0,0,0,0,1,"799183,6038","5832120,821","13,41416","52,55673",3061126.0,Arnimplatz,4865.0,35.0
49409,11,3,,2019,2,17,6,3,3,6,1,1,1,0,0,0,0,0,"800199,4127","5831003,09","13,42809","52,54616",3061228.0,Erich-Weinert-Straße,5062.0,44.0
49419,11,4,,2019,2,10,2,3,2,6,0,0,1,0,0,1,0,0,"790800,4677","5826935,512","13,28632","52,51479",4030416.0,Klausenerplatz,2953.0,57.0
49421,11,4,,2019,3,8,2,3,3,6,0,0,1,0,0,1,0,0,"790442,3424","5825254,7","13,27959","52,49991",4020314.0,Messegelände,2848.0,27.0
49428,11,1,,2019,1,10,3,3,5,2,0,0,1,0,0,0,0,1,"796453,881","5827390,807","13,36979","52,51583",1011102.0,Großer Tiergarten,4153.0,36.0
49434,11,12,,2019,2,11,4,3,2,2,0,0,1,0,0,0,0,0,"795468,8389","5833468,685","13,36073","52,57084",12103115.0,Breitkopfbecken,4069.0,34.0
49440,11,1,,2019,1,6,5,3,6,2,2,0,1,1,0,0,0,1,"798824,5131","5828011,078","13,40518","52,52009",1011303.0,Alexanderplatzviertel,4654.0,10.0
49443,11,12,,2019,2,16,5,3,2,6,0,0,1,0,0,0,0,0,"795816,8527","5832407,694","13,3649","52,56115",12103117.0,Letteplatz,4066.0,53.0
49452,11,12,,2019,1,17,5,3,3,6,2,0,1,0,0,0,0,0,"795672,9937","5832907,147","13,36323","52,5657",12103219.0,Schäfersee,4067.0,9.0
49454,11,3,,2019,3,23,6,3,5,2,2,0,1,0,0,0,0,0,"799986,5407","5830197,624","13,42423","52,53905",3061332.0,Helmholtzplatz,4960.0,18.0
49458,11,1,,2019,2,18,4,3,2,2,2,1,1,0,0,0,0,0,"799784,198","5828665,245","13,41987","52,52543",1011303.0,Alexanderplatzviertel,4856.0,19.0
49465,11,3,,2019,2,18,6,3,1,5,2,1,0,0,0,0,1,0,"800548,4152","5829803,14","13,43213","52,53521",3071639.0,Bötzowstraße,5059.0,35.0
49467,11,6,,2019,3,12,7,3,1,1,0,0,1,0,0,0,0,0,"779184,62","5814995,883","13,1056","52,4138",6040701.0,Wannsee,223.0,61.0
49471,11,2,,2019,2,15,4,3,3,6,0,1,1,0,0,0,0,0,"802176,3781","5827706,48","13,45416","52,51552",2050801.0,Traveplatz,5453.0,1.0
49475,11,4,,2019,1,11,2,3,3,6,0,0,1,0,0,0,0,0,"791371,0303","5830534,09","13,29786","52,54675",4010101.0,Jungfernheide,3062.0,44.0
49481,11,3,,2019,2,15,3,3,5,3,0,1,1,0,0,0,0,0,"802970,0026","5833351,904","13,47096","52,56568",3051017.0,Rennbahnstraße,5667.0,54.0
49490,11,7,,2019,2,15,3,3,2,6,0,0,1,0,0,0,0,0,"795636,822","5823954,698","13,35474","52,48547",7020203.0,Kaiser-Wilhelm-Platz,3944.0,21.0
49493,11,12,,2019,3,14,6,3,0,7,0,0,1,0,0,0,0,0,"787543,2881","5838730,958","13,24868","52,62227",12224230.0,Heiligensee,2384.0,63.0
49500,11,2,,2019,1,16,5,3,5,2,0,1,1,0,0,0,0,0,"802111,7113","5827388,097","13,45292","52,5127",2050802.0,Boxhagener Platz,5352.0,35.0
49502,11,2,,2019,2,15,5,3,6,7,0,1,0,1,0,0,0,0,"803127,5388","5827630,323","13,46806","52,51431",2050602.0,Samariterviertel,5652.0,13.0
49506,11,4,,2019,2,9,2,3,5,7,0,1,1,0,0,0,0,0,"790418,1825","5826358,666","13,2802","52,50982",4020313.0,Königin-Elisabeth-Straße,2851.0,8.0
49510,11,6,,2019,1,19,3,3,0,6,2,0,0,0,1,0,1,1,"789692,904","5817964,529","13,26225","52,43495",6030503.0,Zehlendorf Mitte,2529.0,40.0
49515,11,4,,2019,2,14,7,3,2,6,0,0,1,0,0,0,0,0,"791249,8429","5829816,299","13,29545","52,54038",4010101.0,Jungfernheide,3060.0,36.0
49522,11,3,,2019,1,8,3,3,3,6,0,0,1,0,0,1,0,0,"799958,0252","5828910,69","13,42265","52,52754",3071638.0,Winsstraße,4956.0,45.0
49528,11,7,,2019,2,15,2,3,2,6,0,0,1,0,0,0,1,0,"796279,0645","5822691,603","13,36305","52,4738",7030303.0,Grazer Platz,4041.0,37.0
49537,11,7,,2019,2,7,6,3,3,6,1,0,1,0,0,0,0,1,"799751,9024","5814179,813","13,40639","52,39561",7070701.0,Kettinger Straße/Schillerstraße,4618.0,61.0
49540,11,1,,2019,3,7,5,3,0,5,0,1,1,0,0,0,0,1,"799676,435","5828479,042","13,41812","52,52382",1011303.0,Alexanderplatzviertel,4855.0,25.0
49547,11,3,,2019,1,14,4,3,1,5,0,1,1,0,0,0,0,0,"799114,5836","5832339,21","13,41334","52,55873",3040818.0,Pankow Süd,4865.0,35.0
49554,11,3,,2019,2,15,7,3,5,2,0,1,1,0,0,0,0,0,"799197,1111","5831455,217","13,41376","52,55076",3061126.0,Arnimplatz,4863.0,28.0
49558,11,3,,2019,1,15,2,2,6,4,0,0,1,1,0,0,0,0,"800946,7616","5830492,917","13,43861","52,54117",3061429.0,Greifswalder Straße,5160.0,41.0
49563,11,1,,2019,2,15,6,3,1,5,0,0,1,0,0,0,0,0,"795953,6773","5831634,004","13,36622","52,55414",1044203.0,Leopoldplatz,4164.0,52.0
49573,11,3,,2019,2,17,4,3,5,7,2,1,0,0,0,0,1,0,"798058,6127","5834034,665","13,39933","52,57451",3020209.0,Niederschönhausen,4570.0,59.0
49575,11,4,,2019,3,9,3,2,2,6,0,0,1,0,0,1,0,0,"790510,7131","5827472,393","13,28253","52,51976",4020310.0,Park Ruhwald,2854.0,17.0
49582,11,3,,2019,1,17,3,3,5,3,1,1,1,0,0,0,0,1,"798153,5636","5836012,726","13,40251","52,59218",3020209.0,Niederschönhausen,4675.0,44.0
49587,11,3,,2019,2,15,4,3,4,6,0,1,0,0,0,0,0,0,"799148,8088","5830786,734","13,41245","52,5448",3061131.0,Falkplatz,4761.0,38.0
49589,11,4,,2019,3,10,4,3,0,6,0,1,1,0,0,0,0,1,"788846,577","5826110,734","13,25689","52,50843",4020208.0,Kranzallee,2451.0,53.0
49596,11,7,,2019,1,12,4,2,5,3,0,0,1,0,0,0,1,0,"797054,7393","5816808,285","13,3692","52,42064",7060601.0,Marienfelder Allee Nordwest,4125.0,59.0
49603,11,8,,2019,2,18,6,3,3,6,1,0,1,0,0,1,0,0,"801699,6286","5821804,612","13,44181","52,46288",8020619.0,Buschkrugallee Nord,5237.0,45.0
49607,11,6,,2019,1,2,1,3,9,1,2,0,1,0,0,0,0,2,"794257,1171","5821457,539","13,33227","52,46383",6010209.0,Feuerbachstraße,3538.0,44.0
49610,11,3,,2019,1,21,5,2,0,5,2,0,1,0,1,0,0,1,"799855,2227","5830225,511","13,42232","52,53938",3061332.0,Helmholtzplatz,4960.0,18.0
49613,11,3,,2019,2,11,6,3,5,3,0,1,1,0,0,0,0,0,"798165,5959","5836120,966","13,40278","52,59315",3020209.0,Niederschönhausen,4675.0,44.0
49623,11,2,,2019,2,19,1,3,2,6,2,0,1,0,0,0,0,1,"797759,7202","5824117,589","13,38605","52,48578",2020203.0,Viktoriapark,4344.0,28.0
49625,11,3,,2019,3,17,1,3,2,6,0,0,1,0,0,0,0,0,"800606,5036","5829927,693","13,4331","52,53629",3061434.0,Anton-Saefkow-Park,5059.0,35.0
49632,11,4,,2019,1,16,2,3,2,6,0,0,1,0,0,0,0,0,"793360,5113","5826868,212","13,32388","52,51282",4030623.0,Ernst-Reuter-Platz,3452.0,33.0
49638,11,6,,2019,2,16,4,3,2,6,0,0,1,0,0,0,0,0,"789805,6732","5817996,932","13,26393","52,43518",6030503.0,Zehlendorf Mitte,2529.0,40.0
49644,11,7,,2019,1,19,5,3,2,6,2,0,1,0,0,0,0,1,"798247,077","5818690,615","13,38836","52,43686",7050502.0,Fritz-Werner-Straße,4430.0,31.0
49650,11,5,,2019,2,18,5,3,2,6,2,0,1,0,0,0,0,1,"785413,3234","5826207,645","13,20652","52,51111",5020629.0,Börnicker Straße,1751.0,61.0
49654,11,12,,2019,1,21,7,3,3,6,2,0,1,0,1,0,0,0,"793415,6566","5836179,161","13,33292","52,59625",12301204.0,Wittenau Nord,3676.0,38.0
49657,11,7,,2019,1,18,5,2,6,4,2,0,1,1,0,0,0,1,"795409,3984","5823400,768","13,35091","52,48063",7020202.0,Volkspark (Rudolf-Wilde-Park),3843.0,36.0
49660,11,9,,2019,2,18,5,3,5,2,2,1,1,0,0,0,0,0,"806524,0535","5821210,689","13,51205","52,45487",9020601.0,Schnellerstraße,6235.0,41.0
49669,11,3,,2019,2,5,6,3,6,2,2,0,1,1,0,0,0,0,"801520,6676","5831177,585","13,44767","52,54699",3061429.0,Greifswalder Straße,5362.0,45.0
49671,11,1,,2019,3,22,7,3,2,2,2,0,1,0,0,0,0,0,"796420,4027","5826328,376","13,36835","52,50632",1011105.0,Nördlicher Landwehrkanal,4150.0,19.0
49675,11,1,,2019,2,6,4,2,5,3,1,0,1,0,0,0,1,0,"795879,0569","5832057,27","13,3655","52,55797",1044102.0,Schillerpark,4065.0,7.0
49679,11,1,,2019,1,2,1,2,6,4,2,0,1,1,0,0,0,1,"799346,084","5827965,929","13,41281","52,5194",1011303.0,Alexanderplatzviertel,4754.0,20.0
49685,11,1,,2019,2,11,2,3,3,6,0,1,0,0,0,1,0,0,"797686,5694","5826838,68","13,38741","52,51021",1011201.0,Wilhelmstraße,4451.0,11.0
49694,11,4,,2019,2,23,2,3,3,6,2,0,1,0,0,0,0,0,"792627,2921","5823373,067","13,31003","52,48188",4051551.0,Brabanter Platz,3243.0,53.0
49697,11,10,,2019,3,11,6,3,5,3,0,1,1,0,0,0,0,1,"812564,8469","5827180,932","13,60626","52,50495",10040933.0,Mahlsdorf Süd,7650.0,63.0
49704,11,1,,2019,1,14,4,3,2,6,0,0,1,0,0,0,0,0,"796677,7527","5826255,047","13,37207","52,50552",1011105.0,Nördlicher Landwehrkanal,4150.0,19.0
49707,11,7,,2019,2,18,4,3,6,7,1,1,0,1,0,0,0,0,"797835,8254","5822235,162","13,38549","52,46886",7040403.0,Manteuffelstraße,4339.0,29.0
49710,11,4,,2019,3,10,7,3,2,6,0,0,1,0,0,0,0,1,"790663,8959","5824994,826","13,28262","52,49746",4041134.0,Bismarckallee,2848.0,27.0
49718,11,2,,2019,1,7,5,3,1,5,0,0,1,1,0,0,0,0,"803287,3544","5827630,903","13,47041","52,51422",2050602.0,Samariterviertel,5652.0,13.0
49720,11,6,,2019,2,14,5,3,2,6,0,0,1,0,0,0,0,0,"793522,403","5820378,91","13,32054","52,45455",6010102.0,Schloßstraße,3435.0,54.0
49724,11,4,,2019,2,14,3,3,5,3,0,0,1,0,0,0,0,0,"787863,4149","5825952,01","13,24231","52,50753",4020208.0,Kranzallee,2250.0,59.0
49728,11,4,,2019,1,13,3,3,2,6,0,0,1,0,0,1,0,0,"790535,6459","5828603,849","13,28388","52,52989",4010101.0,Jungfernheide,2857.0,33.0
49733,11,7,,2019,2,18,1,3,2,6,2,0,1,0,0,0,0,0,"795676,1531","5823968,193","13,35533","52,48557",7020203.0,Kaiser-Wilhelm-Platz,3944.0,21.0
49742,11,12,,2019,2,11,5,3,2,2,0,0,1,0,0,0,0,0,"791785,9286","5839413,615","13,31178","52,62613",12231101.0,Hermsdorf,3285.0,65.0
49744,11,9,,2019,3,6,5,3,2,6,0,0,0,0,0,1,0,1,"805703,9419","5818830,739","13,49785","52,434",9010401.0,Johannisthal West,6029.0,56.0
49751,11,7,,2019,1,13,4,3,2,6,0,0,1,0,0,0,0,0,"796595,9364","5815991,635","13,36175","52,41357",7060601.0,Marienfelder Allee Nordwest,4023.0,43.0
49758,11,7,,2019,2,14,7,3,0,1,0,0,0,0,1,0,0,0,"795102,0698","5823020,833","13,34606","52,47739",7030303.0,Grazer Platz,3842.0,57.0
49762,11,1,,2019,1,16,1,3,2,6,2,0,1,0,0,0,0,0,"796286,0694","5830278,27","13,3699","52,5418",1033203.0,Humboldthain Nordwest,4160.0,4.0
49767,11,2,,2019,2,15,6,2,0,1,0,1,0,0,0,0,0,0,"802148,993","5827725,845","13,45377","52,51571",2050602.0,Samariterviertel,5453.0,1.0
49772,11,3,,2019,2,8,1,3,0,7,0,0,1,0,0,0,0,0,"800835,2391","5829741,574","13,43629","52,5345",3061434.0,Anton-Saefkow-Park,5158.0,55.0
49776,11,10,,2019,1,14,2,3,2,6,0,0,1,0,0,0,0,1,"813816,0718","5827138,751","13,6246","52,50386",10040933.0,Mahlsdorf Süd,7949.0,65.0
49782,11,3,,2019,2,10,7,2,9,1,0,0,1,0,0,0,0,0,"799195,2895","5831415,739","13,4137","52,55041",3061126.0,Arnimplatz,4863.0,28.0
49792,11,6,,2019,2,8,4,3,2,6,0,0,1,0,0,1,0,0,"789530,1095","5817972,008","13,25987","52,4351",6030503.0,Zehlendorf Mitte,2529.0,40.0
49794,11,2,,2019,3,13,4,3,5,2,0,1,1,0,0,0,0,0,"803082,7453","5827634,798","13,46741","52,51437",2050602.0,Samariterviertel,5652.0,13.0
49801,11,7,,2019,1,16,4,3,2,6,1,0,1,0,0,0,0,0,"798015,2765","5822313,792","13,38819","52,46947",7040405.0,Rathaus Tempelhof,4439.0,53.0
49807,11,1,,2019,2,16,6,3,3,6,0,0,1,0,1,0,0,0,"795341,1837","5827193,003","13,35327","52,51466",1011102.0,Großer Tiergarten,3953.0,55.0
49811,11,10,,2019,1,10,7,1,6,4,0,0,1,1,0,0,0,1,"807656,0523","5829873,139","13,53666","52,53187",10010309.0,Springpfuhl,6658.0,51.0
49814,11,4,,2019,1,22,5,3,9,1,2,0,1,0,0,0,0,1,"790921,4706","5824686,832","13,28613","52,49457",4041134.0,Bismarckallee,2947.0,18.0
49817,11,12,,2019,2,14,6,3,5,3,0,1,1,0,0,0,0,0,"794053,073","5835100,464","13,34134","52,58624",12301203.0,Wittenau Süd,3773.0,57.0
49826,11,2,,2019,2,19,6,3,5,7,2,0,1,0,0,0,0,0,"802179,8311","5827735,004","13,45423","52,51577",2050602.0,Samariterviertel,5453.0,1.0
49828,11,1,,2019,3,12,7,3,0,6,0,0,1,0,0,0,1,0,"799590,5726","5828313,678","13,41671","52,52239",1011303.0,Alexanderplatzviertel,4855.0,25.0
49840,11,7,,2019,2,13,2,3,5,7,0,0,0,0,0,0,1,0,"798234,2722","5818746,063","13,38822","52,43737",7050502.0,Fritz-Werner-Straße,4430.0,31.0
49842,11,1,,2019,3,13,2,3,2,6,0,0,1,0,0,0,0,0,"796181,0918","5831025,745","13,36902","52,54856",1044201.0,Reinickendorfer Straße,4162.0,48.0
49849,11,7,,2019,1,11,3,3,5,3,0,0,0,0,1,0,1,1,"797550,8282","5818307,394","13,37781","52,43381",7050502.0,Fritz-Werner-Straße,4229.0,34.0
49855,11,12,,2019,2,8,4,3,5,2,0,1,0,0,0,0,1,0,"794559,1596","5833821,741","13,34766","52,5745",12103218.0,Teichstraße,3870.0,38.0
49859,11,4,,2019,1,21,7,3,3,6,2,0,1,0,0,0,0,0,"790146,9424","5826333,043","13,27619","52,50974",4020311.0,Reichsstraße,2751.0,29.0
49862,11,1,,2019,1,15,5,3,3,6,0,0,1,0,0,0,0,0,"796439,1203","5826321,954","13,36862","52,50625",1011105.0,Nördlicher Landwehrkanal,4150.0,19.0
49865,11,3,,2019,2,17,5,3,2,2,1,1,1,0,0,0,0,0,"799180,748","5830360,858","13,41253","52,54096",3061131.0,Falkplatz,4760.0,20.0
49874,11,2,,2019,2,14,6,3,5,3,0,1,1,0,0,0,0,0,"803499,9511","5827608,435","13,47351","52,5139",2050602.0,Samariterviertel,5652.0,13.0
49876,11,1,,2019,3,13,6,3,1,5,0,1,1,0,0,0,0,0,"795899,6711","5831859,114","13,36563","52,55618",1044203.0,Leopoldplatz,4065.0,7.0
49880,11,1,,2019,2,19,4,2,6,4,2,0,1,1,0,0,0,0,"798209,5826","5826945,703","13,39519","52,51088",1011204.0,Leipziger Straße,4551.0,40.0
49884,11,4,,2019,1,13,5,3,3,6,0,0,1,0,0,1,0,0,"790467,8686","5825322,66","13,28002","52,50051",4020314.0,Messegelände,2848.0,27.0
49890,11,4,,2019,2,6,2,3,2,6,1,0,1,0,0,0,0,1,"790479,5109","5828454,882","13,28293","52,52858",4020310.0,Park Ruhwald,2857.0,33.0
49894,11,4,,2019,2,6,5,3,3,6,1,0,1,0,0,1,0,0,"790861,7487","5824716,145","13,28528","52,49486",4041134.0,Bismarckallee,2847.0,41.0
49898,11,7,,2019,1,20,2,3,6,2,2,0,1,1,0,0,0,1,"797867,5882","5820441,114","13,38436","52,45276",7050501.0,Rathausstraße,4334.0,51.0
49904,11,2,,2019,2,23,4,3,6,4,2,0,0,1,0,0,1,0,"801877,0593","5826535,506","13,4487","52,50519",2040703.0,Wriezener Bahnhof/Entwicklungsgebiet,5350.0,52.0
49909,11,4,,2019,1,15,4,3,2,6,0,0,1,0,0,0,0,1,"792214,1485","5829346,804","13,30921","52,53565",4010102.0,Plötzensee,3259.0,63.0
49912,11,9,,2019,1,15,5,3,5,3,0,1,1,0,0,0,0,0,"804104,6469","5824365,095","13,47943","52,4845",9010202.0,Köpenicker Landstraße,5744.0,53.0
49915,11,2,,2019,2,15,3,3,3,6,0,1,1,0,0,0,0,0,"797792,3196","5825524,908","13,38779","52,49837",2010101.0,Askanischer Platz,4448.0,24.0
49918,11,12,,2019,3,20,7,2,8,1,2,0,1,0,0,0,0,1,"792106,0989","5832440,367","13,31034","52,56344",12214125.0,Waldidyll/Flughafensee,3267.0,63.0
49926,11,2,,2019,1,16,5,2,6,4,1,0,1,1,0,0,0,0,"802977,5893","5827646,412","13,46587","52,51453",2050602.0,Samariterviertel,5552.0,49.0
49928,11,3,,2019,2,14,5,3,2,2,0,1,1,0,0,0,0,0,"798001,2472","5833659,894","13,39815","52,57118",3040513.0,Schönholz,4569.0,47.0
49932,11,9,,2019,2,16,3,3,6,4,0,0,1,1,0,0,0,0,"804106,561","5824366,79","13,47946","52,48451",9010202.0,Köpenicker Landstraße,5744.0,53.0
49933,11,2,,2019,1,11,3,2,5,3,0,1,1,0,0,0,0,1,"802178,1015","5827715,217","13,45419","52,51559",2050602.0,Samariterviertel,5453.0,1.0
49937,11,7,,2019,1,11,3,2,6,4,0,0,1,1,0,0,0,0,"798282,688","5818655,085","13,38885","52,43653",7050502.0,Fritz-Werner-Straße,4430.0,31.0
49942,11,6,,2019,2,23,7,2,5,2,2,1,1,0,0,0,0,0,"783889,2233","5815954,019","13,1754","52,41997",6040701.0,Wannsee,1225.0,49.0
49951,11,10,,2019,2,8,5,3,2,6,0,0,1,0,0,0,0,0,"808084,4811","5827445,614","13,54071","52,50987",10010308.0,Marzahner Chaussee,6651.0,57.0
49953,11,10,,2019,3,7,4,3,0,2,0,1,0,0,0,0,1,0,"813046,8131","5827190,738","13,61335","52,50477",10040933.0,Mahlsdorf Süd,7750.0,57.0
49959,11,2,,2019,1,17,3,3,6,4,1,1,0,1,0,0,0,1,"797848,7873","5825021,385","13,38817","52,49383",2020202.0,Rathaus Yorckstraße,4446.0,12.0
49964,11,9,,2019,2,11,2,3,6,4,0,0,1,1,0,0,0,1,"803257,5434","5824408,684","13,46704","52,48536",9010201.0,Am Treptower Park Süd,5644.0,65.0
49967,11,7,,2019,3,20,5,2,3,6,2,0,1,0,0,0,1,0,"799326,5636","5821545,09","13,40675","52,46186",7040405.0,Rathaus Tempelhof,4737.0,55.0
49974,11,4,,2019,1,15,4,3,2,6,0,0,1,0,0,1,0,0,"794328,9382","5823063,917","13,33475","52,47819",4051655.0,Babelsberger Straße,3642.0,57.0
49980,11,7,,2019,2,14,1,3,5,2,0,1,1,0,0,0,0,0,"795496,134","5823347,6","13,35213","52,4801",7020202.0,Volkspark (Rudolf-Wilde-Park),3842.0,57.0
49981,11,1,,2019,1,17,2,3,2,6,2,0,1,0,0,0,0,0,"796696,0345","5826198,447","13,37229","52,50501",1011105.0,Nördlicher Landwehrkanal,4150.0,19.0
49985,11,7,,2019,1,17,2,3,2,6,1,0,1,0,0,0,0,0,"799194,3023","5816412,835","13,40022","52,41593",7070701.0,Kettinger Straße/Schillerstraße,4624.0,53.0
49991,11,3,,2019,2,8,6,2,5,2,0,1,0,0,0,0,0,0,"800459,5467","5829705,87","13,43074","52,53439",3071639.0,Bötzowstraße,5058.0,45.0
49996,11,1,,2019,1,17,2,3,2,7,2,1,1,0,0,0,1,1,"799186,2406","5828361,263","13,41081","52,52303",1011303.0,Alexanderplatzviertel,4755.0,4.0