OBJECTID,LAND,BEZ,LOR_ab_2021,UJAHR,UMONAT,USTUNDE,UWOCHENTAG,UKATEGORIE,UART,UTYP1,ULICHTVERH,IstRad,IstPKW,IstFuss,IstKrad,IstGkfz,IstSonstige,USTRZUSTAND,LINREFX,LINREFY,XGCSWGS84,YGCSWGS84,LOR,STRASSE,quadrant,quadrant_rank
50002,11,4,,2019,2,18,4,3,5,2,2,1,1,0,0,0,0,0,"792757,4088","5826766,541","13,31493","52,51223",4030622.0,Richard-Wagner-Straße,3352.0,26.0
50004,11,5,,2019,3,12,4,2,2,6,0,0,1,0,0,1,0,0,"783541,7179","5826708,443","13,17945","52,51658",5020524.0,Weinmeisterhornweg,1353.0,41.0
50008,11,4,,2019,1,9,2,3,2,6,0,0,1,0,0,0,0,1,"790769,7842","5824855,224","13,28405","52,49616",4041134.0,Bismarckallee,2847.0,41.0
50012,11,7,,2019,1,17,3,3,2,6,1,0,1,0,0,0,0,0,"794753,1274","5823139,393","13,34104","52,47864",7020202.0,Volkspark (Rudolf-Wilde-Park),3742.0,48.0
50018,11,1,,2019,2,22,5,3,5,3,2,1,1,0,0,0,0,1,"799313,364","5827964,966","13,41232","52,51941",1011303.0,Alexanderplatzviertel,4754.0,20.0
50019,11,7,,2019,1,16,1,3,8,1,2,0,1,0,0,0,0,1,"796999,681","5822372,221","13,37334","52,47054",7040403.0,Manteuffelstraße,4240.0,51.0
50023,11,3,,2019,1,23,7,3,2,6,2,0,1,0,0,0,0,0,"801342,9207","5831028,565","13,44492","52,54575",3061429.0,Greifswalder Straße,5262.0,43.0
50025,11,1,,2019,1,5,1,3,5,3,2,0,1,0,0,0,0,1,"795879,0131","5832057,506","13,3655","52,55797",1044102.0,Schillerpark,4065.0,7.0
50026,11,4,,2019,1,8,1,2,9,1,0,0,1,0,0,0,0,1,"791135,3642","5824654,693","13,28925","52,49416",4041134.0,Bismarckallee,2947.0,18.0
50030,11,4,,2019,1,10,4,2,3,6,0,0,1,0,0,1,1,1,"790463,1414","5828452,243","13,28269","52,52857",4020310.0,Park Ruhwald,2857.0,33.0
50037,11,7,,2019,2,13,7,3,0,1,0,0,0,0,1,0,0,0,"796212,2418","5822713,142","13,36208","52,47403",7030303.0,Grazer Platz,4041.0,37.0
50038,11,4,,2019,1,19,7,3,5,2,2,1,1,0,0,0,0,1,"788939,73","5826125,888","13,25827","52,50852",4020208.0,Kranzallee,2451.0,53.0
50042,11,12,,2019,1,13,1,3,2,4,0,0,1,1,0,0,0,0,"795831,08","5832326,272","13,36504","52,56041",12103117.0,Letteplatz,4066.0,53.0
50044,11,3,,2019,1,19,7,3,6,2,2,0,1,1,0,0,0,1,"799962,3499","5830228,501","13,4239","52,53934",3061332.0,Helmholtzplatz,4960.0,18.0
50046,11,2,,2019,1,16,5,3,5,2,1,1,1,0,0,0,0,0,"797852,921","5825504,699","13,38866","52,49816",2010101.0,Askanischer Platz,4448.0,24.0
50049,11,7,,2019,2,9,6,3,5,2,0,1,1,0,0,0,0,0,"797884,346","5820426,679","13,38459","52,45262",7050501.0,Rathausstraße,4334.0,51.0
50054,11,7,,2019,1,18,7,3,2,6,2,0,1,0,0,0,0,1,"795895,6043","5824374,612","13,35891","52,48909",7020203.0,Kaiser-Wilhelm-Platz,3945.0,34.0
50060,11,3,,2019,2,16,1,2,6,4,1,0,1,1,0,0,0,0,"801790,8727","5831371,162","13,45182","52,54858",3050925.0,Komponistenviertel Weißensee,5362.0,45.0
50062,11,7,,2019,3,10,2,3,5,2,0,0,1,0,0,1,0,0,"798879,533","5817226,871","13,39633","52,4234",7050506.0,Birnhornweg,4526.0,46.0
50069,11,12,,2019,1,17,2,3,2,6,2,0,1,0,0,0,0,1,"792028,7815","5838615,032","13,31465","52,61884",12231101.0,Hermsdorf,3383.0,64.0
50075,11,4,,2019,2,16,4,3,2,6,0,0,1,0,0,0,0,0,"790797,8798","5826467,401","13,28587","52,51059",4030417.0,Schloßstraße,2951.0,33.0
50081,11,3,,2019,1,17,5,3,4,6,1,1,0,0,0,0,0,0,"801562,5899","5829002,326","13,44631","52,52747",3061435.0,Conrad-Blenkle-Straße,5256.0,48.0
50084,11,10,,2019,2,7,5,3,5,3,1,1,1,0,0,0,0,0,"812581,7223","5827181,813","13,60651","52,50495",10040933.0,Mahlsdorf Süd,7650.0,63.0
50093,11,2,,2019,1,8,4,3,5,3,1,0,1,0,0,0,0,1,"803502,5421","5827608,13","13,47355","52,5139",2050602.0,Samariterviertel,5652.0,13.0
50096,11,4,,2019,2,12,6,2,5,3,0,0,1,0,0,1,0,0,"790513,8438","5826374,634","13,28162","52,50991",4020313.0,Königin-Elisabeth-Straße,2851.0,8.0
50106,11,12,,2019,2,17,6,3,6,4,2,0,1,1,0,0,0,0,"792365,735","5837743,333","13,31884","52,61084",12301205.0,Waidmannslust,3381.0,45.0
50108,11,4,,2019,3,18,7,3,2,6,2,0,1,0,0,0,1,0,"790629,8721","5825033,725","13,28215","52,49783",4041133.0,Güterbahnhof Grunewald,2848.0,27.0
50112,11,4,,2019,2,15,4,3,3,6,0,0,1,0,0,0,0,0,"789163,0378","5826159,818","13,26158","52,50871",4020311.0,Reichsstraße,2551.0,50.0
50116,11,12,,2019,1,2,1,3,9,1,2,0,1,0,0,0,0,1,"790618,1411","5835018,248","13,29071","52,58735",12304314.0,Ziekowstraße/Freie Scholle,2974.0,55.0
50122,11,12,,2019,2,13,3,3,2,6,0,0,1,0,0,0,1,0,"791221,3087","5833937,722","13,29864","52,57734",12214125.0,Waldidyll/Flughafensee,3071.0,39.0
50127,11,3,,2019,1,15,7,3,5,3,1,1,1,0,0,0,0,1,"803322,8267","5833646,058","13,47642","52,56812",3030716.0,Märchenland,5768.0,60.0
50132,11,2,,2019,2,7,2,3,0,2,0,1,1,0,0,0,0,0,"802144,4265","5827754,662","13,45373","52,51597",2050602.0,Samariterviertel,5453.0,1.0
50135,11,12,,2019,3,8,6,3,6,7,0,1,0,1,0,0,0,0,"795424,1582","5833584,257","13,36017","52,57191",12103115.0,Breitkopfbecken,4069.0,34.0
50142,11,12,,2019,1,15,4,3,2,6,0,0,1,0,0,0,0,0,"794532,252","5834217,839","13,34761","52,57807",12103218.0,Teichstraße,3871.0,53.0
50147,11,3,,2019,2,7,2,3,5,3,0,1,1,0,0,0,0,0,"799592,4359","5830298,953","13,41853","52,54018",3061332.0,Helmholtzplatz,4860.0,47.0
50148,11,3,,2019,1,16,6,3,0,6,2,0,1,0,0,0,1,1,"798038,1329","5833806,477","13,39883","52,57247",3040513.0,Schönholz,4569.0,47.0
50151,11,4,,2019,1,17,3,3,2,6,0,0,1,0,0,0,0,0,"792753,1216","5823252,499","13,31177","52,48073",4051551.0,Brabanter Platz,3243.0,53.0
50152,11,7,,2019,10,16,3,2,6,4,0,0,1,1,0,0,0,1,"796007,0816","5824913,867","13,36103","52,49387",7010104.0,Dennewitzplatz,4046.0,41.0
50153,11,1,,2019,6,18,5,3,2,6,0,0,1,0,0,0,0,0,"796770,1201","5826669,736","13,3738","52,50919",1011105.0,Nördlicher Landwehrkanal,4251.0,2.0
50154,11,11,,2019,9,7,2,3,9,1,0,0,1,0,0,0,0,0,"804232,9562","5827533,494","13,48421","52,51282",11030721.0,Rüdigerstraße,5852.0,43.0
50155,11,4,,2019,12,23,5,3,8,1,2,0,1,0,0,0,0,1,"790489,7465","5825267,239","13,2803","52,5",4041133.0,Güterbahnhof Grunewald,2848.0,27.0
50156,11,7,,2019,6,1,7,3,5,3,2,1,1,0,0,0,0,0,"797846,3094","5822358,011","13,38575","52,46996",7040403.0,Manteuffelstraße,4339.0,29.0
50157,11,1,,2019,5,17,4,3,2,7,0,0,1,0,0,0,0,0,"796206,1304","5830833,557","13,36922","52,54682",1044201.0,Reinickendorfer Straße,4162.0,48.0
50158,11,4,,2019,11,2,1,3,9,1,2,0,1,0,0,0,0,1,"791741,0139","5829190,73","13,30212","52,53451",4010103.0,Paul-Hertz-Siedlung,3158.0,61.0
50159,11,3,,2019,6,8,6,3,6,4,0,1,0,1,0,0,0,0,"800154,9643","5830844,128","13,42729","52,54476",3061228.0,Erich-Weinert-Straße,5061.0,55.0
50160,11,7,,2019,11,14,5,2,5,2,0,1,1,0,0,0,0,0,"795233,8046","5823511,498","13,34843","52,48171",7020202.0,Volkspark (Rudolf-Wilde-Park),3843.0,36.0
50161,11,2,,2019,8,16,5,3,4,6,0,1,0,0,0,0,1,0,"802733,5528","5827686,549","13,46232","52,51503",2050602.0,Samariterviertel,5553.0,28.0
50162,11,6,,2019,5,13,4,2,0,7,0,0,1,0,0,0,0,0,"779143,5854","5814992,555","13,105","52,41379",6040701.0,Wannsee,223.0,61.0
50163,11,4,,2019,10,8,1,2,1,1,0,0,1,0,0,0,0,0,"790358,9072","5826367,428","13,27933","52,50993",4020313.0,Königin-Elisabeth-Straße,2851.0,8.0
50164,11,4,,2019,9,16,2,3,5,2,0,0,1,0,1,0,0,0,"793155,1019","5826840,746","13,32083","52,51268",4030623.0,Ernst-Reuter-Platz,3452.0,33.0
50166,11,4,,2019,6,14,6,2,6,7,0,0,1,1,0,0,0,0,"790729,0349","5826428,995","13,28483","52,51029",4020313.0,Königin-Elisabeth-Straße,2851.0,8.0
50167,11,2,,2019,8,16,5,3,3,6,0,0,0,0,0,0,1,0,"796888,9604","5825916,582","13,37487","52,50238",2020201.0,Gleisdreieck/Entwicklungsgebiet,4249.0,53.0
50168,11,4,,2019,5,13,4,3,2,6,0,0,1,0,0,0,0,0,"791848,0817","5826613,763","13,30143","52,51135",4030417.0,Schloßstraße,3152.0,19.0
50169,11,7,,2019,6,16,7,3,5,3,0,0,1,0,0,0,0,0,"798087,4564","5822286,011","13,38923","52,46918",7040405.0,Rathaus Tempelhof,4439.0,53.0
50170,11,7,,2019,9,10,2,2,5,2,0,0,1,0,1,0,0,0,"798286,0211","5818647,842","13,38889","52,43646",7050502.0,Fritz-Werner-Straße,4430.0,31.0
50171,11,6,,2019,12,16,1,3,5,3,2,0,1,0,0,0,0,1,"792449,2288","5819744,809","13,30424","52,44944",6030605.0,Botanischer Garten,3133.0,56.0
50172,11,5,,2019,6,13,6,3,2,6,0,0,0,0,1,1,0,0,"783505,5302","5826701,195","13,17891","52,51653",5020524.0,Weinmeisterhornweg,1353.0,41.0
50173,11,6,,2019,8,15,5,3,0,3,0,1,1,0,0,0,0,0,"786710,2127","5817015,39","13,21768","52,42801",6040703.0,Nikolassee,1827.0,53.0
50174,11,3,,2019,11,16,2,3,5,2,0,0,1,0,0,0,0,0,"800958,4717","5830510,812","13,4388","52,54133",3061429.0,Greifswalder Straße,5160.0,41.0
50175,11,4,,2019,8,16,5,3,0,3,0,1,1,0,0,0,0,0,"791299,7182","5826502,104","13,29328","52,51064",4030417.0,Schloßstraße,3051.0,26.0
50176,11,4,,2019,5,12,4,3,2,6,0,0,1,0,1,0,0,0,"793472,4305","5826887,109","13,32554","52,51292",4030623.0,Ernst-Reuter-Platz,3452.0,33.0
50177,11,11,,2019,10,13,1,3,3,6,0,0,1,0,1,0,0,0,"804860,0834","5827449,893","13,49335","52,51172",11030721.0,Rüdigerstraße,5952.0,37.0
50178,11,7,,2019,9,17,7,3,3,6,0,0,1,0,0,0,0,0,"796008,0482","5824676,282","13,36083","52,49174",7010104.0,Dennewitzplatz,4046.0,41.0
50180,11,12,,2019,6,14,6,3,2,6,0,0,1,0,0,0,1,0,"791683,0648","5830988,057","13,30284","52,55065",12214125.0,Waldidyll/Flughafensee,3163.0,57.0
50181,11,2,,2019,8,14,5,3,0,1,0,1,1,0,0,0,0,0,"802149,1628","5827848,079","13,45389","52,5168",2050602.0,Samariterviertel,5453.0,1.0
50182,11,2,,2019,5,11,4,3,0,6,0,0,1,0,1,0,0,0,"801657,6037","5828865,419","13,44759","52,52619",2050601.0,Hausburgviertel,5356.0,13.0
50183,11,4,,2019,11,15,3,3,3,6,0,0,1,0,0,1,0,0,"791541,1094","5826561,819","13,29687","52,51104",4030417.0,Schloßstraße,3051.0,26.0
50184,11,7,,2019,6,9,4,3,2,6,0,0,1,0,0,0,0,0,"799410,4312","5815947,734","13,40297","52,41164",7070701.0,Kettinger Straße/Schillerstraße,4622.0,59.0
50185,11,4,,2019,9,17,7,3,0,1,0,1,0,0,0,0,0,0,"787967,6472","5825968,86","13,24385","52,50763",4020208.0,Kranzallee,2250.0,59.0
50186,11,5,,2019,12,23,7,3,5,2,2,0,1,0,0,0,0,1,"783517,187","5826715,15","13,17909","52,51665",5020524.0,Weinmeisterhornweg,1353.0,41.0
50187,11,4,,2019,8,12,5,3,2,6,0,0,1,0,0,0,1,0,"791795,7979","5826583,514","13,30064","52,5111",4030417.0,Schloßstraße,3151.0,40.0
50188,11,3,,2019,10,17,3,3,2,6,2,0,1,0,0,0,0,0,"799205,2279","5832153,09","13,41451","52,55701",3061126.0,Arnimplatz,4865.0,35.0
50189,11,2,,2019,9,19,7,2,0,7,2,1,0,0,0,0,0,0,"801810,2187","5826351,449","13,44755","52,50357",2040703.0,Wriezener Bahnhof/Entwicklungsgebiet,5349.0,29.0
50190,11,6,,2019,8,9,5,3,0,7,0,1,0,0,0,0,0,0,"787857,2918","5817527,365","13,23495","52,432",6030501.0,Berlepschstraße,2128.0,63.0
50191,11,7,,2019,5,9,4,3,2,6,0,0,1,0,1,0,0,0,"797808,2611","5823164,09","13,38591","52,4772",7040401.0,Neu-Tempelhof,4342.0,53.0
50192,11,1,,2019,10,13,2,2,6,7,0,0,0,1,0,0,1,0,"799234,9492","5827880,024","13,4111","52,51869",1011303.0,Alexanderplatzviertel,4754.0,20.0
50193,11,3,,2019,6,11,2,3,5,3,0,1,1,0,0,0,0,0,"798175,8317","5836248,322","13,40305","52,59428",3020209.0,Niederschönhausen,4676.0,59.0
50194,11,3,,2019,9,9,7,3,5,3,0,1,1,0,0,0,0,0,"800844,0566","5830325,926","13,43695","52,53973",3061434.0,Anton-Saefkow-Park,5160.0,41.0
50196,11,2,,2019,6,16,6,3,5,3,0,1,1,0,0,0,0,0,"797065,0884","5825692,492","13,37726","52,50027",2020201.0,Gleisdreieck/Entwicklungsgebiet,4248.0,63.0
50197,11,4,,2019,8,19,4,2,5,2,0,0,1,0,1,0,0,0,"792744,9646","5826742,874","13,31472","52,51202",4030622.0,Richard-Wagner-Straße,3352.0,26.0
50198,11,3,,2019,5,8,4,2,0,5,0,0,0,0,1,0,1,0,"798175,9745","5836263,179","13,40307","52,59442",3020209.0,Niederschönhausen,4676.0,59.0
50199,11,4,,2019,11,8,5,3,2,6,0,0,1,0,0,0,0,0,"792099,0622","5823817,605","13,30267","52,48614",4041239.0,Stadion Wilmersdorf,3144.0,48.0
50200,11,1,,2019,6,7,6,3,1,5,0,1,1,0,0,0,0,0,"795927,4272","5831703,709","13,3659","52,55477",1044203.0,Leopoldplatz,4064.0,52.0
50201,11,12,,2019,12,13,3,3,2,6,0,0,1,0,0,0,1,1,"791653,9633","5830953,309","13,30239","52,55035",12214125.0,Waldidyll/Flughafensee,3163.0,57.0
50202,11,1,,2019,8,21,4,3,0,1,2,1,0,0,0,0,0,0,"799254,9966","5827906,665","13,41141","52,51892",1011303.0,Alexanderplatzviertel,4754.0,20.0
50203,11,12,,2019,5,7,4,3,5,2,0,0,1,0,0,0,0,0,"792354,4937","5837753,305","13,31869","52,61094",12301205.0,Waidmannslust,3381.0,45.0
50204,11,1,,2019,10,8,5,3,2,6,0,0,1,0,0,0,0,1,"796162,3213","5825738,348","13,36404","52,50117",1011104.0,Körnerstraße,4049.0,39.0
50205,11,2,,2019,9,8,7,3,8,1,0,1,1,0,0,0,0,0,"802124,5432","5828064,606","13,45372","52,51876",2050602.0,Samariterviertel,5454.0,53.0
50207,11,4,,2019,8,15,4,3,2,6,0,0,1,0,0,0,0,0,"790564,594","5825163,476","13,28131","52,49903",4041133.0,Güterbahnhof Grunewald,2848.0,27.0
50208,11,2,,2019,5,16,3,2,0,1,0,1,0,0,0,0,0,0,"800940,9442","5827855,448","13,43614","52,51753",2040701.0,Andreasviertel,5153.0,47.0
50209,11,2,,2019,9,6,2,2,0,2,1,0,1,0,1,0,0,1,"796852,2989","5825946,79","13,37436","52,50267",2020201.0,Gleisdreieck/Entwicklungsgebiet,4249.0,53.0
50210,11,1,,2019,6,0,4,3,0,7,2,1,0,0,0,0,0,0,"794603,4001","5827079,287","13,34233","52,51404",1011102.0,Großer Tiergarten,3752.0,59.0
50211,11,1,,2019,9,16,7,3,6,7,0,1,0,1,0,0,0,0,"796735,8683","5827424,069","13,37397","52,51597",1011102.0,Großer Tiergarten,4253.0,46.0
50212,11,7,,2019,12,19,6,2,6,4,2,0,1,1,0,0,0,1,"796077,4042","5825506,419","13,36259","52,49914",7010104.0,Dennewitzplatz,4048.0,46.0
50213,11,4,,2019,6,14,6,3,2,6,0,0,1,0,0,0,0,0,"791314,1445","5830062,785","13,29661","52,54255",4010101.0,Jungfernheide,3061.0,61.0
50214,11,2,,2019,8,15,4,3,2,6,0,0,1,0,0,1,0,0,"800453,8463","5827926,615","13,42905","52,51844",2040701.0,Andreasviertel,5054.0,36.0
50215,11,11,,2019,5,18,3,3,3,2,0,1,0,0,0,0,1,0,"805619,7501","5827378,174","13,50444","52,51066",11041022.0,Rosenfelder Ring,6151.0,48.0
50216,11,12,,2019,11,13,6,2,2,2,0,0,1,0,0,1,0,0,"794380,1627","5834498,062","13,34562","52,58066",12103218.0,Teichstraße,3772.0,61.0
50217,11,1,,2019,9,1,7,3,0,1,2,0,1,0,0,0,0,0,"796480,2594","5827381,824","13,37017","52,51573",1011102.0,Großer Tiergarten,4153.0,36.0
50218,11,1,,2019,11,16,3,3,5,3,1,0,1,0,1,0,0,0,"796094,7612","5829819,515","13,36668","52,53779",1033203.0,Humboldthain Nordwest,4159.0,63.0
50219,11,7,,2019,8,10,4,3,3,6,0,0,1,0,0,0,0,0,"796073,2788","5825484,483","13,36251","52,49895",7010104.0,Dennewitzplatz,4048.0,46.0
50220,11,1,,2019,5,21,3,3,0,3,2,1,0,0,1,0,0,0,"796349,339","5826136,498","13,36714","52,50464",1011104.0,Körnerstraße,4150.0,19.0
50221,11,9,,2019,10,16,5,3,3,6,0,0,0,0,0,1,1,0,"803811,0609","5823867,673","13,47467","52,4802",9010202.0,Köpenicker Landstraße,5742.0,57.0
50222,11,7,,2019,9,16,6,3,5,2,0,1,0,0,0,0,1,0,"797630,5181","5818588,048","13,37923","52,43628",7050502.0,Fritz-Werner-Straße,4230.0,54.0
50224,11,7,,2019,6,0,6,2,3,6,2,0,1,0,0,0,0,0,"798497,9282","5822081,189","13,39507","52,46712",7040405.0,Rathaus Tempelhof,4539.0,51.0
50225,11,7,,2019,8,9,4,3,0,2,0,0,1,0,0,0,1,0,"795661,566","5823212,339","13,35444","52,4788",7030303.0,Grazer Platz,3942.0,35.0
50226,11,3,,2019,5,16,3,3,1,5,0,1,0,0,0,0,1,0,"799210,6061","5831232,045","13,41376","52,54875",3061131.0,Falkplatz,4862.0,43.0
50227,11,1,,2019,6,20,6,3,2,6,0,0,1,0,1,0,0,0,"799235,5441","5827880,814","13,4111","52,5187",1011303.0,Alexanderplatzviertel,4754.0,20.0
50228,11,1,,2019,9,15,6,3,2,6,0,0,1,0,1,0,0,0,"799107,107","5827638,402","13,409","52,5166",1011303.0,Alexanderplatzviertel,4753.0,44.0
50229,11,1,,2019,12,12,6,3,2,6,0,0,1,0,0,0,0,0,"794720,2386","5827084,679","13,34405","52,51402",1011102.0,Großer Tiergarten,3752.0,59.0
50230,11,7,,2019,6,13,6,3,2,6,0,0,1,0,0,0,0,0,"797803,4544","5818936,061","13,38207","52,43931",7050502.0,Fritz-Werner-Straße,4330.0,47.0
50231,11,4,,2019,8,14,4,3,2,6,0,0,1,0,0,0,0,0,"790902,9036","5824698,663","13,28587","52,49468",4041134.0,Bismarckallee,2947.0,18.0
50232,11,1,,2019,11,17,7,3,5,2,2,0,1,0,0,0,0,1,"799107,009","5827693,534","13,40905","52,51709",1011303.0,Alexanderplatzviertel,4753.0,44.0
50233,11,1,,2019,8,12,4,3,0,1,0,0,1,0,1,0,0,0,"798931,2808","5828111,693","13,40684","52,52094",1011303.0,Alexanderplatzviertel,4754.0,20.0
50234,11,5,,2019,5,17,3,3,2,6,0,0,1,0,0,0,0,0,"785333,1694","5826228,836","13,20536","52,51134",5020629.0,Börnicker Straße,1752.0,61.0
50235,11,2,,2019,10,17,6,3,3,6,0,1,1,0,0,0,0,1,"802136,9021","5827508,37","13,4534","52,51376",2050802.0,Boxhagener Platz,5352.0,35.0
50236,11,9,,2019,9,14,6,3,2,6,0,0,1,0,0,0,0,0,"802865,2614","5825502,646","13,46227","52,49538",9010101.0,Elsenstraße,5547.0,53.0
50238,11,12,,2019,6,15,6,3,2,6,0,0,1,0,0,0,0,0,"792156,719","5831991,017","13,31069","52,55939",12214125.0,Waldidyll/Flughafensee,3266.0,63.0
50239,11,7,,2019,8,7,4,3,6,4,0,0,1,1,0,0,0,0,"798289,557","5818639,804","13,38894","52,43638",7050502.0,Fritz-Werner-Straße,4430.0,31.0
50240,11,7,,2019,5,17,3,3,2,6,0,0,1,0,0,0,1,0,"797547,6647","5818293,425","13,37775","52,43368",7050502.0,Fritz-Werner-Straße,4229.0,34.0
50241,11,2,,2019,11,23,2,3,0,1,2,0,0,0,1,0,0,1,"802113,4549","5827864,182","13,45338","52,51697",2050602.0,Samariterviertel,5353.0,48.0
50242,11,3,,2019,6,16,2,2,2,7,0,1,1,0,0,0,0,0,"800048,4507","5829001,055","13,42406","52,5283",3071639.0,Bötzowstraße,4957.0,49.0
50243,11,3,,2019,9,13,6,2,5,2,0,0,1,0,0,0,0,0,"800620,0014","5829921,425","13,43329","52,53623",3061434.0,Anton-Saefkow-Park,5059.0,35.0
50244,11,11,,2019,12,15,6,2,5,3,1,0,1,0,0,0,0,1,"803684,2036","5835323,917","13,48327","52,58295",11010101.0,Dorf Malchow,5872.0,61.0
50245,11,4,,2019,8,18,3,3,6,6,0,1,0,1,0,0,0,0,"792510,6618","5826724,981","13,31126","52,51199",4030622.0,Richard-Wagner-Straße,3252.0,41.0
50246,11,7,,2019,5,15,3,3,5,2,0,0,1,0,1,0,0,0,"798286,3555","5818647,082","13,3889","52,43645",7050502.0,Fritz-Werner-Straße,4430.0,31.0
50247,11,12,,2019,10,11,2,3,2,6,1,0,1,0,0,0,1,0,"790642,2844","5835004,064","13,29106","52,58721",12304314.0,Ziekowstraße/Freie Scholle,2974.0,55.0
50248,11,2,,2019,9,7,6,3,3,6,0,1,0,0,0,0,0,0,"802691,9882","5827690,948","13,46172","52,51509",2050602.0,Samariterviertel,5553.0,28.0
50249,11,3,,2019,8,10,3,3,5,3,0,1,0,0,0,0,0,0,"801390,507","5829230,814","13,44399","52,52961",3061435.0,Conrad-Blenkle-Straße,5257.0,59.0
50250,11,3,,2019,5,9,3,3,2,6,0,0,1,0,1,0,0,0,"800175,7663","5832297,939","13,42891","52,55778",3040818.0,Pankow Süd,5065.0,44.0
50251,11,3,,2019,10,17,7,3,0,3,0,1,1,0,0,0,0,0,"800711,625","5829858,49","13,43458","52,53562",3061434.0,Anton-Saefkow-Park,5159.0,61.0
50252,11,3,,2019,6,19,6,3,0,1,0,1,0,0,0,0,0,0,"801390,839","5829230,374","13,444","52,52961",3061435.0,Conrad-Blenkle-Straße,5257.0,59.0
50253,11,1,,2019,9,12,6,3,5,2,0,1,0,0,0,0,1,0,"798799,3675","5828014,712","13,40482","52,52014",1011303.0,Alexanderplatzviertel,4654.0,10.0
50255,11,2,,2019,6,11,6,3,5,2,0,1,0,0,0,0,0,0,"802451,8358","5827716,677","13,45821","52,51546",2050602.0,Samariterviertel,5453.0,1.0
50256,11,2,,2019,8,14,3,3,5,3,0,1,1,0,0,0,0,0,"802119,8959","5828034,867","13,45362","52,51849",2050602.0,Samariterviertel,5454.0,53.0
50257,11,9,,2019,5,8,3,3,3,6,0,0,1,0,1,0,0,0,"803255,2388","5824410,946","13,46701","52,48538",9010201.0,Am Treptower Park Süd,5544.0,61.0
50258,11,10,,2019,10,7,7,3,5,3,0,0,1,0,0,0,0,0,"808903,9273","5833413,708","13,55829","52,56289",10010204.0,Wuhletalstraße,6967.0,41.0
50259,11,3,,2019,9,13,6,3,2,6,0,0,1,0,1,0,0,0,"799220,3596","5831447,956","13,41409","52,55068",3061126.0,Arnimplatz,4863.0,28.0
50261,11,4,,2019,6,11,6,2,3,6,0,0,1,0,0,0,1,0,"790628,2968","5825035,478","13,28213","52,49785",4041133.0,Güterbahnhof Grunewald,2848.0,27.0
50262,11,2,,2019,8,7,3,3,5,2,0,1,1,0,0,0,0,0,"800955,2924","5827853,86","13,43635","52,51751",2040701.0,Andreasviertel,5153.0,47.0
50263,11,4,,2019,5,8,3,3,3,6,0,1,1,0,0,0,0,0,"794023,8167","5826962,253","13,33371","52,5133",4030621.0,Spreestadt,3652.0,54.0
50264,11,3,,2019,11,18,2,3,6,2,2,0,1,1,0,0,0,0,"799999,6094","5830191,538","13,42442","52,53899",3061332.0,Helmholtzplatz,4960.0,18.0
50265,11,7,,2019,6,11,3,3,5,3,0,1,1,0,0,0,0,0,"797936,838","5820057,136","13,38503","52,44928",7050501.0,Rathausstraße,4333.0,53.0
50266,11,7,,2019,9,9,6,3,2,6,0,0,1,0,0,0,0,0,"798508,4613","5822091,746","13,39523","52,46721",7040405.0,Rathaus Tempelhof,4539.0,51.0
50267,11,1,,2019,12,17,6,3,5,3,2,1,1,0,0,0,0,1,"798821,9013","5828008,617","13,40514","52,52007",1011303.0,Alexanderplatzviertel,4654.0,10.0
50268,11,3,,2019,8,6,3,3,5,3,0,1,1,0,0,0,0,0,"798329,4716","5834773,38","13,40398","52,58098",3020209.0,Niederschönhausen,4672.0,50.0
50269,11,3,,2019,10,8,3,3,5,2,0,1,1,0,0,0,0,0,"801548,726","5831172,535","13,44808","52,54693",3050925.0,Komponistenviertel Weißensee,5362.0,45.0
50270,11,11,,2019,9,17,5,2,5,3,0,1,1,0,0,0,0,0,"803720,4894","5827570,233","13,47672","52,51344",11030721.0,Rüdigerstraße,5752.0,11.0
50271,11,4,,2019,8,9,3,3,2,6,0,0,1,0,0,0,0,0,"792423,3586","5823351,652","13,30702","52,48179",4041239.0,Stadion Wilmersdorf,3243.0,53.0
50272,11,3,,2019,5,16,2,3,5,3,0,1,0,0,0,0,1,0,"799165,6783","5830373,868","13,41232","52,54109",3061131.0,Falkplatz,4760.0,20.0
50273,11,10,,2019,10,10,1,3,9,1,0,0,1,0,0,0,0,0,"808890,4742","5833379,294","13,55806","52,56259",10010204.0,Wuhletalstraße,6967.0,41.0
50274,11,3,,2019,6,12,1,3,4,6,0,0,1,0,0,0,0,0,"798132,3216","5835510,542","13,40175","52,58769",3020209.0,Niederschönhausen,4674.0,48.0
50275,11,4,,2019,9,16,5,3,2,6,0,0,1,0,0,0,0,0,"791755,1432","5824164,076","13,29792","52,48943",4041137.0,Flinsberger Platz,3045.0,61.0
50277,11,1,,2019,6,15,6,2,0,6,0,1,0,0,0,0,0,0,"799988,8969","5828081,823","13,42236","52,52009",1011304.0,Karl-Marx-Allee,4954.0,49.0
50278,11,1,,2019,5,22,2,3,5,2,2,0,1,0,0,0,0,0,"796457,6648","5827391,411","13,36985","52,51583",1011102.0,Großer Tiergarten,4153.0,36.0
50279,11,7,,2019,11,17,4,3,2,6,2,0,1,0,0,0,0,0,"796569,7861","5822512,097","13,36715","52,47203",7040402.0,Lindenhofsiedlung,4140.0,37.0
50280,11,2,,2019,6,15,6,3,0,7,0,0,0,0,1,0,1,1,"802983,9193","5827645,816","13,46597","52,51452",2050602.0,Samariterviertel,5552.0,49.0
50281,11,7,,2019,12,11,2,2,6,7,0,0,1,1,0,0,0,1,"798354,4898","5818485,519","13,38975","52,43497",7050502.0,Fritz-Werner-Straße,4429.0,58.0
50282,11,6,,2019,8,8,3,3,6,2,0,0,1,1,0,0,0,0,"791022,4468","5818795,346","13,28248","52,44169",6030503.0,Zehlendorf Mitte,2831.0,52.0