OBJECTID,LAND,BEZ,LOR_ab_2021,UJAHR,UMONAT,USTUNDE,UWOCHENTAG,UKATEGORIE,UART,UTYP1,ULICHTVERH,IstRad,IstPKW,IstFuss,IstKrad,IstGkfz,IstSonstige,USTRZUSTAND,LINREFX,LINREFY,XGCSWGS84,YGCSWGS84,LOR,STRASSE,quadrant,quadrant_rank
50283,11,7,,2019,5,18,2,3,2,6,0,0,1,0,0,0,0,1,"794774,3028","5823140,032","13,34135","52,47863",7020202.0,Volkspark (Rudolf-Wilde-Park),3742.0,48.0
50284,11,1,,2019,10,8,3,3,5,2,0,0,0,0,0,1,0,0,"799100,8886","5827683,362","13,40895","52,517",1011303.0,Alexanderplatzviertel,4753.0,44.0
50285,11,3,,2019,9,9,5,3,0,1,0,1,0,0,0,0,0,0,"798158,7664","5836482,58","13,40301","52,59639",3020209.0,Niederschönhausen,4676.0,59.0
50287,11,10,,2019,8,17,2,3,5,3,0,1,0,0,0,0,0,0,"808026,3396","5827457,771","13,53986","52,51002",10010308.0,Marzahner Chaussee,6651.0,57.0
50288,11,11,,2019,5,7,2,3,5,2,0,1,1,0,0,0,0,0,"804062,5683","5827550,876","13,48172","52,51307",11030721.0,Rüdigerstraße,5852.0,43.0
50289,11,7,,2019,9,16,7,3,2,6,1,0,1,0,0,0,0,1,"795329,0108","5822539,92","13,34896","52,47295",7030303.0,Grazer Platz,3840.0,51.0
50290,11,2,,2019,6,11,3,3,5,3,0,1,1,0,0,0,0,0,"797853,6638","5825504,451","13,38867","52,49816",2010101.0,Askanischer Platz,4448.0,24.0
50291,11,2,,2019,9,17,5,3,3,7,0,1,1,0,0,0,0,0,"802019,5425","5826954,069","13,45117","52,50886",2050802.0,Boxhagener Platz,5351.0,36.0
50292,11,10,,2019,12,7,6,3,3,6,2,0,1,0,0,0,0,1,"808740,6636","5827422,758","13,55032","52,5093",10030726.0,Alt-Biesdorf,6851.0,49.0
50293,11,9,,2019,6,14,6,3,6,4,0,0,1,1,0,0,0,0,"803090,7161","5824571,609","13,46474","52,48691",9010201.0,Am Treptower Park Süd,5544.0,61.0
50294,11,11,,2019,8,12,2,3,2,6,0,0,1,0,1,0,0,0,"803783,9321","5827580,287","13,47766","52,51349",11030721.0,Rüdigerstraße,5752.0,11.0
50295,11,1,,2019,5,10,2,3,3,6,0,1,0,0,0,0,0,0,"796060,0778","5831336,128","13,36752","52,55141",1044201.0,Reinickendorfer Straße,4163.0,33.0
50296,11,6,,2019,11,17,5,3,2,6,2,0,1,0,0,0,0,0,"789803,9824","5817996,146","13,26391","52,43518",6030503.0,Zehlendorf Mitte,2529.0,40.0
50297,11,7,,2019,11,14,2,3,6,4,0,0,1,1,0,0,0,0,"797377,1653","5817559,261","13,3746","52,4272",7060603.0,Marienfelde Nordost,4227.0,57.0
50298,11,4,,2019,8,13,1,3,2,6,0,0,1,0,0,0,0,0,"792200,6283","5823706,742","13,30406","52,4851",4041239.0,Stadion Wilmersdorf,3144.0,48.0
50299,11,7,,2019,5,14,1,3,0,7,0,0,1,0,1,0,0,0,"797839,1049","5820695,817","13,38416","52,45506",7040403.0,Manteuffelstraße,4335.0,53.0
50300,11,1,,2019,10,15,4,3,4,6,0,1,0,0,0,0,1,1,"796345,1834","5827359,83","13,36817","52,51561",1011102.0,Großer Tiergarten,4153.0,36.0
50301,11,7,,2019,9,17,5,2,6,4,0,0,1,1,0,0,0,0,"796007,833","5824667,387","13,36082","52,49166",7010104.0,Dennewitzplatz,4046.0,41.0
50303,11,3,,2019,6,14,6,2,6,4,0,0,1,1,0,0,0,0,"800964,9702","5830472,064","13,43886","52,54097",3061429.0,Greifswalder Straße,5160.0,41.0
50304,11,4,,2019,8,13,1,3,2,6,0,0,1,0,0,0,0,0,"790473,2444","5828433,972","13,28282","52,5284",4020310.0,Park Ruhwald,2857.0,33.0
50305,11,12,,2019,5,19,1,3,1,5,0,0,1,0,0,0,0,0,"795705,965","5832823,522","13,36364","52,56493",12103219.0,Schäfersee,4067.0,9.0
50306,11,5,,2019,6,5,5,3,2,6,0,0,1,0,0,0,0,0,"785505,7277","5826183,301","13,20786","52,51084",5020629.0,Börnicker Straße,1751.0,61.0
50307,11,11,,2019,9,17,5,3,0,2,0,1,1,0,0,0,0,0,"803699,3878","5834826,094","13,48304","52,57848",11010101.0,Dorf Malchow,5871.0,65.0
50308,11,7,,2019,12,7,5,3,2,6,1,0,1,0,0,0,0,1,"796862,0693","5822400,747","13,37134","52,47087",7040403.0,Manteuffelstraße,4140.0,37.0
50309,11,12,,2019,6,7,5,3,3,6,0,1,0,0,0,1,0,0,"795727,819","5832801,138","13,36394","52,56472",12103219.0,Schäfersee,4067.0,9.0
50310,11,2,,2019,8,9,7,3,2,6,0,0,1,0,0,0,0,0,"802824,0646","5827662,164","13,46363","52,51476",2050602.0,Samariterviertel,5553.0,28.0
50311,11,2,,2019,11,15,6,3,2,6,0,1,0,0,0,0,0,0,"797883,1358","5825415,196","13,38903","52,49734",2020202.0,Rathaus Yorckstraße,4447.0,16.0
50312,11,1,,2019,8,17,7,3,5,2,0,0,1,0,0,0,0,0,"796188,9942","5830190,814","13,3684","52,54107",1033203.0,Humboldthain Nordwest,4160.0,4.0
50313,11,7,,2019,9,8,6,3,0,1,0,1,0,0,0,0,0,1,"795635,8318","5823239,067","13,35409","52,47905",7030303.0,Grazer Platz,3942.0,35.0
50314,11,12,,2019,5,8,1,2,5,2,0,0,1,0,0,0,0,0,"795336,6393","5833744,819","13,35903","52,57339",12103115.0,Breitkopfbecken,3970.0,41.0
50315,11,9,,2019,10,17,5,3,2,6,0,0,1,0,0,0,0,1,"802594,8389","5825112,945","13,45795","52,49204",9010101.0,Elsenstraße,5446.0,19.0
50316,11,1,,2019,9,19,5,3,3,6,2,0,1,0,1,0,0,0,"798506,568","5826978,969","13,39958","52,51102",1011204.0,Leipziger Straße,4551.0,40.0
50318,11,4,,2019,6,19,5,3,5,7,1,0,1,0,0,0,0,1,"788647,6441","5826078,723","13,25394","52,50825",4020208.0,Kranzallee,2451.0,53.0
50319,11,12,,2019,8,14,7,3,2,6,0,0,1,0,0,0,0,0,"790687,9788","5834901,707","13,29164","52,58627",12214527.0,Alt-Tegel,2973.0,44.0
50320,11,7,,2019,5,16,1,3,2,6,0,1,1,0,0,0,1,0,"795930,5401","5824446,477","13,35949","52,48972",7020203.0,Kaiser-Wilhelm-Platz,4045.0,42.0
50321,11,7,,2019,11,8,2,3,6,4,0,0,1,1,0,0,0,1,"798912,6194","5817146,891","13,39674","52,42266",7050506.0,Birnhornweg,4526.0,46.0
50322,11,12,,2019,6,15,7,3,5,2,0,0,1,0,0,0,0,0,"794565,267","5833796,237","13,34772","52,57427",12103218.0,Teichstraße,3870.0,38.0
50323,11,3,,2019,9,9,5,3,4,6,0,1,0,0,0,0,0,0,"799150,9887","5830806,274","13,4125","52,54497",3061131.0,Falkplatz,4761.0,38.0
50324,11,2,,2019,12,21,5,3,2,6,2,0,1,0,0,0,0,0,"802345,4562","5826034,519","13,45512","52,50044",2050803.0,Stralauer Kiez,5448.0,59.0
50325,11,4,,2019,8,14,7,3,2,6,0,0,1,0,1,0,0,0,"790616,3017","5826143,453","13,28292","52,50779",4020313.0,Königin-Elisabeth-Straße,2851.0,8.0
50326,11,7,,2019,9,14,5,3,2,6,0,0,1,0,0,0,0,0,"797650,2421","5818636,94","13,37956","52,43671",7050502.0,Fritz-Werner-Straße,4230.0,54.0
50327,11,12,,2019,5,15,7,3,0,1,2,0,1,0,0,0,0,0,"792106,8452","5832490,731","13,3104","52,56389",12214125.0,Waldidyll/Flughafensee,3267.0,63.0
50328,11,7,,2019,10,9,7,3,5,3,0,0,1,0,0,0,0,0,797776,"5823851,908","13,38606","52,48339",7040401.0,Neu-Tempelhof,4343.0,38.0
50329,11,4,,2019,9,19,5,3,2,6,1,0,1,0,0,0,0,0,"791241,3751","5829783,843","13,29529","52,54009",4010101.0,Jungfernheide,3060.0,36.0
50330,11,1,,2019,8,22,7,3,6,7,2,1,0,1,0,0,0,0,"796741,2572","5827439,338","13,37406","52,51611",1011102.0,Großer Tiergarten,4253.0,46.0
50331,11,1,,2019,5,17,6,3,5,2,0,0,1,0,0,0,0,0,"796198,262","5830980,257","13,36924","52,54814",1044201.0,Reinickendorfer Straße,4162.0,48.0
50332,11,4,,2019,10,15,5,2,9,1,0,0,0,0,1,0,0,0,"790663,8074","5829000,453","13,28612","52,53337",4010101.0,Jungfernheide,2958.0,49.0
50333,11,3,,2019,6,11,6,3,8,1,0,0,1,0,0,0,0,0,"803040,6663","5840272,965","13,47834","52,62767",3010101.0,Bucher Forst,5786.0,65.0
50334,11,7,,2019,9,7,5,3,5,3,0,1,1,0,0,0,0,0,"797842,242","5818949,306","13,38265","52,4394",7050502.0,Fritz-Werner-Straße,4331.0,54.0
50335,11,6,,2019,12,13,3,3,5,3,0,0,1,0,0,0,0,0,"785697,0609","5816404,755","13,2023","52,42307",6040703.0,Nikolassee,1626.0,59.0
50336,11,7,,2019,6,21,5,3,6,4,1,0,1,1,0,0,0,1,"795234,6765","5823510,934","13,34844","52,48171",7020202.0,Volkspark (Rudolf-Wilde-Park),3843.0,36.0
50337,11,10,,2019,5,7,6,3,2,6,0,0,1,0,0,0,0,0,"808826,9663","5827437,51","13,55161","52,50938",10030726.0,Alt-Biesdorf,6851.0,49.0
50338,11,11,,2019,11,15,2,3,2,6,0,0,1,0,0,0,1,0,"804679,2575","5827466,751","13,49071","52,51198",11030721.0,Rüdigerstraße,5952.0,37.0
50339,11,9,,2019,6,16,5,3,5,2,0,1,1,0,0,0,0,1,"802690,1766","5825212,272","13,45944","52,49288",9010101.0,Elsenstraße,5446.0,19.0
50340,11,7,,2019,11,21,7,3,1,5,2,0,1,0,0,0,0,0,"797820,8737","5822905,175","13,38587","52,47487",7040401.0,Neu-Tempelhof,4341.0,52.0
50341,11,7,,2019,8,20,6,2,0,1,2,1,0,0,0,0,0,0,"797793,8998","5823466,041","13,38597","52,47992",7040401.0,Neu-Tempelhof,4342.0,53.0
50342,11,7,,2019,5,2,6,2,9,1,2,0,1,0,0,0,0,0,"796186,6996","5822718,695","13,36171","52,47409",7030303.0,Grazer Platz,4041.0,37.0
50343,11,3,,2019,10,17,2,3,2,6,1,0,1,0,0,0,1,0,"799177,5455","5831060,621","13,41311","52,54723",3061131.0,Falkplatz,4762.0,48.0
50344,11,1,,2019,9,6,5,3,5,2,0,1,1,0,0,0,0,0,"796316,1864","5830076,215","13,37016","52,53997",1033203.0,Humboldthain Nordwest,4160.0,4.0
50346,11,7,,2019,6,11,5,3,1,5,0,0,1,0,0,0,1,0,"795933,7504","5824415,61","13,35951","52,48944",7020203.0,Kaiser-Wilhelm-Platz,4045.0,42.0
50347,11,6,,2019,8,19,6,2,0,1,0,1,0,0,0,0,0,0,"782617,4543","5815791,127","13,15661","52,41917",6040701.0,Wannsee,925.0,65.0
50348,11,9,,2019,5,8,6,3,0,2,0,0,1,0,0,0,1,0,"802583,6044","5825070,236","13,45774","52,49166",9010101.0,Elsenstraße,5446.0,19.0
50349,11,2,,2019,6,9,2,3,5,2,0,1,1,0,0,0,0,0,"802594,1864","5827701,306","13,46029","52,51524",2050602.0,Samariterviertel,5453.0,1.0
50350,11,7,,2019,9,16,4,3,5,2,0,1,1,0,0,0,0,0,"798181,752","5818924,81","13,38761","52,439",7050502.0,Fritz-Werner-Straße,4430.0,31.0
50351,11,7,,2019,12,7,3,3,2,6,0,0,1,0,0,0,0,1,"795691,1645","5822605,382","13,35434","52,47334",7030303.0,Grazer Platz,3940.0,61.0
50352,11,1,,2019,6,16,5,3,5,2,0,0,1,0,0,0,0,1,"796324,9932","5830068,247","13,37029","52,5399",1033203.0,Humboldthain Nordwest,4160.0,4.0
50353,11,1,,2019,8,20,6,3,2,6,0,0,1,0,0,0,0,0,"796044,9898","5831371,579","13,36733","52,55173",1044201.0,Reinickendorfer Straße,4163.0,33.0
50354,11,6,,2019,5,13,5,3,2,6,0,0,1,0,0,0,0,0,"792399,7592","5819711,293","13,30348","52,44917",6030605.0,Botanischer Garten,3133.0,56.0
50355,11,3,,2019,11,18,3,3,3,6,2,0,1,0,1,0,0,1,"800574,2207","5829844,64","13,43255","52,53557",3071639.0,Bötzowstraße,5059.0,35.0
50356,11,3,,2019,11,3,7,3,5,3,2,1,1,0,0,0,0,0,"799297,9475","5830349,813","13,41424","52,5408",3061332.0,Helmholtzplatz,4860.0,47.0
50357,11,7,,2019,8,20,6,3,0,1,0,0,0,0,1,0,0,0,"795311,7436","5822564,488","13,34873","52,47318",7030303.0,Grazer Platz,3840.0,51.0
50358,11,7,,2019,5,13,5,3,5,2,0,0,1,0,0,0,1,0,"795639,552","5823234,884","13,35414","52,47902",7030303.0,Grazer Platz,3942.0,35.0
50359,11,7,,2019,5,13,5,2,3,6,0,0,1,0,0,1,0,0,"798085,3354","5819031,515","13,38629","52,44001",7050502.0,Fritz-Werner-Straße,4331.0,54.0
50360,11,7,,2019,11,17,3,2,2,6,2,0,1,0,0,0,1,0,"799182,5125","5816440,864","13,40007","52,41619",7070701.0,Kettinger Straße/Schillerstraße,4624.0,53.0
50361,11,6,,2019,6,14,4,3,2,6,0,0,1,0,0,0,0,0,"785262,8671","5816291,817","13,19584","52,42228",6040703.0,Nikolassee,1526.0,65.0
50362,11,1,,2019,12,1,1,2,0,1,2,0,0,0,0,0,1,0,"799469,374","5828080,256","13,41472","52,52036",1011303.0,Alexanderplatzviertel,4854.0,36.0
50363,11,2,,2019,8,23,6,3,0,7,2,1,0,0,0,0,0,0,"797753,6242","5824436,376","13,38625","52,48864",2020203.0,Viktoriapark,4345.0,48.0
50364,11,6,,2019,5,16,5,2,2,6,0,0,1,0,0,0,1,0,"786196,6066","5816802,099","13,20997","52,42637",6040703.0,Nikolassee,1727.0,65.0
50365,11,3,,2019,10,17,3,2,5,3,0,1,1,0,0,0,0,0,"800161,8722","5832359,312","13,42876","52,55833",3040818.0,Pankow Süd,5065.0,44.0
50366,11,12,,2019,9,13,4,3,2,6,0,0,1,0,0,0,0,0,"795451,0155","5833483,258","13,36048","52,57099",12103115.0,Breitkopfbecken,4069.0,34.0
50368,11,7,,2019,8,12,6,3,0,7,0,0,1,0,0,0,0,0,"798266,017","5818640,255","13,38859","52,4364",7050502.0,Fritz-Werner-Straße,4430.0,31.0
50369,11,3,,2019,5,11,5,3,0,7,0,1,0,0,0,0,0,0,"798144,5544","5835933,659","13,40231","52,59148",3020209.0,Niederschönhausen,4675.0,44.0
50370,11,4,,2019,9,14,7,3,5,2,0,1,1,0,0,0,0,1,"791294,8726","5826501,352","13,2932","52,51063",4030417.0,Schloßstraße,3051.0,26.0
50371,11,1,,2019,6,7,3,3,5,2,0,1,1,0,0,0,0,0,"796198,646","5830206,42","13,36855","52,54121",1033203.0,Humboldthain Nordwest,4160.0,4.0
50372,11,3,,2019,9,10,3,3,6,6,0,1,0,1,0,0,0,0,"800168,971","5830827,39","13,42748","52,5446",3061228.0,Erich-Weinert-Straße,5061.0,55.0
50373,11,2,,2019,12,18,4,3,3,6,2,0,1,0,1,0,0,0,"797499,2085","5825541,468","13,3835","52,49868",2020202.0,Rathaus Yorckstraße,4348.0,45.0
50374,11,4,,2019,6,9,4,3,3,6,0,0,1,0,0,0,0,0,"790478,5666","5828451,839","13,28291","52,52856",4020310.0,Park Ruhwald,2857.0,33.0
50375,11,5,,2019,8,9,6,3,6,4,0,0,1,1,0,0,0,0,"783462,8478","5826655,738","13,17824","52,51614",5020524.0,Weinmeisterhornweg,1353.0,41.0
50376,11,12,,2019,5,12,5,3,5,3,0,1,1,0,0,0,0,0,"795811,274","5832439,708","13,36485","52,56144",12103117.0,Letteplatz,4066.0,53.0
50377,11,1,,2019,11,18,4,2,6,4,2,0,1,1,0,0,0,1,"798236,0104","5826933,624","13,39557","52,51076",1011204.0,Leipziger Straße,4551.0,40.0
50378,11,8,,2019,11,13,7,3,2,2,0,0,1,0,0,0,0,0,"802646,9424","5822050,831","13,45593","52,46456",8010510.0,Gewerbegebiet Köllnische Heide,5438.0,62.0
50379,11,4,,2019,8,8,6,3,6,4,0,0,1,1,0,0,0,0,"791397,1873","5826517,22","13,29472","52,51072",4030417.0,Schloßstraße,3051.0,26.0
50380,11,7,,2019,5,12,5,3,5,2,0,0,1,0,1,0,0,0,"795636,3426","5823238,493","13,35409","52,47905",7030303.0,Grazer Platz,3942.0,35.0
50381,11,2,,2019,10,10,4,3,6,4,0,0,1,1,0,0,0,1,"802354,5384","5827709,98","13,45678","52,51545",2050602.0,Samariterviertel,5453.0,1.0
50382,11,1,,2019,9,9,3,3,6,4,0,0,1,1,0,0,0,1,"799795,5565","5828617,967","13,42","52,525",1011303.0,Alexanderplatzviertel,4956.0,45.0
50384,11,1,,2019,6,15,4,3,1,5,0,1,0,0,0,0,1,0,"796206,9153","5830826,654","13,36923","52,54676",1044201.0,Reinickendorfer Straße,4162.0,48.0
50385,11,4,,2019,8,15,6,2,5,3,0,1,1,0,0,0,0,0,"788939,73","5826125,888","13,25827","52,50852",4020208.0,Kranzallee,2451.0,53.0
50386,11,3,,2019,5,10,5,3,0,1,0,1,0,0,0,0,0,0,"802522,8567","5831672,899","13,46286","52,55088",3050925.0,Komponistenviertel Weißensee,5563.0,50.0
50387,11,12,,2019,11,12,6,3,5,2,0,1,1,0,0,0,0,0,"794461,1322","5834349,299","13,34668","52,57928",12103218.0,Teichstraße,3871.0,53.0
50388,11,7,,2019,6,5,5,3,2,6,0,0,1,0,0,0,0,0,"798205,4461","5822270,411","13,39095","52,46897",7040405.0,Rathaus Tempelhof,4439.0,53.0
50389,11,9,,2019,9,18,3,2,6,4,0,1,0,1,0,0,0,1,"802615,9638","5825142,127","13,45828","52,49229",9010101.0,Elsenstraße,5446.0,19.0
50390,11,9,,2019,12,12,3,3,2,6,0,0,1,0,0,1,0,0,"802853,3455","5825484,367","13,46208","52,49522",9010101.0,Elsenstraße,5547.0,53.0
50391,11,11,,2019,6,16,3,3,3,6,0,0,1,0,0,0,0,0,"804866,0149","5827449,455","13,49343","52,51172",11030721.0,Rüdigerstraße,5952.0,37.0
50392,11,7,,2019,8,14,6,3,2,6,0,0,1,0,0,0,0,0,"797846,1","5821267,217","13,38478","52,46018",7040403.0,Manteuffelstraße,4337.0,59.0
50393,11,4,,2019,10,16,5,3,2,6,2,0,1,0,0,0,0,0,"787757,6201","5825935,15","13,24074","52,50743",4020208.0,Kranzallee,2250.0,59.0
50394,11,3,,2019,8,13,6,3,2,6,0,0,1,0,0,0,0,0,"798035,0148","5834113,488","13,39906","52,57523",3020209.0,Niederschönhausen,4570.0,59.0
50395,11,7,,2019,9,13,6,3,0,2,0,0,1,0,0,0,1,1,"795787,1541","5824110,239","13,35708","52,48678",7020203.0,Kaiser-Wilhelm-Platz,3944.0,21.0
50396,11,1,,2019,5,8,5,3,1,5,0,1,0,0,0,0,1,0,"799013,0963","5828214,173","13,40814","52,52181",1011303.0,Alexanderplatzviertel,4755.0,4.0
50397,11,4,,2019,10,22,4,3,3,6,2,0,1,0,0,0,1,1,"790977,9056","5824665,896","13,28694","52,49435",4041134.0,Bismarckallee,2947.0,18.0
50398,11,2,,2019,9,14,3,3,6,4,0,0,1,1,0,0,0,1,"802661,0383","5827678,74","13,46125","52,515",2050602.0,Samariterviertel,5553.0,28.0
50400,11,7,,2019,6,10,3,3,6,7,0,0,0,1,0,0,1,0,"797836,8693","5821305,696","13,38468","52,46053",7040403.0,Manteuffelstraße,4337.0,59.0
50401,11,2,,2019,8,17,5,3,5,2,0,1,1,0,0,0,0,0,"797898,3103","5825432,668","13,38926","52,49749",2020202.0,Rathaus Yorckstraße,4448.0,24.0
50402,11,2,,2019,5,22,4,3,0,6,2,1,0,1,0,0,0,0,"802045,0249","5828039,686","13,45253","52,51858",2050602.0,Samariterviertel,5354.0,49.0
50403,11,6,,2019,11,17,7,3,6,2,2,0,1,1,0,0,0,0,"791054,1063","5818813,331","13,28296","52,44184",6030503.0,Zehlendorf Mitte,2831.0,52.0
50404,11,3,,2019,6,19,7,2,5,3,0,0,1,0,1,0,0,0,"798165,7503","5836122,447","13,40279","52,59316",3020209.0,Niederschönhausen,4675.0,44.0
50405,11,3,,2019,12,8,4,3,0,4,0,0,0,1,0,0,1,0,"800013,2022","5830341,627","13,42475","52,54033",3071633.0,Thälmannpark,4960.0,18.0
50406,11,3,,2019,8,17,5,3,5,2,0,1,0,0,0,0,1,0,"799216,4496","5832076,54","13,4146","52,55632",3061126.0,Arnimplatz,4865.0,35.0
50407,11,3,,2019,5,18,4,2,5,3,0,1,1,0,0,0,0,0,"800040,4483","5832914,222","13,42748","52,56337",3040818.0,Pankow Süd,5067.0,63.0
50408,11,1,,2019,10,13,7,3,3,6,0,1,0,0,0,0,0,0,"799727,6727","5828567,224","13,41895","52,52458",1011303.0,Alexanderplatzviertel,4855.0,25.0
50409,11,11,,2019,9,14,3,3,5,3,0,1,1,0,0,0,0,1,"804068,2978","5827550,295","13,48181","52,51307",11030721.0,Rüdigerstraße,5852.0,43.0
50410,11,3,,2019,8,16,5,3,5,2,0,1,1,0,0,0,0,0,"796447,267","5840400,385","13,38133","52,63245",3020203.0,Blankenfelde,4387.0,63.0
50411,11,4,,2019,5,17,4,3,2,7,0,1,1,0,0,0,0,0,"791790,4806","5826582,608","13,30056","52,5111",4030417.0,Schloßstraße,3151.0,40.0
50412,11,4,,2019,10,10,4,3,2,6,0,0,1,0,0,0,0,1,"791395,6192","5824511,645","13,29294","52,49274",4041137.0,Flinsberger Platz,3046.0,37.0
50413,11,4,,2019,6,7,5,3,3,6,0,0,1,0,0,1,0,1,"790456,508","5828429,423","13,28257","52,52837",4020310.0,Park Ruhwald,2857.0,33.0
50414,11,4,,2019,9,9,3,3,2,6,0,0,1,0,0,0,0,0,"791999,872","5823923,308","13,3013","52,48715",4041239.0,Stadion Wilmersdorf,3144.0,48.0
50415,11,6,,2019,12,8,6,3,5,3,0,1,1,0,0,0,0,0,"788208,388","5817684,025","13,24023","52,43322",6030501.0,Berlepschstraße,2229.0,61.0
50416,11,2,,2019,6,15,3,3,5,2,0,1,1,0,0,0,0,0,"802144,468","5827754,513","13,45373","52,51596",2050602.0,Samariterviertel,5453.0,1.0
50417,11,1,,2019,5,5,4,3,0,1,1,0,1,0,0,0,1,1,"798685,3383","5827893,499","13,40303","52,51912",1011303.0,Alexanderplatzviertel,4654.0,10.0
50418,11,1,,2019,11,10,1,3,0,6,0,1,0,0,0,0,1,0,"798289,2418","5827697,44","13,39704","52,51758",1011202.0,Unter den Linden Nord,4553.0,29.0
50419,11,4,,2019,6,16,3,3,2,6,0,0,1,0,0,0,0,0,"788960,5002","5826129,464","13,25858","52,50854",4020209.0,Eichkamp,2551.0,50.0
50420,11,12,,2019,11,19,5,3,5,3,2,0,1,0,0,0,1,1,"792782,7115","5837343,271","13,32463","52,60703",12302212.0,Rollbergesiedlung,3480.0,38.0
50421,11,12,,2019,8,15,5,3,2,6,0,0,1,0,0,0,0,0,"792172,5691","5832086,587","13,31101","52,56023",12214125.0,Waldidyll/Flughafensee,3266.0,63.0
50422,11,4,,2019,5,15,4,3,2,6,0,0,1,0,0,0,0,0,"789164,2116","5826160,009","13,2616","52,50871",4020311.0,Reichsstraße,2551.0,50.0
50423,11,1,,2019,10,20,1,3,2,6,2,0,1,0,0,0,0,0,"796030,741","5831374,83","13,36712","52,55177",1044203.0,Leopoldplatz,4163.0,33.0
50424,11,11,,2019,9,7,3,3,5,2,0,1,1,0,1,0,0,0,"804904,3765","5827465,101","13,49401","52,51184",11030721.0,Rüdigerstraße,6052.0,58.0
50426,11,2,,2019,6,8,3,2,3,6,0,1,0,0,0,0,0,0,"801872,0535","5827776,15","13,44975","52,51631",2040503.0,Richard-Sorge-Viertel,5353.0,48.0
50427,11,3,,2019,8,15,5,3,2,6,0,0,1,0,1,0,0,0,"800269,3317","5831879,704","13,42991","52,55398",3050923.0,Weißenseer Spitze,5064.0,24.0
50428,11,7,,2019,5,15,4,3,3,6,0,0,1,0,1,0,0,0,"797760,121","5823856,895","13,38583","52,48344",7040401.0,Neu-Tempelhof,4343.0,38.0
50429,11,4,,2019,6,18,1,3,6,2,0,0,1,1,0,0,0,0,"792092,3965","5826654,735","13,30506","52,51158",4030622.0,Richard-Wagner-Straße,3152.0,19.0
50430,11,4,,2019,9,15,3,3,6,4,0,0,1,1,0,0,0,1,"791667,2657","5826561,829","13,29873","52,51098",4030417.0,Schloßstraße,3051.0,26.0
50431,11,7,,2019,12,17,2,3,5,2,2,0,1,0,0,0,0,1,"797474,4017","5817965,558","13,37638","52,43078",7050502.0,Fritz-Werner-Straße,4228.0,55.0
50432,11,7,,2019,6,9,3,2,1,5,0,0,1,0,0,0,0,0,"799154,8331","5816563,445","13,39977","52,4173",7070701.0,Kettinger Straße/Schillerstraße,4624.0,53.0
50433,11,1,,2019,8,15,5,3,5,2,0,1,1,0,0,0,0,0,"796420,8654","5826329,938","13,36836","52,50634",1011105.0,Nördlicher Landwehrkanal,4150.0,19.0
50434,11,1,,2019,4,18,3,3,2,6,0,0,1,0,0,0,0,0,"796763,643","5826668,491","13,3737","52,50918",1011105.0,Nördlicher Landwehrkanal,4251.0,2.0
50435,11,1,,2019,11,15,2,3,0,6,0,1,0,0,0,1,1,1,"797750,0895","5826848,821","13,38835","52,51026",1011204.0,Leipziger Straße,4451.0,11.0
50436,11,7,,2019,8,11,5,3,3,6,0,0,1,0,1,0,0,0,"796011,5686","5825166,15","13,36132","52,49613",7010104.0,Dennewitzplatz,4047.0,22.0
50437,11,9,,2019,4,13,3,3,5,3,0,1,1,0,0,0,0,0,"804104,6469","5824365,095","13,47943","52,4845",9010202.0,Köpenicker Landstraße,5744.0,53.0
50438,11,6,,2019,10,3,2,3,0,7,2,0,1,0,0,0,0,0,"787036,8903","5820675,025","13,22562","52,46065",6040703.0,Nikolassee,2037.0,63.0
50439,11,12,,2019,9,8,2,3,2,6,0,0,1,0,0,0,0,0,"790110,385","5836039,91","13,28414","52,59678",12304314.0,Ziekowstraße/Freie Scholle,2877.0,60.0
50441,11,2,,2019,6,8,3,3,5,2,0,1,0,0,0,0,1,0,"802124,7546","5828063,409","13,45372","52,51874",2050602.0,Samariterviertel,5454.0,53.0
50442,11,4,,2019,8,10,5,3,2,6,0,0,1,0,0,0,0,0,"790498,7548","5827507,075","13,28238","52,52007",4020310.0,Park Ruhwald,2854.0,17.0
50443,11,4,,2019,4,7,3,3,2,6,0,0,1,0,0,0,0,0,"792846,9745","5829535,083","13,31868","52,537",4010102.0,Plötzensee,3359.0,65.0
50444,11,2,,2019,11,15,4,3,5,2,1,1,1,0,0,0,1,1,"802581,6369","5827686,702","13,46009","52,51511",2050602.0,Samariterviertel,5453.0,1.0
50445,11,11,,2019,6,15,4,2,5,2,0,1,0,0,0,1,0,0,"803742,834","5827568,253","13,47704","52,51341",11030721.0,Rüdigerstraße,5752.0,11.0
50446,11,12,,2019,9,21,2,2,6,4,2,0,1,1,0,0,0,0,"795759,1873","5832650,13","13,36427","52,56335",12103219.0,Schäfersee,4067.0,9.0
50447,11,7,,2019,12,8,2,3,2,6,0,0,1,0,0,1,1,0,"794782,4018","5823140,125","13,34147","52,47863",7020202.0,Volkspark (Rudolf-Wilde-Park),3742.0,48.0
50448,11,12,,2019,8,8,5,3,5,2,0,0,1,0,1,0,0,0,"795410,8555","5833589,954","13,35998","52,57196",12103115.0,Breitkopfbecken,4069.0,34.0
50449,11,6,,2019,10,12,4,3,2,6,0,0,1,0,0,0,0,0,"792751,0243","5819955,205","13,30885","52,45117",6030605.0,Botanischer Garten,3234.0,63.0
50450,11,11,,2019,9,20,2,2,0,1,2,0,0,0,1,0,0,0,"803721,1963","5827570,169","13,47673","52,51344",11030721.0,Rüdigerstraße,5752.0,11.0
50451,11,2,,2019,8,7,5,3,5,3,0,1,1,0,0,0,0,0,"802972,4485","5827662,85","13,46581","52,51468",2050602.0,Samariterviertel,5553.0,28.0
50452,11,2,,2019,4,7,3,3,0,2,0,1,1,0,0,0,0,0,"797759,2269","5824125,584","13,38605","52,48585",2020203.0,Viktoriapark,4344.0,28.0