OBJECTID,LAND,BEZ,LOR_ab_2021,UJAHR,UMONAT,USTUNDE,UWOCHENTAG,UKATEGORIE,UART,UTYP1,ULICHTVERH,IstRad,IstPKW,IstFuss,IstKrad,IstGkfz,IstSonstige,USTRZUSTAND,LINREFX,LINREFY,XGCSWGS84,YGCSWGS84,LOR,STRASSE,quadrant,quadrant_rank
50453,11,6,,2019,10,13,3,3,2,6,0,0,1,0,0,1,0,1,"791071,6917","5818846,719","13,28324","52,44213",6030605.0,Botanischer Garten,2831.0,52.0
50454,11,3,,2019,9,16,2,3,3,6,0,1,1,0,0,0,0,0,"799983,857","5828905,997","13,42302","52,52748",2040501.0,Barnimkiez,4956.0,45.0
50456,11,12,,2019,6,19,3,3,5,3,1,0,1,0,0,0,0,0,"794478,1859","5834318,183","13,3469","52,579",12103218.0,Teichstraße,3871.0,53.0
50457,11,3,,2019,8,19,4,2,6,4,0,1,0,1,0,0,0,0,"799950,3511","5830206,136","13,42371","52,53915",3061332.0,Helmholtzplatz,4960.0,18.0
50458,11,3,,2019,4,17,3,3,5,2,0,1,1,0,0,0,0,0,"801518,4407","5829102,62","13,44576","52,52839",3061435.0,Conrad-Blenkle-Straße,5257.0,59.0
50459,11,10,,2019,11,5,6,2,5,3,2,0,1,0,0,0,0,0,"808897,3951","5833398,142","13,55818","52,56276",10010204.0,Wuhletalstraße,6967.0,41.0
50460,11,4,,2019,10,11,3,2,0,1,0,0,0,0,1,0,0,0,"791014,3052","5824659,463","13,28747","52,49427",4041134.0,Bismarckallee,2947.0,18.0
50461,11,7,,2019,9,16,2,2,5,3,0,0,1,0,1,0,0,1,"799678,1367","5815247,722","13,40627","52,40522",7070701.0,Kettinger Straße/Schillerstraße,4621.0,65.0
50463,11,4,,2019,6,7,2,3,2,6,0,0,1,0,0,0,0,0,"788346,0774","5826030,168","13,24947","52,50798",4020208.0,Kranzallee,2351.0,59.0
50464,11,7,,2019,8,14,4,3,2,6,0,0,1,0,0,0,0,1,"799229,4992","5816329,158","13,40066","52,41516",7070701.0,Kettinger Straße/Schillerstraße,4623.0,43.0
50465,11,5,,2019,4,19,3,3,2,7,0,1,1,0,0,0,0,0,"784035,3235","5826575,963","13,18659","52,51513",5020628.0,Graetschelsteig,1453.0,50.0
50466,11,2,,2019,11,17,4,3,6,4,2,0,1,1,0,0,0,1,"802685,7532","5827676,261","13,46161","52,51496",2050602.0,Samariterviertel,5553.0,28.0
50467,11,1,,2019,6,9,5,3,2,1,0,0,1,0,0,0,0,0,"796317,1383","5828827,802","13,36906","52,52878",1022202.0,Heidestraße,4157.0,57.0
50468,11,4,,2019,9,10,2,3,5,2,0,1,0,0,0,1,0,0,"790514,0274","5826374,665","13,28162","52,50991",4020313.0,Königin-Elisabeth-Straße,2851.0,8.0
50469,11,7,,2019,12,18,2,3,5,3,2,1,1,0,0,0,0,1,"795794,936","5824126,932","13,35721","52,48693",7020203.0,Kaiser-Wilhelm-Platz,3944.0,21.0
50470,11,1,,2019,8,9,4,3,3,2,0,0,1,0,1,0,0,0,"796917,3784","5827467,61","13,37667","52,51626",1011202.0,Unter den Linden Nord,4253.0,46.0
50471,11,10,,2019,10,19,4,3,2,7,2,0,1,0,0,0,0,0,"807965,934","5831210,966","13,54245","52,54369",10010207.0,Marzahner Promenade,6761.0,58.0
50472,11,8,,2019,8,6,4,3,3,6,1,0,1,0,1,0,0,0,"802276,3871","5821961,769","13,45041","52,46397",8020619.0,Buschkrugallee Nord,5338.0,54.0
50473,11,3,,2019,9,18,6,3,2,6,0,0,1,0,0,0,0,1,"799933,929","5830209,502","13,42347","52,53919",3061332.0,Helmholtzplatz,4960.0,18.0
50474,11,7,,2019,4,20,2,3,3,6,1,0,1,0,0,0,0,0,"795337,846","5822754,61","13,34928","52,47487",7030303.0,Grazer Platz,3841.0,47.0
50475,11,11,,2019,10,17,3,3,3,6,1,0,1,0,0,1,0,1,"804316,1011","5827510,343","13,48541","52,51257",11030721.0,Rüdigerstraße,5852.0,43.0
50476,11,4,,2019,9,13,2,3,8,1,0,0,1,0,0,0,0,0,"790973,9418","5828992,753","13,29067","52,53314",4010101.0,Jungfernheide,2958.0,49.0
50478,11,1,,2019,6,21,2,3,0,1,2,1,0,0,0,0,0,0,"796247,0997","5825925,559","13,36545","52,50281",1011104.0,Körnerstraße,4049.0,39.0
50479,11,1,,2019,8,15,4,3,5,2,0,1,1,0,0,0,0,0,"796420,2339","5826327,806","13,36835","52,50632",1011105.0,Nördlicher Landwehrkanal,4150.0,19.0
50480,11,3,,2019,4,18,2,3,6,4,0,1,0,1,0,0,0,0,"800301,2907","5831678,598","13,4302","52,55216",3050923.0,Weißenseer Spitze,5063.0,29.0
50481,11,2,,2019,11,1,7,3,5,3,2,0,1,0,0,0,0,0,"802148,9601","5827734,648","13,45378","52,51578",2050602.0,Samariterviertel,5453.0,1.0
50482,11,5,,2019,6,19,2,3,2,6,0,0,1,0,0,0,0,0,"782197,9865","5824998,343","13,15825","52,50194",5020524.0,Weinmeisterhornweg,1049.0,65.0
50483,11,1,,2019,9,9,2,2,5,2,0,1,1,0,0,0,0,1,"796450,2777","5827390,273","13,36974","52,51582",1011102.0,Großer Tiergarten,4153.0,36.0
50484,11,4,,2019,12,15,4,3,2,6,0,0,1,0,0,0,0,0,"793456,2688","5829747,198","13,32783","52,53857",4010102.0,Plötzensee,3560.0,52.0
50485,11,7,,2019,8,12,3,3,2,6,0,0,1,0,0,0,1,0,"797827,0869","5822414,179","13,38552","52,47047",7040401.0,Neu-Tempelhof,4340.0,45.0
50486,11,3,,2019,4,9,2,3,0,2,0,0,1,0,0,0,1,1,"799975,0225","5830201,053","13,42406","52,53909",3061332.0,Helmholtzplatz,4960.0,18.0
50487,11,7,,2019,10,19,6,3,2,6,2,0,1,0,0,0,0,0,"796472,6164","5822575,939","13,36578","52,47266",7040402.0,Lindenhofsiedlung,4040.0,57.0
50488,11,10,,2019,9,11,1,3,3,6,0,1,1,0,0,0,0,0,"807653,7135","5829957,125","13,5367","52,53263",10010309.0,Springpfuhl,6658.0,51.0
50489,11,2,,2019,8,9,3,3,3,2,0,0,0,0,1,1,0,0,"800456,0741","5827947,485","13,4291","52,51863",2040701.0,Andreasviertel,5054.0,36.0
50490,11,1,,2019,4,11,2,3,5,3,0,1,0,0,0,1,0,1,"799123,2126","5827663,403","13,40926","52,51681",1011303.0,Alexanderplatzviertel,4753.0,44.0
50491,11,7,,2019,10,13,3,3,5,7,0,0,1,0,0,0,0,1,"795679,7813","5823173,24","13,35467","52,47844",7030303.0,Grazer Platz,3942.0,35.0
50492,11,2,,2019,6,17,4,2,3,6,0,1,0,0,0,0,0,0,"803373,2976","5827605,844","13,47165","52,51395",2050602.0,Samariterviertel,5652.0,13.0
50493,11,4,,2019,9,16,1,3,2,6,0,0,1,0,0,0,0,0,"789745,0425","5824735,361","13,26889","52,49563",4020209.0,Eichkamp,2647.0,59.0
50494,11,1,,2019,12,22,4,3,6,4,2,0,1,1,0,0,0,0,"796342,4704","5830079,197","13,37055","52,53999",1033203.0,Humboldthain Nordwest,4160.0,4.0
50495,11,3,,2019,6,23,2,3,5,3,2,1,1,0,0,0,0,1,"800953,0387","5830502,712","13,43871","52,54126",3061429.0,Greifswalder Straße,5160.0,41.0
50496,11,8,,2019,4,11,2,3,3,6,0,0,1,0,0,0,1,1,"802157,563","5821904,716","13,44862","52,46353",8020619.0,Buschkrugallee Nord,5338.0,54.0
50497,11,2,,2019,11,15,7,3,3,6,0,0,1,0,1,0,0,1,"797901,634","5825143,822","13,38905","52,4949",2020202.0,Rathaus Yorckstraße,4447.0,16.0
50498,11,2,,2019,6,13,2,2,6,4,0,1,0,1,0,0,0,0,"802842,211","5827675,87","13,46391","52,51487",2050602.0,Samariterviertel,5553.0,28.0
50499,11,1,,2019,11,18,4,3,5,3,2,1,0,0,1,0,0,1,"795800,8619","5827269,446","13,36009","52,51509",1011102.0,Großer Tiergarten,4053.0,57.0
50500,11,7,,2019,8,7,3,3,5,3,0,1,1,0,0,0,0,0,"796913,2353","5816488,094","13,36684","52,41785",7060601.0,Marienfelder Allee Nordwest,4124.0,65.0
50501,11,12,,2019,4,22,7,2,5,2,2,0,1,0,1,0,0,0,"794559,293","5833808,298","13,34765","52,57438",12103218.0,Teichstraße,3870.0,38.0
50502,11,3,,2019,10,18,7,2,5,2,2,0,1,0,1,0,0,0,"799196,5186","5831441,779","13,41374","52,55064",3061126.0,Arnimplatz,4863.0,28.0
50503,11,7,,2019,9,14,1,3,3,6,0,0,1,0,0,0,0,0,"797794,4614","5823140,095","13,38569","52,47699",7040401.0,Neu-Tempelhof,4342.0,53.0
50505,11,12,,2019,6,16,2,3,1,5,0,1,1,0,0,0,1,0,"795372,3246","5833713,012","13,35952","52,57309",12103115.0,Breitkopfbecken,4070.0,60.0
50506,11,3,,2019,8,15,3,3,5,3,0,1,1,0,0,0,0,0,"801175,0255","5830811,222","13,44226","52,5439",3061429.0,Greifswalder Straße,5261.0,46.0
50507,11,7,,2019,4,17,7,3,2,6,0,0,1,0,0,0,0,0,"799461,4034","5815770,561","13,40356","52,41003",7070701.0,Kettinger Straße/Schillerstraße,4622.0,59.0
50508,11,3,,2019,6,15,7,3,0,1,0,1,0,0,0,0,0,0,"799197,8984","5831042,543","13,4134","52,54706",3061131.0,Falkplatz,4862.0,43.0
50509,11,1,,2019,9,23,1,3,6,4,2,0,1,1,0,0,0,1,"800020,007","5828096,834","13,42283","52,52021",1011304.0,Karl-Marx-Allee,4954.0,49.0
50510,11,4,,2019,12,12,1,2,2,6,0,0,1,0,0,0,0,1,"790876,6417","5828953,21","13,2892","52,53284",4010101.0,Jungfernheide,2958.0,49.0
50511,11,4,,2019,6,9,2,2,5,3,0,1,0,0,0,1,0,0,"789801,7343","5826261,233","13,27105","52,50928",4020311.0,Reichsstraße,2651.0,45.0
50512,11,4,,2019,8,15,3,3,5,2,0,0,1,0,0,0,0,0,"790523,7956","5826394,917","13,28178","52,51009",4020313.0,Königin-Elisabeth-Straße,2851.0,8.0
50513,11,4,,2019,11,10,2,3,6,7,0,0,1,1,0,0,0,1,"792073,0963","5826651,419","13,30477","52,51156",4030622.0,Richard-Wagner-Straße,3152.0,19.0
50514,11,11,,2019,8,15,3,3,5,2,0,1,0,0,0,1,0,0,"803737,2933","5827585,098","13,47698","52,51356",11030721.0,Rüdigerstraße,5752.0,11.0
50515,11,3,,2019,4,11,6,3,5,3,0,1,1,0,0,0,0,0,"799131,138","5832326,271","13,41357","52,5586",3040818.0,Pankow Süd,4865.0,35.0
50516,11,10,,2019,10,11,1,2,5,3,0,0,1,0,0,0,1,0,"808903,9273","5833413,708","13,55829","52,56289",10010204.0,Wuhletalstraße,6967.0,41.0
50517,11,4,,2019,9,14,7,3,2,6,0,0,1,0,0,0,0,0,"790401,1975","5827910,807","13,2813","52,52375",4020310.0,Park Ruhwald,2855.0,59.0
50519,11,2,,2019,6,8,2,3,5,2,0,1,0,0,0,1,0,0,"801641,132","5828895,333","13,44737","52,52647",2050601.0,Hausburgviertel,5356.0,13.0
50520,11,7,,2019,8,15,2,3,0,7,0,1,0,0,0,0,0,0,"797777,7283","5823819,948","13,38605","52,4831",7040401.0,Neu-Tempelhof,4343.0,38.0
50521,11,4,,2019,4,19,6,2,6,4,0,1,0,1,0,0,0,0,"789859,7965","5826230,244","13,27188","52,50897",4020311.0,Reichsstraße,2651.0,45.0
50522,11,2,,2019,11,10,3,3,5,2,0,1,1,0,0,0,0,0,"802592,0568","5827701,53","13,46026","52,51524",2050602.0,Samariterviertel,5453.0,1.0
50523,11,1,,2019,6,18,3,3,0,6,0,1,0,0,0,0,1,0,"797244,8936","5827533,792","13,38154","52,51668",1011202.0,Unter den Linden Nord,4353.0,37.0
50524,11,3,,2019,9,12,7,3,2,6,0,0,1,0,0,0,1,0,"800442,5103","5829678,583","13,43046","52,53415",3071639.0,Bötzowstraße,5058.0,45.0
50525,11,2,,2019,12,1,7,3,2,6,2,0,1,0,0,0,0,1,"797087,661","5825778,259","13,37767","52,50103",2010101.0,Askanischer Platz,4249.0,53.0
50526,11,7,,2019,8,19,2,3,0,6,0,0,1,0,1,0,0,0,"795661,398","5823954,139","13,3551","52,48545",7020203.0,Kaiser-Wilhelm-Platz,3944.0,21.0
50527,11,2,,2019,10,10,3,3,2,2,0,1,0,0,0,0,1,0,"797899,2026","5825428,51","13,38927","52,49745",2020202.0,Rathaus Yorckstraße,4447.0,16.0
50528,11,4,,2019,9,12,7,2,2,6,0,0,1,0,0,0,0,0,"790485,5766","5828472,748","13,28303","52,52874",4020310.0,Park Ruhwald,2857.0,33.0
50529,11,1,,2019,8,15,2,3,5,2,0,1,1,0,0,0,0,0,"796285,7975","5830277,485","13,3699","52,5418",1033203.0,Humboldthain Nordwest,4160.0,4.0
50530,11,2,,2019,4,20,6,3,3,6,1,0,1,0,0,0,0,0,"797899,9775","5825342,688","13,38921","52,49668",2020202.0,Rathaus Yorckstraße,4447.0,16.0
50531,11,4,,2019,10,12,2,3,2,6,0,0,1,0,0,0,1,0,"790547,7734","5825192,117","13,28108","52,49929",4041133.0,Güterbahnhof Grunewald,2848.0,27.0
50532,11,3,,2019,6,22,1,3,0,7,2,1,0,0,0,0,0,0,"800118,0762","5829112,295","13,42518","52,52925",3071639.0,Bötzowstraße,4957.0,49.0
50533,11,3,,2019,9,20,7,3,0,6,1,0,1,0,1,0,0,0,"799415,9909","5830332,064","13,41596","52,54057",3061332.0,Helmholtzplatz,4860.0,47.0
50535,11,10,,2019,6,13,2,3,5,3,0,1,1,0,0,0,0,0,"813337,299","5827199,225","13,61762","52,50467",10040933.0,Mahlsdorf Süd,7850.0,59.0
50536,11,6,,2019,4,12,6,3,0,5,0,1,1,0,0,0,0,0,"782904,5061","5815862,169","13,16088","52,41965",6040701.0,Wannsee,1025.0,59.0
50537,11,4,,2019,11,13,5,2,2,6,0,0,1,0,0,0,0,0,"790480,2361","5828457,219","13,28294","52,5286",4020310.0,Park Ruhwald,2857.0,33.0
50538,11,9,,2019,6,12,1,3,5,2,0,1,1,0,0,0,0,0,"802585,0186","5825068,876","13,45776","52,49165",9010101.0,Elsenstraße,5446.0,19.0
50539,11,4,,2019,12,15,2,3,2,6,1,0,1,0,0,1,0,1,"791273,3298","5829906,321","13,29587","52,54117",4010101.0,Jungfernheide,3060.0,36.0
50540,11,10,,2019,8,12,2,3,5,3,0,0,1,0,0,0,0,0,"808905,8771","5833417,549","13,55832","52,56293",10010204.0,Wuhletalstraße,6967.0,41.0
50541,11,1,,2019,4,10,5,2,5,2,0,1,0,0,1,0,0,0,"796554,3067","5827804,02","13,37164","52,51948",1011102.0,Großer Tiergarten,4154.0,56.0
50542,11,7,,2019,10,14,4,2,0,6,0,0,1,0,0,0,0,0,"794458,0398","5821624,732","13,33537","52,46522",6010209.0,Feuerbachstraße,3638.0,58.0
50543,11,10,,2019,9,12,7,3,2,6,0,0,1,0,0,0,0,0,"809293,6486","5827391,843","13,55842","52,50871",10030726.0,Alt-Biesdorf,6951.0,61.0
50545,11,7,,2019,8,12,2,3,3,6,0,0,1,0,0,1,0,0,"797680,6525","5818714,409","13,38007","52,43739",7050502.0,Fritz-Werner-Straße,4330.0,47.0
50546,11,4,,2019,4,18,5,3,3,6,0,0,1,0,0,1,0,0,"792570,1623","5823390,039","13,30921","52,48206",4051551.0,Brabanter Platz,3243.0,53.0
50547,11,1,,2019,9,4,1,3,5,3,2,0,1,0,0,0,1,1,"799788,8134","5828607,126","13,41989","52,52491",1011303.0,Alexanderplatzviertel,4856.0,19.0
50548,11,1,,2019,6,9,4,3,3,2,0,0,1,0,1,1,0,0,"796920,2823","5827454,628","13,3767","52,51615",1011202.0,Unter den Linden Nord,4253.0,46.0
50549,11,7,,2019,9,0,7,3,0,7,2,0,0,0,0,0,1,0,"797783,7923","5823705,15","13,38604","52,48207",7040401.0,Neu-Tempelhof,4343.0,38.0
50550,11,3,,2019,12,9,6,3,1,5,0,0,1,0,0,1,0,0,"798635,602","5832999,652","13,40689","52,56491",3040614.0,Pankow Zentrum,4767.0,50.0
50551,11,6,,2019,6,15,1,3,1,5,0,1,1,0,0,0,0,0,"783371,1207","5815994,474","13,16784","52,4206",6040701.0,Wannsee,1125.0,63.0
50552,11,1,,2019,8,11,1,3,1,5,0,1,1,0,0,0,0,0,"798712,7876","5827925,912","13,40346","52,51939",1011303.0,Alexanderplatzviertel,4654.0,10.0
50553,11,3,,2019,4,17,5,3,1,5,0,1,1,0,0,0,0,0,"802044,4813","5831477,616","13,45565","52,54939",3050925.0,Komponistenviertel Weißensee,5463.0,46.0
50554,11,1,,2019,11,23,6,3,5,7,2,0,1,0,0,0,1,1,"798698,5888","5827909,145","13,40324","52,51925",1011303.0,Alexanderplatzviertel,4654.0,10.0
50555,11,3,,2019,9,19,7,3,5,3,1,1,1,0,0,0,0,0,"798705,807","5832902,57","13,40784","52,564",3040818.0,Pankow Süd,4767.0,50.0
50556,11,7,,2019,11,12,3,3,2,2,0,0,1,0,0,0,0,0,"796608,831","5815997,411","13,36194","52,41361",7060601.0,Marienfelder Allee Nordwest,4023.0,43.0
50557,11,1,,2019,8,15,7,3,5,2,0,0,1,0,0,0,0,0,"796048,448","5831363,313","13,36737","52,55166",1044201.0,Reinickendorfer Straße,4163.0,33.0
50558,11,1,,2019,4,17,5,3,5,2,0,0,1,0,1,0,0,0,"796467,9448","5826422,729","13,36914","52,50714",1011105.0,Nördlicher Landwehrkanal,4150.0,19.0
50559,11,11,,2019,10,7,5,3,0,7,1,1,1,0,0,0,0,1,"806431,8442","5827357,94","13,51635","52,51002",11040926.0,Weitlingstraße,6351.0,60.0
50560,11,4,,2019,9,16,7,3,5,2,0,0,1,0,0,0,1,0,"792272,0671","5826684,843","13,30772","52,51176",4030622.0,Richard-Wagner-Straße,3252.0,41.0
50562,11,4,,2019,6,15,1,2,3,6,0,0,1,0,1,0,0,0,"793312,1777","5826833,58","13,32314","52,51253",4030623.0,Ernst-Reuter-Platz,3452.0,33.0
50563,11,4,,2019,6,14,1,3,3,6,0,1,0,0,0,0,0,0,"791640,7005","5826578,761","13,29835","52,51114",4030417.0,Schloßstraße,3052.0,58.0
50564,11,7,,2019,12,20,3,3,2,6,2,0,1,0,0,0,0,1,"795753,515","5823099,571","13,35569","52,47774",7030303.0,Grazer Platz,3942.0,35.0
50565,11,3,,2019,8,21,7,3,0,7,1,0,0,0,1,0,0,1,"800067,3788","5829071,591","13,4244","52,52892",3071639.0,Bötzowstraße,4957.0,49.0
50566,11,2,,2019,4,15,5,3,5,2,0,1,1,0,0,0,0,0,"797898,7256","5825430,732","13,38927","52,49747",2020202.0,Rathaus Yorckstraße,4448.0,24.0
50567,11,7,,2019,10,17,5,2,6,7,0,0,1,1,0,0,0,0,"799212,3491","5816424,978","13,40049","52,41603",7070701.0,Kettinger Straße/Schillerstraße,4624.0,53.0
50568,11,4,,2019,9,15,7,3,6,4,0,1,0,1,0,0,0,0,"791841,9591","5826612,732","13,30134","52,51134",4030417.0,Schloßstraße,3152.0,19.0
50570,11,2,,2019,8,3,7,2,0,4,2,0,0,1,1,0,0,1,"801878,72","5826540,934","13,44873","52,50523",2040703.0,Wriezener Bahnhof/Entwicklungsgebiet,5350.0,52.0
50571,11,4,,2019,4,16,5,2,5,2,0,1,1,0,0,0,0,0,"792738,8413","5826741,842","13,31463","52,51202",4030622.0,Richard-Wagner-Straße,3352.0,26.0
50572,11,2,,2019,9,18,2,3,3,6,1,1,0,0,0,0,0,0,"802027,6343","5826990,444","13,45132","52,50918",2050802.0,Boxhagener Platz,5351.0,36.0
50573,11,1,,2019,6,9,4,3,5,3,0,1,1,0,0,0,0,0,"796775,2185","5826670,717","13,37387","52,5092",1011105.0,Nördlicher Landwehrkanal,4251.0,2.0
50574,11,6,,2019,9,16,6,3,0,2,0,1,1,0,0,0,0,0,"789579,521","5817961,039","13,26058","52,43498",6030503.0,Zehlendorf Mitte,2529.0,40.0
50575,11,3,,2019,12,12,7,3,3,6,0,0,0,0,0,1,1,0,"800060,309","5833694,437","13,42848","52,57036",3040818.0,Pankow Süd,5069.0,51.0
50576,11,6,,2019,6,0,1,3,1,1,2,0,1,0,0,0,0,0,"789733,66","5817963,408","13,26285","52,43492",6030503.0,Zehlendorf Mitte,2529.0,40.0
50577,11,3,,2019,4,15,5,3,6,4,0,1,0,1,0,0,0,0,"799182,6296","5830889,965","13,41304","52,5457",3061131.0,Falkplatz,4762.0,48.0
50578,11,2,,2019,11,23,6,3,5,2,2,1,1,0,0,0,0,1,"802149,0888","5827727,21","13,45377","52,51572",2050602.0,Samariterviertel,5453.0,1.0
50579,11,3,,2019,11,17,3,3,2,6,2,0,1,0,0,0,0,0,"800556,1758","5829815,705","13,43226","52,53532",3071639.0,Bötzowstraße,5059.0,35.0
50580,11,7,,2019,8,15,6,3,5,2,0,0,1,0,0,0,0,0,"795642,1488","5823232,062","13,35417","52,47899",7030303.0,Grazer Platz,3942.0,35.0
50581,11,10,,2019,4,9,5,3,6,4,0,0,1,1,0,0,0,0,"808298,3701","5832010,787","13,54808","52,55067",10010207.0,Marzahner Promenade,6863.0,61.0
50582,11,1,,2019,10,16,5,3,4,7,0,1,0,0,0,0,1,0,"798193,3008","5827681,868","13,39561","52,51749",1011202.0,Unter den Linden Nord,4553.0,29.0
50583,11,4,,2019,9,14,6,3,5,3,0,0,1,0,0,0,0,0,"791746,93","5826596,722","13,29993","52,51125",4030417.0,Schloßstraße,3152.0,19.0
50585,11,3,,2019,6,12,1,2,5,7,0,0,1,0,0,0,1,0,"800153,3111","5830148,17","13,42664","52,53852",3071633.0,Thälmannpark,4960.0,18.0
50586,11,11,,2019,8,18,5,3,6,4,0,0,1,1,0,0,0,0,"803774,2595","5827581,225","13,47752","52,51351",11030721.0,Rüdigerstraße,5752.0,11.0
50587,11,2,,2019,4,14,4,3,0,2,0,0,1,1,0,0,0,0,"797851,7122","5825505,102","13,38864","52,49816",2010101.0,Askanischer Platz,4448.0,24.0
50588,11,4,,2019,6,12,6,3,6,7,0,0,1,1,0,0,0,0,"792975,4296","5826782,07","13,31814","52,51225",4030623.0,Ernst-Reuter-Platz,3352.0,26.0
50589,11,5,,2019,9,14,6,3,2,6,0,0,1,0,0,0,1,0,"785172,6282","5826271,773","13,20304","52,51181",5020629.0,Börnicker Straße,1652.0,59.0
50590,11,11,,2019,12,21,7,3,2,6,2,0,1,0,0,0,0,1,"804467,5028","5827509,632","13,48764","52,51248",11030721.0,Rüdigerstraße,5952.0,37.0
50591,11,7,,2019,6,19,7,3,1,5,0,1,0,0,0,0,1,0,"795820,2005","5824178,934","13,35763","52,48738",7020203.0,Kaiser-Wilhelm-Platz,3945.0,34.0
50592,11,7,,2019,8,17,5,3,0,6,0,0,1,0,0,0,1,0,"797849,4279","5821462,688","13,385","52,46193",7040403.0,Manteuffelstraße,4337.0,59.0
50593,11,2,,2019,4,18,4,3,5,3,0,1,1,0,0,0,0,0,"801666,9174","5828906,274","13,44776","52,52655",2050601.0,Hausburgviertel,5356.0,13.0
50594,11,4,,2019,11,13,1,3,2,6,0,0,1,0,0,0,1,1,"792324,2852","5826672,146","13,30848","52,51161",4030622.0,Richard-Wagner-Straße,3252.0,41.0
50595,11,2,,2019,8,15,5,3,0,6,0,1,0,1,0,0,0,0,"801801,3369","5826330,985","13,4474","52,5034",2040703.0,Wriezener Bahnhof/Entwicklungsgebiet,5349.0,29.0
50596,11,6,,2019,4,18,4,3,5,3,0,1,1,0,0,0,0,0,"785697,0089","5816404,718","13,2023","52,42307",6040703.0,Nikolassee,1626.0,59.0
50597,11,4,,2019,10,11,6,3,2,6,0,0,1,0,0,0,1,0,"790747,295","5824897,191","13,28376","52,49654",4041134.0,Bismarckallee,2847.0,41.0
50598,11,12,,2019,9,8,6,3,5,3,0,1,1,0,0,0,0,0,"791926,8619","5838837,031","13,31334","52,62088",12231101.0,Hermsdorf,3384.0,63.0
50600,11,7,,2019,6,13,7,3,2,6,0,0,1,0,0,0,0,0,"797825,78","5822442,527","13,38553","52,47072",7040401.0,Neu-Tempelhof,4340.0,45.0
50601,11,1,,2019,8,15,5,3,5,3,0,1,1,0,0,0,0,0,"796446,5528","5826426,696","13,36883","52,50719",1011105.0,Nördlicher Landwehrkanal,4150.0,19.0
50602,11,3,,2019,4,17,4,3,2,6,0,0,1,0,0,0,0,0,"801131,045","5838302,429","13,44841","52,61107",3010104.0,Lietzengraben,5381.0,61.0
50603,11,10,,2019,11,15,2,3,1,5,1,0,1,0,1,0,0,1,"807653,7665","5829953,426","13,5367","52,53259",10010309.0,Springpfuhl,6658.0,51.0
50604,11,7,,2019,6,20,3,3,1,5,0,1,1,0,0,0,0,0,"797807,1694","5822854,121","13,38562","52,47442",7040401.0,Neu-Tempelhof,4341.0,52.0
50605,11,11,,2019,9,16,6,3,3,6,0,0,1,0,1,0,0,0,"807467,6172","5827460,198","13,53166","52,51035",11041027.0,Tierpark,6551.0,61.0
50606,11,12,,2019,12,19,6,3,6,2,2,0,1,1,0,0,0,1,"795752,2448","5832687,777","13,3642","52,56369",12103219.0,Schäfersee,4067.0,9.0
50607,11,1,,2019,8,8,5,3,2,2,0,0,1,0,0,0,0,0,"796285,4956","5830276,614","13,36989","52,54179",1033203.0,Humboldthain Nordwest,4160.0,4.0
50608,11,7,,2019,4,14,4,3,6,4,0,0,1,1,0,0,0,0,"797827,0007","5820682,442","13,38397","52,45495",7040403.0,Manteuffelstraße,4335.0,53.0
50609,11,2,,2019,10,17,2,3,6,4,2,0,1,1,0,0,0,1,"803598,7267","5827581,365","13,47494","52,51361",2050602.0,Samariterviertel,5752.0,11.0
50610,11,7,,2019,9,6,5,3,3,6,2,0,1,0,0,1,0,0,"799682,6697","5821465,106","13,41191","52,46095",7040406.0,Germaniagarten,4737.0,55.0
50611,11,7,,2019,8,10,5,3,5,3,0,1,1,0,0,0,0,0,"797543,6043","5818275,463","13,37767","52,43352",7050502.0,Fritz-Werner-Straße,4229.0,34.0
50612,11,10,,2019,4,15,4,2,6,4,0,0,1,1,0,0,0,0,"809443,4525","5834521,92","13,56726","52,57252",10010102.0,Havemannstraße,7069.0,49.0
50613,11,6,,2019,10,18,7,3,2,6,1,0,1,0,0,0,0,0,"792496,1554","5819782,535","13,30496","52,44976",6030605.0,Botanischer Garten,3134.0,63.0
50614,11,7,,2019,6,23,7,3,3,6,2,0,1,0,0,0,0,0,"798700,9526","5821988,786","13,39797","52,46618",7040405.0,Rathaus Tempelhof,4538.0,53.0
50615,11,7,,2019,9,16,5,3,2,6,0,0,1,0,0,0,0,0,"795229,6658","5823514,1","13,34837","52,48174",7020202.0,Volkspark (Rudolf-Wilde-Park),3843.0,36.0
50617,11,1,,2019,6,21,7,3,2,6,1,0,1,0,0,0,0,0,"795906,0111","5829519,774","13,36364","52,53521",1022202.0,Heidestraße,4059.0,30.0
50618,11,6,,2019,4,9,4,3,5,2,0,0,1,0,0,0,0,0,"783888,8671","5815954,176","13,1754","52,41997",6040701.0,Wannsee,1225.0,49.0
50619,11,1,,2019,11,7,4,3,2,6,0,0,1,0,0,0,0,0,"796333,0107","5828828,596","13,3693","52,52878",1022202.0,Heidestraße,4157.0,57.0
50620,11,12,,2019,6,12,7,3,0,7,0,0,1,0,0,0,0,0,"791805,9238","5831252,111","13,30488","52,55295",12214125.0,Waldidyll/Flughafensee,3164.0,63.0
50621,11,4,,2019,12,18,1,3,3,6,2,0,1,0,0,1,0,0,"790451,5717","5828412,615","13,28248","52,52822",4020310.0,Park Ruhwald,2856.0,54.0
50622,11,2,,2019,8,7,5,3,1,6,0,0,1,0,0,0,0,0,"800349,294","5827946,554","13,42753","52,51868",2040701.0,Andreasviertel,5054.0,36.0
50623,11,2,,2019,4,8,4,2,0,2,0,1,1,0,0,0,0,0,"802638,1833","5827696,658","13,46093","52,51517",2050602.0,Samariterviertel,5553.0,28.0
50624,11,7,,2019,10,8,3,3,2,6,0,0,1,0,1,0,0,0,"795196,7046","5822909,055","13,34735","52,47633",7030303.0,Grazer Platz,3841.0,47.0