OBJECTID,LAND,BEZ,LOR_ab_2021,UJAHR,UMONAT,USTUNDE,UWOCHENTAG,UKATEGORIE,UART,UTYP1,ULICHTVERH,IstRad,IstPKW,IstFuss,IstKrad,IstGkfz,IstSonstige,USTRZUSTAND,LINREFX,LINREFY,XGCSWGS84,YGCSWGS84,LOR,STRASSE,quadrant,quadrant_rank
50625,11,1,,2019,9,15,5,3,3,6,0,0,1,0,0,0,0,0,"799323,9245","5827946,396","13,41246","52,51924",1011303.0,Alexanderplatzviertel,4754.0,20.0
50627,11,2,,2019,7,11,4,2,0,7,0,1,0,0,0,0,0,0,"801101,1608","5827854,875","13,43849","52,51744",2040502.0,Friedenstraße,5153.0,47.0
50628,11,7,,2019,4,11,3,2,2,6,0,0,1,0,0,1,0,0,"795522,1803","5822676,783","13,35192","52,47408",7030303.0,Grazer Platz,3841.0,47.0
50629,11,4,,2019,9,14,7,3,2,6,0,0,1,0,0,0,0,1,"792927,278","5823108,478","13,31421","52,47934",4051551.0,Brabanter Platz,3342.0,52.0
50630,11,3,,2019,6,9,3,3,3,6,0,1,0,0,0,0,1,0,"801625,28","5831258,453","13,44928","52,54766",3050925.0,Komponistenviertel Weißensee,5362.0,45.0
50631,11,6,,2019,9,13,5,2,0,7,0,1,0,0,0,0,0,0,"791258,3711","5818953,72","13,28608","52,44299",6030605.0,Botanischer Garten,2932.0,61.0
50632,11,9,,2019,12,14,6,3,3,6,0,0,1,0,0,0,1,1,"804585,2809","5823115,895","13,48535","52,47303",9010301.0,Baumschulenstraße,5840.0,59.0
50633,11,1,,2019,6,1,7,3,2,6,2,0,1,0,0,0,0,0,"798817,9365","5827216,851","13,40437","52,51298",1011204.0,Leipziger Straße,4652.0,24.0
50634,11,1,,2019,7,22,4,3,5,2,2,1,1,0,0,0,0,1,"796420,2339","5826327,806","13,36835","52,50632",1011105.0,Nördlicher Landwehrkanal,4150.0,19.0
50635,11,4,,2019,4,10,3,3,2,6,0,0,1,0,0,0,0,0,"792237,8672","5823643,684","13,30455","52,48451",4041239.0,Stadion Wilmersdorf,3144.0,48.0
50636,11,11,,2019,11,7,4,2,5,2,0,1,1,0,0,0,0,1,"804910,9235","5827464,538","13,49411","52,51183",11030721.0,Rüdigerstraße,6052.0,58.0
50637,11,5,,2019,11,14,1,3,5,3,0,0,1,0,1,0,0,0,"783586,0991","5826696,289","13,18009","52,51644",5020524.0,Weinmeisterhornweg,1353.0,41.0
50638,11,2,,2019,7,14,4,3,0,6,0,1,0,0,0,0,0,0,"803298,6276","5827613,424","13,47056","52,51406",2050602.0,Samariterviertel,5652.0,13.0
50639,11,3,,2019,4,5,3,2,6,7,0,0,1,0,0,0,1,0,"799924,4786","5828818,274","13,42207","52,52673",2040501.0,Barnimkiez,4956.0,45.0
50640,11,2,,2019,10,10,4,3,6,7,0,0,0,1,0,0,1,1,"803535,8601","5827604,205","13,47404","52,51385",2050602.0,Samariterviertel,5752.0,11.0
50641,11,2,,2019,9,9,5,3,3,6,0,1,0,0,0,0,0,0,"801423,4153","5827821,687","13,4432","52,51697",2040503.0,Richard-Sorge-Viertel,5253.0,35.0
50643,11,7,,2019,5,6,6,3,5,3,0,0,1,0,0,0,0,0,"798153,95","5819054,333","13,38732","52,44017",7050502.0,Fritz-Werner-Straße,4431.0,51.0
50644,11,4,,2019,7,13,4,3,5,2,0,1,0,0,0,1,0,0,"790539,6547","5826379,005","13,282","52,50994",4020313.0,Königin-Elisabeth-Straße,2851.0,8.0
50645,11,6,,2019,4,11,3,3,5,7,0,1,1,0,0,0,0,0,"789806,2785","5817997,214","13,26394","52,43518",6030503.0,Zehlendorf Mitte,2529.0,40.0
50646,11,9,,2019,6,20,5,3,6,4,0,1,0,1,0,0,0,0,"802623,8516","5825153,023","13,45841","52,49238",9010101.0,Elsenstraße,5446.0,19.0
50647,11,7,,2019,9,6,5,3,2,6,0,0,1,0,0,0,1,1,"799900,908","5821458,253","13,4151","52,46077",7040406.0,Germaniagarten,4837.0,50.0
50648,11,3,,2019,12,7,4,3,6,2,0,0,1,1,0,0,0,0,"800362,7305","5829550,808","13,42918","52,53305",3071639.0,Bötzowstraße,5058.0,45.0
50649,11,4,,2019,5,13,6,3,5,2,0,1,1,0,0,0,0,0,"792530,1872","5826706,702","13,31153","52,51181",4030622.0,Richard-Wagner-Straße,3252.0,41.0
50650,11,1,,2019,7,18,3,3,6,6,0,0,0,1,0,0,1,0,"799602,4777","5828290,816","13,41687","52,52217",1011303.0,Alexanderplatzviertel,4855.0,25.0
50651,11,4,,2019,11,5,6,3,5,2,2,0,1,0,0,0,0,0,"793267,3649","5823001,754","13,3191","52,4782",4051551.0,Brabanter Platz,3442.0,43.0
50652,11,1,,2019,7,23,3,3,5,3,2,1,0,0,0,0,1,0,"796761,8094","5826668,139","13,37367","52,50918",1011105.0,Nördlicher Landwehrkanal,4251.0,2.0
50653,11,1,,2019,9,17,6,3,2,6,0,0,1,0,0,0,0,1,"795911,1028","5831794,589","13,36574","52,5556",1044203.0,Leopoldplatz,4065.0,7.0
50654,11,1,,2019,4,11,3,3,2,6,0,0,1,0,1,0,0,0,"796696,3823","5826198,215","13,37229","52,50501",1011105.0,Nördlicher Landwehrkanal,4150.0,19.0
50655,11,4,,2019,10,0,5,3,5,3,2,0,1,0,0,0,0,1,"791852,3909","5826614,513","13,30149","52,51135",4030417.0,Schloßstraße,3152.0,19.0
50656,11,11,,2019,9,5,5,3,2,6,2,0,1,0,0,1,0,1,"805670,2008","5827389,169","13,50519","52,51073",11041022.0,Rosenfelder Ring,6151.0,48.0
50658,11,3,,2019,5,19,6,2,1,5,1,1,1,0,0,0,0,1,"799020,1086","5832456,654","13,41206","52,55983",3040818.0,Pankow Süd,4766.0,48.0
50659,11,3,,2019,7,22,3,3,3,2,2,0,1,0,1,0,0,0,"798366,2622","5833481,99","13,40336","52,56938",3040614.0,Pankow Zentrum,4669.0,57.0
50660,11,1,,2019,4,14,3,3,2,6,0,0,1,0,0,0,1,0,"796047,5943","5829313,553","13,36553","52,53328",1022202.0,Heidestraße,4058.0,59.0
50661,11,7,,2019,11,11,1,3,2,2,0,0,1,0,0,0,0,1,"797832,5631","5822297,024","13,3855","52,46942",7040403.0,Manteuffelstraße,4339.0,29.0
50662,11,12,,2019,6,23,7,3,2,7,2,0,0,0,0,0,1,0,"794965,4817","5833754,585","13,35357","52,57368",12103218.0,Teichstraße,3970.0,41.0
50663,11,7,,2019,9,11,4,3,2,7,0,0,1,0,1,0,0,0,"797753,6946","5818876,023","13,38129","52,43879",7050501.0,Rathausstraße,4330.0,47.0
50664,11,1,,2019,12,17,5,3,2,6,2,0,1,0,0,0,1,0,"796049,1337","5831335,307","13,36736","52,55141",1044201.0,Reinickendorfer Straße,4163.0,33.0
50665,11,3,,2019,7,10,3,3,5,2,0,1,1,0,0,0,0,0,"799165,6544","5830375,764","13,41232","52,5411",3061131.0,Falkplatz,4760.0,20.0
50666,11,3,,2019,4,15,3,3,5,2,0,1,1,0,0,0,0,0,"798156,5373","5836034,116","13,40257","52,59237",3020209.0,Niederschönhausen,4675.0,44.0
50667,11,12,,2019,7,12,3,3,9,1,0,0,1,0,0,0,0,0,"795351,9093","5833718,023","13,35923","52,57314",12103115.0,Breitkopfbecken,3970.0,41.0
50668,11,7,,2019,4,16,3,3,6,4,0,0,1,1,0,0,0,0,"799193,9926","5816469,338","13,40026","52,41644",7070701.0,Kettinger Straße/Schillerstraße,4624.0,53.0
50669,11,1,,2019,6,16,5,3,2,6,0,0,1,0,1,0,0,0,"796029,0631","5827319,402","13,36349","52,51542",1011102.0,Großer Tiergarten,4053.0,57.0
50670,11,7,,2019,9,9,4,3,3,6,0,0,1,0,0,1,0,0,"797907,3508","5820219,669","13,38474","52,45075",7050501.0,Rathausstraße,4334.0,51.0
50671,11,2,,2019,12,6,6,3,2,2,2,1,1,0,0,0,0,2,"800965,48","5827869,077","13,43651","52,51764",2040701.0,Andreasviertel,5153.0,47.0
50672,11,12,,2019,5,19,6,2,9,1,0,0,1,0,0,0,0,1,"795348,7113","5833720,231","13,35918","52,57316",12103115.0,Breitkopfbecken,3970.0,41.0
50673,11,3,,2019,7,22,2,3,1,5,2,1,1,0,0,0,0,1,"801768,2644","5831341,757","13,45146","52,54833",3050925.0,Komponistenviertel Weißensee,5362.0,45.0
50674,11,9,,2019,11,19,6,2,3,6,2,0,1,0,0,1,0,1,"804172,3069","5819873,027","13,47633","52,4442",9010302.0,Späthsfelde,5732.0,60.0
50675,11,1,,2019,7,19,2,3,0,6,0,1,1,0,0,0,0,1,"799537,7873","5828290,475","13,41591","52,52221",1011303.0,Alexanderplatzviertel,4855.0,25.0
50676,11,4,,2019,4,16,3,3,2,6,0,0,1,0,0,0,0,0,"790567,3827","5828674,639","13,28441","52,53051",4010101.0,Jungfernheide,2857.0,33.0
50677,11,7,,2019,10,1,6,2,5,3,2,0,1,0,0,0,0,1,"797459,2005","5817897,972","13,3761","52,43019",7050502.0,Fritz-Werner-Straße,4228.0,55.0
50678,11,7,,2019,9,8,4,3,2,6,0,0,1,0,0,0,0,0,"796526,9485","5822539,904","13,36655","52,4723",7040402.0,Lindenhofsiedlung,4140.0,37.0
50680,11,2,,2019,5,12,6,3,5,2,0,1,1,0,0,0,0,0,"803090,9533","5827650,824","13,46754","52,51451",2050602.0,Samariterviertel,5652.0,13.0
50681,11,1,,2019,7,19,2,3,5,2,0,1,1,0,0,0,0,1,"796270,7976","5830435,403","13,36982","52,54322",1033203.0,Humboldthain Nordwest,4161.0,54.0
50682,11,9,,2019,4,3,2,3,9,1,2,0,1,0,0,0,0,0,"806224,7776","5818442,596","13,50513","52,43023",9010402.0,Johannisthal Ost,6128.0,63.0
50683,11,7,,2019,11,18,2,3,2,6,2,0,1,0,0,0,0,1,"798511,2796","5822073,055","13,39526","52,46704",7040405.0,Rathaus Tempelhof,4539.0,51.0
50684,11,9,,2019,6,16,1,3,2,6,0,0,0,0,1,0,0,0,"806501,944","5821232,081","13,51175","52,45508",9020601.0,Schnellerstraße,6235.0,41.0
50685,11,1,,2019,9,7,4,3,2,6,0,0,0,0,1,1,0,0,"798660,557","5827051,53","13,40191","52,51158",1011204.0,Leipziger Straße,4652.0,24.0
50686,11,7,,2019,12,7,6,3,2,6,1,0,1,0,0,0,0,1,"795628,9396","5823246,817","13,35399","52,47913",7030303.0,Grazer Platz,3942.0,35.0
50687,11,7,,2019,7,19,2,3,5,3,0,0,1,0,0,0,1,1,"795173,5391","5822937,231","13,34703","52,4766",7030303.0,Grazer Platz,3841.0,47.0
50688,11,3,,2019,4,10,7,3,0,2,0,0,1,0,0,0,1,0,"798367,724","5833482,413","13,40338","52,56939",3040614.0,Pankow Zentrum,4669.0,57.0
50689,11,7,,2019,10,6,2,3,0,3,1,1,0,0,0,0,0,1,"797517,372","5818159,42","13,37719","52,4325",7050502.0,Fritz-Werner-Straße,4229.0,34.0
50690,11,9,,2019,9,8,3,3,2,6,0,0,1,0,0,0,0,0,"802667,7069","5825212,573","13,45911","52,49289",9010101.0,Elsenstraße,5446.0,19.0
50691,11,6,,2019,7,16,2,3,0,5,0,1,1,0,0,0,0,0,"789381,241","5818024,569","13,25773","52,43565",6030503.0,Zehlendorf Mitte,2429.0,57.0
50692,11,2,,2019,4,12,6,3,6,6,0,1,0,1,0,0,0,0,"802379,3853","5827724,511","13,45716","52,51557",2050602.0,Samariterviertel,5453.0,1.0
50693,11,7,,2019,10,17,6,3,5,3,1,0,1,0,0,0,0,1,"797577,2551","5818423,189","13,3783","52,43483",7050502.0,Fritz-Werner-Straße,4229.0,34.0
50694,11,4,,2019,6,15,6,3,5,2,0,0,1,0,0,0,0,0,"789823,4338","5826278,803","13,27139","52,50942",4020311.0,Reichsstraße,2651.0,45.0
50695,11,3,,2019,9,16,3,3,5,2,0,1,1,0,0,0,0,0,"799148,5951","5832225,673","13,41374","52,55769",3040818.0,Pankow Süd,4865.0,35.0
50697,11,4,,2019,5,14,5,3,2,6,0,0,1,0,0,0,0,0,"789070,6124","5826145,973","13,26021","52,50863",4020311.0,Reichsstraße,2551.0,50.0
50698,11,4,,2019,4,10,6,3,2,6,0,0,0,0,1,0,0,0,"790514,8098","5826393,411","13,28165","52,51008",4020313.0,Königin-Elisabeth-Straße,2851.0,8.0
50699,11,1,,2019,11,22,2,3,3,6,2,0,1,0,0,0,0,0,"797757,8125","5826850,054","13,38847","52,51027",1011204.0,Leipziger Straße,4451.0,11.0
50700,11,1,,2019,5,4,5,3,5,3,1,1,1,0,0,0,0,0,"799788,505","5828606,632","13,41988","52,5249",1011303.0,Alexanderplatzviertel,4856.0,19.0
50701,11,12,,2019,11,12,7,3,2,6,0,0,1,0,0,0,0,0,"790339,1278","5835572,793","13,28709","52,59247",12304314.0,Ziekowstraße/Freie Scholle,2975.0,54.0
50702,11,4,,2019,7,14,2,3,3,6,0,0,1,0,0,0,0,0,"790445,9188","5827708,009","13,28178","52,5219",4020310.0,Park Ruhwald,2855.0,59.0
50703,11,7,,2019,4,14,6,3,2,2,0,0,0,0,0,0,1,0,"797577,8701","5818425,59","13,37831","52,43485",7050502.0,Fritz-Werner-Straße,4229.0,34.0
50704,11,7,,2019,10,16,3,2,1,5,0,0,1,0,1,0,0,0,"796739,4483","5816072,572","13,36393","52,41421",7060601.0,Marienfelder Allee Nordwest,4023.0,43.0
50705,11,1,,2019,9,15,3,3,2,2,0,0,0,0,1,1,0,0,"796719,975","5826660,095","13,37305","52,50913",1011105.0,Nördlicher Landwehrkanal,4251.0,2.0
50707,11,9,,2019,7,13,2,3,2,6,0,0,1,0,1,0,0,0,"805870,5267","5821880,593","13,50308","52,46124",9020601.0,Schnellerstraße,6137.0,47.0
50708,11,5,,2019,4,15,6,3,0,1,0,0,0,0,1,0,0,0,"785788,1699","5826107,782","13,21195","52,51002",5020629.0,Börnicker Straße,1851.0,61.0
50709,11,1,,2019,9,17,6,2,6,7,0,0,0,1,0,0,1,0,"798716,7651","5827910,532","13,40351","52,51925",1011303.0,Alexanderplatzviertel,4654.0,10.0
50710,11,2,,2019,6,19,2,3,1,5,0,1,1,0,0,0,0,0,"802050,5554","5827245,004","13,45189","52,51145",2050802.0,Boxhagener Platz,5352.0,35.0
50711,11,10,,2019,9,11,3,3,0,7,0,0,1,0,0,0,0,0,"811396,2318","5827110,197","13,58903","52,50499",10040830.0,Kaulsdorf Süd,7450.0,61.0
50712,11,2,,2019,12,19,3,3,1,5,2,1,1,0,0,0,1,0,"802093,3197","5827298,508","13,45257","52,51191",2050802.0,Boxhagener Platz,5352.0,35.0
50713,11,11,,2019,5,20,4,3,2,7,0,0,1,0,0,0,1,0,"805508,9502","5827401,898","13,50284","52,51093",11041022.0,Rosenfelder Ring,6151.0,48.0
50714,11,1,,2019,7,10,2,3,5,3,0,0,1,0,0,0,1,0,"799243,3114","5827891,124","13,41123","52,51879",1011303.0,Alexanderplatzviertel,4754.0,20.0
50715,11,7,,2019,4,10,5,3,3,6,0,0,1,0,0,0,0,0,"795591,8619","5822927,991","13,35317","52,47629",7030303.0,Grazer Platz,3941.0,55.0
50716,11,1,,2019,11,12,4,3,5,7,0,0,1,0,0,0,0,1,"796471,57","5826435,462","13,3692","52,50725",1011105.0,Nördlicher Landwehrkanal,4150.0,19.0
50717,11,7,,2019,11,13,7,2,6,7,0,0,1,1,0,0,0,0,"798566,8107","5817919,341","13,39236","52,42978",7050502.0,Fritz-Werner-Straße,4428.0,56.0
50718,11,6,,2019,7,11,2,2,2,7,0,0,1,0,0,0,0,0,"794019,9639","5821081,374","13,32846","52,46058",6010209.0,Feuerbachstraße,3537.0,58.0
50719,11,3,,2019,4,20,5,3,0,6,0,0,0,0,0,0,1,0,"799195,1632","5831413,187","13,41369","52,55039",3061126.0,Arnimplatz,4863.0,28.0
50720,11,11,,2019,10,9,3,3,6,2,0,0,1,1,0,0,0,0,"805621,007","5827378,086","13,50446","52,51065",11041022.0,Rosenfelder Ring,6151.0,48.0
50721,11,12,,2019,9,9,3,3,1,7,0,0,1,1,0,0,1,0,"795737,6391","5832775,984","13,36406","52,56449",12103219.0,Schäfersee,4067.0,9.0
50723,11,2,,2019,5,22,4,3,3,6,2,0,1,0,1,0,0,0,"802522,3777","5827692,65","13,45923","52,5152",2050602.0,Samariterviertel,5453.0,1.0
50724,11,7,,2019,7,8,2,3,0,7,0,1,0,0,0,0,0,0,"797820,982","5822902,835","13,38587","52,47485",7040401.0,Neu-Tempelhof,4341.0,52.0
50725,11,2,,2019,4,22,5,3,5,2,2,0,1,0,0,0,1,0,"801649,0525","5828882,665","13,44748","52,52635",2050601.0,Hausburgviertel,5356.0,13.0
50726,11,7,,2019,11,18,5,3,3,6,2,0,1,0,0,0,0,1,"799852,9028","5813577,152","13,40733","52,39015",7070703.0,John-Locke-Straße,4716.0,61.0
50727,11,7,,2019,6,14,5,3,2,6,0,0,1,0,0,0,0,0,"797873,5393","5822329,355","13,38613","52,46968",7040405.0,Rathaus Tempelhof,4339.0,29.0
50728,11,4,,2019,9,12,3,3,0,3,0,1,1,0,0,0,0,0,"790254,7236","5826331,522","13,27777","52,50967",4020311.0,Reichsstraße,2751.0,29.0
50729,11,4,,2019,12,20,3,3,5,3,2,1,1,0,0,0,0,1,"792252,8762","5826682,022","13,30744","52,51174",4030622.0,Richard-Wagner-Straße,3252.0,41.0
50730,11,10,,2019,7,8,1,2,9,1,0,0,1,0,0,0,0,0,"808887,1721","5833369,86","13,558","52,56251",10010204.0,Wuhletalstraße,6967.0,41.0
50731,11,2,,2019,10,4,5,3,8,1,2,0,1,0,0,0,0,0,"797756,1273","5824212,571","13,38609","52,48663",2020203.0,Viktoriapark,4344.0,28.0
50732,11,6,,2019,7,23,1,3,0,7,2,0,1,0,0,0,0,0,"792888,1641","5821605,395","13,31231","52,46589",6010103.0,Markelstraße,3238.0,58.0
50733,11,2,,2019,9,15,6,3,2,6,0,0,1,0,0,0,0,1,"797757,0786","5824183,643","13,38607","52,48637",2020203.0,Viktoriapark,4344.0,28.0
50734,11,6,,2019,4,18,5,3,0,1,0,0,0,0,1,0,0,0,"788314,1793","5817727,135","13,24182","52,43355",6030503.0,Zehlendorf Mitte,2229.0,61.0
50735,11,4,,2019,10,9,4,3,2,6,0,0,1,0,0,0,0,0,"790576,3811","5825143,406","13,28146","52,49884",4041133.0,Güterbahnhof Grunewald,2848.0,27.0
50736,11,4,,2019,9,12,3,3,0,3,0,1,1,0,0,0,0,0,"790253,9521","5826331,389","13,27776","52,50966",4020311.0,Reichsstraße,2751.0,29.0
50738,11,1,,2019,5,21,4,3,2,6,0,0,1,0,0,0,1,0,"795912,6741","5831785,72","13,36575","52,55552",1044203.0,Leopoldplatz,4064.0,52.0
50739,11,2,,2019,7,19,1,3,5,2,0,0,1,0,0,0,0,0,"802180,3977","5827726,857","13,45423","52,5157",2050602.0,Samariterviertel,5453.0,1.0
50740,11,2,,2019,4,10,5,3,6,4,0,1,0,1,0,0,0,0,"801848,5111","5828476,069","13,45004","52,5226",2050601.0,Hausburgviertel,5355.0,51.0
50741,11,1,,2019,11,16,7,2,0,3,1,1,0,0,0,0,1,0,"796554,24","5826609,774","13,37057","52,50877",1011105.0,Nördlicher Landwehrkanal,4151.0,37.0
50742,11,9,,2019,6,18,7,2,3,6,0,0,1,0,0,0,0,0,"803724,8217","5824774,557","13,47423","52,48838",9010102.0,Am Treptower Park Nord,5745.0,65.0
50743,11,12,,2019,12,11,4,3,3,6,0,0,1,0,1,0,0,0,"795813,558","5832426,551","13,36487","52,56132",12103117.0,Letteplatz,4066.0,53.0
50744,11,5,,2019,7,18,1,2,5,3,0,1,1,0,0,0,0,0,"780177,9311","5822275,813","13,12628","52,47857",5040936.0,Jägerallee,542.0,61.0
50745,11,2,,2019,4,9,5,3,1,5,0,0,1,0,0,0,1,0,"797565,4461","5825536,042","13,38447","52,4986",2020202.0,Rathaus Yorckstraße,4348.0,45.0
50746,11,7,,2019,10,17,6,3,5,3,0,0,1,0,0,0,0,0,"797428,4492","5817758,982","13,37552","52,42896",7050502.0,Fritz-Werner-Straße,4227.0,57.0
50747,11,1,,2019,9,15,2,3,0,7,0,1,0,0,0,0,0,1,"796323,3157","5826085,27","13,36671","52,5042",1011104.0,Körnerstraße,4149.0,60.0
50748,11,4,,2019,7,23,7,3,5,2,2,0,1,0,1,0,0,0,"788931,6399","5826124,422","13,25815","52,50851",4020208.0,Kranzallee,2451.0,53.0
50749,11,9,,2019,4,10,5,2,5,3,0,1,1,0,0,0,0,0,"806600,3741","5821135,892","13,51311","52,45416",9020601.0,Schnellerstraße,6235.0,41.0
50750,11,3,,2019,10,8,4,3,2,7,1,1,1,0,0,0,0,1,"798195,9765","5835325,318","13,40252","52,586",3020209.0,Niederschönhausen,4673.0,61.0
50751,11,10,,2019,6,7,5,2,5,2,0,1,1,0,0,0,0,0,"808948,2401","5827441,17","13,55339","52,50935",10030726.0,Alt-Biesdorf,6851.0,49.0
50752,11,1,,2019,9,11,2,3,5,2,0,0,1,0,0,0,0,1,"796187,744","5830191,845","13,36838","52,54108",1033203.0,Humboldthain Nordwest,4160.0,4.0
50753,11,7,,2019,12,14,5,3,1,5,0,0,1,0,0,0,1,1,"799859,2541","5813506,061","13,40736","52,38951",7070703.0,John-Locke-Straße,4716.0,61.0
50754,11,2,,2019,5,10,4,3,2,6,0,0,1,0,1,0,0,0,"803518,3622","5827606,266","13,47378","52,51387",2050602.0,Samariterviertel,5752.0,11.0
50755,11,1,,2019,4,17,5,3,2,6,0,0,1,0,0,0,0,0,"795879,5741","5832054,493","13,36551","52,55795",1044102.0,Schillerpark,4065.0,7.0
50756,11,1,,2019,11,5,1,3,8,1,2,0,1,0,0,0,1,1,"795965,1762","5829433,598","13,36443","52,5344",1022202.0,Heidestraße,4058.0,59.0
50757,11,4,,2019,5,11,4,3,5,7,0,1,1,0,0,0,0,0,"793482,5843","5826888,823","13,32569","52,51293",4030623.0,Ernst-Reuter-Platz,3452.0,33.0
50758,11,3,,2019,11,18,5,3,5,2,2,1,1,0,0,0,0,1,"798367,2917","5833482,288","13,40338","52,56939",3040614.0,Pankow Zentrum,4669.0,57.0
50759,11,4,,2019,7,22,7,2,0,1,2,1,0,0,0,0,0,0,"791699,0087","5826588,62","13,29922","52,5112",4030417.0,Schloßstraße,3152.0,19.0
50760,11,10,,2019,4,7,4,2,5,2,0,0,1,0,1,0,1,0,"808054,6151","5827457,618","13,54028","52,51",10010308.0,Marzahner Chaussee,6651.0,57.0
50761,11,3,,2019,10,14,1,3,5,2,0,1,1,0,0,0,0,0,"798113,3353","5835761,436","13,40169","52,58995",3020209.0,Niederschönhausen,4675.0,44.0
50762,11,4,,2019,9,23,2,3,9,1,2,0,1,0,0,0,0,1,"790478,1635","5825452,627","13,28029","52,50167",4020314.0,Messegelände,2849.0,40.0
50764,11,4,,2019,5,17,4,3,3,6,0,0,1,0,0,0,0,0,"790304,672","5826358,429","13,27853","52,50988",4020313.0,Königin-Elisabeth-Straße,2751.0,29.0
50765,11,2,,2019,7,10,7,3,3,6,0,1,1,0,0,0,0,0,"802023,83","5827761,053","13,45196","52,51609",2040503.0,Richard-Sorge-Viertel,5353.0,48.0
50766,11,5,,2019,4,11,4,3,2,6,0,0,1,0,0,0,1,0,"783701,118","5826664,788","13,18175","52,5161",5020524.0,Weinmeisterhornweg,1353.0,41.0
50767,11,2,,2019,10,20,7,3,0,7,2,0,0,0,1,0,0,0,"797834,3426","5824980,697","13,38792","52,49347",2020202.0,Rathaus Yorckstraße,4446.0,12.0
50768,11,7,,2019,9,21,2,3,5,3,2,0,1,0,0,1,0,1,"796008,6585","5822735,546","13,35911","52,47434",7030303.0,Grazer Platz,3941.0,55.0
50769,11,3,,2019,7,10,7,3,2,6,0,0,1,0,1,0,0,0,"799196,197","5831434,082","13,41373","52,55057",3061126.0,Arnimplatz,4863.0,28.0
50770,11,4,,2019,4,12,4,3,2,6,0,0,1,0,0,0,0,0,"788070,3675","5825985,465","13,24538","52,50772",4020208.0,Kranzallee,2351.0,59.0
50771,11,1,,2019,10,6,4,3,2,6,2,0,1,0,0,0,1,1,"796236,3585","5829969,632","13,36889","52,53906",1033203.0,Humboldthain Nordwest,4160.0,4.0
50772,11,1,,2019,6,8,6,3,5,2,0,1,1,0,0,0,0,0,"796318,2849","5830074,317","13,37019","52,53996",1033203.0,Humboldthain Nordwest,4160.0,4.0
50773,11,4,,2019,9,19,2,3,5,3,2,0,1,0,0,1,0,1,"790744,2734","5826506,209","13,28512","52,51097",4020313.0,Königin-Elisabeth-Straße,2851.0,8.0
50774,11,3,,2019,12,7,7,3,4,6,0,0,1,0,0,0,0,0,"798141,409","5835428,657","13,40181","52,58696",3020209.0,Niederschönhausen,4674.0,48.0
50775,11,3,,2019,5,13,4,3,5,2,0,0,1,0,0,0,1,0,"799122,8826","5832333,516","13,41346","52,55867",3040818.0,Pankow Süd,4865.0,35.0
50776,11,7,,2019,4,13,4,3,3,6,0,0,1,0,0,1,0,0,"799325,1052","5821562,99","13,40675","52,46202",7040405.0,Rathaus Tempelhof,4737.0,55.0
50777,11,12,,2019,11,14,1,3,2,6,0,0,1,0,0,0,0,0,"787549,6002","5837851,569","13,24801","52,61438",12224230.0,Heiligensee,2382.0,65.0
50778,11,7,,2019,5,15,4,2,9,1,0,0,0,0,1,0,0,0,"799594,566","5821357,214","13,41052","52,46003",7040405.0,Rathaus Tempelhof,4737.0,55.0
50779,11,7,,2019,11,13,7,2,0,1,0,0,0,0,1,0,0,1,"797691,1569","5822311,706","13,38343","52,46963",7040403.0,Manteuffelstraße,4339.0,29.0
50780,11,9,,2019,7,0,7,2,5,3,2,1,0,0,1,0,0,0,"806605,4902","5821130,875","13,51318","52,45411",9020601.0,Schnellerstraße,6235.0,41.0
50781,11,12,,2019,4,14,4,3,0,2,0,1,0,0,0,0,1,0,"795766,7536","5832692,731","13,36442","52,56373",12103219.0,Schäfersee,4067.0,9.0
50782,11,4,,2019,10,13,2,3,2,6,0,1,1,0,0,0,0,0,"791378,094","5826534,643","13,29446","52,51089",4030417.0,Schloßstraße,3051.0,26.0
50783,11,4,,2019,9,15,2,3,4,1,0,0,1,0,0,0,0,1,"789057,543","5826144,105","13,26002","52,50862",4020311.0,Reichsstraße,2551.0,50.0
50785,11,7,,2019,5,7,4,3,5,3,0,1,0,0,0,0,0,0,"798590,7036","5817920,223","13,39271","52,42977",7050502.0,Fritz-Werner-Straße,4428.0,56.0
50786,11,1,,2019,7,23,6,2,0,7,2,0,0,0,1,0,1,0,"798678,4684","5827875,934","13,40291","52,51896",1011303.0,Alexanderplatzviertel,4654.0,10.0
50787,11,1,,2019,4,15,4,3,2,6,0,0,1,0,0,0,1,0,"796695,7199","5826198,656","13,37228","52,50501",1011105.0,Nördlicher Landwehrkanal,4150.0,19.0
50788,11,3,,2019,6,14,2,2,0,3,0,0,0,0,1,1,0,0,"797957,0005","5834563,755","13,39831","52,5793",3020209.0,Niederschönhausen,4571.0,51.0
50789,11,2,,2019,9,9,2,3,2,6,0,0,1,0,0,0,0,1,"797886,552","5825489,672","13,38914","52,49801",2010101.0,Askanischer Platz,4448.0,24.0
50790,11,1,,2019,12,19,2,3,5,3,2,1,1,0,0,0,0,1,"798831,5822","5827234,522","13,40459","52,51313",1011204.0,Leipziger Straße,4652.0,24.0
50791,11,2,,2019,5,9,4,3,5,2,0,1,0,0,0,0,1,0,"802178,5289","5827741,531","13,45422","52,51583",2050602.0,Samariterviertel,5453.0,1.0
50792,11,7,,2019,7,12,6,3,1,5,0,0,1,0,0,0,1,0,"797815,411","5823023,164","13,38589","52,47594",7040401.0,Neu-Tempelhof,4341.0,52.0
50793,11,4,,2019,4,17,3,3,3,6,0,0,1,0,1,0,0,0,"792573,3053","5826713,954","13,31217","52,51186",4030622.0,Richard-Wagner-Straße,3252.0,41.0
50794,11,6,,2019,11,14,3,3,2,6,0,0,1,0,0,0,0,1,"792374,8156","5819694,561","13,3031","52,44903",6030605.0,Botanischer Garten,3133.0,56.0