OBJECTID,LAND,BEZ,LOR_ab_2021,UJAHR,UMONAT,USTUNDE,UWOCHENTAG,UKATEGORIE,UART,UTYP1,ULICHTVERH,IstRad,IstPKW,IstFuss,IstKrad,IstGkfz,IstSonstige,USTRZUSTAND,LINREFX,LINREFY,XGCSWGS84,YGCSWGS84,LOR,STRASSE,quadrant,quadrant_rank
50795,11,1,,2019,11,13,6,2,5,3,0,0,1,0,0,0,0,0,"796343,923","5830077,937","13,37057","52,53997",1033203.0,Humboldthain Nordwest,4160.0,4.0
50796,11,4,,2019,7,12,6,3,2,6,0,0,1,0,0,0,0,0,"791831,0613","5826589,522","13,30116","52,51114",4030417.0,Schloßstraße,3152.0,19.0
50797,11,4,,2019,4,21,3,3,2,6,2,0,1,0,0,0,0,0,"794498,6583","5823072,204","13,33724","52,47817",7030301.0,Friedenau,3642.0,57.0
50798,11,6,,2019,10,15,2,3,5,7,0,0,1,0,0,0,0,0,"793108,744","5820189,965","13,31431","52,45308",6010101.0,Fichtenberg,3335.0,47.0
50799,11,9,,2019,9,8,2,3,3,6,0,0,1,0,0,0,1,1,"802776,3895","5825334,796","13,46081","52,49393",9010101.0,Elsenstraße,5546.0,61.0
50801,11,4,,2019,5,7,4,2,5,7,0,0,1,0,1,0,0,0,"786958,6726","5825809,561","13,22889","52,50673",4020208.0,Kranzallee,2050.0,58.0
50802,11,4,,2019,7,18,6,3,2,6,0,0,1,0,0,0,0,0,"786783,0131","5825842,369","13,22634","52,50712",4020208.0,Kranzallee,2050.0,58.0
50803,11,11,,2019,4,20,3,3,1,5,2,0,1,0,1,0,0,0,"804015,2677","5827555,826","13,48103","52,51314",11030721.0,Rüdigerstraße,5852.0,43.0
50804,11,2,,2019,11,21,4,3,3,6,2,0,1,0,0,0,1,0,"801127,5477","5827835,843","13,43886","52,51726",2040502.0,Friedenstraße,5153.0,47.0
50805,11,4,,2019,6,13,4,3,5,2,0,0,1,0,0,0,0,0,"790257,3477","5826350,577","13,27783","52,50984",4020311.0,Reichsstraße,2751.0,29.0
50806,11,7,,2019,9,14,2,3,2,6,0,0,1,0,1,0,0,1,"798224,539","5818774,69","13,38811","52,43763",7050502.0,Fritz-Werner-Straße,4430.0,31.0
50807,11,4,,2019,12,17,2,3,2,6,2,0,1,0,0,0,0,1,"792128,2643","5823765,982","13,30305","52,48567",4041239.0,Stadion Wilmersdorf,3144.0,48.0
50808,11,1,,2019,7,20,6,3,0,1,1,0,0,0,0,0,1,0,"799322,0871","5827972,354","13,41246","52,51947",1011303.0,Alexanderplatzviertel,4754.0,20.0
50809,11,9,,2019,10,18,4,3,2,6,2,0,1,0,0,0,0,0,"803738,5056","5820195,2","13,47026","52,44733",9010302.0,Späthsfelde,5633.0,65.0
50810,11,2,,2019,9,0,1,3,9,1,2,0,1,0,0,0,0,0,"802054,3155","5828002,373","13,45263","52,51824",2050602.0,Samariterviertel,5354.0,49.0
50811,11,4,,2019,7,9,6,3,2,6,0,0,1,0,0,0,0,0,"790611,3276","5828778,001","13,28515","52,53141",4010101.0,Jungfernheide,2857.0,33.0
50812,11,3,,2019,4,19,3,3,5,3,0,0,1,0,0,0,0,0,"802807,7368","5832172,436","13,4675","52,55519",3050920.0,Weißer See,5664.0,53.0
50813,11,5,,2019,10,11,3,3,2,6,0,0,1,0,0,0,0,1,"783497,6986","5826692,429","13,17879","52,51646",5020524.0,Weinmeisterhornweg,1353.0,41.0
50814,11,7,,2019,9,4,1,3,1,1,0,0,1,0,0,0,0,0,"798755,3482","5817463,518","13,39472","52,42559",7050506.0,Birnhornweg,4526.0,46.0
50816,11,4,,2019,5,8,4,3,8,1,0,0,0,0,1,0,0,0,"791555,1596","5829121,317","13,29932","52,53398",4010103.0,Paul-Hertz-Siedlung,3158.0,61.0
50817,11,2,,2019,7,2,6,3,3,6,2,0,0,0,0,0,1,0,"801877,7814","5827775,571","13,44983","52,5163",2040503.0,Richard-Sorge-Viertel,5353.0,48.0
50818,11,4,,2019,4,18,3,3,5,3,0,1,1,0,0,0,0,0,"792758,2877","5826766,69","13,31494","52,51223",4030622.0,Richard-Wagner-Straße,3352.0,26.0
50819,11,1,,2019,11,4,7,3,0,3,2,0,0,0,0,0,1,1,"799190,2375","5828394,367","13,4109","52,52333",1011303.0,Alexanderplatzviertel,4755.0,4.0
50820,11,1,,2019,5,9,3,3,5,2,0,1,1,0,0,0,0,0,"796184,661","5830195,038","13,36834","52,54111",1033203.0,Humboldthain Nordwest,4160.0,4.0
50821,11,2,,2019,12,7,3,3,5,2,1,1,1,0,0,0,0,0,"802590,2623","5827701,719","13,46023","52,51524",2050602.0,Samariterviertel,5453.0,1.0
50822,11,10,,2019,7,11,5,3,5,3,0,0,1,0,0,0,1,0,"808903,356","5833412,582","13,55828","52,56289",10010204.0,Wuhletalstraße,6967.0,41.0
50823,11,9,,2019,4,17,3,3,4,7,0,1,1,0,0,0,0,0,"802819,2752","5825432,068","13,46153","52,49477",9010101.0,Elsenstraße,5547.0,53.0
50824,11,2,,2019,10,11,6,3,5,2,0,1,0,0,0,0,1,0,"802144,1501","5827755,655","13,45373","52,51598",2050602.0,Samariterviertel,5453.0,1.0
50825,11,2,,2019,9,20,7,2,6,4,2,0,1,1,0,0,0,0,"802567,4021","5827688,131","13,45988","52,51514",2050602.0,Samariterviertel,5453.0,1.0
50826,11,4,,2019,7,23,5,2,3,1,2,0,1,0,0,0,0,0,"792233,6238","5829352,6","13,3095","52,53569",4010102.0,Plötzensee,3259.0,63.0
50827,11,3,,2019,4,7,3,3,5,2,0,1,1,0,0,0,0,0,"798001,1958","5833659,639","13,39815","52,57118",3040513.0,Schönholz,4569.0,47.0
50828,11,1,,2019,10,9,3,3,5,2,0,1,1,0,0,0,0,1,"799595,725","5828279,342","13,41676","52,52208",1011303.0,Alexanderplatzviertel,4855.0,25.0
50829,11,4,,2019,6,18,4,3,2,6,0,0,1,0,0,0,0,0,"790620,6013","5827200,323","13,28391","52,51726",4020313.0,Königin-Elisabeth-Straße,2853.0,59.0
50830,11,7,,2019,9,12,7,3,3,6,0,0,1,0,0,0,0,0,"794723,4767","5823149,647","13,34061","52,47875",7020202.0,Volkspark (Rudolf-Wilde-Park),3742.0,48.0
50831,11,1,,2019,12,16,2,3,6,2,2,0,1,1,0,0,0,0,"796042,4921","5831349,744","13,36727","52,55154",1044201.0,Reinickendorfer Straße,4163.0,33.0
50832,11,1,,2019,5,8,3,3,5,2,0,1,0,0,0,1,0,0,"796184,661","5830195,038","13,36834","52,54111",1033203.0,Humboldthain Nordwest,4160.0,4.0
50833,11,2,,2019,4,17,3,2,6,4,0,1,0,1,0,0,0,0,"800961,2254","5827853,204","13,43644","52,5175",2040701.0,Andreasviertel,5153.0,47.0
50834,11,6,,2019,11,10,7,3,0,2,0,1,1,0,0,0,0,1,"791021,6546","5818794,891","13,28246","52,44169",6030503.0,Zehlendorf Mitte,2831.0,52.0
50835,11,1,,2019,5,8,3,3,2,2,0,1,0,0,0,0,1,0,"799571,012","5828269,929","13,41638","52,522",1011303.0,Alexanderplatzviertel,4855.0,25.0
50836,11,7,,2019,11,17,4,3,2,6,2,0,1,0,0,0,0,1,"797378,7454","5822327,423","13,37886","52,46994",7040403.0,Manteuffelstraße,4239.0,42.0
50837,11,3,,2019,7,16,5,3,3,6,0,1,1,0,0,0,0,0,"801584,3731","5829015,065","13,44665","52,52757",3061435.0,Conrad-Blenkle-Straße,5256.0,48.0
50838,11,7,,2019,4,17,3,3,5,2,0,0,1,0,1,0,0,0,"795640,0762","5823234,294","13,35415","52,47901",7030303.0,Grazer Platz,3942.0,35.0
50839,11,12,,2019,10,9,6,3,5,3,0,0,1,0,1,0,0,0,"792376,7482","5837733,564","13,319","52,61075",12301205.0,Waidmannslust,3381.0,45.0
50840,11,7,,2019,9,12,7,3,5,3,0,0,1,0,1,0,0,0,"796007,2839","5824868,098","13,36099","52,49346",7010104.0,Dennewitzplatz,4046.0,41.0
50842,11,1,,2019,5,17,3,3,6,4,0,1,1,1,0,0,0,0,"795944,3302","5831686,674","13,36613","52,55461",1044203.0,Leopoldplatz,4064.0,52.0
50843,11,3,,2019,7,13,5,3,2,6,0,0,1,0,0,0,0,0,"798390,5097","5833450,388","13,40369","52,56909",3040614.0,Pankow Zentrum,4668.0,57.0
50844,11,7,,2019,4,12,2,3,5,2,0,0,1,0,0,0,0,0,"797869,6447","5820429,477","13,38438","52,45266",7050501.0,Rathausstraße,4334.0,51.0
50845,11,5,,2019,6,12,7,3,4,6,0,1,0,0,0,0,0,0,"781147,7721","5823608,577","13,14164","52,49002",5040935.0,Groß-Glienicker Weg,745.0,65.0
50846,11,2,,2019,9,11,7,3,2,6,0,0,1,0,0,0,0,0,"797761,1633","5824670,24","13,38657","52,49073",2020203.0,Viktoriapark,4446.0,12.0
50847,11,7,,2019,12,3,1,3,5,3,2,0,1,0,0,0,0,1,"797832,7128","5822294,185","13,3855","52,46939",7040403.0,Manteuffelstraße,4339.0,29.0
50848,11,3,,2019,5,11,3,2,0,2,0,0,1,0,1,0,0,0,"799982,3608","5830224,387","13,42419","52,5393",3061332.0,Helmholtzplatz,4960.0,18.0
50849,11,7,,2019,7,8,5,3,2,2,0,1,1,0,0,0,0,0,"795230,4544","5823534,838","13,3484","52,48193",7020202.0,Volkspark (Rudolf-Wilde-Park),3843.0,36.0
50850,11,12,,2019,11,0,1,2,1,1,2,0,1,0,0,0,0,1,"795706,4796","5832855,902","13,36368","52,56522",12103219.0,Schäfersee,4067.0,9.0
50851,11,2,,2019,7,6,5,3,5,2,0,0,1,0,0,0,0,0,"802147,0322","5827743,728","13,45376","52,51587",2050602.0,Samariterviertel,5453.0,1.0
50852,11,12,,2019,4,22,2,3,0,3,2,0,1,0,1,0,0,0,"795712,6231","5832840,06","13,36375","52,56508",12103219.0,Schäfersee,4067.0,9.0
50853,11,7,,2019,10,13,7,3,5,3,0,1,1,0,0,0,0,0,"798153,95","5819054,333","13,38732","52,44017",7050502.0,Fritz-Werner-Straße,4431.0,51.0
50854,11,4,,2019,9,20,6,3,0,1,2,1,1,0,0,0,0,0,"790860,6487","5826431,28","13,28676","52,51024",4030417.0,Schloßstraße,2951.0,33.0
50856,11,7,,2019,5,10,2,2,0,7,0,1,0,0,0,0,0,0,"796423,8577","5815399,872","13,3587","52,40836",7060604.0,Marienfelde Süd,3921.0,58.0
50857,11,12,,2019,7,17,4,3,1,5,0,1,1,0,0,0,0,0,"795413,5367","5833583,149","13,36001","52,5719",12103115.0,Breitkopfbecken,4069.0,34.0
50858,11,1,,2019,4,18,2,3,0,5,0,1,0,0,0,0,1,0,"798902,6546","5828084,716","13,4064","52,52071",1011303.0,Alexanderplatzviertel,4654.0,10.0
50859,11,5,,2019,11,17,3,1,6,4,1,0,1,1,0,0,1,1,"785375,0764","5826217,721","13,20597","52,51122",5020629.0,Börnicker Straße,1752.0,61.0
50860,11,1,,2019,6,11,3,3,5,2,0,1,1,0,0,0,0,0,"799761,8956","5828627,234","13,41951","52,5251",1011303.0,Alexanderplatzviertel,4856.0,19.0
50861,11,6,,2019,9,6,6,3,3,6,0,0,1,0,0,0,0,0,"785936,5173","5819063,562","13,20809","52,44678",6040703.0,Nikolassee,1733.0,65.0
50862,11,4,,2019,12,18,6,2,2,6,2,0,1,0,0,0,0,1,"790481,002","5828459,686","13,28296","52,52862",4020310.0,Park Ruhwald,2857.0,33.0
50863,11,2,,2019,7,15,4,3,0,1,0,1,0,0,0,0,0,0,"802030,3993","5828104,722","13,45237","52,51917",2050601.0,Hausburgviertel,5354.0,49.0
50864,11,9,,2019,10,13,3,3,2,6,0,0,1,0,0,0,0,0,"806635,9127","5821121,058","13,51361","52,45401",9020601.0,Schnellerstraße,6235.0,41.0
50865,11,4,,2019,9,13,6,3,3,6,0,0,1,0,0,0,1,0,"790463,3745","5825454,988","13,28007","52,5017",4020314.0,Messegelände,2849.0,40.0
50866,11,12,,2019,6,15,7,3,2,6,0,0,1,0,0,0,0,0,"792033,1386","5831711,134","13,30863","52,55694",12214125.0,Waldidyll/Flughafensee,3265.0,59.0
50867,11,12,,2019,9,13,6,3,0,6,0,0,0,0,0,0,1,0,"791557,862","5830732,139","13,30078","52,54842",4010101.0,Jungfernheide,3162.0,49.0
50868,11,12,,2019,12,13,2,3,3,6,0,0,1,0,0,1,0,0,"795749,2545","5832703,992","13,36417","52,56384",12103219.0,Schäfersee,4067.0,9.0
50869,11,2,,2019,5,9,2,3,3,6,0,1,1,0,0,0,0,0,"797758,56","5824138,596","13,38606","52,48596",2020203.0,Viktoriapark,4344.0,28.0
50870,11,3,,2019,7,19,4,2,2,7,0,0,1,0,0,0,0,0,"801220,0704","5837679,906","13,44916","52,60544",3020307.0,Buchholz,5379.0,65.0
50871,11,5,,2019,4,15,2,3,0,7,0,0,1,0,0,0,1,0,"783319,4461","5826476,398","13,17598","52,51461",5020524.0,Weinmeisterhornweg,1253.0,63.0
50872,11,7,,2019,11,12,2,3,0,6,0,0,1,0,1,0,0,1,"798192,196","5818900,192","13,38774","52,43877",7050502.0,Fritz-Werner-Straße,4430.0,31.0
50873,11,7,,2019,7,7,4,3,2,6,0,0,1,0,0,0,1,0,"798084,3215","5819322,401","13,38654","52,44262",7050501.0,Rathausstraße,4431.0,51.0
50874,11,4,,2019,4,8,2,3,5,2,0,1,1,0,0,0,0,0,"791173,6869","5826482,474","13,29141","52,51053",4030417.0,Schloßstraße,2951.0,33.0
50875,11,7,,2019,10,17,1,3,0,7,0,1,1,0,0,0,0,0,"797871,8593","5821606,167","13,38546","52,4632",7040403.0,Manteuffelstraße,4337.0,59.0
50876,11,12,,2019,9,12,6,3,6,7,0,0,0,1,0,1,0,0,"795493,1487","5833372,01","13,361","52,56997",12103115.0,Breitkopfbecken,4069.0,34.0
50878,11,4,,2019,5,15,1,3,6,4,0,1,0,1,0,0,0,0,"792766,7518","5826768,126","13,31506","52,51224",4030623.0,Ernst-Reuter-Platz,3352.0,26.0
50879,11,4,,2019,7,15,4,3,2,6,0,0,1,0,0,1,0,0,"793199,5736","5823013,942","13,31812","52,47835",4051551.0,Brabanter Platz,3342.0,52.0
50880,11,2,,2019,4,8,2,3,5,3,0,1,1,0,0,0,0,0,"803308,6414","5827628,703","13,47072","52,51419",2050602.0,Samariterviertel,5652.0,13.0
50881,11,3,,2019,11,22,3,3,0,3,2,1,1,0,0,0,0,1,"798165,6982","5836121,947","13,40279","52,59316",3020209.0,Niederschönhausen,4675.0,44.0
50882,11,3,,2019,6,7,4,2,5,3,0,1,0,0,0,0,0,0,"799162,7604","5830629,884","13,41251","52,54338",3061131.0,Falkplatz,4761.0,38.0
50883,11,4,,2019,9,12,6,3,2,6,0,0,1,0,0,0,0,0,"790561,4154","5825168,888","13,28126","52,49908",4041133.0,Güterbahnhof Grunewald,2848.0,27.0
50884,11,2,,2019,12,13,7,3,1,5,0,1,1,0,0,0,1,0,"802041,4204","5827052,417","13,45158","52,50973",2050802.0,Boxhagener Platz,5351.0,36.0
50885,11,9,,2019,7,16,4,3,5,2,0,0,1,0,0,0,0,0,"803117,5809","5824546,014","13,46511","52,48667",9010201.0,Am Treptower Park Süd,5544.0,61.0
50886,11,12,,2019,10,9,4,3,3,6,0,0,1,0,0,0,0,0,"795438,7631","5833516,538","13,36033","52,57129",12103115.0,Breitkopfbecken,4069.0,34.0
50887,11,7,,2019,9,15,6,3,8,7,0,0,1,0,0,0,0,0,"796604,0224","5816011,462","13,36189","52,41374",7060601.0,Marienfelder Allee Nordwest,4023.0,43.0
50888,11,7,,2019,7,14,4,3,3,6,0,0,1,0,1,0,1,0,"797780,0198","5823444,981","13,38575","52,47974",7040401.0,Neu-Tempelhof,4342.0,53.0
50889,11,12,,2019,4,0,1,3,5,2,2,1,1,0,0,0,0,0,"792728,4084","5837423,794","13,3239","52,60778",12302212.0,Rollbergesiedlung,3480.0,38.0
50890,11,4,,2019,10,0,3,3,5,2,2,0,1,0,0,0,0,0,"791027,762","5826458,485","13,28924","52,51039",4030417.0,Schloßstraße,2951.0,33.0
50891,11,4,,2019,6,13,2,3,2,6,0,0,1,0,0,1,0,0,"790539,5092","5825848,345","13,28153","52,50518",4020314.0,Messegelände,2850.0,46.0
50892,11,11,,2019,9,20,5,3,5,2,2,1,1,0,0,0,0,0,"804870,077","5827449,155","13,49349","52,51171",11030721.0,Rüdigerstraße,5952.0,37.0
50894,11,10,,2019,5,2,1,3,6,4,2,0,0,1,0,0,1,0,"808704,0049","5832916,884","13,55489","52,55856",10010204.0,Wuhletalstraße,6965.0,61.0
50895,11,10,,2019,7,19,4,3,2,6,0,0,1,0,0,0,0,0,"809474,7248","5827395,029","13,56108","52,50863",10030726.0,Alt-Biesdorf,6951.0,61.0
50896,11,4,,2019,4,13,7,3,2,6,0,0,1,0,0,0,0,0,"792327,4094","5823539,619","13,30578","52,48353",4041239.0,Stadion Wilmersdorf,3243.0,53.0
50897,11,5,,2019,11,7,5,2,4,6,1,1,0,0,0,0,0,0,"780347,0074","5822457,689","13,12891","52,48011",5040936.0,Jägerallee,542.0,61.0
50898,11,4,,2019,5,17,1,3,2,6,0,0,1,0,0,0,0,0,"791279,7996","5829931,119","13,29599","52,54139",4010101.0,Jungfernheide,3060.0,36.0
50899,11,4,,2019,12,16,3,3,5,2,2,1,1,0,0,0,0,1,"791031,9133","5826459,167","13,2893","52,5104",4030417.0,Schloßstraße,2951.0,33.0
50900,11,2,,2019,7,20,3,3,2,6,0,0,1,0,0,0,1,0,"801956,6836","5827767,694","13,45098","52,51619",2040503.0,Richard-Sorge-Viertel,5353.0,48.0
50901,11,4,,2019,4,1,7,3,5,3,2,0,1,0,0,0,0,0,"791859,781","5826594,454","13,30159","52,51117",4030417.0,Schloßstraße,3152.0,19.0
50902,11,2,,2019,10,8,5,2,0,2,0,1,1,0,0,0,0,1,"802589,2812","5827701,822","13,46022","52,51525",2050602.0,Samariterviertel,5453.0,1.0
50903,11,3,,2019,9,6,5,3,5,2,1,1,0,0,0,1,0,0,"799197,1656","5831456,209","13,41376","52,55077",3061126.0,Arnimplatz,4863.0,28.0
50905,11,3,,2019,7,18,3,3,1,5,0,1,1,0,0,0,1,0,"799244,8305","5830348,479","13,41346","52,54081",3061332.0,Helmholtzplatz,4860.0,47.0
50906,11,2,,2019,4,0,7,3,6,4,2,0,1,1,0,0,0,0,"802586,285","5827702,138","13,46017","52,51525",2050602.0,Samariterviertel,5453.0,1.0
50907,11,4,,2019,9,17,2,3,8,1,0,0,1,0,0,0,0,1,"792467,4451","5822711,22","13,30711","52,47603",4041342.0,Schlangenbader Straße,3241.0,61.0
50908,11,2,,2019,6,5,4,3,2,6,0,0,1,0,0,0,0,0,"801554,8479","5827808,342","13,44512","52,51677",2040503.0,Richard-Sorge-Viertel,5253.0,35.0
50909,11,4,,2019,9,11,5,3,5,2,0,1,1,0,0,0,0,0,"791025,9514","5826476,846","13,28923","52,51056",4030417.0,Schloßstraße,2951.0,33.0
50910,11,1,,2019,12,17,6,3,2,6,2,1,0,0,0,0,0,0,"800161,2148","5828007,345","13,42482","52,51933",1011304.0,Karl-Marx-Allee,4954.0,49.0
50911,11,4,,2019,5,0,1,3,0,1,2,1,0,0,0,0,0,0,"790487,1164","5826370,173","13,28122","52,50989",4020313.0,Königin-Elisabeth-Straße,2851.0,8.0
50912,11,12,,2019,7,16,3,3,5,3,0,1,1,0,0,0,0,0,"794405,1736","5834451,556","13,34595","52,58023",12103218.0,Teichstraße,3772.0,61.0
50913,11,2,,2019,4,11,7,2,5,3,0,0,1,0,0,0,1,0,"802179,9971","5827734,048","13,45423","52,51576",2050602.0,Samariterviertel,5453.0,1.0
50914,11,2,,2019,11,9,6,3,6,7,0,1,0,1,0,0,0,0,"802971,6255","5827662,934","13,4658","52,51469",2050602.0,Samariterviertel,5553.0,28.0
50915,11,1,,2019,9,6,5,3,5,2,0,1,1,0,0,0,0,1,"796552,0495","5826607,731","13,37054","52,50875",1011105.0,Nördlicher Landwehrkanal,4151.0,37.0
50916,11,3,,2019,11,16,3,3,2,2,2,0,1,0,0,0,0,0,"799994,5511","5830220,96","13,42437","52,53926",3061332.0,Helmholtzplatz,4960.0,18.0
50917,11,12,,2019,7,14,3,3,5,3,0,0,1,0,0,0,0,0,"794097,8371","5835017,603","13,34193","52,58547",12301203.0,Wittenau Süd,3773.0,57.0
50918,11,3,,2019,4,15,6,3,5,2,0,0,1,0,0,0,1,0,"799144,6965","5832234,253","13,41369","52,55777",3040818.0,Pankow Süd,4865.0,35.0
50919,11,1,,2019,10,17,5,3,6,4,0,1,0,1,0,0,0,0,"796020,6913","5827317,977","13,36336","52,51541",1011102.0,Großer Tiergarten,4053.0,57.0
50920,11,9,,2019,9,16,4,3,6,7,0,0,0,1,0,0,1,0,"802700,4524","5825200,286","13,45958","52,49276",9010102.0,Am Treptower Park Nord,5446.0,19.0
50922,11,1,,2019,5,11,7,3,5,3,0,0,1,0,1,0,0,0,"795878,9912","5832057,624","13,3655","52,55797",1044102.0,Schillerpark,4065.0,7.0
50923,11,12,,2019,7,14,3,3,6,4,0,1,0,1,0,0,0,0,"795607,1064","5833078,747","13,36241","52,56727",12103219.0,Schäfersee,4068.0,46.0
50924,11,10,,2019,4,9,6,3,1,6,0,0,1,0,0,0,1,0,"807658,4255","5830125,927","13,53693","52,53414",10010309.0,Springpfuhl,6658.0,51.0
50925,11,12,,2019,6,11,6,3,2,6,0,0,1,0,0,0,1,0,"794004,7104","5835187,84","13,34071","52,58705",12301203.0,Wittenau Süd,3774.0,53.0
50926,11,7,,2019,9,10,4,3,2,6,0,0,1,0,0,0,0,0,"798532,6026","5822076,619","13,39558","52,46706",7040405.0,Rathaus Tempelhof,4539.0,51.0
50927,11,6,,2019,12,17,6,3,0,2,2,1,1,0,0,0,0,0,"783380,8229","5815986,783","13,16797","52,42053",6040701.0,Wannsee,1125.0,63.0
50928,11,3,,2019,5,11,7,3,6,6,0,1,0,1,0,0,0,0,"799105,4928","5832323,698","13,41319","52,5586",3040818.0,Pankow Süd,4765.0,61.0
50929,11,3,,2019,7,12,3,3,3,6,0,1,1,0,0,0,0,0,"802026,3459","5831470,094","13,45537","52,54933",3050925.0,Komponistenviertel Weißensee,5463.0,46.0
50930,11,12,,2019,11,0,7,3,3,2,2,0,1,0,0,0,0,1,"794573,0263","5833797,856","13,34784","52,57428",12103218.0,Teichstraße,3870.0,38.0
50931,11,1,,2019,7,7,3,2,6,4,0,0,0,1,0,1,0,0,"798299,4167","5827699,107","13,39719","52,51758",1011202.0,Unter den Linden Nord,4553.0,29.0
50932,11,9,,2019,4,12,6,3,2,2,0,0,1,0,0,0,0,0,"804106,561","5824366,79","13,47946","52,48451",9010202.0,Köpenicker Landstraße,5744.0,53.0
50933,11,3,,2019,10,7,6,3,0,7,0,0,1,0,0,0,1,0,"799610,712","5840103,442","13,42766","52,62805",3010104.0,Lietzengraben,5086.0,65.0
50934,11,2,,2019,9,9,4,3,1,5,0,0,1,0,1,0,0,0,"802952,9476","5827648,731","13,46551","52,51457",2050602.0,Samariterviertel,5553.0,28.0
50936,11,1,,2019,5,3,7,3,2,6,2,1,1,0,0,0,0,0,"795936,0764","5831656,853","13,36598","52,55435",1044203.0,Leopoldplatz,4064.0,52.0
50937,11,9,,2019,7,10,3,3,0,1,0,1,0,0,0,0,0,0,"805389,6535","5822331,019","13,49644","52,46555",9020601.0,Schnellerstraße,6038.0,59.0
50938,11,3,,2019,4,23,6,3,1,5,2,1,1,0,0,0,1,0,"800191,5136","5829229,626","13,42637","52,53027",3071639.0,Bötzowstraße,4957.0,49.0
50939,11,3,,2019,11,14,2,3,1,5,0,1,1,0,0,0,0,1,"799476,782","5830320,663","13,41685","52,54044",3061332.0,Helmholtzplatz,4860.0,47.0
50940,11,12,,2019,6,6,3,3,2,6,0,0,1,0,0,0,0,0,"790265,2677","5835720,574","13,28614","52,59383",12304314.0,Ziekowstraße/Freie Scholle,2976.0,49.0
50941,11,12,,2019,9,14,4,3,5,2,0,1,1,0,0,0,0,1,"795741,5325","5832766,011","13,36411","52,5644",12103219.0,Schäfersee,4067.0,9.0
50942,11,3,,2019,12,15,6,3,1,5,1,1,1,0,0,0,1,1,"800243,1284","5829312,09","13,4272","52,53098",3071639.0,Bötzowstraße,5057.0,58.0
50943,11,1,,2019,7,16,3,3,0,4,0,1,0,1,0,0,0,0,"795880,5776","5832049,104","13,36552","52,5579",1044102.0,Schillerpark,4065.0,7.0
50944,11,3,,2019,4,16,6,3,5,3,0,1,1,0,0,0,0,0,"800081,8883","5832712,619","13,4279","52,56154",3040818.0,Pankow Süd,5066.0,56.0
50945,11,1,,2019,10,11,2,3,3,6,0,0,1,0,1,0,0,0,"797771,0665","5826852,17","13,38867","52,51028",1011204.0,Leipziger Straße,4451.0,11.0
50946,11,6,,2019,9,14,3,2,0,1,0,0,0,0,1,0,0,0,"794283,8942","5821479,34","13,33269","52,46401",6010209.0,Feuerbachstraße,3638.0,58.0
50947,11,4,,2019,7,10,3,3,2,6,0,0,1,0,0,0,0,0,"790469,0215","5828470,112","13,28279","52,52872",4020310.0,Park Ruhwald,2857.0,33.0
50948,11,3,,2019,4,7,6,3,2,6,0,0,1,0,0,0,0,0,"800254,4103","5831890,385","13,4297","52,55408",3050923.0,Weißenseer Spitze,5064.0,24.0
50949,11,1,,2019,10,20,7,3,5,3,2,1,0,0,0,0,1,0,"795877,1449","5832069,085","13,36548","52,55808",1044102.0,Schillerpark,4065.0,7.0
50950,11,2,,2019,6,7,7,3,5,2,0,0,1,0,0,0,0,0,"802580,986","5827686,767","13,46008","52,51512",2050602.0,Samariterviertel,5453.0,1.0
50951,11,6,,2019,9,17,3,3,5,2,0,1,1,0,0,0,0,0,"784010,9845","5815896,449","13,17714","52,41939",6040701.0,Wannsee,1225.0,49.0
50953,11,2,,2019,5,14,7,2,6,4,0,0,1,1,0,0,0,0,"797848,3604","5825020,28","13,38816","52,49382",2020202.0,Rathaus Yorckstraße,4446.0,12.0
50954,11,10,,2019,4,9,5,2,5,3,0,0,1,0,0,0,1,0,"808896,7093","5833396,48","13,55817","52,56274",10010204.0,Wuhletalstraße,6967.0,41.0
50955,11,9,,2019,11,16,3,2,4,6,1,1,0,0,0,0,0,0,"802744,1203","5825182,787","13,4602","52,49258",9010102.0,Am Treptower Park Nord,5446.0,19.0
50956,11,3,,2019,5,23,6,3,5,3,2,1,1,0,0,0,0,0,"799218,3272","5832063,732","13,41462","52,5562",3061126.0,Arnimplatz,4865.0,35.0
50957,11,7,,2019,12,3,1,3,3,6,2,0,1,0,0,0,0,0,"795427,1164","5823727,647","13,35146","52,48355",7020203.0,Kaiser-Wilhelm-Platz,3843.0,36.0
50958,11,3,,2019,7,8,3,3,2,6,0,0,1,0,0,1,0,0,"797987,5594","5834232,537","13,39847","52,57632",3020209.0,Niederschönhausen,4571.0,51.0
50959,11,7,,2019,4,8,5,3,2,6,0,0,1,0,0,0,0,0,"795882,5403","5822666,93","13,3572","52,47379",7030303.0,Grazer Platz,3941.0,55.0
50960,11,7,,2019,10,17,3,2,1,5,1,1,1,0,0,0,0,0,"795777,942","5824124,054","13,35696","52,48691",7020203.0,Kaiser-Wilhelm-Platz,3944.0,21.0
50961,11,12,,2019,9,17,3,3,9,1,0,0,1,0,0,0,0,0,"791725,7868","5831080,545","13,30355","52,55145",12214125.0,Waldidyll/Flughafensee,3163.0,57.0
50963,11,3,,2019,7,8,3,3,1,5,0,1,1,0,0,0,0,0,"799410,266","5830311,447","13,41586","52,54039",3061332.0,Helmholtzplatz,4860.0,47.0
50964,11,12,,2019,4,17,5,2,6,2,0,0,1,1,0,0,0,0,"794572,1608","5833819,002","13,34784","52,57447",12103218.0,Teichstraße,3870.0,38.0
50965,11,7,,2019,9,14,7,3,2,6,0,0,1,0,0,0,0,0,"795779,9387","5822653,883","13,35568","52,47373",7030303.0,Grazer Platz,3941.0,55.0
50966,11,7,,2019,6,7,3,2,0,1,0,0,0,0,1,0,0,0,"798507,0583","5822075,571","13,3952","52,46706",7040405.0,Rathaus Tempelhof,4539.0,51.0