OBJECTID,LAND,BEZ,LOR_ab_2021,UJAHR,UMONAT,USTUNDE,UWOCHENTAG,UKATEGORIE,UART,UTYP1,ULICHTVERH,IstRad,IstPKW,IstFuss,IstKrad,IstGkfz,IstSonstige,USTRZUSTAND,LINREFX,LINREFY,XGCSWGS84,YGCSWGS84,LOR,STRASSE,quadrant,quadrant_rank
50967,11,3,,2019,9,9,3,3,5,2,0,1,0,0,1,0,0,0,"797964,7404","5834379,815","13,39826","52,57765",3020209.0,Niederschönhausen,4571.0,51.0
50968,11,7,,2019,12,15,4,3,2,6,1,0,0,0,1,0,1,0,"796527,0164","5822534,852","13,36655","52,47226",7040402.0,Lindenhofsiedlung,4140.0,37.0
50969,11,2,,2019,5,19,6,2,6,4,0,0,1,1,0,0,0,0,"801720,0235","5827775,407","13,44751","52,51639",2040503.0,Richard-Sorge-Viertel,5353.0,48.0
50970,11,2,,2019,7,8,3,3,2,6,0,0,1,0,0,0,0,0,"802402,8225","5827721,977","13,4575","52,51553",2050602.0,Samariterviertel,5453.0,1.0
50971,11,2,,2019,7,19,3,3,3,6,0,0,1,0,0,0,0,0,"802240,8521","5827722,524","13,45512","52,51562",2050602.0,Samariterviertel,5453.0,1.0
50972,11,7,,2019,4,17,5,3,6,4,0,0,1,1,0,0,0,0,"797488,4024","5818027,404","13,37664","52,43133",7050502.0,Fritz-Werner-Straße,4228.0,55.0
50973,11,4,,2019,10,16,1,3,0,1,0,0,1,0,0,0,0,0,"791606,3029","5824315,24","13,29587","52,49087",4041137.0,Flinsberger Platz,3046.0,37.0
50974,11,3,,2019,6,17,1,3,1,5,0,1,1,0,0,0,0,0,"798036,6879","5833871,054","13,39886","52,57305",3040513.0,Schönholz,4570.0,59.0
50975,11,2,,2019,9,9,3,3,5,2,0,1,1,0,0,0,0,0,"802087,2624","5827268,67","13,45245","52,51164",2050802.0,Boxhagener Platz,5352.0,35.0
50977,11,12,,2019,5,11,6,3,2,6,0,0,1,0,0,0,0,0,"790734,878","5834804,238","13,29224","52,58537",12214527.0,Alt-Tegel,3073.0,65.0
50978,11,1,,2019,4,10,4,3,3,6,0,0,1,0,0,0,0,0,"796158,5013","5825729,913","13,36398","52,5011",1011104.0,Körnerstraße,4049.0,39.0
50979,11,4,,2019,11,18,4,3,2,6,2,0,1,0,0,0,0,0,"790538,8206","5825782,939","13,28147","52,5046",4020314.0,Messegelände,2850.0,46.0
50980,11,3,,2019,5,7,6,2,6,4,0,0,1,1,0,0,0,0,"798121,7316","5835643,263","13,40171","52,58889",3020209.0,Niederschönhausen,4674.0,48.0
50981,11,11,,2019,12,18,2,2,6,4,2,0,1,1,0,0,0,1,"804235,3995","5827533,243","13,48425","52,51282",11030721.0,Rüdigerstraße,5852.0,43.0
50982,11,12,,2019,7,16,2,3,5,2,0,1,1,0,0,0,0,1,"795766,1555","5832696,099","13,36441","52,56376",12103219.0,Schäfersee,4067.0,9.0
50983,11,1,,2019,4,13,4,3,3,6,0,0,0,0,1,0,1,0,"796257,1944","5829008,332","13,36834","52,53043",1022202.0,Heidestraße,4157.0,57.0
50984,11,12,,2019,10,9,4,3,0,2,0,0,0,0,1,1,0,0,"794482,8079","5834309,75","13,34697","52,57892",12103218.0,Teichstraße,3871.0,53.0
50985,11,2,,2019,9,16,3,3,1,5,0,0,1,0,0,0,1,0,"797853,8265","5825034,428","13,38825","52,49394",2020202.0,Rathaus Yorckstraße,4446.0,12.0
50987,11,3,,2019,7,16,2,3,2,7,0,0,0,0,1,1,0,1,"799838,101","5839521,122","13,43048","52,6227",3020307.0,Buchholz,5084.0,63.0
50988,11,12,,2019,4,11,4,3,0,6,0,1,0,1,0,0,0,0,"792202,123","5837875,658","13,31655","52,61211",12301205.0,Waidmannslust,3381.0,45.0
50989,11,4,,2019,9,6,1,2,0,1,1,1,0,0,0,0,0,1,"788602,2287","5826071,415","13,25327","52,50821",4020208.0,Kranzallee,2451.0,53.0
50990,11,3,,2019,6,7,3,2,5,2,0,1,1,0,0,0,0,0,"801323,0873","5830980,75","13,44459","52,54534",3061429.0,Greifswalder Straße,5262.0,43.0
50991,11,7,,2019,9,10,2,3,6,7,0,0,0,1,1,0,0,0,"797802,7459","5822956,91","13,38565","52,47535",7040401.0,Neu-Tempelhof,4341.0,52.0
50992,11,1,,2019,12,8,6,3,3,6,0,0,1,0,0,0,1,0,"797606,9071","5826825,796","13,38623","52,51014",1011201.0,Wilhelmstraße,4351.0,43.0
50993,11,10,,2019,5,8,6,2,2,6,0,0,1,0,0,0,0,0,"808656,095","5827443,155","13,5491","52,50953",10030726.0,Alt-Biesdorf,6851.0,49.0
50994,11,2,,2019,7,14,2,3,6,4,0,1,0,1,0,0,0,0,"797831,6495","5824972,554","13,38787","52,4934",2020202.0,Rathaus Yorckstraße,4446.0,12.0
50995,11,3,,2019,4,10,4,3,5,3,0,1,1,0,0,0,0,0,"799237,0637","5831941,674","13,41478","52,5551",3061126.0,Arnimplatz,4864.0,14.0
50996,11,4,,2019,11,21,5,3,5,3,2,0,1,0,0,0,0,1,"791239,7434","5824612,921","13,29074","52,49373",4041134.0,Bismarckallee,2946.0,59.0
50997,11,4,,2019,9,20,2,3,5,2,2,0,1,0,1,0,0,0,"790652,9678","5826416,509","13,2837","52,51022",4020313.0,Königin-Elisabeth-Straße,2851.0,8.0
50998,11,7,,2019,11,16,2,3,2,6,2,0,1,0,0,0,0,0,"797236,8087","5822344,164","13,37679","52,47016",7040403.0,Manteuffelstraße,4240.0,51.0
50999,11,7,,2019,7,19,2,3,2,6,0,0,1,0,0,1,0,0,"797689,97","5818746,418","13,38024","52,43767",7050502.0,Fritz-Werner-Straße,4330.0,47.0
51000,11,1,,2019,4,14,4,3,0,4,0,0,0,1,0,0,1,0,"799199,2594","5828376,163","13,41102","52,52316",1011303.0,Alexanderplatzviertel,4755.0,4.0
51001,11,3,,2019,10,16,4,3,2,6,0,0,1,0,0,0,0,1,"800266,2406","5831893,351","13,42987","52,5541",3050923.0,Weißenseer Spitze,5064.0,24.0
51002,11,2,,2019,9,19,2,3,3,6,1,0,1,0,1,0,0,0,"797907,0808","5825155,662","13,38915","52,495",2020202.0,Rathaus Yorckstraße,4447.0,16.0
51004,11,7,,2019,5,13,6,2,0,3,0,0,1,0,0,0,1,0,"796612,5477","5816012,405","13,36201","52,41374",7060601.0,Marienfelder Allee Nordwest,4023.0,43.0
51005,11,11,,2019,7,15,2,3,0,2,0,1,1,0,0,0,0,1,"804514,4693","5827504,73","13,48832","52,51241",11030721.0,Rüdigerstraße,5952.0,37.0
51006,11,1,,2019,4,8,4,2,1,5,0,1,1,0,0,0,0,0,"798021,4887","5827659,21","13,39307","52,51738",1011202.0,Unter den Linden Nord,4553.0,29.0
51007,11,9,,2019,6,15,5,3,2,6,0,0,1,0,0,0,0,0,"806767,8374","5820992,654","13,51543","52,45278",9020601.0,Schnellerstraße,6334.0,63.0
51008,11,1,,2019,9,18,2,3,6,4,0,1,0,1,0,0,0,0,"796214,675","5827351,115","13,36624","52,5156",1011102.0,Großer Tiergarten,4153.0,36.0
51009,11,1,,2019,12,21,5,3,5,7,2,0,1,0,0,0,0,1,"799103,263","5827687,45","13,40899","52,51704",1011303.0,Alexanderplatzviertel,4753.0,44.0
51010,11,3,,2019,5,13,6,3,0,7,0,1,1,0,0,0,0,0,"799804,7982","5830235,664","13,42159","52,5395",3061332.0,Helmholtzplatz,4960.0,18.0
51011,11,7,,2019,7,13,2,3,0,1,0,0,1,0,0,0,0,0,"799731,0818","5821397,324","13,41255","52,46031",7040406.0,Germaniagarten,4737.0,55.0
51012,11,3,,2019,11,17,6,3,0,6,2,0,1,0,0,0,1,0,"797968,8766","5834464,314","13,3984","52,57841",3020209.0,Niederschönhausen,4571.0,51.0
51013,11,4,,2019,7,0,2,3,3,6,2,0,1,0,0,0,0,0,"791183,6949","5829569,331","13,29426","52,5382",4010101.0,Jungfernheide,3059.0,57.0
51014,11,10,,2019,9,9,6,2,2,6,0,0,1,0,0,1,0,1,"807863,8575","5827447,254","13,53747","52,51001",11041023.0,Gensinger Straße,6651.0,57.0
51015,11,9,,2019,4,21,4,3,5,3,2,1,0,0,0,0,0,0,"802794,659","5825161,934","13,46093","52,49237",9010102.0,Am Treptower Park Nord,5546.0,61.0
51016,11,7,,2019,10,17,5,3,2,6,0,0,1,0,0,0,0,1,"796530,1834","5822537,805","13,36659","52,47228",7040402.0,Lindenhofsiedlung,4140.0,37.0
51017,11,6,,2019,9,18,2,3,5,3,0,1,1,0,0,0,0,0,"787893,8156","5817567,208","13,23552","52,43234",6030501.0,Berlepschstraße,2128.0,63.0
51019,11,7,,2019,5,15,6,3,2,6,0,0,1,0,0,0,0,0,"796424,9918","5822607,306","13,36511","52,47296",7040402.0,Lindenhofsiedlung,4040.0,57.0
51020,11,2,,2019,7,17,1,3,3,7,0,0,1,0,1,0,0,0,"801822,8456","5826380,543","13,44776","52,50383",2040703.0,Wriezener Bahnhof/Entwicklungsgebiet,5349.0,29.0
51021,11,12,,2019,4,15,4,3,5,7,0,0,1,0,1,0,0,0,"795697,559","5832844,843","13,36353","52,56513",12103219.0,Schäfersee,4067.0,9.0
51022,11,4,,2019,11,6,2,3,2,6,2,0,1,0,0,0,0,1,"793849,2516","5823006,052","13,32765","52,47793",4051656.0,Hildegardstraße,3542.0,38.0
51023,11,7,,2019,6,15,7,3,2,6,0,0,1,0,0,0,0,0,"797910,8828","5820199,645","13,38478","52,45057",7050501.0,Rathausstraße,4334.0,51.0
51024,11,1,,2019,9,17,2,3,5,2,0,1,1,0,0,0,0,0,"796285,6224","5830276,98","13,36989","52,54179",1033203.0,Humboldthain Nordwest,4160.0,4.0
51025,11,7,,2019,12,9,5,3,0,6,0,0,1,0,1,0,0,0,"797463,1046","5817915,655","13,37617","52,43034",7050502.0,Fritz-Werner-Straße,4228.0,55.0
51026,11,1,,2019,7,13,1,3,0,7,0,1,0,0,0,0,0,0,"796044,4008","5827309,656","13,3637","52,51532",1011102.0,Großer Tiergarten,4053.0,57.0
51027,11,3,,2019,4,8,4,3,0,6,0,1,0,0,0,0,0,0,"800011,4686","5830335,86","13,42472","52,54028",3071633.0,Thälmannpark,4960.0,18.0
51028,11,4,,2019,10,18,1,3,2,6,2,0,1,0,0,0,0,0,"790652,6353","5828832,269","13,2858","52,53187",4010101.0,Jungfernheide,2958.0,49.0
51029,11,7,,2019,9,9,2,3,2,6,0,0,1,0,0,0,0,0,"796549,9771","5822524,956","13,36687","52,47216",7040402.0,Lindenhofsiedlung,4140.0,37.0
51030,11,12,,2019,7,0,1,3,2,7,2,0,1,0,0,0,1,1,"794771,4488","5833773,85","13,35074","52,57396",12103218.0,Teichstraße,3870.0,38.0
51031,11,2,,2019,4,6,4,2,1,1,0,0,1,0,0,1,1,0,"801827,3317","5826230,764","13,44769","52,50248",2050803.0,Stralauer Kiez,5349.0,29.0
51032,11,3,,2019,10,0,6,3,0,1,2,0,0,0,0,0,1,0,"801077,3742","5830653,499","13,44068","52,54254",3061429.0,Greifswalder Straße,5261.0,46.0
51033,11,3,,2019,6,14,6,3,2,6,0,0,1,0,0,0,0,0,"804470,5933","5839656,907","13,49883","52,62135",3010102.0,Buch,6084.0,63.0
51034,11,2,,2019,9,8,2,3,2,6,0,0,1,0,0,1,0,0,"803524,9446","5827605,491","13,47388","52,51386",2050602.0,Samariterviertel,5752.0,11.0
51036,11,1,,2019,5,16,6,3,5,2,0,0,1,0,0,0,1,0,"796455,757","5827391,142","13,36982","52,51583",1011102.0,Großer Tiergarten,4153.0,36.0
51037,11,4,,2019,4,17,3,3,5,2,0,1,1,0,0,0,0,0,"793092,5534","5826823,302","13,3199","52,51256",4030623.0,Ernst-Reuter-Platz,3452.0,33.0
51038,11,1,,2019,11,5,2,3,8,1,0,1,0,0,0,0,0,0,"797926,3962","5827647,242","13,39166","52,51732",1011202.0,Unter den Linden Nord,4453.0,15.0
51039,11,7,,2019,5,17,6,3,2,6,0,0,1,0,1,0,0,0,"795497,7765","5822691,519","13,35158","52,47422",7030303.0,Grazer Platz,3841.0,47.0
51040,11,4,,2019,11,5,7,3,0,3,2,0,1,0,0,0,1,0,"791578,3933","5826568,226","13,29743","52,51108",4030417.0,Schloßstraße,3051.0,26.0
51041,11,2,,2019,7,23,7,3,2,6,2,0,1,0,1,0,0,1,"801652,4161","5828924,633","13,44756","52,52673",3061435.0,Conrad-Blenkle-Straße,5356.0,13.0
51042,11,1,,2019,4,8,3,3,2,6,0,0,1,0,0,0,0,0,"796160,7183","5829148,784","13,36705","52,53175",1022202.0,Heidestraße,4158.0,65.0
51043,11,9,,2019,10,17,2,3,3,6,2,0,1,0,1,0,0,0,"802594,1696","5825112,021","13,45794","52,49203",9010101.0,Elsenstraße,5446.0,19.0
51044,11,4,,2019,9,11,2,3,2,7,0,0,1,0,1,0,0,0,"792058,022","5826627,717","13,30453","52,51136",4030622.0,Richard-Wagner-Straße,3152.0,19.0
51046,11,11,,2019,7,22,7,3,5,2,2,1,1,0,0,0,0,1,"804236,394","5827518,617","13,48425","52,51269",11030721.0,Rüdigerstraße,5852.0,43.0
51047,11,8,,2019,4,10,3,3,3,6,0,0,1,0,0,1,0,0,"801964,1568","5821841,435","13,44572","52,46307",8020619.0,Buschkrugallee Nord,5237.0,45.0
51048,11,1,,2019,6,17,2,3,5,3,0,1,1,0,0,0,0,0,"798121,0516","5827657,628","13,39453","52,51731",1011202.0,Unter den Linden Nord,4553.0,29.0
51049,11,7,,2019,9,11,2,3,5,2,0,0,1,0,0,1,0,0,"797707,7723","5818784,224","13,38053","52,438",7050501.0,Rathausstraße,4330.0,47.0
51050,11,3,,2019,12,4,3,3,8,1,2,0,0,0,0,0,1,1,"801214,0582","5837883,665","13,44926","52,60727",3020307.0,Buchholz,5380.0,65.0
51051,11,7,,2019,5,13,5,3,2,6,0,0,1,0,0,0,0,0,"796876,3212","5822382,466","13,37154","52,4707",7040403.0,Manteuffelstraße,4140.0,37.0
51052,11,4,,2019,7,19,7,3,6,4,0,1,0,1,0,0,0,0,"791409,094","5826519,067","13,2949","52,51073",4030417.0,Schloßstraße,3051.0,26.0
51053,11,12,,2019,4,11,3,3,2,6,0,0,1,0,0,0,0,0,"794556,7707","5833930,942","13,34772","52,57548",12103218.0,Teichstraße,3870.0,38.0
51054,11,1,,2019,11,10,3,3,3,6,0,0,1,0,0,0,0,1,"798664,2733","5827054,413","13,40197","52,51161",1011204.0,Leipziger Straße,4652.0,24.0
51055,11,12,,2019,11,18,7,3,2,2,2,0,1,0,0,0,0,0,"792730,0962","5837421,634","13,32392","52,60776",12302212.0,Rollbergesiedlung,3480.0,38.0
51056,11,9,,2019,7,18,7,3,2,6,0,0,1,0,0,0,0,0,"805709,3209","5818826,941","13,49792","52,43397",9010401.0,Johannisthal West,6029.0,56.0
51057,11,3,,2019,4,19,3,2,5,2,1,1,1,0,0,0,0,0,"799220,5024","5832049,386","13,41464","52,55607",3061126.0,Arnimplatz,4865.0,35.0
51058,11,4,,2019,10,11,3,2,5,2,0,1,1,0,0,0,0,0,"790511,251","5826392,817","13,28159","52,51008",4020313.0,Königin-Elisabeth-Straße,2851.0,8.0
51059,11,3,,2019,9,8,2,3,6,7,0,1,0,1,0,0,0,0,"800810,4263","5829758,715","13,43594","52,53467",3061434.0,Anton-Saefkow-Park,5158.0,55.0
51061,11,3,,2019,5,11,5,2,2,6,0,0,1,0,0,0,0,0,"800574,5294","5829845,134","13,43255","52,53557",3071639.0,Bötzowstraße,5059.0,35.0
51062,11,2,,2019,7,15,7,2,0,1,0,1,0,0,0,0,0,0,"802175,1998","5827755,041","13,45418","52,51595",2050602.0,Samariterviertel,5453.0,1.0
51063,11,11,,2019,4,11,3,2,2,6,0,0,1,0,0,0,0,0,"803804,0482","5827578,336","13,47795","52,51346",11030721.0,Rüdigerstraße,5752.0,11.0
51064,11,11,,2019,11,18,5,2,2,6,2,0,1,0,0,0,1,1,"806053,9238","5827375,202","13,51082","52,51039",11041022.0,Rosenfelder Ring,6251.0,61.0
51065,11,3,,2019,6,8,5,3,5,3,0,1,1,0,0,0,0,0,"800646,3417","5830008,817","13,43376","52,537",3061434.0,Anton-Saefkow-Park,5159.0,61.0
51066,11,4,,2019,9,8,2,3,6,4,0,0,1,1,0,0,0,0,"792614,0555","5826720,811","13,31278","52,5119",4030622.0,Richard-Wagner-Straße,3352.0,26.0
51067,11,12,,2019,12,8,3,2,6,2,0,0,1,1,0,0,0,0,"792723,7812","5837429,719","13,32384","52,60784",12302212.0,Rollbergesiedlung,3480.0,38.0
51068,11,12,,2019,7,13,7,3,2,2,0,0,1,0,0,0,0,0,"795762,217","5832712,264","13,36437","52,56391",12103219.0,Schäfersee,4067.0,9.0
51069,11,3,,2019,10,18,5,3,3,6,2,0,1,0,0,0,0,0,"799141,3057","5830404,208","13,41199","52,54137",3061131.0,Falkplatz,4760.0,20.0
51070,11,7,,2019,7,9,7,3,1,5,0,1,0,0,0,1,0,0,"795252,4277","5823542,355","13,34873","52,48198",7020203.0,Kaiser-Wilhelm-Platz,3843.0,36.0
51071,11,1,,2019,9,8,6,3,5,3,0,1,1,0,0,0,0,0,"796193,7143","5830186,924","13,36846","52,54103",1033203.0,Humboldthain Nordwest,4160.0,4.0
51072,11,4,,2019,4,7,3,2,2,6,0,0,1,0,1,0,0,0,"790517,479","5825215,227","13,28066","52,49952",4041133.0,Güterbahnhof Grunewald,2848.0,27.0
51073,11,1,,2019,4,16,3,3,1,5,0,1,1,0,0,0,0,0,"797616,8856","5827564,842","13,38704","52,51675",1011202.0,Unter den Linden Nord,4453.0,15.0
51074,11,11,,2019,11,4,4,2,6,4,2,0,0,1,1,0,0,1,"803727,62","5827569,584","13,47682","52,51343",11030721.0,Rüdigerstraße,5752.0,11.0
51075,11,4,,2019,11,23,1,3,3,6,2,0,1,0,0,0,0,0,"793547,4273","5822990,759","13,32321","52,47796",4051656.0,Hildegardstraße,3442.0,43.0
51076,11,2,,2019,7,16,6,3,5,3,0,1,0,0,0,0,0,0,"802206,757","5826088,724","13,45313","52,501",2050803.0,Stralauer Kiez,5349.0,29.0
51077,11,2,,2019,4,14,3,3,2,2,0,1,1,0,0,0,0,0,"803088,988","5827651,019","13,46751","52,51451",2050602.0,Samariterviertel,5652.0,13.0
51078,11,7,,2019,10,17,4,3,2,6,0,0,1,0,0,0,1,1,"795896,7724","5822688,005","13,35743","52,47397",7030303.0,Grazer Platz,3941.0,55.0
51079,11,4,,2019,9,1,1,2,1,5,2,1,1,0,0,0,0,0,"786743,8355","5825852,751","13,22577","52,50723",4020208.0,Kranzallee,2050.0,58.0
51081,11,3,,2019,5,19,5,3,1,3,0,1,1,0,0,0,1,0,"798890,3049","5832685,015","13,41035","52,56195",3040818.0,Pankow Süd,4766.0,48.0
51082,11,4,,2019,7,17,6,2,3,6,0,0,0,0,1,0,1,0,"790518,8693","5825333,25","13,28078","52,50058",4020314.0,Messegelände,2848.0,27.0
51083,11,7,,2019,4,14,3,3,0,6,0,0,1,0,1,0,0,0,"795191,7583","5822938,255","13,3473","52,4766",7030303.0,Grazer Platz,3841.0,47.0
51084,11,2,,2019,6,15,5,3,2,6,0,0,1,0,0,0,0,0,"803177,332","5827625,39","13,46879","52,51423",2050602.0,Samariterviertel,5652.0,13.0
51085,11,7,,2019,9,6,1,3,9,1,0,0,1,0,0,0,0,0,"797953,466","5820021,671","13,38524","52,44895",7050501.0,Rathausstraße,4333.0,53.0
51086,11,2,,2019,12,13,3,3,5,2,0,1,1,0,0,0,0,0,"802578,1957","5827687,047","13,46004","52,51512",2050602.0,Samariterviertel,5453.0,1.0
51087,11,4,,2019,5,18,5,3,5,2,0,1,1,0,0,0,0,0,"791229,5489","5826510,171","13,29225","52,51075",4030417.0,Schloßstraße,3051.0,26.0
51088,11,2,,2019,7,9,6,3,5,3,0,1,1,0,0,0,0,0,"802577,1314","5827703,128","13,46004","52,51526",2050602.0,Samariterviertel,5453.0,1.0
51089,11,7,,2019,10,17,5,3,5,3,2,0,1,0,1,0,0,0,"797055,3579","5816809,694","13,36921","52,42065",7060601.0,Marienfelder Allee Nordwest,4125.0,59.0
51090,11,12,,2019,7,19,5,3,1,1,0,1,1,0,0,0,0,0,"795429,449","5833570,571","13,36024","52,57178",12103115.0,Breitkopfbecken,4069.0,34.0
51091,11,2,,2019,9,0,6,3,5,3,2,1,1,0,0,0,0,0,"797862,4187","5825448,281","13,38875","52,49765",2020202.0,Rathaus Yorckstraße,4448.0,24.0
51092,11,3,,2019,4,14,3,3,2,6,0,0,1,0,0,0,1,0,"800297,1853","5831697,85","13,43015","52,55233",3050923.0,Weißenseer Spitze,5064.0,24.0
51093,11,3,,2019,10,18,4,3,3,6,1,0,1,0,1,0,0,1,"799138,228","5832315,269","13,41367","52,5585",3040818.0,Pankow Süd,4865.0,35.0
51094,11,2,,2019,8,22,7,2,6,7,2,0,1,1,0,0,0,0,"802567,3901","5827688,132","13,45988","52,51514",2050602.0,Samariterviertel,5453.0,1.0
51096,11,2,,2019,5,17,5,3,5,2,0,1,1,0,0,0,0,0,"801917,0677","5827771,612","13,45041","52,51624",2040503.0,Richard-Sorge-Viertel,5353.0,48.0
51097,11,1,,2019,7,13,5,3,0,7,0,1,0,0,0,0,0,0,"795417,8655","5827218,214","13,35442","52,51484",1011102.0,Großer Tiergarten,3953.0,55.0
51098,11,2,,2019,4,20,2,3,5,5,1,1,1,0,0,0,0,0,"801799,6064","5828639,069","13,44947","52,52408",2050601.0,Hausburgviertel,5355.0,51.0
51099,11,2,,2019,11,10,1,3,0,7,0,0,0,0,0,0,1,1,"801804,6822","5826239,634","13,44737","52,50258",2050803.0,Stralauer Kiez,5349.0,29.0
51100,11,12,,2019,6,21,7,3,0,6,1,0,1,0,1,0,0,0,"795749,3705","5832703,363","13,36417","52,56383",12103219.0,Schäfersee,4067.0,9.0
51101,11,3,,2019,12,13,5,3,0,7,0,0,1,0,0,0,0,0,"799245,7476","5831882,352","13,41486","52,55456",3061126.0,Arnimplatz,4864.0,14.0
51102,11,1,,2019,7,9,5,3,6,4,0,0,0,1,0,0,1,0,"798684,4069","5827892,399","13,40302","52,51911",1011303.0,Alexanderplatzviertel,4654.0,10.0
51103,11,1,,2019,4,17,2,2,5,3,0,1,1,0,0,0,0,0,"795878,1192","5832062,307","13,36549","52,55802",1044102.0,Schillerpark,4065.0,7.0
51104,11,12,,2019,10,11,7,3,2,6,0,0,1,0,0,0,1,0,"792180,4175","5838398,462","13,31669","52,61681",12231101.0,Hermsdorf,3382.0,61.0
51105,11,7,,2019,8,19,7,3,5,7,2,0,1,0,0,0,0,0,"797869,7193","5820511,095","13,38445","52,45339",7040403.0,Manteuffelstraße,4335.0,53.0
51106,11,6,,2019,7,11,5,3,5,2,0,0,1,0,0,0,0,0,"793968,646","5821061,708","13,32769","52,46044",6010209.0,Feuerbachstraße,3537.0,58.0
51107,11,2,,2019,4,17,2,3,5,2,0,1,1,0,0,0,0,0,"797883,9645","5825411,815","13,38904","52,49731",2020202.0,Rathaus Yorckstraße,4447.0,16.0
51108,11,6,,2019,10,14,4,3,2,6,0,0,1,0,0,0,0,0,"790365,7235","5818432,574","13,27253","52,43879",6030503.0,Zehlendorf Mitte,2730.0,65.0
51109,11,4,,2019,6,17,5,3,2,2,0,1,1,0,0,0,0,0,"792374,6645","5826680,555","13,30923","52,51166",4030622.0,Richard-Wagner-Straße,3252.0,41.0
51110,11,2,,2019,8,20,7,3,5,3,2,0,1,0,0,0,0,0,"802797,3836","5827665,067","13,46324","52,5148",2050602.0,Samariterviertel,5553.0,28.0
51111,11,10,,2019,12,11,6,3,5,2,0,1,1,0,0,0,0,0,"808946,2745","5827441,111","13,55336","52,50935",10030726.0,Alt-Biesdorf,6851.0,49.0
51112,11,3,,2019,5,7,5,3,3,6,0,0,1,0,1,0,0,0,"798156,0851","5836030,424","13,40256","52,59234",3020209.0,Niederschönhausen,4675.0,44.0
51113,11,4,,2019,4,9,2,2,3,6,0,0,1,0,0,0,0,0,"790902,6188","5828964,154","13,28959","52,53292",4010101.0,Jungfernheide,2958.0,49.0
51114,11,7,,2019,11,11,1,3,5,3,0,0,1,0,0,0,0,0,"798176,38","5818922,967","13,38753","52,43898",7050502.0,Fritz-Werner-Straße,4430.0,31.0
51115,11,1,,2019,5,11,5,3,5,3,0,0,1,0,1,0,0,0,"799805,5966","5828633,958","13,42016","52,52514",1011303.0,Alexanderplatzviertel,4956.0,45.0
51116,11,4,,2019,11,14,6,3,3,6,0,0,1,0,0,0,0,0,"793545,1128","5826882,179","13,3266","52,51284",4030623.0,Ernst-Reuter-Platz,3552.0,52.0
51117,11,6,,2019,7,10,5,2,0,1,0,0,1,0,1,0,0,0,"794215,3155","5821402,054","13,33161","52,46335",6010209.0,Feuerbachstraße,3538.0,44.0
51118,11,1,,2019,4,15,2,3,2,6,0,0,1,0,0,0,0,0,"796154,3271","5831088,934","13,36869","52,54914",1044201.0,Reinickendorfer Straße,4163.0,33.0
51119,11,12,,2019,10,20,2,2,3,6,2,0,1,0,1,0,0,0,"795874,1412","5832087,681","13,36546","52,55825",12103117.0,Letteplatz,4065.0,7.0
51120,11,6,,2019,8,17,7,2,2,6,0,0,1,0,1,0,0,0,"791805,1464","5819301,432","13,2944","52,44581",6030605.0,Botanischer Garten,3032.0,48.0
51122,11,8,,2019,5,15,5,2,0,1,0,0,1,0,0,0,0,0,"802925,5661","5821234,665","13,45928","52,45709",9010302.0,Späthsfelde,5436.0,61.0
51123,11,4,,2019,7,11,5,3,3,6,0,0,1,0,0,0,0,0,"790689,5671","5824985,309","13,28299","52,49737",4041134.0,Bismarckallee,2847.0,41.0
51124,11,3,,2019,4,16,2,3,5,3,0,0,0,0,1,0,1,0,"798165,874","5836123,633","13,40279","52,59317",3020209.0,Niederschönhausen,4675.0,44.0
51125,11,1,,2019,6,21,1,3,2,6,1,0,1,0,0,0,0,0,"796312,9449","5830049,484","13,37009","52,53974",1033203.0,Humboldthain Nordwest,4160.0,4.0
51126,11,4,,2019,8,13,7,2,2,6,0,0,1,0,0,0,0,0,"789176,9918","5826162,083","13,26179","52,50872",4020311.0,Reichsstraße,2551.0,50.0
51127,11,3,,2019,12,5,2,3,5,2,2,1,1,0,0,0,0,0,"800204,5773","5831035,234","13,42819","52,54644",3061228.0,Erich-Weinert-Straße,5062.0,44.0
51128,11,7,,2019,5,7,5,3,2,6,0,0,1,0,0,0,0,0,"797476,3581","5822327,31","13,3803","52,46988",7040403.0,Manteuffelstraße,4339.0,29.0
51129,11,2,,2019,7,16,4,3,2,6,0,0,1,0,0,0,0,0,"797741,9534","5824190,609","13,38586","52,48644",2020203.0,Viktoriapark,4344.0,28.0
51130,11,7,,2019,4,16,2,3,5,2,0,0,1,0,1,0,0,0,"797576,0926","5818418,302","13,37828","52,43479",7050502.0,Fritz-Werner-Straße,4229.0,34.0
51131,11,4,,2019,11,5,2,3,2,6,2,0,1,0,0,0,0,1,"790545,633","5825872,348","13,28165","52,50539",4020314.0,Messegelände,2850.0,46.0
51132,11,1,,2019,7,23,4,2,5,2,2,0,1,0,0,0,0,0,"796044,8009","5831345,095","13,3673","52,5515",1044201.0,Reinickendorfer Straße,4163.0,33.0
51133,11,7,,2019,4,14,1,3,2,6,0,0,1,0,0,0,0,0,"799441,918","5815871,581","13,40336","52,41094",7070701.0,Kettinger Straße/Schillerstraße,4622.0,59.0
51134,11,4,,2019,10,6,2,3,2,6,2,0,1,0,0,0,0,0,"792095,9024","5823821,054","13,30262","52,48618",4041239.0,Stadion Wilmersdorf,3144.0,48.0
51135,11,10,,2019,8,23,6,2,0,7,2,1,0,0,0,0,0,0,"808123,4625","5827460,23","13,54129","52,50998",10010308.0,Marzahner Chaussee,6751.0,63.0
51137,11,7,,2019,5,7,5,2,3,6,0,0,1,0,1,0,1,0,"798505,1034","5822093,85","13,39519","52,46723",7040405.0,Rathaus Tempelhof,4539.0,51.0
51138,11,7,,2019,7,21,4,3,5,2,1,0,1,0,1,0,0,0,"796006,2619","5825068,802","13,36115","52,49526",7010104.0,Dennewitzplatz,4047.0,22.0