OBJECTID,LAND,BEZ,LOR_ab_2021,UJAHR,UMONAT,USTUNDE,UWOCHENTAG,UKATEGORIE,UART,UTYP1,ULICHTVERH,IstRad,IstPKW,IstFuss,IstKrad,IstGkfz,IstSonstige,USTRZUSTAND,LINREFX,LINREFY,XGCSWGS84,YGCSWGS84,LOR,STRASSE,quadrant,quadrant_rank
51139,11,3,,2019,4,14,1,3,6,4,0,1,0,1,0,0,0,0,"799220,9061","5831457,334","13,41411","52,55077",3061126.0,Arnimplatz,4863.0,28.0
51140,11,9,,2019,11,8,4,3,3,6,0,0,1,0,0,1,0,1,"802871,8622","5821359,926","13,45861","52,45825",9010302.0,Späthsfelde,5436.0,61.0
51141,11,1,,2019,6,13,4,3,5,2,0,0,1,0,1,0,0,0,"796161,7805","5825737,154","13,36403","52,50116",1011104.0,Körnerstraße,4049.0,39.0
51142,11,7,,2019,8,18,6,3,2,6,0,0,1,0,0,0,0,0,"795785,6215","5822628,49","13,35575","52,4735",7030303.0,Grazer Platz,3940.0,61.0
51143,11,4,,2019,12,11,2,3,3,6,0,0,1,0,0,0,0,0,"791565,9551","5826544,852","13,29722","52,51088",4030417.0,Schloßstraße,3051.0,26.0
51144,11,7,,2019,7,17,4,3,2,6,0,0,1,0,1,0,0,0,"795761,954","5823111,603","13,35583","52,47784",7030303.0,Grazer Platz,3942.0,35.0
51145,11,10,,2019,10,14,4,3,2,6,0,0,1,0,0,0,0,0,"812796,8627","5827178,29","13,60967","52,5048",10040933.0,Mahlsdorf Süd,7750.0,57.0
51146,11,1,,2019,8,17,6,3,4,6,0,1,0,0,0,0,1,0,"796376,5785","5826159,742","13,36756","52,50483",1011104.0,Körnerstraße,4150.0,19.0
51147,11,7,,2019,7,19,3,3,1,5,0,1,1,0,0,0,0,0,"795836,5783","5824212,779","13,3579","52,48767",7020203.0,Kaiser-Wilhelm-Platz,3945.0,34.0
51148,11,4,,2019,4,11,1,3,3,6,0,0,1,0,0,0,0,0,"790511,0964","5825608,994","13,28091","52,50305",4020314.0,Messegelände,2849.0,40.0
51149,11,1,,2019,10,14,3,3,6,4,0,1,0,1,0,0,0,1,"799760,5423","5828624,861","13,41949","52,52508",1011303.0,Alexanderplatzviertel,4856.0,19.0
51150,11,3,,2019,8,9,6,3,2,6,0,0,0,0,0,1,1,0,"802180,1511","5831519,278","13,45768","52,54969",3050925.0,Komponistenviertel Weißensee,5463.0,46.0
51152,11,12,,2019,5,17,4,3,2,6,0,0,1,0,0,0,0,1,"792241,7998","5837848,771","13,31711","52,61185",12301205.0,Waidmannslust,3381.0,45.0
51153,11,1,,2019,7,17,3,3,5,2,0,1,1,0,0,0,0,0,"799100,0702","5827681,953","13,40894","52,51699",1011303.0,Alexanderplatzviertel,4753.0,44.0
51154,11,2,,2019,4,18,1,3,0,1,0,0,0,0,1,0,0,0,"802367,6704","5826025,644","13,45544","52,50035",2050803.0,Stralauer Kiez,5448.0,59.0
51155,11,7,,2019,11,7,6,3,2,7,1,0,1,0,0,0,0,0,"797379,3411","5817574,356","13,37464","52,42733",7060603.0,Marienfelde Nordost,4227.0,57.0
51156,11,7,,2019,5,17,4,3,2,6,0,0,1,0,0,0,0,0,"796859,2086","5822386,656","13,37129","52,47075",7040403.0,Manteuffelstraße,4140.0,37.0
51157,11,7,,2019,12,17,3,3,1,5,2,0,1,0,0,0,0,1,"797830,6459","5822692,233","13,38582","52,47296",7040401.0,Neu-Tempelhof,4340.0,45.0
51158,11,12,,2019,7,17,3,3,0,2,0,1,1,0,0,0,0,0,"795872,473","5832096,708","13,36544","52,55833",12103117.0,Letteplatz,4065.0,7.0
51159,11,4,,2019,4,18,1,3,0,4,0,1,0,1,0,0,0,0,"793989,175","5826974,484","13,33321","52,51343",4030621.0,Spreestadt,3652.0,54.0
51160,11,12,,2019,10,7,6,3,2,6,1,0,1,0,1,0,0,0,"791584,3156","5830791,242","13,30122","52,54894",12214125.0,Waldidyll/Flughafensee,3163.0,57.0
51161,11,1,,2019,8,14,6,3,3,6,0,1,1,0,0,0,1,0,"795880,8033","5832047,892","13,36552","52,55789",1044102.0,Schillerpark,4065.0,7.0
51163,11,12,,2019,7,10,3,3,2,6,0,0,1,0,0,0,0,0,"791190,8771","5833997,257","13,29825","52,57789",12214125.0,Waldidyll/Flughafensee,3071.0,39.0
51164,11,4,,2019,4,18,1,3,2,6,0,0,1,0,0,0,0,0,"790533,5975","5825185,881","13,28087","52,49925",4041133.0,Güterbahnhof Grunewald,2848.0,27.0
51165,11,3,,2019,10,11,3,3,6,4,0,0,0,1,0,0,1,1,"799982,7988","5830224,285","13,4242","52,5393",3061332.0,Helmholtzplatz,4960.0,18.0
51166,11,7,,2019,6,22,4,3,2,6,2,0,1,0,0,0,0,0,"797850,9232","5821997,633","13,3855","52,46672",7040403.0,Manteuffelstraße,4339.0,29.0
51167,11,11,,2019,8,12,6,3,5,2,0,1,1,0,0,0,0,0,"803718,5201","5827570,413","13,47669","52,51344",11030721.0,Rüdigerstraße,5752.0,11.0
51168,11,9,,2019,12,19,7,3,2,6,2,0,1,0,0,0,0,0,"802683,7818","5825234,869","13,45936","52,49308",9010101.0,Elsenstraße,5446.0,19.0
51169,11,6,,2019,5,10,4,3,5,2,0,1,1,0,0,0,0,1,"789585,575","5817974,924","13,26068","52,4351",6030503.0,Zehlendorf Mitte,2529.0,40.0
51170,11,7,,2019,4,16,1,3,6,7,0,1,0,1,0,0,0,0,"798215,9742","5818805,108","13,38801","52,43791",7050502.0,Fritz-Werner-Straße,4430.0,31.0
51171,11,9,,2019,11,18,7,2,5,3,2,1,1,0,0,0,0,1,"806054,7022","5821679,956","13,5056","52,45934",9020601.0,Schnellerstraße,6136.0,59.0
51172,11,6,,2019,10,9,3,3,5,2,0,1,0,0,0,0,1,1,"786727,1612","5817022,873","13,21794","52,42807",6040703.0,Nikolassee,1827.0,53.0
51173,11,3,,2019,8,11,6,3,3,6,0,1,1,0,0,0,0,0,"799968,1485","5830202,487","13,42396","52,53911",3061332.0,Helmholtzplatz,4960.0,18.0
51175,11,4,,2019,5,12,4,3,2,6,0,0,1,0,1,0,0,1,"791548,3472","5826541,838","13,29696","52,51086",4030417.0,Schloßstraße,3051.0,26.0
51176,11,7,,2019,7,9,3,3,2,6,0,0,1,0,0,0,0,0,"797832,7569","5822646,221","13,38581","52,47255",7040401.0,Neu-Tempelhof,4340.0,45.0
51177,11,11,,2019,4,15,1,3,0,2,0,0,1,0,1,0,0,0,"805676,326","5827388,921","13,50528","52,51072",11041022.0,Rosenfelder Ring,6151.0,48.0
51178,11,12,,2019,11,14,7,3,5,3,0,0,1,0,0,0,0,1,"794470,9714","5834331,347","13,34681","52,57912",12103218.0,Teichstraße,3871.0,53.0
51179,11,2,,2019,5,12,4,3,2,2,0,0,1,0,0,0,0,0,"803462,4879","5827596,732","13,47295","52,51382",2050602.0,Samariterviertel,5652.0,13.0
51180,11,2,,2019,8,10,6,3,6,4,0,1,0,1,0,0,0,0,"803079,8166","5827651,944","13,46738","52,51453",2050602.0,Samariterviertel,5652.0,13.0
51181,11,4,,2019,12,6,4,3,2,6,2,0,1,0,0,0,0,0,"791384,4449","5830310,428","13,29786","52,54473",4010101.0,Jungfernheide,3061.0,61.0
51182,11,11,,2019,7,9,3,3,3,6,0,0,1,0,0,1,0,0,"803618,1179","5827594,883","13,47524","52,51372",2050602.0,Samariterviertel,5752.0,11.0
51183,11,4,,2019,4,12,7,2,6,4,0,1,0,1,0,0,0,0,"790456,7607","5826365,105","13,28077","52,50986",4020313.0,Königin-Elisabeth-Straße,2851.0,8.0
51184,11,7,,2019,10,20,6,3,2,6,2,0,1,0,0,0,0,0,"794749,6785","5822037,534","13,34002","52,46876",7030303.0,Grazer Platz,3739.0,63.0
51185,11,11,,2019,8,9,6,3,5,2,0,1,0,0,0,0,1,0,"804248,0295","5827531,967","13,48443","52,5128",11030721.0,Rüdigerstraße,5852.0,43.0
51186,11,7,,2019,7,8,3,2,3,6,0,1,1,0,0,1,0,0,"797757,3127","5823903,83","13,38583","52,48386",7040401.0,Neu-Tempelhof,4344.0,28.0
51187,11,4,,2019,4,12,7,2,6,4,0,1,0,1,0,0,0,0,"790456,7607","5826365,105","13,28077","52,50986",4020313.0,Königin-Elisabeth-Straße,2851.0,8.0
51188,11,4,,2019,10,15,3,3,2,6,0,0,1,0,0,0,0,1,"790734,9739","5826273,994","13,28478","52,50889",4030724.0,Lietzensee,2851.0,8.0
51189,11,7,,2019,6,16,5,3,2,6,0,0,1,0,0,0,1,1,"796848,0267","5822389,394","13,37113","52,47078",7040403.0,Manteuffelstraße,4140.0,37.0
51190,11,3,,2019,8,6,5,3,3,6,1,1,0,0,0,0,0,0,"800498,005","5829767,663","13,43136","52,53492",3071639.0,Bötzowstraße,5058.0,45.0
51191,11,3,,2019,12,21,5,3,0,3,2,1,0,0,0,0,1,1,"800986,7256","5830506,252","13,43921","52,54127",3061429.0,Greifswalder Straße,5160.0,41.0
51192,11,1,,2019,5,13,4,3,6,4,0,0,1,1,0,0,0,0,"796759,385","5826667,672","13,37364","52,50918",1011105.0,Nördlicher Landwehrkanal,4251.0,2.0
51193,11,7,,2019,4,23,7,3,2,6,2,0,1,0,0,0,0,0,"796845,6976","5822389,964","13,37109","52,47079",7040403.0,Manteuffelstraße,4140.0,37.0
51194,11,3,,2019,11,0,1,3,6,7,2,1,0,1,0,0,0,0,"799180,9421","5830873,102","13,413","52,54555",3061131.0,Falkplatz,4762.0,48.0
51195,11,10,,2019,5,14,3,3,5,3,0,0,1,0,0,1,0,0,"808897,2271","5833397,735","13,55818","52,56276",10010204.0,Wuhletalstraße,6967.0,41.0
51196,11,12,,2019,11,8,5,3,0,2,0,1,1,0,0,0,0,1,"794093,9168","5835024,909","13,34188","52,58554",12301203.0,Wittenau Süd,3773.0,57.0
51197,11,6,,2019,7,18,3,3,8,1,0,0,1,0,0,0,0,0,"793152,7605","5820216,118","13,31497","52,45329",6010101.0,Fichtenberg,3335.0,47.0
51198,11,1,,2019,4,23,7,3,2,6,2,0,1,0,0,0,0,0,"797658,2267","5826834,099","13,38699","52,51018",1011201.0,Wilhelmstraße,4451.0,11.0
51199,11,7,,2019,10,18,7,2,2,6,2,0,1,0,1,0,0,0,"799523,0994","5815623,211","13,40433","52,40867",7070701.0,Kettinger Straße/Schillerstraße,4622.0,59.0
51200,11,1,,2019,8,22,5,3,5,2,2,1,0,0,1,0,0,0,"796966,731","5826707,264","13,37672","52,50942",1011201.0,Wilhelmstraße,4251.0,2.0
51202,11,2,,2019,5,18,3,2,6,7,0,1,0,1,0,0,0,0,"802422,0234","5827702,723","13,45776","52,51535",2050602.0,Samariterviertel,5453.0,1.0
51203,11,2,,2019,7,3,3,3,6,7,2,0,0,1,0,0,1,0,"801904,1193","5826621,215","13,44917","52,50594",2040703.0,Wriezener Bahnhof/Entwicklungsgebiet,5350.0,52.0
51204,11,3,,2019,4,13,7,3,3,6,0,0,1,0,1,0,0,0,"799192,1287","5830358,66","13,4127","52,54093",3061332.0,Helmholtzplatz,4760.0,20.0
51205,11,1,,2019,6,15,7,2,5,3,0,0,1,0,1,0,0,0,"796438,4944","5826320,124","13,36861","52,50624",1011105.0,Nördlicher Landwehrkanal,4150.0,19.0
51206,11,12,,2019,8,20,5,3,0,1,2,1,0,0,0,0,0,0,"792650,2794","5837493,802","13,32281","52,60845",12301205.0,Waidmannslust,3480.0,38.0
51207,11,7,,2019,12,12,1,3,5,2,0,0,1,0,0,0,0,1,"797841,9927","5818949,221","13,38265","52,4394",7050502.0,Fritz-Werner-Straße,4331.0,54.0
51208,11,4,,2019,5,21,3,2,8,1,2,0,0,0,1,0,0,1,"790989,3802","5829001,855","13,2909","52,53321",4010101.0,Jungfernheide,2958.0,49.0
51209,11,3,,2019,7,15,3,3,0,1,0,1,0,0,0,0,0,0,"797952,043","5834558,36","13,39824","52,57926",3020209.0,Niederschönhausen,4571.0,51.0
51210,11,4,,2019,11,10,2,3,5,2,0,1,1,0,0,0,0,1,"792734,8139","5826741,163","13,31457","52,51201",4030622.0,Richard-Wagner-Straße,3352.0,26.0
51211,11,10,,2019,7,15,3,3,2,6,0,0,1,0,1,0,0,0,"812736,8524","5827175,302","13,60878","52,5048",10040933.0,Mahlsdorf Süd,7750.0,57.0
51212,11,3,,2019,4,0,7,3,4,6,2,1,0,0,0,0,0,0,"799179,6864","5831080,741","13,41316","52,54741",3061131.0,Falkplatz,4762.0,48.0
51213,11,4,,2019,10,13,1,3,2,2,0,0,1,0,0,0,0,0,"792111,5463","5826636,737","13,30532","52,51141",4030622.0,Richard-Wagner-Straße,3152.0,19.0
51214,11,4,,2019,8,17,5,3,3,6,0,0,1,0,1,0,0,0,"790589,0886","5826405,881","13,28275","52,51015",4020313.0,Königin-Elisabeth-Straße,2851.0,8.0
51216,11,3,,2019,5,10,3,3,5,2,0,1,1,0,0,0,0,0,"799197,1656","5831456,209","13,41376","52,55077",3061126.0,Arnimplatz,4863.0,28.0
51217,11,6,,2019,7,2,3,3,3,6,2,0,1,0,0,0,1,0,"792928,5864","5820077,022","13,31156","52,45217",6030605.0,Botanischer Garten,3234.0,63.0
51218,11,6,,2019,4,15,7,2,5,7,0,0,1,0,1,0,0,0,"781838,5869","5815614,26","13,14504","52,41798",6040701.0,Wannsee,824.0,65.0
51219,11,4,,2019,11,13,3,3,2,6,0,0,1,0,0,0,0,0,"790523,4578","5826376,255","13,28176","52,50992",4020313.0,Königin-Elisabeth-Straße,2851.0,8.0
51220,11,1,,2019,6,8,4,3,6,4,0,0,0,1,1,0,0,0,"800022,4265","5828095,788","13,42286","52,5202",1011304.0,Karl-Marx-Allee,4954.0,49.0
51221,11,1,,2019,8,15,5,3,0,7,0,1,0,0,0,0,0,0,"799788,5207","5828166,408","13,41949","52,52096",1011304.0,Karl-Marx-Allee,4854.0,36.0
51222,11,3,,2019,12,21,7,3,0,6,2,0,1,0,0,0,0,1,"798340,5187","5834789,053","13,40416","52,58111",3020209.0,Niederschönhausen,4672.0,50.0
51223,11,2,,2019,7,14,2,3,3,2,0,0,1,0,1,0,0,0,"803498,3546","5827608,623","13,47349","52,51391",2050602.0,Samariterviertel,5652.0,13.0
51224,11,3,,2019,10,16,3,3,2,6,1,0,1,0,0,0,0,0,"801399,3683","5829219,087","13,44411","52,5295",3061435.0,Conrad-Blenkle-Straße,5257.0,59.0
51225,11,4,,2019,8,13,5,3,2,6,0,0,1,0,0,0,0,0,"794052,6739","5823007,573","13,33064","52,47783",4051655.0,Babelsberger Straße,3542.0,38.0
51226,11,2,,2019,7,15,2,3,2,2,0,1,0,0,0,0,0,0,"802769,3897","5827667,874","13,46283","52,51484",2050602.0,Samariterviertel,5553.0,28.0
51227,11,1,,2019,4,11,7,3,2,6,0,0,1,0,0,0,0,0,"799252,3911","5827861,695","13,41134","52,51852",1011303.0,Alexanderplatzviertel,4754.0,20.0
51228,11,7,,2019,10,12,2,3,2,6,0,0,1,0,0,0,0,0,"797376,4581","5822340,351","13,37884","52,47005",7040403.0,Manteuffelstraße,4239.0,42.0
51229,11,11,,2019,6,9,2,3,6,6,0,1,0,1,0,0,0,0,"806962,6278","5827389,403","13,52418","52,51",11041027.0,Tierpark,6451.0,63.0
51230,11,7,,2019,8,12,5,3,1,5,0,0,1,0,0,0,1,0,"799288,0612","5816185,571","13,40139","52,41384",7070701.0,Kettinger Straße/Schillerstraße,4623.0,43.0
51232,11,4,,2019,5,6,3,3,2,6,0,0,1,0,0,0,0,0,"790306,4232","5825486,828","13,2778","52,50207",4020314.0,Messegelände,2749.0,61.0
51233,11,4,,2019,4,13,7,3,2,6,0,0,1,0,0,0,1,0,"790771,0743","5824852,817","13,28407","52,49613",4041134.0,Bismarckallee,2847.0,41.0
51234,11,1,,2019,11,17,5,3,5,2,2,1,1,0,0,0,0,0,"797680,7469","5826837,742","13,38733","52,5102",1011201.0,Wilhelmstraße,4451.0,11.0
51235,11,10,,2019,5,18,2,3,5,7,0,0,1,0,0,0,0,1,"813543,92","5827174,346","13,62063","52,50433",10040933.0,Mahlsdorf Süd,7850.0,59.0
51236,11,3,,2019,12,21,3,3,2,6,2,0,1,0,0,0,1,1,"798004,2628","5833674,868","13,39821","52,57131",3040513.0,Schönholz,4569.0,47.0
51237,11,4,,2019,7,23,1,3,6,4,2,0,1,1,0,0,0,0,"787898,8461","5825957,738","13,24283","52,50756",4020208.0,Kranzallee,2250.0,59.0
51238,11,4,,2019,4,15,6,3,3,6,0,0,1,0,1,0,0,0,"790800,1478","5826479,343","13,28592","52,5107",4030417.0,Schloßstraße,2951.0,33.0
51239,11,6,,2019,10,10,4,3,5,3,0,0,1,0,0,0,0,0,"786515,8398","5816928,098","13,21476","52,42733",6040703.0,Nikolassee,1827.0,53.0
51240,11,4,,2019,8,17,5,2,2,6,0,0,1,0,0,0,0,0,"789824,0189","5824849,867","13,27015","52,49661",4020209.0,Eichkamp,2647.0,59.0
51242,11,9,,2019,7,21,1,2,5,2,2,0,1,0,1,0,0,0,"802673,8828","5825221,099","13,45921","52,49296",9010101.0,Elsenstraße,5446.0,19.0
51243,11,7,,2019,4,12,6,2,6,2,0,0,1,1,0,0,0,0,"797790,813","5818931,747","13,38188","52,43927",7050501.0,Rathausstraße,4330.0,47.0
51244,11,4,,2019,9,5,2,3,3,6,2,0,1,0,0,0,0,1,"790772,1305","5824850,846","13,28408","52,49612",4041134.0,Bismarckallee,2847.0,41.0
51245,11,11,,2019,6,11,4,3,2,6,0,0,1,0,0,0,0,0,"804055,3557","5827536,823","13,48161","52,51295",11030721.0,Rüdigerstraße,5852.0,43.0
51246,11,7,,2019,8,12,5,2,2,6,0,0,1,0,0,0,1,0,"796822,9132","5822395,543","13,37077","52,47085",7040402.0,Lindenhofsiedlung,4140.0,37.0
51247,11,4,,2019,12,17,6,3,2,6,2,0,1,0,0,0,0,1,"795144,9778","5822973,611","13,34665","52,47694",7030303.0,Grazer Platz,3842.0,57.0
51248,11,4,,2019,5,17,2,3,2,6,0,0,1,0,0,0,0,1,"790560,2504","5825137,137","13,28122","52,4988",4041133.0,Güterbahnhof Grunewald,2848.0,27.0
51249,11,3,,2019,7,22,7,3,5,2,2,0,1,0,0,0,0,1,"799988,741","5830196,777","13,42426","52,53905",3061332.0,Helmholtzplatz,4960.0,18.0
51250,11,12,,2019,4,9,6,3,0,1,0,0,0,0,1,0,0,0,"795707,5875","5832819,407","13,36366","52,5649",12103219.0,Schäfersee,4067.0,9.0
51251,11,9,,2019,11,8,6,2,5,2,0,1,0,0,0,0,0,0,"806307,6364","5821444,292","13,50909","52,45709",9020601.0,Schnellerstraße,6236.0,62.0
51252,11,7,,2019,8,11,5,3,1,5,0,1,0,0,0,0,1,0,"795306,4422","5823638,728","13,34961","52,48282",7020203.0,Kaiser-Wilhelm-Platz,3843.0,36.0
51253,11,7,,2019,11,13,3,3,1,5,0,0,1,0,0,0,0,0,"798063,2555","5819356,789","13,38626","52,44293",7050501.0,Rathausstraße,4332.0,40.0
51254,11,7,,2019,7,18,7,3,2,6,0,0,1,0,0,0,0,0,"797778,0468","5823813,919","13,38605","52,48304",7040401.0,Neu-Tempelhof,4343.0,38.0
51255,11,1,,2019,4,9,6,3,0,7,0,1,0,0,0,1,0,0,"799329,4072","5827978,554","13,41257","52,51953",1011303.0,Alexanderplatzviertel,4754.0,20.0
51256,11,4,,2019,10,13,5,3,2,6,0,0,1,0,0,1,0,0,"791759,6284","5824177,686","13,298","52,48955",4041137.0,Flinsberger Platz,3045.0,61.0
51257,11,7,,2019,8,16,4,3,6,4,0,0,0,1,1,0,0,0,"795341,8289","5823442,188","13,34995","52,48103",7020202.0,Volkspark (Rudolf-Wilde-Park),3843.0,36.0
51259,11,6,,2019,5,21,2,2,5,2,1,1,1,0,0,0,0,1,"783889,7379","5815936,8","13,1754","52,41981",6040701.0,Wannsee,1225.0,49.0
51260,11,1,,2019,7,15,7,3,2,6,0,0,1,0,1,0,0,1,"795884,4406","5829550,897","13,36335","52,5355",1022202.0,Heidestraße,4059.0,30.0
51261,11,7,,2019,4,20,6,3,1,5,1,0,1,0,0,0,0,0,"797803,9875","5822926,065","13,38564","52,47507",7040401.0,Neu-Tempelhof,4341.0,52.0
51262,11,4,,2019,6,18,6,3,0,1,0,1,0,0,0,0,0,0,"791686,6024","5826565,063","13,29902","52,511",4030417.0,Schloßstraße,3151.0,40.0
51263,11,11,,2019,8,16,4,3,5,2,0,0,1,1,0,0,0,0,"803720,0838","5827586,525","13,47673","52,51358",11030721.0,Rüdigerstraße,5752.0,11.0
51264,11,7,,2019,12,10,6,3,2,6,0,0,1,0,0,1,0,0,"798145,6072","5822274,338","13,39007","52,46904",7040405.0,Rathaus Tempelhof,4439.0,53.0
51265,11,4,,2019,5,19,2,2,0,1,0,0,0,0,1,0,0,1,"791262,0177","5824599,15","13,29106","52,4936",4041137.0,Flinsberger Platz,2946.0,59.0
51266,11,4,,2019,7,14,7,3,2,6,0,0,1,0,0,0,0,0,"789936,0373","5824993,838","13,27192","52,49784",4020209.0,Eichkamp,2648.0,64.0
51267,11,3,,2019,11,21,6,2,6,4,2,0,1,1,0,0,0,1,"800915,2005","5829686,33","13,43742","52,53396",3061434.0,Anton-Saefkow-Park,5158.0,55.0
51268,11,3,,2019,7,18,6,3,6,7,0,0,0,1,0,0,1,0,"799218,6642","5830353,534","13,41308","52,54087",3061332.0,Helmholtzplatz,4760.0,20.0
51269,11,2,,2019,4,21,6,2,6,4,2,0,1,1,0,0,0,0,"802887,6635","5827671,462","13,46457","52,51481",2050602.0,Samariterviertel,5553.0,28.0
51270,11,7,,2019,10,16,6,3,2,6,0,0,1,0,0,0,0,0,"798519,8191","5822084,629","13,39539","52,46714",7040405.0,Rathaus Tempelhof,4539.0,51.0
51271,11,3,,2019,8,8,4,3,5,3,0,1,0,0,0,0,0,0,"800305,6534","5830074,187","13,42881","52,53777",3071633.0,Thälmannpark,5059.0,35.0
51273,11,10,,2019,5,15,2,2,5,3,0,1,1,0,0,0,0,0,"808587,4371","5832617,592","13,5529","52,55594",10010206.0,Ringkolonnaden,6865.0,65.0
51274,11,1,,2019,8,17,3,3,3,2,0,1,1,0,0,0,0,0,"799760,5323","5828624,843","13,41949","52,52508",1011303.0,Alexanderplatzviertel,4856.0,19.0
51275,11,1,,2019,11,9,4,3,5,3,0,1,1,0,0,0,0,0,"796197,723","5830205,585","13,36854","52,5412",1033203.0,Humboldthain Nordwest,4160.0,4.0
51276,11,6,,2019,7,9,6,2,0,4,0,1,0,1,0,0,0,0,"789190,7198","5817994,927","13,25491","52,43549",6030503.0,Zehlendorf Mitte,2429.0,57.0
51277,11,3,,2019,4,21,5,3,2,6,2,0,1,0,0,0,0,0,"797962,4342","5834550,083","13,39838","52,57918",3020209.0,Niederschönhausen,4571.0,51.0
51278,11,4,,2019,10,14,6,3,2,6,0,0,1,0,1,0,0,0,"790661,8532","5826399,274","13,28381","52,51006",4020313.0,Königin-Elisabeth-Straße,2851.0,8.0
51279,11,3,,2019,8,17,3,3,2,6,0,0,1,0,0,0,0,0,"800046,5772","5833714,748","13,42829","52,57055",3040818.0,Pankow Süd,5069.0,51.0
51281,11,4,,2019,5,7,2,3,2,6,0,0,1,0,0,1,0,0,"790679,3432","5828859,441","13,28622","52,5321",4010101.0,Jungfernheide,2958.0,49.0
51282,11,1,,2019,7,21,6,3,5,3,1,0,1,0,0,0,0,0,"796248,2138","5829982,307","13,36908","52,53917",1033203.0,Humboldthain Nordwest,4160.0,4.0
51283,11,3,,2019,4,18,5,3,3,6,0,1,0,0,0,0,0,0,"799162,5329","5830671,427","13,41254","52,54375",3061131.0,Falkplatz,4761.0,38.0
51284,11,7,,2019,6,13,6,3,6,7,0,0,1,1,0,0,0,0,"797898,4907","5820269,106","13,38466","52,4512",7050501.0,Rathausstraße,4334.0,51.0
51285,11,2,,2019,8,15,3,3,3,6,0,1,0,0,0,0,1,0,"801833,7485","5826409,226","13,44795","52,50408",2040703.0,Wriezener Bahnhof/Entwicklungsgebiet,5349.0,29.0
51286,11,3,,2019,12,2,7,3,0,1,2,0,0,0,1,0,0,1,"799256,9428","5830346,139","13,41364","52,54079",3061332.0,Helmholtzplatz,4860.0,47.0
51287,11,9,,2019,5,7,2,3,0,7,0,0,0,0,0,0,1,0,"803176,3054","5820757,156","13,46253","52,45268",9010302.0,Späthsfelde,5534.0,65.0
51288,11,7,,2019,7,20,6,3,0,7,1,1,1,0,0,0,0,0,"795900,4905","5824346,081","13,35896","52,48883",7020203.0,Kaiser-Wilhelm-Platz,3945.0,34.0
51289,11,3,,2019,4,15,5,2,2,2,0,1,0,0,1,0,0,0,"800032,5132","5828977,109","13,4238","52,52809",3071638.0,Winsstraße,4956.0,45.0
51290,11,4,,2019,11,12,1,3,0,7,0,0,0,0,1,0,0,1,"791423,6509","5824487,905","13,29333","52,49251",4041137.0,Flinsberger Platz,3046.0,37.0
51291,11,1,,2019,7,18,6,3,4,7,0,1,0,0,0,0,1,0,"796947,9663","5826723,715","13,37646","52,50958",1011201.0,Wilhelmstraße,4251.0,2.0
51292,11,1,,2019,4,15,5,3,0,1,0,1,0,0,0,0,0,0,"794461,4601","5827039,688","13,34021","52,51376",1011102.0,Großer Tiergarten,3752.0,59.0
51293,11,6,,2019,10,0,7,2,5,2,2,1,1,0,0,0,0,0,"791047,9857","5818810,087","13,28286","52,44181",6030503.0,Zehlendorf Mitte,2831.0,52.0
51294,11,3,,2019,8,13,3,3,6,4,0,1,0,1,0,0,0,0,"800964,8492","5830471,871","13,43886","52,54097",3061429.0,Greifswalder Straße,5160.0,41.0
51296,11,1,,2019,5,9,2,3,2,6,0,0,1,0,1,0,0,0,"796209,4331","5830216,175","13,36872","52,54129",1033203.0,Humboldthain Nordwest,4160.0,4.0
51297,11,4,,2019,7,13,6,3,2,6,0,0,1,0,0,0,0,0,"793657,8858","5822996,356","13,32483","52,47795",4051656.0,Hildegardstraße,3442.0,43.0
51298,11,4,,2019,4,10,5,3,3,6,0,0,1,0,0,0,0,0,"790524,9899","5825555,495","13,28107","52,50256",4020314.0,Messegelände,2849.0,40.0
51299,11,10,,2019,11,16,2,3,6,2,1,0,1,1,0,0,0,1,"813535,5481","5827175,354","13,62051","52,50435",10040933.0,Mahlsdorf Süd,7850.0,59.0
51300,11,6,,2019,6,18,3,3,2,6,0,0,1,0,1,0,0,0,"791486,9933","5819087,176","13,28955","52,44406",6030605.0,Botanischer Garten,2932.0,61.0
51301,11,4,,2019,8,8,3,3,6,4,0,0,0,1,0,0,1,0,"791225,584","5826509,518","13,29219","52,51074",4030417.0,Schloßstraße,3051.0,26.0
51302,11,4,,2019,12,21,6,3,3,6,2,0,1,0,0,1,0,1,"792322,6885","5823565,338","13,30573","52,48376",4041239.0,Stadion Wilmersdorf,3243.0,53.0
51303,11,8,,2019,7,13,6,3,2,6,0,0,1,0,1,0,0,1,"802701,2285","5821622,715","13,45634","52,4607",8010510.0,Gewerbegebiet Köllnische Heide,5437.0,63.0
51304,11,6,,2019,4,17,4,3,5,7,0,0,1,0,1,0,0,0,"782691,7981","5815809,605","13,15772","52,41929",6040701.0,Wannsee,1025.0,59.0
51305,11,7,,2019,10,22,2,3,1,5,2,1,1,0,0,0,0,0,"795609,6256","5823904,827","13,35429","52,48504",7020203.0,Kaiser-Wilhelm-Platz,3944.0,21.0
51306,11,9,,2019,8,8,3,3,5,2,0,1,0,0,0,1,0,0,"806755,264","5821005,241","13,51526","52,4529",9020601.0,Schnellerstraße,6334.0,63.0
51307,11,4,,2019,7,12,6,3,0,6,0,0,1,0,1,0,0,1,"792307,2882","5826690,76","13,30825","52,51179",4030622.0,Richard-Wagner-Straße,3252.0,41.0
51308,11,9,,2019,4,16,4,3,2,6,0,0,1,0,0,0,0,0,"806237,1678","5818433,814","13,5053","52,43015",9010402.0,Johannisthal Ost,6128.0,63.0
51309,11,4,,2019,10,7,1,3,2,6,0,0,1,0,0,0,0,0,"791554,328","5824359,977","13,29514","52,4913",4041137.0,Flinsberger Platz,3046.0,37.0