OBJECTID,LAND,BEZ,LOR_ab_2021,UJAHR,UMONAT,USTUNDE,UWOCHENTAG,UKATEGORIE,UART,UTYP1,ULICHTVERH,IstRad,IstPKW,IstFuss,IstKrad,IstGkfz,IstSonstige,USTRZUSTAND,LINREFX,LINREFY,XGCSWGS84,YGCSWGS84,LOR,STRASSE,quadrant,quadrant_rank
51310,11,5,,2019,6,10,7,3,0,3,0,1,1,0,0,0,0,0,"780179,2403","5822276,784","13,1263","52,47858",5040936.0,Jägerallee,542.0,61.0
51311,11,7,,2019,8,19,3,2,0,6,0,0,1,0,1,0,0,0,"795295,7511","5822728,085","13,34864","52,47466",7030303.0,Grazer Platz,3841.0,47.0
51313,11,3,,2019,5,9,2,3,5,2,0,1,1,0,0,0,0,0,"799197,1111","5831455,217","13,41376","52,55076",3061126.0,Arnimplatz,4863.0,28.0
51314,11,1,,2019,4,16,4,3,2,6,0,0,1,0,0,0,0,0,"796186,446","5829111,311","13,3674","52,5314",1022202.0,Heidestraße,4157.0,57.0
51315,11,1,,2019,11,9,4,3,5,3,0,1,1,0,0,0,0,0,"800017,9531","5828097,722","13,4228","52,52022",1011304.0,Karl-Marx-Allee,4954.0,49.0
51316,11,2,,2019,5,13,1,3,5,3,0,0,1,0,1,0,0,0,"802179,5497","5827722,558","13,45422","52,51566",2050602.0,Samariterviertel,5453.0,1.0
51317,11,11,,2019,12,8,2,3,2,6,1,0,1,0,0,0,1,0,"806222,5356","5827368,213","13,51329","52,51023",11041022.0,Rosenfelder Ring,6251.0,61.0
51318,11,1,,2019,7,16,6,3,1,5,0,1,1,0,0,0,0,0,"799641,7331","5828421,185","13,41756","52,52332",1011303.0,Alexanderplatzviertel,4855.0,25.0
51319,11,3,,2019,4,8,4,3,5,2,0,1,1,0,0,0,0,0,"800024,0305","5829000,649","13,4237","52,52831",3071638.0,Winsstraße,4957.0,49.0
51320,11,4,,2019,10,19,3,3,9,1,2,0,1,0,0,0,0,0,"790984,3289","5824647,066","13,28702","52,49418",4041134.0,Bismarckallee,2947.0,18.0
51321,11,1,,2019,8,12,3,3,2,2,0,1,0,0,0,1,0,0,"799552,2964","5828281,397","13,41612","52,52212",1011303.0,Alexanderplatzviertel,4855.0,25.0
51323,11,1,,2019,7,9,6,3,0,7,0,0,1,0,1,0,0,1,"796932,0132","5827450,009","13,37687","52,5161",1011202.0,Unter den Linden Nord,4253.0,46.0
51324,11,3,,2019,4,8,4,3,5,3,0,0,1,0,0,0,0,0,"798165,6306","5836121,299","13,40279","52,59315",3020209.0,Niederschönhausen,4675.0,44.0
51325,11,4,,2019,9,16,7,3,0,6,0,0,0,0,1,1,0,1,"792468,6074","5822720,802","13,30713","52,47611",4041342.0,Schlangenbader Straße,3241.0,61.0
51326,11,2,,2019,6,16,3,3,2,6,0,1,1,0,0,0,0,0,"803173,4013","5827625,779","13,46873","52,51424",2050602.0,Samariterviertel,5652.0,13.0
51327,11,9,,2019,8,15,2,3,3,6,0,0,1,0,0,0,0,0,"806704,6885","5821033,604","13,51454","52,45319",9020601.0,Schnellerstraße,6335.0,57.0
51328,11,3,,2019,12,16,6,3,5,3,2,0,1,0,0,0,1,1,"798042,2336","5833911,476","13,39898","52,57341",3040513.0,Schönholz,4570.0,59.0
51329,11,4,,2019,5,11,1,2,1,5,0,1,1,0,0,0,0,0,"792532,2514","5826707,05","13,31157","52,51182",4030622.0,Richard-Wagner-Straße,3252.0,41.0
51330,11,3,,2019,7,8,6,3,2,6,0,0,1,0,0,0,0,1,"802794,5225","5832859,632","13,46793","52,56136",3051017.0,Rennbahnstraße,5666.0,59.0
51331,11,6,,2019,4,17,3,2,5,7,0,0,1,0,1,0,0,0,"783794,359","5815996,405","13,17405","52,4204",6040701.0,Wannsee,1225.0,49.0
51332,11,10,,2019,11,8,5,3,2,6,0,0,1,0,0,0,0,1,"813259,4902","5827202,624","13,61648","52,50475",10040933.0,Mahlsdorf Süd,7850.0,59.0
51333,11,5,,2019,11,7,2,3,2,6,0,0,1,0,0,0,0,1,"785343,595","5826226,064","13,20552","52,51131",5020629.0,Börnicker Straße,1752.0,61.0
51334,11,4,,2019,7,7,6,3,5,2,0,1,0,0,0,0,1,1,"790174,4191","5826317,71","13,27658","52,50958",4020311.0,Reichsstraße,2751.0,29.0
51335,11,4,,2019,4,20,3,3,2,6,2,0,1,0,0,0,0,0,"791186,979","5829532,788","13,29427","52,53787",4010101.0,Jungfernheide,3059.0,57.0
51336,11,1,,2019,10,12,4,3,5,5,0,0,1,0,0,0,0,1,"799212,98","5827854,357","13,41075","52,51848",1011303.0,Alexanderplatzviertel,4754.0,20.0
51337,11,1,,2019,8,15,2,3,2,6,0,1,0,0,0,0,0,0,"797174,2038","5826753,806","13,37981","52,50973",1011201.0,Wilhelmstraße,4351.0,43.0
51339,11,7,,2019,5,5,1,2,1,5,0,0,1,0,0,0,0,0,"797932,7636","5820079,213","13,38499","52,44948",7050501.0,Rathausstraße,4333.0,53.0
51340,11,2,,2019,7,7,6,3,5,2,0,1,1,0,0,0,0,1,"801682,241","5828879,222","13,44796","52,5263",2050601.0,Hausburgviertel,5356.0,13.0
51341,11,10,,2019,4,12,3,3,2,6,0,0,1,0,0,1,0,0,"809332,2605","5827392,717","13,55899","52,50869",10030726.0,Alt-Biesdorf,6951.0,61.0
51342,11,2,,2019,6,1,5,3,5,2,2,1,1,0,0,0,0,1,"802133,7895","5827644,818","13,45347","52,51499",2050801.0,Traveplatz,5353.0,48.0
51343,11,1,,2019,8,11,2,3,5,3,0,1,0,0,0,0,1,0,"796274,416","5830256,427","13,36971","52,54161",1033203.0,Humboldthain Nordwest,4160.0,4.0
51344,11,1,,2019,12,5,5,3,6,2,2,0,1,1,0,0,0,1,"796043,6175","5831374,859","13,36731","52,55176",1044201.0,Reinickendorfer Straße,4163.0,33.0
51345,11,3,,2019,5,11,7,3,5,2,0,1,1,0,0,0,0,0,"800595,6041","5829932,516","13,43294","52,53634",3061434.0,Anton-Saefkow-Park,5059.0,35.0
51346,11,7,,2019,7,7,6,3,5,3,0,1,1,0,0,0,0,1,"800561,6158","5812278,851","13,41655","52,37812",7070706.0,Horstwalder Straße/Paplitzer Straße,4813.0,65.0
51347,11,12,,2019,11,5,6,3,4,6,2,1,0,0,0,0,0,1,"794558,9856","5833829,694","13,34766","52,57457",12103218.0,Teichstraße,3870.0,38.0
51348,11,1,,2019,7,8,5,3,2,6,0,0,1,0,1,0,0,0,"799237,7602","5827883,755","13,41114","52,51873",1011303.0,Alexanderplatzviertel,4754.0,20.0
51349,11,9,,2019,9,9,5,3,5,3,0,0,1,0,0,0,1,0,"806532,0724","5821202,867","13,51216","52,4548",9020601.0,Schnellerstraße,6235.0,41.0
51350,11,7,,2019,4,13,3,2,6,6,0,1,0,1,0,0,0,0,"798584,3007","5817877,349","13,39258","52,42939",7050502.0,Fritz-Werner-Straße,4428.0,56.0
51351,11,2,,2019,10,16,5,3,2,7,0,0,1,0,0,0,0,1,"801809,1373","5826348,958","13,44753","52,50355",2040703.0,Wriezener Bahnhof/Entwicklungsgebiet,5349.0,29.0
51352,11,3,,2019,8,14,1,3,2,6,0,0,1,0,0,0,0,0,"798391,1729","5833449,226","13,4037","52,56908",3040614.0,Pankow Zentrum,4668.0,57.0
51354,11,11,,2019,5,8,7,3,2,6,0,0,1,0,0,0,1,0,"803800,1154","5827578,717","13,47789","52,51347",11030721.0,Rüdigerstraße,5752.0,11.0
51355,11,1,,2019,7,15,5,3,1,5,0,0,1,0,1,0,0,0,"795924,2845","5831801,751","13,36594","52,55566",1044203.0,Leopoldplatz,4065.0,7.0
51356,11,9,,2019,4,13,3,3,6,4,0,0,1,1,0,0,0,0,"802700,8143","5825200,141","13,45958","52,49276",9010102.0,Am Treptower Park Nord,5446.0,19.0
51357,11,3,,2019,11,17,1,3,2,6,2,0,1,0,0,0,0,1,"800237,7009","5839241,911","13,43611","52,61998",3010104.0,Lietzengraben,5183.0,65.0
51358,11,2,,2019,6,8,7,3,6,4,0,0,1,1,0,0,0,0,"802144,717","5827753,619","13,45373","52,51596",2050602.0,Samariterviertel,5453.0,1.0
51359,11,7,,2019,12,18,5,3,3,6,2,0,1,0,0,0,0,0,"798497,3262","5822081,566","13,39506","52,46712",7040405.0,Rathaus Tempelhof,4539.0,51.0
51360,11,4,,2019,7,12,5,2,0,1,0,0,0,0,1,0,0,0,"790317,0999","5825487,61","13,27795","52,50207",4020314.0,Messegelände,2749.0,61.0
51361,11,4,,2019,4,14,3,3,2,6,0,0,1,0,0,0,0,0,"792039,8018","5823881,19","13,30185","52,48675",4041239.0,Stadion Wilmersdorf,3144.0,48.0
51362,11,4,,2019,10,14,7,2,0,7,0,0,1,0,0,0,1,0,"790132,9854","5826310,584","13,27597","52,50954",4020311.0,Reichsstraße,2751.0,29.0
51363,11,3,,2019,8,13,1,3,2,6,0,0,1,0,0,0,0,0,"801012,9513","5838518,953","13,44687","52,61307",3010104.0,Lietzengraben,5381.0,61.0
51364,11,12,,2019,7,17,4,3,8,7,0,0,1,0,0,0,0,0,"790150,9857","5836038,866","13,28473","52,59675",12304314.0,Ziekowstraße/Freie Scholle,2877.0,60.0
51365,11,4,,2019,4,15,3,3,2,6,0,0,1,0,0,0,0,0,"792410,7762","5823666,625","13,30711","52,48462",4051549.0,Rathaus Wilmersdorf,3244.0,65.0
51366,11,1,,2019,10,6,4,3,2,7,2,0,1,0,0,0,0,1,"798966,7557","5827456,048","13,40677","52,51504",1011303.0,Alexanderplatzviertel,4753.0,44.0
51367,11,5,,2019,6,9,6,3,0,2,0,1,1,0,0,0,0,0,"784031,2901","5826577,032","13,18653","52,51514",5020628.0,Graetschelsteig,1453.0,50.0
51368,11,7,,2019,8,18,1,2,8,1,0,0,1,0,0,0,0,0,"795191,3942","5822938,705","13,3473","52,4766",7030303.0,Grazer Platz,3841.0,47.0
51369,11,4,,2019,12,19,7,3,9,1,2,0,1,0,0,0,0,0,"791266,228","5824629,16","13,29115","52,49386",4041137.0,Flinsberger Platz,2946.0,59.0
51370,11,4,,2019,5,19,7,3,2,6,0,0,1,0,0,0,0,0,"791494,5128","5824411,124","13,29431","52,49179",4041137.0,Flinsberger Platz,3046.0,37.0
51371,11,8,,2019,4,15,3,3,2,6,0,0,1,0,0,0,0,0,"802014,8972","5821840,852","13,44647","52,46303",8020619.0,Buschkrugallee Nord,5237.0,45.0
51372,11,4,,2019,11,12,2,3,2,6,0,0,1,0,0,0,0,0,"790489,1603","5828482,852","13,2831","52,52883",4020310.0,Park Ruhwald,2857.0,33.0
51373,11,12,,2019,5,12,7,3,2,6,0,0,1,0,0,0,0,0,"791694,8021","5831013,691","13,30304","52,55087",12214125.0,Waldidyll/Flughafensee,3163.0,57.0
51374,11,9,,2019,11,18,7,2,6,4,2,0,1,1,0,0,0,0,"804561,1628","5823160,994","13,48504","52,47345",9010301.0,Baumschulenstraße,5840.0,59.0
51375,11,4,,2019,7,14,4,3,2,6,0,0,1,0,0,0,0,0,"792184,6624","5823724,169","13,30384","52,48526",4041239.0,Stadion Wilmersdorf,3144.0,48.0
51376,11,7,,2019,4,7,3,3,6,7,0,0,1,1,0,0,0,0,"796421,9484","5815395,23","13,35867","52,40831",7060604.0,Marienfelde Süd,3921.0,58.0
51377,11,4,,2019,7,17,4,3,2,6,0,0,1,0,0,0,0,0,"793771,1756","5822989,036","13,32649","52,47782",4051656.0,Hildegardstraße,3542.0,38.0
51378,11,9,,2019,4,7,3,3,6,4,0,0,0,1,1,0,0,0,"802773,5847","5825330,393","13,46077","52,49389",9010101.0,Elsenstraße,5546.0,61.0
51379,11,12,,2019,11,20,2,3,5,2,2,0,1,0,0,0,0,1,"795336,6393","5833744,819","13,35903","52,57339",12103115.0,Breitkopfbecken,3970.0,41.0
51380,11,7,,2019,6,11,2,2,0,1,0,0,0,0,1,0,0,0,"796165,5893","5822721,456","13,36141","52,47413",7030303.0,Grazer Platz,4041.0,37.0
51381,11,4,,2019,8,16,7,3,2,6,0,0,1,0,0,0,0,0,"791133,3228","5829052,233","13,29306","52,53359",4010103.0,Paul-Hertz-Siedlung,3058.0,38.0
51382,11,12,,2019,12,14,6,3,2,6,0,0,1,0,0,0,0,1,"791510,3154","5830620,069","13,29998","52,54744",4010101.0,Jungfernheide,3162.0,49.0
51383,11,3,,2019,7,6,4,3,5,2,0,1,0,0,0,0,1,0,"798224,7278","5835174,746","13,4028","52,58463",3020209.0,Niederschönhausen,4673.0,61.0
51384,11,3,,2019,4,7,2,3,0,2,0,1,1,0,0,0,1,1,"800623,1587","5829919,632","13,43334","52,53621",3061434.0,Anton-Saefkow-Park,5059.0,35.0
51385,11,11,,2019,10,7,2,3,0,2,0,1,1,0,0,0,0,0,"803768,2272","5827581,81","13,47743","52,51352",11030721.0,Rüdigerstraße,5752.0,11.0
51386,11,10,,2019,8,14,7,3,2,6,0,0,1,0,0,0,0,0,"809541,719","5827393,515","13,56206","52,50858",10030726.0,Alt-Biesdorf,7051.0,65.0
51387,11,1,,2019,7,6,4,3,3,6,0,0,1,0,0,1,0,0,"796573,9925","5827397,241","13,37156","52,51582",1011102.0,Großer Tiergarten,4153.0,36.0
51388,11,8,,2019,4,6,2,3,5,3,2,0,1,0,0,1,0,0,"801657,3445","5821809,108","13,44119","52,46294",8020619.0,Buschkrugallee Nord,5237.0,45.0
51389,11,4,,2019,10,23,6,2,8,1,2,0,1,0,0,0,0,1,"790869,128","5824710,147","13,28538","52,4948",4041134.0,Bismarckallee,2847.0,41.0
51390,11,1,,2019,6,16,6,3,5,3,0,1,0,0,0,0,1,0,"798866,1933","5828077,049","13,40585","52,52066",1011303.0,Alexanderplatzviertel,4654.0,10.0
51391,11,12,,2019,8,13,7,3,5,2,0,1,1,0,0,0,0,0,"795677,4113","5832895,943","13,36328","52,5656",12103219.0,Schäfersee,4067.0,9.0
51393,11,7,,2019,5,12,7,3,4,6,0,1,0,0,0,0,0,0,"797552,3199","5818313,943","13,37784","52,43387",7050502.0,Fritz-Werner-Straße,4229.0,34.0
51394,11,3,,2019,4,5,2,3,5,3,2,0,1,0,0,0,0,0,"800602,7939","5829929,261","13,43305","52,53631",3061434.0,Anton-Saefkow-Park,5059.0,35.0
51395,11,3,,2019,11,15,3,3,6,2,0,0,1,1,0,0,0,0,"799998,6611","5830219,686","13,42443","52,53925",3061332.0,Helmholtzplatz,4960.0,18.0
51396,11,10,,2019,5,14,7,3,2,6,0,0,1,0,0,0,0,0,"813572,5681","5827170,599","13,62105","52,50428",10040933.0,Mahlsdorf Süd,7849.0,59.0
51397,11,12,,2019,11,12,7,3,5,3,0,0,1,0,0,0,0,0,"792144,2362","5832837,337","13,31125","52,56698",12214422.0,Klixstraße,3268.0,42.0
51398,11,6,,2019,7,10,3,3,1,5,0,0,1,0,0,0,0,0,"785784,9525","5816470,24","13,20364","52,42361",6040703.0,Nikolassee,1626.0,59.0
51399,11,4,,2019,4,16,2,3,2,6,0,0,1,0,0,1,0,0,"790481,4","5828460,969","13,28296","52,52864",4020310.0,Park Ruhwald,2857.0,33.0
51400,11,6,,2019,10,16,3,2,5,2,0,1,1,0,0,0,0,0,"782755,7163","5815836,874","13,15868","52,4195",6040701.0,Wannsee,1025.0,59.0
51401,11,3,,2019,8,11,7,3,1,5,0,0,1,0,0,0,0,0,"802151,4035","5831524,76","13,45726","52,54975",3050925.0,Komponistenviertel Weißensee,5463.0,46.0
51403,11,1,,2019,7,17,3,3,2,6,0,0,1,0,0,0,0,0,"796454,613","5826462,212","13,36898","52,5075",1011105.0,Nördlicher Landwehrkanal,4150.0,19.0
51404,11,9,,2019,4,14,2,3,2,6,0,0,1,0,0,0,0,0,"802727,9201","5825296,267","13,46007","52,49361",9010101.0,Elsenstraße,5446.0,19.0
51405,11,1,,2019,9,0,7,3,5,3,2,0,1,0,0,0,0,0,"796045,4376","5831343,744","13,36731","52,55148",1044201.0,Reinickendorfer Straße,4163.0,33.0
51406,11,4,,2019,6,20,2,3,2,6,0,0,1,0,0,0,1,0,"791502,6085","5824421,034","13,29443","52,49187",4041137.0,Flinsberger Platz,3046.0,37.0
51407,11,10,,2019,8,7,7,3,2,6,0,0,1,0,0,0,0,0,"813515,2205","5827163,884","13,6202","52,50426",10040933.0,Mahlsdorf Süd,7849.0,59.0
51408,11,4,,2019,12,13,4,3,2,6,0,0,1,0,0,0,0,0,"791158,9011","5829478,011","13,29381","52,53739",4010101.0,Jungfernheide,3059.0,57.0
51409,11,4,,2019,5,14,7,2,2,6,0,0,1,0,0,0,0,0,"791886,4089","5824043,306","13,29974","52,48828",4041137.0,Flinsberger Platz,3145.0,38.0
51410,11,4,,2019,7,9,3,3,2,6,0,0,1,0,0,0,1,0,"790425,3226","5827781,591","13,28154","52,52257",4020310.0,Park Ruhwald,2855.0,59.0
51411,11,7,,2019,4,13,2,3,1,1,0,0,1,0,0,0,0,0,"799736,3266","5814353,283","13,40632","52,39717",7070701.0,Kettinger Straße/Schillerstraße,4618.0,61.0
51412,11,4,,2019,11,20,4,3,5,3,2,0,1,0,0,0,0,1,"791588,4152","5824351,903","13,29563","52,49121",4041137.0,Flinsberger Platz,3046.0,37.0
51413,11,2,,2019,11,18,7,3,5,3,2,0,1,0,0,0,0,0,"797886,5844","5825489,42","13,38914","52,498",2010101.0,Askanischer Platz,4448.0,24.0
51414,11,2,,2019,7,22,3,3,5,3,2,1,1,0,0,0,0,0,"797059,1214","5825704,89","13,37718","52,50039",2020201.0,Gleisdreieck/Entwicklungsgebiet,4248.0,63.0
51415,11,9,,2019,4,10,2,3,5,2,0,1,1,0,0,0,0,0,"802847,2224","5825474,971","13,46198","52,49514",9010101.0,Elsenstraße,5547.0,53.0
51416,11,4,,2019,10,10,3,3,3,6,0,0,1,0,0,0,1,0,"791543,8409","5826562,29","13,29692","52,51105",4030417.0,Schloßstraße,3051.0,26.0
51417,11,4,,2019,8,12,6,2,2,6,0,0,1,0,0,0,0,0,"790548,0436","5827364,124","13,28298","52,51877",4020310.0,Park Ruhwald,2854.0,17.0
51419,11,7,,2019,5,16,7,3,2,2,0,0,1,0,1,0,0,0,"797709,9631","5818788,603","13,38057","52,43803",7050501.0,Rathausstraße,4330.0,47.0
51420,11,7,,2019,7,19,3,3,5,3,0,0,0,0,1,0,1,0,"798179,1195","5818923,907","13,38757","52,43899",7050502.0,Fritz-Werner-Straße,4430.0,31.0
51421,11,3,,2019,4,9,2,3,3,6,0,1,1,0,0,0,0,0,"800195,797","5829281,623","13,42648","52,53073",3071639.0,Bötzowstraße,4957.0,49.0
51422,11,4,,2019,11,11,6,3,2,6,0,0,1,0,0,0,0,0,"791233,4681","5829753,536","13,29515","52,53982",4010101.0,Jungfernheide,3060.0,36.0
51423,11,2,,2019,6,7,5,3,3,6,0,0,1,0,1,0,0,1,"802065,5557","5827317,548","13,45218","52,51209",2050802.0,Boxhagener Platz,5352.0,35.0
51424,11,7,,2019,8,18,6,3,1,5,0,1,1,0,0,0,0,0,"797819,0532","5821087,593","13,38422","52,45858",7040403.0,Manteuffelstraße,4336.0,60.0
51425,11,11,,2019,12,8,3,3,5,2,0,1,1,0,0,0,0,1,"803718,5201","5827570,413","13,47669","52,51344",11030721.0,Rüdigerstraße,5752.0,11.0
51426,11,3,,2019,5,23,6,2,6,4,2,0,1,1,0,0,0,0,"799989,7991","5830222,484","13,4243","52,53928",3061332.0,Helmholtzplatz,4960.0,18.0
51427,11,2,,2019,7,19,2,3,2,6,0,0,1,0,0,0,0,0,"797854,2235","5825450,756","13,38863","52,49767",2020202.0,Rathaus Yorckstraße,4448.0,24.0
51428,11,6,,2019,10,14,5,3,5,5,0,0,1,0,0,0,0,0,"778592,6746","5814901,627","13,09684","52,41325",6040701.0,Wannsee,23.0,65.0
51429,11,6,,2019,7,22,2,3,0,1,2,1,0,0,0,0,0,0,"791863,7567","5819374,803","13,29532","52,44644",6030605.0,Botanischer Garten,3033.0,58.0
51430,11,7,,2019,9,20,5,3,2,6,2,0,1,0,1,0,0,0,"795896,5294","5824376,515","13,35892","52,48911",7020203.0,Kaiser-Wilhelm-Platz,3945.0,34.0
51431,11,4,,2019,4,9,2,3,5,3,0,0,1,0,1,0,0,0,"791868,1615","5826595,799","13,30171","52,51117",4030417.0,Schloßstraße,3152.0,19.0
51432,11,1,,2019,10,22,4,3,2,6,2,0,1,0,0,0,0,0,"798857,1799","5827294,573","13,40502","52,51365",1011204.0,Leipziger Straße,4652.0,24.0
51433,11,7,,2019,8,18,6,3,0,7,0,1,0,0,0,0,0,0,"797773,6971","5823585,857","13,38578","52,481",7040401.0,Neu-Tempelhof,4343.0,38.0
51435,11,2,,2019,5,23,6,3,2,6,2,0,1,0,0,0,0,0,"802886,2374","5825795,881","13,46285","52,498",2050803.0,Stralauer Kiez,5548.0,37.0
51436,11,7,,2019,7,14,2,2,0,1,0,0,0,0,1,0,0,1,"794682,5657","5823146,431","13,34001","52,47874",7020202.0,Volkspark (Rudolf-Wilde-Park),3742.0,48.0
51437,11,1,,2019,4,8,2,3,5,3,0,1,1,0,0,0,0,0,"796195,046","5830185,826","13,36848","52,54102",1033203.0,Humboldthain Nordwest,4160.0,4.0
51438,11,7,,2019,11,16,7,3,0,3,1,1,1,0,0,0,0,0,"796409,5789","5815365,159","13,35846","52,40805",7060604.0,Marienfelde Süd,3921.0,58.0
51439,11,4,,2019,6,19,7,3,2,6,0,0,1,0,0,0,0,0,"792124,1239","5826638,825","13,30551","52,51142",4030622.0,Richard-Wagner-Straße,3152.0,19.0
51440,11,1,,2019,12,11,4,3,5,3,0,0,1,0,0,0,0,0,"795868,3151","5829573,989","13,36313","52,53572",1022202.0,Heidestraße,4059.0,30.0
51441,11,2,,2019,7,19,1,3,0,2,0,1,1,0,0,0,0,0,"797898,7256","5825430,732","13,38927","52,49747",2020202.0,Rathaus Yorckstraße,4448.0,24.0
51442,11,3,,2019,4,7,2,2,0,7,0,0,1,0,0,0,0,0,"797962,5067","5834549,117","13,39838","52,57917",3020209.0,Niederschönhausen,4571.0,51.0
51443,11,7,,2019,10,19,6,3,2,6,2,0,1,0,1,0,0,0,"796518,8001","5822544,205","13,36643","52,47235",7040402.0,Lindenhofsiedlung,4140.0,37.0
51444,11,9,,2019,8,17,6,2,5,3,0,1,1,0,0,0,0,0,"806541,9758","5821193,156","13,5123","52,45471",9020601.0,Schnellerstraße,6235.0,41.0
51445,11,7,,2019,7,23,1,3,0,6,2,0,1,0,0,0,1,0,"796007,6436","5824786,695","13,36092","52,49273",7010104.0,Dennewitzplatz,4046.0,41.0
51446,11,2,,2019,3,16,1,3,5,3,0,1,0,0,1,0,0,0,"803481,8982","5827610,397","13,47325","52,51393",2050602.0,Samariterviertel,5652.0,13.0
51447,11,1,,2019,10,8,4,2,5,2,0,0,1,0,0,0,0,1,"799808,1669","5828638,057","13,4202","52,52517",1011303.0,Alexanderplatzviertel,4956.0,45.0
51448,11,7,,2019,6,19,5,3,2,6,0,0,1,0,0,0,0,0,"797853,916","5820519,74","13,38422","52,45347",7040403.0,Manteuffelstraße,4335.0,53.0
51449,11,2,,2019,8,23,6,3,1,5,2,1,1,0,0,0,1,0,"797754,3318","5824624,964","13,38643","52,49033",2020203.0,Viktoriapark,4445.0,43.0
51450,11,2,,2019,12,19,6,3,6,4,1,0,1,1,0,0,0,1,"802063,957","5828101,286","13,45286","52,51912",2050601.0,Hausburgviertel,5354.0,49.0
51451,11,1,,2019,5,17,6,3,2,6,0,0,1,0,0,0,0,0,"796044,9139","5829317,457","13,3655","52,53332",1022202.0,Heidestraße,4058.0,59.0
51452,11,12,,2019,3,19,1,3,0,1,1,0,0,0,1,0,0,0,"792115,5557","5837979,475","13,31537","52,61309",12231101.0,Hermsdorf,3381.0,45.0
51453,11,2,,2019,11,6,1,3,9,1,2,0,1,0,0,0,0,0,"802110,7627","5828008,353","13,45347","52,51826",2050602.0,Samariterviertel,5354.0,49.0
51454,11,3,,2019,5,10,6,3,3,1,0,1,1,0,0,0,0,0,"798175,9465","5836260,259","13,40306","52,59439",3020209.0,Niederschönhausen,4676.0,59.0
51455,11,3,,2019,11,18,5,3,6,2,2,0,1,1,0,0,0,1,"801537,831","5831187,986","13,44793","52,54708",3050925.0,Komponistenviertel Weißensee,5362.0,45.0
51456,11,1,,2019,7,6,1,3,5,2,0,0,1,0,0,0,0,0,"796045,1976","5831344,253","13,36731","52,55149",1044201.0,Reinickendorfer Straße,4163.0,33.0
51457,11,4,,2019,3,16,1,2,3,6,0,0,1,0,1,0,0,0,"793439,9447","5829759,957","13,3276","52,5387",4010102.0,Plötzensee,3560.0,52.0
51458,11,1,,2019,10,1,1,2,5,2,2,0,1,0,0,0,0,0,"796186,9463","5830196,828","13,36837","52,54113",1033203.0,Humboldthain Nordwest,4160.0,4.0
51459,11,7,,2019,8,16,6,3,2,6,0,0,1,0,0,0,0,0,"797486,7194","5822327,298","13,38045","52,46988",7040403.0,Manteuffelstraße,4339.0,29.0
51461,11,4,,2019,5,16,6,3,3,6,0,0,1,0,0,0,0,0,"790489,8396","5825304,797","13,28033","52,50034",4020314.0,Messegelände,2848.0,27.0
51462,11,9,,2019,7,23,7,3,0,4,2,0,0,1,1,0,0,1,"806683,3343","5821054,544","13,51425","52,45338",9020601.0,Schnellerstraße,6335.0,57.0
51463,11,1,,2019,3,12,7,3,6,4,0,0,1,1,0,0,0,0,"799806,0638","5828634,703","13,42017","52,52514",1011303.0,Alexanderplatzviertel,4956.0,45.0
51464,11,7,,2019,6,23,7,3,1,5,2,1,1,0,0,0,0,0,"795571,8602","5823898,223","13,35373","52,485",7020203.0,Kaiser-Wilhelm-Platz,3944.0,21.0
51465,11,3,,2019,8,15,6,2,5,2,0,1,0,0,0,0,1,0,"799220,4889","5832049,473","13,41464","52,55607",3061126.0,Arnimplatz,4865.0,35.0
51466,11,6,,2019,12,13,2,3,5,2,0,0,1,0,0,0,0,1,"786509,8468","5816949,624","13,21469","52,42753",6040703.0,Nikolassee,1827.0,53.0
51467,11,1,,2019,5,9,6,3,5,2,0,1,1,0,0,0,0,0,"799762,1684","5828627,712","13,41952","52,52511",1011303.0,Alexanderplatzviertel,4856.0,19.0
51468,11,7,,2019,7,16,7,2,5,3,0,0,1,0,0,0,0,0,"796422,3304","5815396,159","13,35868","52,40832",7060604.0,Marienfelde Süd,3921.0,58.0
51469,11,3,,2019,3,10,6,3,2,6,0,0,1,0,0,0,0,0,"799513,9369","5840900,093","13,42696","52,63524",3010104.0,Lietzengraben,5088.0,65.0
51470,11,9,,2019,11,17,2,3,2,6,2,0,1,0,0,1,0,0,"806610,809","5818274,52","13,51063","52,42851",9010402.0,Johannisthal Ost,6227.0,61.0
51471,11,12,,2019,7,15,7,3,5,3,0,1,1,0,0,0,0,0,"791923,4792","5838850,577","13,31331","52,621",12231101.0,Hermsdorf,3384.0,63.0
51472,11,3,,2019,3,16,6,2,2,6,0,0,1,0,0,0,0,0,"804494,6454","5839633,59","13,49916","52,62112",3010102.0,Buch,6084.0,63.0
51473,11,3,,2019,10,19,1,3,5,7,2,1,0,0,0,0,1,1,"799432,6979","5830328,934","13,41621","52,54054",3061332.0,Helmholtzplatz,4860.0,47.0
51474,11,8,,2019,8,15,6,3,2,6,0,0,1,0,0,0,0,0,"801666,936","5821775,719","13,4413","52,46264",8020619.0,Buschkrugallee Nord,5237.0,45.0
51476,11,7,,2019,5,12,6,3,2,7,0,0,1,0,0,0,0,0,"797772,5656","5823910,849","13,38606","52,48392",7040401.0,Neu-Tempelhof,4344.0,28.0
51477,11,7,,2019,7,13,7,3,2,2,0,0,1,0,1,0,0,0,"797549,084","5818299,703","13,37778","52,43374",7050502.0,Fritz-Werner-Straße,4229.0,34.0
51478,11,4,,2019,3,19,6,3,0,1,2,1,0,0,0,0,0,0,"794100,7637","5826993,959","13,33487","52,51354",4030621.0,Spreestadt,3652.0,54.0
51479,11,12,,2019,11,13,4,2,6,2,0,0,1,1,0,0,0,0,"792117,8192","5837988,879","13,31541","52,61318",12231101.0,Hermsdorf,3381.0,45.0
51480,11,3,,2019,10,14,2,3,6,4,0,1,0,1,0,0,0,0,"800003,4076","5830309,045","13,42458","52,54004",3071633.0,Thälmannpark,4960.0,18.0