OBJECTID,LAND,BEZ,LOR_ab_2021,UJAHR,UMONAT,USTUNDE,UWOCHENTAG,UKATEGORIE,UART,UTYP1,ULICHTVERH,IstRad,IstPKW,IstFuss,IstKrad,IstGkfz,IstSonstige,USTRZUSTAND,LINREFX,LINREFY,XGCSWGS84,YGCSWGS84,LOR,STRASSE,quadrant,quadrant_rank
51481,11,11,,2019,8,11,6,3,5,3,0,1,1,0,0,0,0,0,"803673,6053","5835100,264","13,48291","52,58095",11010101.0,Dorf Malchow,5872.0,61.0
51483,11,7,,2019,5,9,6,2,0,7,0,0,1,0,0,0,0,0,"797404,3296","5822340,112","13,37925","52,47004",7040403.0,Manteuffelstraße,4239.0,42.0
51484,11,7,,2019,7,12,7,3,2,3,0,0,1,0,0,0,0,0,"797550,5914","5818306,355","13,3778","52,4338",7050502.0,Fritz-Werner-Straße,4229.0,34.0
51485,11,9,,2019,3,11,5,3,5,3,0,0,1,0,0,0,1,1,"802581,7667","5825080,814","13,45773","52,49176",9010101.0,Elsenstraße,5446.0,19.0
51486,11,6,,2019,6,12,2,3,5,2,0,0,0,0,1,0,0,0,"792443,58","5819762,086","13,30417","52,4496",6030605.0,Botanischer Garten,3134.0,63.0
51487,11,4,,2019,8,12,6,3,2,6,0,0,1,0,1,0,0,0,"793155,158","5826843,21","13,32084","52,5127",4030623.0,Ernst-Reuter-Platz,3452.0,33.0
51488,11,12,,2019,12,17,2,3,6,2,2,0,0,1,0,0,1,0,"792710,759","5837441,599","13,32366","52,60795",12301205.0,Waidmannslust,3480.0,38.0
51489,11,7,,2019,5,12,5,3,0,7,0,1,0,0,0,0,1,1,"795512,2076","5823337,19","13,35236","52,48",7020202.0,Volkspark (Rudolf-Wilde-Park),3842.0,57.0
51490,11,1,,2019,7,9,6,2,5,2,0,1,0,0,0,1,0,0,"796050,878","5831331,178","13,36738","52,55137",1044201.0,Reinickendorfer Straße,4163.0,33.0
51491,11,4,,2019,3,15,5,3,2,6,0,0,1,0,0,0,1,0,"791565,0842","5824367,873","13,29531","52,49136",4041137.0,Flinsberger Platz,3046.0,37.0
51492,11,7,,2019,11,16,3,3,0,6,1,0,1,0,0,0,1,0,"797569,5101","5818389,405","13,37815","52,43453",7050502.0,Fritz-Werner-Straße,4229.0,34.0
51493,11,3,,2019,11,18,6,3,2,6,2,0,1,0,0,0,0,0,"800862,173","5829753,835","13,4367","52,53459",3061434.0,Anton-Saefkow-Park,5158.0,55.0
51494,11,7,,2019,7,21,6,3,5,2,2,0,1,0,1,0,0,0,"797827,961","5822395,493","13,38552","52,4703",7040403.0,Manteuffelstraße,4340.0,45.0
51495,11,4,,2019,3,19,5,3,3,6,2,0,1,0,0,0,0,1,"790659,6911","5826398,916","13,28378","52,51005",4020313.0,Königin-Elisabeth-Straße,2851.0,8.0
51496,11,1,,2019,10,20,2,3,3,2,2,1,1,0,0,0,0,0,"799552,1887","5828281,464","13,41612","52,52212",1011303.0,Alexanderplatzviertel,4855.0,25.0
51497,11,3,,2019,8,7,6,3,3,6,0,0,1,0,1,0,0,0,"799238,9993","5831928,662","13,4148","52,55498",3061126.0,Arnimplatz,4864.0,14.0
51499,11,12,,2019,5,10,5,3,0,3,0,1,1,0,0,0,0,1,"794392,4571","5834475,202","13,34578","52,58045",12103218.0,Teichstraße,3772.0,61.0
51500,11,2,,2019,7,18,6,3,3,2,0,0,1,0,1,0,0,0,"800385,825","5827977,207","13,42809","52,51893",2040701.0,Andreasviertel,5054.0,36.0
51501,11,1,,2019,3,8,4,3,5,2,0,1,1,0,0,0,0,0,"796195,9944","5830184,968","13,36849","52,54101",1033203.0,Humboldthain Nordwest,4160.0,4.0
51502,11,4,,2019,11,16,4,3,6,4,2,0,1,1,0,0,0,0,"791841,6245","5826612,675","13,30133","52,51134",4030417.0,Schloßstraße,3152.0,19.0
51503,11,10,,2019,6,16,4,2,2,6,0,0,0,0,1,0,1,0,"811559,1867","5827117,913","13,59144","52,50496",10040830.0,Kaulsdorf Süd,7450.0,61.0
51504,11,1,,2019,8,0,6,3,0,7,2,0,0,0,0,0,1,0,"798793,3887","5827981,826","13,4047","52,51985",1011303.0,Alexanderplatzviertel,4654.0,10.0
51505,11,3,,2019,12,5,2,3,5,3,2,1,1,0,0,0,0,0,"800283,87","5830084,748","13,4285","52,53788",3071633.0,Thälmannpark,5059.0,35.0
51506,11,12,,2019,7,12,6,3,0,2,0,1,1,0,0,0,0,0,"794572,2536","5833815,936","13,34784","52,57444",12103218.0,Teichstraße,3870.0,38.0
51507,11,4,,2019,9,17,5,3,0,5,0,0,1,0,1,0,0,0,"790317,511","5826341,942","13,2787","52,50973",4020313.0,Königin-Elisabeth-Straße,2851.0,8.0
51508,11,10,,2019,10,22,4,3,2,6,2,0,1,0,0,0,0,0,"808924,2425","5833401,136","13,55858","52,56277",10010204.0,Wuhletalstraße,6967.0,41.0
51509,11,4,,2019,8,18,5,2,5,2,0,1,1,0,0,0,0,0,"791847,9988","5826592,407","13,30141","52,51115",4030417.0,Schloßstraße,3152.0,19.0
51510,11,4,,2019,7,10,6,3,0,7,0,0,0,0,1,0,0,1,"791928,8666","5824014,613","13,30034","52,488",4041137.0,Flinsberger Platz,3145.0,38.0
51511,11,6,,2019,9,19,5,3,5,2,2,1,1,0,0,0,0,0,"789578,884","5817961,217","13,26057","52,43498",6030503.0,Zehlendorf Mitte,2529.0,40.0
51512,11,4,,2019,3,15,4,3,2,6,0,0,1,0,0,0,0,0,"790696,6449","5826994,267","13,28484","52,51537",4020313.0,Königin-Elisabeth-Straße,2853.0,59.0
51513,11,4,,2019,10,16,3,3,2,6,0,0,1,0,0,0,0,0,"793044,6634","5823051,144","13,31588","52,47877",4051551.0,Brabanter Platz,3342.0,52.0
51514,11,4,,2019,8,16,5,3,2,6,0,0,1,0,0,0,1,0,"791591,7739","5824344,685","13,29568","52,49114",4041137.0,Flinsberger Platz,3046.0,37.0
51516,11,3,,2019,5,18,5,2,5,3,0,1,1,0,0,0,0,1,"800659,3941","5841394,129","13,44428","52,63904",3010101.0,Bucher Forst,5289.0,65.0
51517,11,3,,2019,7,6,6,3,6,2,0,0,0,1,0,1,0,0,"797154,7106","5838890,646","13,39039","52,61853",3020203.0,Blankenfelde,4483.0,62.0
51518,11,7,,2019,3,23,4,2,9,1,2,0,1,0,1,0,0,1,"795774,3083","5824115,07","13,3569","52,48683",7020203.0,Kaiser-Wilhelm-Platz,3944.0,21.0
51519,11,1,,2019,11,9,7,3,5,3,0,0,1,0,0,0,0,1,"795861,7403","5832069,084","13,36526","52,55809",1044102.0,Schillerpark,4065.0,7.0
51520,11,7,,2019,5,13,5,3,0,7,0,0,0,0,1,0,0,1,"795680,1287","5823993,209","13,35541","52,48579",7020203.0,Kaiser-Wilhelm-Platz,3944.0,21.0
51521,11,1,,2019,8,16,5,3,5,7,0,0,1,0,0,0,0,0,"794455,4835","5827038,695","13,34012","52,51375",1011102.0,Großer Tiergarten,3752.0,59.0
51522,11,10,,2019,12,13,4,3,2,6,0,0,1,0,0,1,1,0,"807672,0894","5830081,394","13,53709","52,53373",10010309.0,Springpfuhl,6658.0,51.0
51523,11,4,,2019,7,9,6,3,2,6,0,0,1,0,0,0,0,0,"791935,907","5824007,083","13,30044","52,48793",4041137.0,Flinsberger Platz,3145.0,38.0
51524,11,5,,2019,3,8,4,3,2,6,0,0,1,0,0,0,0,1,"782998,0905","5825977,186","13,17083","52,5103",5020524.0,Weinmeisterhornweg,1151.0,65.0
51525,11,4,,2019,10,13,6,3,2,6,0,0,1,0,1,0,0,0,"792116,7613","5826637,603","13,3054","52,51142",4030622.0,Richard-Wagner-Straße,3152.0,19.0
51526,11,12,,2019,8,16,5,3,5,7,0,1,1,0,0,0,0,0,"795807,9021","5832370,438","13,36473","52,56082",12103117.0,Letteplatz,4066.0,53.0
51527,11,10,,2019,7,4,6,2,5,3,1,0,1,0,0,0,1,0,"808905,2566","5833416,326","13,55831","52,56292",10010204.0,Wuhletalstraße,6967.0,41.0
51528,11,3,,2019,3,7,4,2,6,4,0,0,1,1,0,0,0,0,"801390,5422","5831069,26","13,44566","52,54609",3061429.0,Greifswalder Straße,5262.0,43.0
51529,11,10,,2019,10,11,3,3,0,1,0,0,0,0,1,0,0,1,"810344,2105","5827069,588","13,57355","52,50522",10030727.0,Biesdorf Süd,7150.0,65.0
51530,11,3,,2019,6,17,4,3,6,3,0,0,1,1,0,0,0,0,"800033,9992","5833416,034","13,42784","52,56788",3040818.0,Pankow Süd,5068.0,57.0
51531,11,12,,2019,8,15,5,2,9,1,0,0,0,0,1,0,0,0,"792890,776","5832239,124","13,32171","52,56122",12214424.0,Scharnweberstraße,3466.0,46.0
51532,11,1,,2019,12,21,4,3,2,6,2,0,1,0,0,0,0,1,"796288,1909","5830309,407","13,36996","52,54208",1033203.0,Humboldthain Nordwest,4161.0,54.0
51533,11,2,,2019,5,9,5,3,2,6,0,0,1,0,0,0,0,1,"803064,7788","5827636,848","13,46714","52,5144",2050602.0,Samariterviertel,5652.0,13.0
51534,11,7,,2019,3,5,4,3,0,7,0,0,1,0,0,0,0,0,"800327,4441","5821568,286","13,42146","52,46152",7040406.0,Germaniagarten,4937.0,59.0
51535,11,6,,2019,11,19,7,2,5,3,2,0,1,0,0,0,0,1,"790942,7279","5818771,219","13,28129","52,44152",6030503.0,Zehlendorf Mitte,2831.0,52.0
51536,11,11,,2019,5,7,5,3,6,7,0,0,1,1,0,0,0,1,"804234,9123","5827533,293","13,48424","52,51282",11030721.0,Rüdigerstraße,5852.0,43.0
51537,11,1,,2019,11,17,4,3,3,6,2,1,1,0,0,0,0,1,"798178,7519","5826923,824","13,39472","52,5107",1011204.0,Leipziger Straße,4551.0,40.0
51538,11,4,,2019,7,14,5,3,2,6,0,0,1,0,0,0,0,0,"790773,0915","5826385,425","13,28544","52,50987",4030724.0,Lietzensee,2951.0,33.0
51539,11,7,,2019,3,17,4,3,6,7,1,1,0,1,0,0,0,1,"797120,4574","5816959,251","13,3703","52,42196",7060601.0,Marienfelder Allee Nordwest,4125.0,59.0
51540,11,8,,2019,10,14,7,3,2,6,0,0,1,0,0,0,0,0,"802673,785","5821698,328","13,45601","52,46139",8010510.0,Gewerbegebiet Köllnische Heide,5437.0,63.0
51541,11,12,,2019,8,18,5,2,0,6,0,0,0,0,1,0,1,0,"795377,999","5833673,668","13,35957","52,57273",12103115.0,Breitkopfbecken,4070.0,60.0
51543,11,4,,2019,5,7,5,2,2,6,0,0,1,0,0,0,1,1,"793782,2994","5823002,66","13,32667","52,47794",4051656.0,Hildegardstraße,3542.0,38.0
51544,11,12,,2019,9,13,5,3,5,7,0,0,1,0,0,0,1,0,"793211,3351","5836738,266","13,3304","52,60138",12302211.0,Lübarser Straße,3578.0,61.0
51545,11,2,,2019,7,21,5,2,5,2,1,1,1,0,0,0,0,0,"802031,4163","5826155,312","13,45062","52,50169",2050803.0,Stralauer Kiez,5349.0,29.0
51546,11,3,,2019,3,15,3,3,6,4,0,0,1,1,0,0,0,0,"799141,765","5830376,94","13,41197","52,54113",3061131.0,Falkplatz,4760.0,20.0
51547,11,1,,2019,6,20,7,3,2,6,0,0,1,0,0,0,0,0,"796302,9257","5826046,765","13,36638","52,50386",1011104.0,Körnerstraße,4149.0,60.0
51548,11,3,,2019,8,11,5,3,0,4,0,1,0,1,0,0,0,0,"800309,3761","5829465,458","13,42831","52,53231",3071639.0,Bötzowstraße,5058.0,45.0
51549,11,2,,2019,12,12,1,3,1,1,0,0,1,0,0,0,0,0,"797901,8585","5825108,909","13,38903","52,49458",2020202.0,Rathaus Yorckstraße,4447.0,16.0
51550,11,12,,2019,5,17,5,3,4,6,0,1,0,0,0,0,0,0,"795694,0027","5832888,251","13,36352","52,56552",12103219.0,Schäfersee,4067.0,9.0
51551,11,6,,2019,7,16,5,3,2,2,0,1,0,0,0,0,1,0,"789556,5381","5817966,496","13,26025","52,43504",6030503.0,Zehlendorf Mitte,2529.0,40.0
51552,11,2,,2019,11,3,1,2,6,4,2,0,1,1,0,0,0,1,"797897,3028","5825437,364","13,38925","52,49753",2020202.0,Rathaus Yorckstraße,4448.0,24.0
51553,11,4,,2019,7,14,5,3,5,2,0,1,1,0,0,0,0,0,"791028,1107","5826477,2","13,28926","52,51056",4030417.0,Schloßstraße,2951.0,33.0
51554,11,7,,2019,3,9,3,3,2,6,0,0,1,0,0,0,0,0,"795225,4375","5822896,663","13,34776","52,47621",7030303.0,Grazer Platz,3841.0,47.0
51555,11,4,,2019,10,19,1,3,2,6,2,0,1,0,0,0,0,0,"790540,8158","5825172,68","13,28096","52,49912",4041133.0,Güterbahnhof Grunewald,2848.0,27.0
51556,11,1,,2019,8,11,5,3,6,7,0,0,0,1,1,0,0,0,"798942,9427","5828148,689","13,40705","52,52126",1011303.0,Alexanderplatzviertel,4754.0,20.0
51558,11,7,,2019,5,15,4,3,2,6,0,0,1,0,0,0,0,0,"799736,4963","5814606,873","13,40655","52,39944",7070701.0,Kettinger Straße/Schillerstraße,4719.0,56.0
51559,11,3,,2019,7,14,5,3,5,2,0,1,1,0,0,0,0,0,"800047,2787","5828999,183","13,42404","52,52828",3071638.0,Winsstraße,4957.0,49.0
51560,11,4,,2019,3,10,3,3,2,6,0,0,1,0,0,0,0,0,"791035,1964","5826478,362","13,28937","52,51057",4030417.0,Schloßstraße,2951.0,33.0
51561,11,4,,2019,11,15,3,3,2,6,0,0,1,0,0,0,1,0,"790567,417","5826402,241","13,28243","52,51013",4020313.0,Königin-Elisabeth-Straße,2851.0,8.0
51562,11,1,,2019,6,13,3,3,2,6,0,0,1,0,0,0,0,0,"799254,0845","5827905,447","13,4114","52,51891",1011303.0,Alexanderplatzviertel,4754.0,20.0
51563,11,3,,2019,8,11,5,2,5,2,0,1,1,0,0,0,0,0,"801348,7145","5831003,317","13,44498","52,54552",3061429.0,Greifswalder Straße,5262.0,43.0
51564,11,1,,2019,12,19,7,3,2,6,2,0,1,0,0,0,0,1,"796210,2608","5829941,731","13,36849","52,53883",1033203.0,Humboldthain Nordwest,4160.0,4.0
51565,11,2,,2019,7,14,5,2,1,5,0,1,0,0,1,0,0,0,"801878,9939","5826541,829","13,44873","52,50524",2040703.0,Wriezener Bahnhof/Entwicklungsgebiet,5350.0,52.0
51566,11,3,,2019,10,13,3,3,2,6,0,0,1,0,0,0,0,0,"799186,0152","5831182,081","13,41335","52,54832",3061131.0,Falkplatz,4862.0,43.0
51567,11,6,,2019,8,9,5,3,5,2,0,1,1,0,0,0,0,0,"789559,9922","5817980,314","13,26031","52,43516",6030503.0,Zehlendorf Mitte,2529.0,40.0
51568,11,10,,2019,7,19,4,3,5,3,0,0,1,0,0,0,0,0,"808905,6465","5833417,094","13,55832","52,56292",10010204.0,Wuhletalstraße,6967.0,41.0
51569,11,4,,2019,3,18,2,3,5,3,1,0,1,0,0,0,0,0,"787161,9085","5825838,962","13,2319","52,50689",4020208.0,Kranzallee,2150.0,61.0
51570,11,12,,2019,10,6,2,3,3,6,2,0,1,0,0,1,0,0,"791651,5794","5833559,513","13,30464","52,57372",12214422.0,Klixstraße,3170.0,65.0
51571,11,3,,2019,6,11,1,3,5,2,0,1,1,0,0,0,0,0,"798113,4044","5835762,425","13,40169","52,58996",3020209.0,Niederschönhausen,4675.0,44.0
51572,11,2,,2019,8,19,5,3,6,7,0,0,0,1,0,0,1,0,"800630,2555","5827889,775","13,43161","52,51801",2040701.0,Andreasviertel,5054.0,36.0
51574,11,12,,2019,5,12,4,3,3,6,0,0,1,0,1,0,0,0,"792107,3135","5831888,42","13,30988","52,55849",12214125.0,Waldidyll/Flughafensee,3265.0,59.0
51575,11,10,,2019,3,11,2,3,5,2,0,0,1,0,0,0,0,1,"808936,8692","5827406,556","13,55319","52,50904",10030726.0,Alt-Biesdorf,6851.0,49.0
51576,11,6,,2019,11,20,4,3,5,2,2,0,1,0,0,0,0,1,"789567,884","5817964,126","13,26042","52,43501",6030503.0,Zehlendorf Mitte,2529.0,40.0
51577,11,4,,2019,5,9,4,2,2,6,0,0,1,0,1,0,0,0,"791190,0689","5824633,724","13,29003","52,49395",4041134.0,Bismarckallee,2946.0,59.0
51578,11,7,,2019,12,14,2,3,6,4,0,0,1,1,0,0,0,0,"796071,8033","5825476,637","13,36248","52,49888",7010104.0,Dennewitzplatz,4048.0,46.0
51579,11,3,,2019,7,19,4,3,1,5,0,1,0,0,0,0,1,0,"800270,7571","5831439,281","13,42953","52,55003",3061228.0,Erich-Weinert-Straße,5063.0,29.0
51580,11,7,,2019,3,14,2,2,2,6,0,0,1,0,0,0,0,1,"796430,668","5822603,567","13,36519","52,47293",7040402.0,Lindenhofsiedlung,4040.0,57.0
51581,11,6,,2019,10,17,4,2,9,1,2,0,1,0,0,0,0,0,"785748,0706","5816442,886","13,20308","52,42338",6040703.0,Nikolassee,1626.0,59.0
51582,11,12,,2019,8,17,4,3,5,3,0,0,1,0,0,0,0,0,"793418,6359","5836163,675","13,33295","52,59611",12301204.0,Wittenau Nord,3676.0,38.0
51584,11,12,,2019,6,10,4,3,5,3,0,1,1,0,0,0,0,0,"792784,1119","5837340,844","13,32465","52,60701",12302212.0,Rollbergesiedlung,3480.0,38.0
51585,11,6,,2019,8,17,4,2,0,7,0,1,0,0,0,0,0,0,"786353,2788","5816879,974","13,21233","52,42699",6040703.0,Nikolassee,1827.0,53.0
51586,11,2,,2019,12,19,1,3,6,6,2,1,0,1,0,0,0,1,"801839,8638","5826426,354","13,44805","52,50423",2040703.0,Wriezener Bahnhof/Entwicklungsgebiet,5349.0,29.0
51587,11,3,,2019,7,16,4,3,5,3,0,1,1,0,0,0,0,0,"800037,0538","5833451,998","13,42791","52,5682",3040818.0,Pankow Süd,5068.0,57.0
51588,11,6,,2019,9,17,4,3,1,1,0,0,1,0,0,0,0,1,"778814,0268","5814981,864","13,10016","52,41386",6040701.0,Wannsee,123.0,65.0
51589,11,7,,2019,10,11,4,3,1,5,0,1,1,0,0,0,0,0,"797981,3413","5819862,755","13,38551","52,44752",7050501.0,Rathausstraße,4333.0,53.0
51590,11,4,,2019,8,7,4,2,2,6,0,0,0,0,1,0,1,0,"793666,3959","5822996,787","13,32496","52,47795",4051656.0,Hildegardstraße,3442.0,43.0
51591,11,1,,2019,7,13,4,3,3,6,0,0,1,0,1,0,0,0,"798196,0169","5827671,08","13,39564","52,51739",1011202.0,Unter den Linden Nord,4553.0,29.0
51592,11,4,,2019,3,15,2,3,2,6,0,0,1,0,0,0,0,0,"793967,8945","5823000,84","13,32939","52,47782",4051655.0,Babelsberger Straße,3542.0,38.0
51593,11,12,,2019,10,13,3,3,2,6,0,0,1,0,0,1,0,1,"794591,6065","5833807,497","13,34812","52,57436",12103218.0,Teichstraße,3870.0,38.0
51594,11,4,,2019,8,5,4,3,3,6,1,0,1,0,0,0,0,0,"790479,3397","5828454,33","13,28293","52,52858",4020310.0,Park Ruhwald,2857.0,33.0
51596,11,3,,2019,5,9,4,3,2,6,0,0,1,0,1,0,0,0,"800659,628","5830030,149","13,43397","52,53718",3061434.0,Anton-Saefkow-Park,5159.0,61.0
51597,11,2,,2019,7,10,4,3,0,5,0,1,0,0,0,0,1,0,"802041,2372","5828082,462","13,45251","52,51896",2050601.0,Hausburgviertel,5354.0,49.0
51598,11,6,,2019,3,13,2,2,5,3,0,0,1,0,0,0,0,1,"790944,2677","5818772,125","13,28131","52,44153",6030503.0,Zehlendorf Mitte,2831.0,52.0
51599,11,2,,2019,11,9,5,3,5,3,0,1,1,0,0,0,0,0,"802119,8959","5828034,867","13,45362","52,51849",2050602.0,Samariterviertel,5454.0,53.0
51600,11,2,,2019,5,8,4,3,5,3,0,1,1,0,0,0,0,0,"802576,8721","5827703,156","13,46004","52,51526",2050602.0,Samariterviertel,5453.0,1.0
51601,11,1,,2019,12,18,3,3,2,6,2,0,1,0,0,0,0,1,"796277,0601","5830013,147","13,36953","52,53943",1033203.0,Humboldthain Nordwest,4160.0,4.0
51602,11,4,,2019,7,15,4,3,2,6,0,0,1,0,1,0,0,0,"793224,523","5823009,019","13,31848","52,47829",4051551.0,Brabanter Platz,3342.0,52.0
51603,11,11,,2019,3,10,1,3,5,2,0,1,1,0,0,0,0,0,"803685,612","5835336,13","13,48331","52,58306",11010101.0,Dorf Malchow,5873.0,65.0
51604,11,12,,2019,10,19,5,3,2,6,2,0,1,0,1,0,0,0,"795841,4434","5832182,231","13,36506","52,55911",12103117.0,Letteplatz,4066.0,53.0
51605,11,1,,2019,8,15,4,3,6,6,0,0,0,1,0,0,1,0,"799557,908","5828277,886","13,4162","52,52208",1011303.0,Alexanderplatzviertel,4855.0,25.0
51607,11,10,,2019,7,20,3,3,5,3,0,0,1,0,0,0,0,0,"807685,5835","5829675,058","13,53691","52,53008",10010309.0,Springpfuhl,6657.0,65.0
51608,11,3,,2019,3,18,1,3,3,6,1,0,1,0,1,0,0,0,"799235,117","5831712,909","13,41455","52,55305",3061126.0,Arnimplatz,4864.0,14.0
51609,11,12,,2019,9,14,2,3,5,2,0,1,0,0,0,1,0,0,"794572,2234","5833816,935","13,34784","52,57445",12103218.0,Teichstraße,3870.0,38.0
51610,11,9,,2019,6,7,4,3,5,2,0,0,1,0,1,0,0,0,"805161,2417","5822577,895","13,49331","52,46789",9010301.0,Baumschulenstraße,5939.0,38.0
51611,11,11,,2019,8,12,4,3,6,4,0,1,0,1,0,0,0,0,"803720,4867","5827586,492","13,47673","52,51358",11030721.0,Rüdigerstraße,5752.0,11.0
51612,11,9,,2019,12,10,7,3,3,6,0,0,1,0,0,0,0,1,"802841,4141","5825466,055","13,46189","52,49507",9010101.0,Elsenstraße,5547.0,53.0
51613,11,10,,2019,5,22,4,2,0,1,2,1,0,0,0,0,0,0,"808205,888","5827481,044","13,54252","52,51012",10010308.0,Marzahner Chaussee,6751.0,63.0
51614,11,12,,2019,7,12,3,3,6,4,0,1,0,1,0,0,0,0,"795759,6226","5832647,769","13,36427","52,56333",12103219.0,Schäfersee,4067.0,9.0
51615,11,4,,2019,3,11,7,3,2,6,0,0,1,0,0,0,0,0,"791946,7059","5826608,948","13,30288","52,51125",4030622.0,Richard-Wagner-Straße,3152.0,19.0
51616,11,3,,2019,11,22,6,2,6,7,2,0,1,1,0,0,0,1,"799232,4818","5830360,912","13,41329","52,54093",3061332.0,Helmholtzplatz,4860.0,47.0
51617,11,7,,2019,11,16,3,3,3,6,2,0,1,0,1,0,0,0,"796002,3744","5824606,71","13,36068","52,49112",7010104.0,Dennewitzplatz,4046.0,41.0
51618,11,1,,2019,7,18,3,3,5,2,0,1,1,0,0,0,0,0,"796448,883","5827390,066","13,36972","52,51582",1011102.0,Großer Tiergarten,4153.0,36.0
51619,11,4,,2019,3,14,7,2,2,6,0,0,1,0,0,0,0,0,"790528,039","5828623,17","13,28379","52,53006",4010101.0,Jungfernheide,2857.0,33.0
51620,11,4,,2019,10,20,5,3,2,6,2,0,1,0,0,0,0,0,"790649,6229","5828805,552","13,28574","52,53164",4010101.0,Jungfernheide,2957.0,65.0
51621,11,10,,2019,8,10,4,3,2,6,0,0,0,0,0,1,1,0,"813517,1685","5827163,631","13,62023","52,50425",10040933.0,Mahlsdorf Süd,7849.0,59.0
51623,11,2,,2019,5,18,4,3,5,2,0,1,1,0,0,0,0,0,"801681,43","5828880,887","13,44795","52,52632",2050601.0,Hausburgviertel,5356.0,13.0
51624,11,6,,2019,9,16,4,3,0,7,0,0,1,0,0,0,0,1,"785296,7529","5818126,6","13,1979","52,43872",6040703.0,Nikolassee,1530.0,65.0
51625,11,2,,2019,7,1,3,3,6,4,2,0,1,1,0,0,0,0,"801832,6717","5826406,21","13,44793","52,50405",2040703.0,Wriezener Bahnhof/Entwicklungsgebiet,5349.0,29.0
51626,11,10,,2019,3,16,7,3,2,4,0,0,1,1,0,1,0,0,"807741,9955","5830568,99","13,53857","52,53806",10010310.0,Alt-Marzahn,6659.0,63.0
51627,11,2,,2019,6,11,6,3,6,4,0,1,0,1,0,0,0,0,"802965,243","5827663,582","13,46571","52,51469",2050602.0,Samariterviertel,5553.0,28.0
51628,11,1,,2019,8,10,4,2,6,4,0,1,0,1,0,0,0,0,"796753,7114","5826688,729","13,37357","52,50937",1011105.0,Nördlicher Landwehrkanal,4251.0,2.0
51629,11,7,,2019,12,22,6,3,0,1,2,0,0,0,1,0,0,0,"798587,065","5817928,991","13,39267","52,42985",7050502.0,Fritz-Werner-Straße,4428.0,56.0
51630,11,1,,2019,5,11,3,3,0,7,0,1,0,0,0,0,0,0,"796341,9513","5827359,311","13,36812","52,51561",1011102.0,Großer Tiergarten,4153.0,36.0
51631,11,3,,2019,7,17,2,3,2,6,0,0,1,0,0,0,1,0,"800068,211","5833964,478","13,42884","52,57277",3040818.0,Pankow Süd,5070.0,63.0
51632,11,6,,2019,3,21,7,3,5,3,2,0,1,0,0,0,1,0,"783872,0709","5815945,427","13,17514","52,4199",6040701.0,Wannsee,1225.0,49.0
51633,11,2,,2019,11,3,7,3,5,3,2,0,1,0,0,0,1,1,"803314,3808","5827611,864","13,47079","52,51404",2050602.0,Samariterviertel,5652.0,13.0
51634,11,2,,2019,7,17,2,3,2,6,0,0,1,0,0,0,0,0,"797289,4801","5825592,967","13,38047","52,49926",2010101.0,Askanischer Platz,4348.0,45.0
51635,11,4,,2019,3,13,6,3,3,6,0,0,1,0,0,0,1,0,"790664,1556","5824993,776","13,28262","52,49745",4041134.0,Bismarckallee,2847.0,41.0
51636,11,2,,2019,10,18,6,3,5,2,2,0,1,0,0,0,0,1,"802146,9379","5827744,22","13,45376","52,51587",2050602.0,Samariterviertel,5453.0,1.0
51637,11,1,,2019,8,10,4,3,3,6,0,1,1,0,0,0,0,0,"797799,0545","5827595,386","13,38974","52,51693",1011202.0,Unter den Linden Nord,4453.0,15.0
51639,11,3,,2019,5,19,3,3,3,6,1,1,0,0,0,0,0,0,"800985,0514","5830503,538","13,43919","52,54125",3061429.0,Greifswalder Straße,5160.0,41.0
51640,11,12,,2019,7,12,2,3,5,3,0,1,1,0,0,0,0,0,"793552,5689","5835835,292","13,33463","52,5931",12301203.0,Wittenau Süd,3675.0,61.0
51641,11,2,,2019,3,7,6,2,3,5,0,1,0,0,0,1,0,0,"799825,808","5828730,512","13,42054","52,52599",2040501.0,Barnimkiez,4956.0,45.0
51642,11,5,,2019,11,17,2,2,6,4,2,0,1,1,0,0,0,1,"783517,187","5826715,15","13,17909","52,51665",5020524.0,Weinmeisterhornweg,1353.0,41.0
51643,11,10,,2019,6,21,3,2,2,6,2,0,1,0,0,0,0,0,"808323,5527","5832068,282","13,54851","52,55117",10010206.0,Ringkolonnaden,6863.0,61.0
51644,11,11,,2019,8,20,3,3,5,2,1,1,1,0,0,0,0,0,"804246,8861","5827532,079","13,48442","52,5128",11030721.0,Rüdigerstraße,5852.0,43.0
51645,11,2,,2019,12,18,6,3,3,6,2,0,1,0,1,0,0,1,"797270,414","5825597,445","13,38019","52,49931",2010101.0,Askanischer Platz,4348.0,45.0
51646,11,3,,2019,7,10,2,3,1,5,0,1,1,0,0,0,0,0,"798256,1563","5834745,759","13,40288","52,58077",3020209.0,Niederschönhausen,4672.0,50.0
51647,11,7,,2019,9,12,4,3,0,1,0,0,0,0,1,0,0,1,"797480,5118","5817992,549","13,3765","52,43102",7050502.0,Fritz-Werner-Straße,4228.0,55.0
51648,11,7,,2019,3,4,6,3,1,5,2,0,1,0,0,0,0,0,"798761,9309","5817448,101","13,3948","52,42544",7050506.0,Birnhornweg,4526.0,46.0
51649,11,11,,2019,10,15,2,3,2,6,0,0,1,0,0,0,0,0,"804463,8903","5827510,012","13,48758","52,51248",11030721.0,Rüdigerstraße,5952.0,37.0
51650,11,4,,2019,8,17,3,3,2,6,0,0,1,0,0,0,0,0,"790928,519","5824683,9","13,28623","52,49454",4041134.0,Bismarckallee,2947.0,18.0
51651,11,7,,2019,7,11,2,3,5,3,0,0,1,0,0,0,0,0,"797550,3388","5818305,246","13,3778","52,43379",7050502.0,Fritz-Werner-Straße,4229.0,34.0