OBJECTID,LAND,BEZ,LOR_ab_2021,UJAHR,UMONAT,USTUNDE,UWOCHENTAG,UKATEGORIE,UART,UTYP1,ULICHTVERH,IstRad,IstPKW,IstFuss,IstKrad,IstGkfz,IstSonstige,USTRZUSTAND,LINREFX,LINREFY,XGCSWGS84,YGCSWGS84,LOR,STRASSE,quadrant,quadrant_rank
51823,11,10,,2019,5,10,7,3,6,2,0,0,1,1,0,0,0,0,"810877,0819","5827088,089","13,58139","52,50509",10040830.0,Kaulsdorf Süd,7350.0,61.0
51824,11,4,,2019,3,12,4,2,3,6,0,0,1,0,0,1,0,0,"790718,4837","5828897,653","13,28683","52,53242",4010101.0,Jungfernheide,2958.0,49.0
51825,11,1,,2019,11,14,1,3,6,7,0,0,0,1,0,0,1,0,"796039,0793","5827321,099","13,36364","52,51543",1011102.0,Großer Tiergarten,4053.0,57.0
51826,11,7,,2019,5,9,6,2,2,6,0,0,1,0,1,0,0,0,"796315,5613","5822674,788","13,36357","52,47363",7030303.0,Grazer Platz,4041.0,37.0
51827,11,4,,2019,11,16,6,3,2,6,2,0,1,0,1,0,0,0,"790191,5075","5826320,649","13,27683","52,5096",4020311.0,Reichsstraße,2751.0,29.0
51828,11,9,,2019,6,10,4,3,2,6,0,0,1,0,0,0,0,0,"802855,2671","5821389,311","13,45839","52,45852",9010302.0,Späthsfelde,5436.0,61.0
51829,11,3,,2019,3,14,4,3,5,3,0,1,1,0,0,0,0,0,"798772,7797","5832845,876","13,40877","52,56346",3040818.0,Pankow Süd,4767.0,50.0
51830,11,1,,2019,10,22,2,3,5,2,2,0,1,0,0,0,1,0,"798797,7584","5828013,255","13,40479","52,52013",1011303.0,Alexanderplatzviertel,4654.0,10.0
51831,11,7,,2019,8,8,6,3,6,2,0,0,0,1,0,0,1,0,"795225,438","5823516,568","13,34831","52,48176",7020202.0,Volkspark (Rudolf-Wilde-Park),3843.0,36.0
51833,11,10,,2019,5,17,6,2,6,4,0,0,1,1,0,0,0,0,"809405,3473","5834433,224","13,56662","52,57175",10010102.0,Havemannstraße,7069.0,49.0
51834,11,2,,2019,6,20,3,3,5,2,0,1,1,0,0,0,0,0,"797850,2547","5825505,588","13,38862","52,49817",2010101.0,Askanischer Platz,4448.0,24.0
51835,11,2,,2019,3,18,4,3,3,7,1,1,0,0,0,0,0,0,"801820,579","5826233,408","13,44759","52,50251",2050803.0,Stralauer Kiez,5349.0,29.0
51836,11,12,,2019,6,14,2,3,5,2,0,0,0,0,0,0,1,0,"793624,5902","5835746,789","13,33561","52,59226",12301203.0,Wittenau Süd,3675.0,61.0
51837,11,9,,2019,8,15,6,3,5,3,0,1,1,0,0,0,0,0,"805566,0483","5822152,35","13,49886","52,46385",9020601.0,Schnellerstraße,6038.0,59.0
51838,11,2,,2019,12,7,2,3,5,3,1,0,1,0,0,0,1,0,"801649,818","5828881,302","13,44749","52,52634",2050601.0,Hausburgviertel,5356.0,13.0
51839,11,4,,2019,5,13,6,3,2,6,0,0,1,0,1,0,0,0,"789689,8023","5826244,859","13,2694","52,50919",4020311.0,Reichsstraße,2651.0,45.0
51840,11,1,,2019,6,12,3,3,2,6,0,0,1,0,1,0,0,0,"796190,0571","5830189,938","13,36841","52,54106",1033203.0,Humboldthain Nordwest,4160.0,4.0
51841,11,1,,2019,3,19,4,3,2,1,2,0,1,0,0,0,0,1,"796199,5866","5830207,27","13,36857","52,54121",1033203.0,Humboldthain Nordwest,4160.0,4.0
51842,11,3,,2019,11,12,3,2,6,3,0,0,1,1,0,0,0,0,"800162,0904","5832358,348","13,42876","52,55833",3040818.0,Pankow Süd,5065.0,44.0
51843,11,12,,2019,11,9,6,3,5,3,0,0,1,0,0,1,0,1,"790296,294","5835658,787","13,28654","52,59326",12304314.0,Ziekowstraße/Freie Scholle,2976.0,49.0
51844,11,9,,2019,6,10,3,3,6,7,0,0,1,1,0,0,0,0,"806365,1115","5821364,634","13,50986","52,45634",9020601.0,Schnellerstraße,6235.0,41.0
51845,11,7,,2019,3,17,3,3,2,6,1,0,1,0,0,0,0,0,"796401,5823","5822622,724","13,36478","52,47311",7040402.0,Lindenhofsiedlung,4040.0,57.0
51846,11,1,,2019,10,12,2,3,3,5,0,1,1,0,0,0,0,0,"799327,4473","5827976,894","13,41254","52,51951",1011303.0,Alexanderplatzviertel,4754.0,20.0
51847,11,12,,2019,8,15,6,3,5,3,0,1,1,0,0,0,0,0,"794058,9855","5835089,782","13,34142","52,58614",12301203.0,Wittenau Süd,3773.0,57.0
51849,11,3,,2019,5,15,5,3,5,2,0,1,0,0,0,1,0,0,"799220,299","5831446,957","13,41409","52,55067",3061126.0,Arnimplatz,4863.0,28.0
51850,11,2,,2019,6,10,3,3,3,2,0,0,1,0,1,0,0,0,"802364,948","5826026,878","13,4554","52,50036",2050803.0,Stralauer Kiez,5448.0,59.0
51851,11,2,,2019,3,10,3,3,5,2,0,1,1,0,0,0,0,1,"802592,0568","5827701,53","13,46026","52,51524",2050602.0,Samariterviertel,5453.0,1.0
51852,11,7,,2019,11,12,4,3,2,6,0,0,1,0,0,1,0,1,"797410,563","5817681,447","13,37519","52,42827",7060603.0,Marienfelde Nordost,4227.0,57.0
51853,11,5,,2019,6,14,4,3,2,6,0,0,1,0,0,0,1,0,"783585,0389","5826696,579","13,18007","52,51645",5020524.0,Weinmeisterhornweg,1353.0,41.0
51854,11,4,,2019,8,8,6,3,2,6,0,0,1,0,0,0,1,0,"787396,0225","5825877,046","13,23537","52,5071",4020208.0,Kranzallee,2150.0,61.0
51855,11,7,,2019,12,15,2,3,2,6,1,0,1,0,0,0,0,1,"796507,0734","5822553,084","13,36627","52,47243",7040402.0,Lindenhofsiedlung,4140.0,37.0
51856,11,9,,2019,6,9,3,2,5,2,0,1,1,0,0,0,0,0,"806441,4061","5821308,445","13,51093","52,4558",9020601.0,Schnellerstraße,6235.0,41.0
51857,11,11,,2019,9,8,2,3,5,2,0,1,0,0,0,0,1,0,"803744,8283","5827568,052","13,47707","52,5134",11030721.0,Rüdigerstraße,5752.0,11.0
51858,11,7,,2019,10,17,4,3,5,2,2,1,1,0,0,0,0,0,"795792,0998","5824121,094","13,35716","52,48688",7020203.0,Kaiser-Wilhelm-Platz,3944.0,21.0
51859,11,10,,2019,8,12,6,3,5,3,0,1,1,0,0,0,0,0,"807870,2942","5830969,554","13,54082","52,54158",10010207.0,Marzahner Promenade,6660.0,39.0
51860,11,7,,2019,6,9,3,2,5,3,0,1,0,0,1,0,0,0,"795341,7031","5823442,265","13,34995","52,48104",7020202.0,Volkspark (Rudolf-Wilde-Park),3843.0,36.0
51861,11,9,,2019,3,5,3,3,2,6,1,0,1,0,0,0,0,0,"803094,3065","5820911,759","13,46146","52,45411",9010302.0,Späthsfelde,5535.0,53.0
51862,11,10,,2019,10,5,3,3,2,6,2,0,1,0,0,0,0,0,"811009,3661","5827105,733","13,58335","52,50517",10040830.0,Kaulsdorf Süd,7350.0,61.0
51863,11,4,,2019,8,9,6,3,5,2,0,1,1,0,0,0,0,0,"793675,0884","5826903,623","13,32853","52,51296",4030623.0,Ernst-Reuter-Platz,3552.0,52.0
51865,11,3,,2019,5,9,5,3,0,7,0,1,0,0,0,0,0,0,"799138,1249","5830640,271","13,41216","52,54349",3061131.0,Falkplatz,4761.0,38.0
51866,11,8,,2019,6,17,3,3,2,6,0,0,1,0,0,0,0,0,"801845,6948","5821805,429","13,44395","52,46281",8020619.0,Buschkrugallee Nord,5237.0,45.0
51867,11,3,,2019,3,8,2,3,5,3,0,1,1,0,0,0,0,1,"800037,6218","5833458,724","13,42793","52,56826",3040818.0,Pankow Süd,5068.0,57.0
51868,11,10,,2019,11,16,6,3,2,6,2,0,1,0,0,0,0,0,"810649,0813","5827082,467","13,57804","52,50517",10030727.0,Biesdorf Süd,7250.0,63.0
51869,11,4,,2019,5,9,5,3,2,6,0,1,1,0,0,0,0,1,"790849,932","5826429,535","13,2866","52,51023",4030417.0,Schloßstraße,2951.0,33.0
51870,11,3,,2019,12,20,3,3,0,1,2,0,0,0,1,0,0,2,"802749,7488","5831845,321","13,46635","52,55229",3050920.0,Weißer See,5564.0,65.0
51871,11,3,,2019,6,16,3,3,5,2,0,1,1,0,0,0,0,0,"801171,3728","5830805,388","13,4422","52,54385",3061429.0,Greifswalder Straße,5261.0,46.0
51872,11,12,,2019,3,16,2,2,9,1,0,0,1,0,0,0,1,1,"795212,5778","5833740,436","13,3572","52,57342",12103218.0,Teichstraße,3970.0,41.0
51873,11,7,,2019,10,8,6,2,5,2,0,0,1,0,1,0,0,0,"798586,454","5817930,464","13,39266","52,42986",7050502.0,Fritz-Werner-Straße,4428.0,56.0
51874,11,2,,2019,8,9,6,3,5,3,0,1,0,0,0,0,0,0,"802719,0926","5825868,964","13,46046","52,49875",2050803.0,Stralauer Kiez,5548.0,37.0
51876,11,7,,2019,6,14,3,3,5,2,0,1,1,0,0,0,0,0,"798728,9858","5817525,866","13,39439","52,42616",7050502.0,Fritz-Werner-Straße,4527.0,63.0
51877,11,1,,2019,3,18,1,3,2,6,2,0,1,0,0,0,0,1,"796191,4313","5825802,629","13,36452","52,50173",1011104.0,Körnerstraße,4049.0,39.0
51878,11,4,,2019,10,9,3,3,5,2,0,0,1,0,0,0,0,1,"790143,4583","5826312,385","13,27612","52,50955",4020311.0,Reichsstraße,2751.0,29.0
51879,11,1,,2019,6,19,4,3,2,6,0,0,1,0,0,0,0,0,"796424,3444","5826341,683","13,36842","52,50644",1011105.0,Nördlicher Landwehrkanal,4150.0,19.0
51880,11,4,,2019,8,8,6,3,2,6,0,0,1,0,0,0,0,0,"788848,5959","5826111,059","13,25692","52,50844",4020208.0,Kranzallee,2451.0,53.0
51881,11,11,,2019,12,15,2,3,5,3,1,1,1,1,0,0,0,0,"803720,1819","5827570,261","13,47671","52,51344",11030721.0,Rüdigerstraße,5752.0,11.0
51882,11,7,,2019,5,6,5,3,0,6,1,0,1,0,0,0,0,0,"795309,7837","5822792,155","13,34891","52,47522",7030303.0,Grazer Platz,3841.0,47.0
51883,11,10,,2019,3,9,1,3,2,6,0,0,1,0,0,0,0,0,"808357,1568","5832104,238","13,54903","52,55147",10010206.0,Ringkolonnaden,6863.0,61.0
51884,11,1,,2019,11,9,7,3,0,7,0,1,0,1,0,0,0,1,"796221,088","5830710,808","13,36933","52,54571",1044201.0,Reinickendorfer Straße,4162.0,48.0
51885,11,7,,2019,11,13,4,3,2,2,0,0,1,0,0,0,0,1,"797761,0026","5823839,953","13,38582","52,48329",7040401.0,Neu-Tempelhof,4343.0,38.0
51886,11,9,,2019,6,8,3,3,5,2,0,1,0,0,0,0,1,0,"806130,044","5821623,894","13,50665","52,4588",9020601.0,Schnellerstraße,6136.0,59.0
51887,11,2,,2019,3,9,1,3,0,1,0,0,0,0,1,0,0,0,"801880,9421","5826548,196","13,44877","52,5053",2040703.0,Wriezener Bahnhof/Entwicklungsgebiet,5350.0,52.0
51888,11,9,,2019,10,7,6,3,2,6,1,0,1,0,0,0,0,1,"804106,561","5824366,79","13,47946","52,48451",9010202.0,Köpenicker Landstraße,5744.0,53.0
51889,11,12,,2019,8,7,6,3,6,4,0,1,1,1,0,0,0,0,"795756,5146","5832664,623","13,36424","52,56348",12103219.0,Schäfersee,4067.0,9.0
51891,11,3,,2019,5,9,4,3,0,3,0,1,1,0,0,0,0,0,"799238,2409","5831933,867","13,41479","52,55503",3061126.0,Arnimplatz,4864.0,14.0
51892,11,7,,2019,9,8,2,3,5,2,0,1,0,0,0,0,1,0,"798857,1817","5817279,695","13,39605","52,42388",7050506.0,Birnhornweg,4526.0,46.0
51893,11,3,,2019,6,14,2,3,6,4,0,0,0,1,1,0,0,0,"798455,4572","5833336,119","13,40454","52,56803",3040614.0,Pankow Zentrum,4668.0,57.0
51894,11,9,,2019,3,16,7,3,0,2,0,1,1,0,0,0,0,1,"802664,624","5825208,522","13,45906","52,49286",9010101.0,Elsenstraße,5446.0,19.0
51895,11,5,,2019,6,2,7,3,9,1,2,0,1,0,0,0,0,0,"783596,1073","5826693,548","13,18023","52,51641",5020524.0,Weinmeisterhornweg,1353.0,41.0
51896,11,3,,2019,12,9,7,3,6,4,0,0,1,1,0,0,0,0,"801350,1421","5831004,525","13,44501","52,54553",3061429.0,Greifswalder Straße,5262.0,43.0
51897,11,9,,2019,5,16,4,3,2,6,0,0,1,0,1,0,1,0,"806505,4757","5821228,664","13,5118","52,45505",9020601.0,Schnellerstraße,6235.0,41.0
51898,11,7,,2019,11,16,1,3,2,6,0,0,1,0,0,0,1,1,"798052,4613","5819460,045","13,38619","52,44387",7050501.0,Rathausstraße,4332.0,40.0
191144,11,12,,2019,1,11,4,3,6,7,0,1,0,1,0,0,0,1,"791681,7592","5838148,279","13,30913","52,61484",12231101.0,Hermsdorf,3282.0,63.0
191145,11,11,,2019,1,17,4,3,5,3,2,0,1,0,0,0,0,1,"805414,1672","5833318,89","13,50688","52,56401",11010310.0,Mühlengrund,6167.0,41.0
191146,11,6,,2019,1,17,4,3,5,2,2,1,1,0,0,0,0,1,"795683,6275","5816883,62","13,34916","52,42206",6020306.0,Lankwitz Süd,3825.0,64.0
191147,11,7,,2019,1,17,4,3,1,5,2,1,0,0,0,0,1,1,"798485,0395","5821664,59","13,39451","52,46339",7040405.0,Rathaus Tempelhof,4538.0,53.0
191148,11,6,,2019,1,16,4,3,5,3,2,1,0,0,0,0,1,1,"793391,8665","5820412,053","13,31866","52,45492",6010101.0,Fichtenberg,3335.0,47.0
191149,11,10,,2019,1,16,4,3,5,3,2,0,1,0,0,0,0,1,"808402,1959","5833051,475","13,55058","52,55993",10010203.0,Gewerbegebiet Bitterfelder Straße,6866.0,65.0
191150,11,10,,2019,1,7,4,3,6,7,1,0,1,1,0,0,0,1,"808563,9035","5830111,05","13,55022","52,53349",10010309.0,Springpfuhl,6858.0,59.0
191151,11,1,,2019,1,7,4,3,5,2,2,1,0,0,0,0,1,1,"796666,7445","5831961,092","13,377","52,55668",1044201.0,Reinickendorfer Straße,4265.0,5.0
191152,11,4,,2019,1,7,4,3,5,2,2,1,1,0,0,0,0,1,"793333,618","5823074,251","13,32014","52,47882",4051551.0,Brabanter Platz,3442.0,43.0
191153,11,1,,2019,1,6,4,3,2,6,2,0,1,0,0,0,0,1,"798552,7194","5827799,39","13,401","52,51835",1011202.0,Unter den Linden Nord,4654.0,10.0
191154,11,7,,2019,1,6,4,3,6,4,2,0,1,1,0,0,0,1,"797670,5855","5823851,132","13,38451","52,48344",7040401.0,Neu-Tempelhof,4343.0,38.0
191155,11,1,,2019,1,15,4,3,5,3,1,0,1,0,1,0,0,1,"795151,5091","5831044,886","13,3539","52,54929",1044103.0,Westliche Müllerstraße,3963.0,52.0
191156,11,7,,2019,1,5,4,3,5,7,1,0,1,0,0,0,1,1,"795521,952","5824979,321","13,35396","52,49472",7010102.0,Nollendorfplatz,3947.0,56.0
191157,11,3,,2019,1,7,4,3,5,2,2,1,1,0,0,0,0,1,"798135,557","5835470,38","13,40176","52,58733",3020209.0,Niederschönhausen,4674.0,48.0
191158,11,5,,2019,1,8,4,3,6,7,2,0,1,1,0,0,0,1,"783150,3982","5827365,08","13,17425","52,52267",5020523.0,Maulbeerallee,1255.0,61.0
191159,11,6,,2019,1,8,4,3,1,5,0,0,1,0,0,0,1,1,"794724,9696","5821642,714","13,3393","52,46524",6010209.0,Feuerbachstraße,3738.0,53.0
191160,11,1,,2019,1,10,4,3,6,7,0,0,1,1,0,0,0,1,"796800,8498","5830360,098","13,37754","52,54226",1033203.0,Humboldthain Nordwest,4261.0,37.0
191161,11,10,,2019,1,6,4,3,2,2,2,0,1,0,0,0,0,1,"811156,6377","5829142,581","13,58742","52,52334",10020622.0,Kaulsdorf Nord I,7355.0,51.0
191162,11,8,,2019,1,10,4,3,2,6,0,0,1,0,0,0,0,1,"804800,4146","5817834,717","13,48369","52,42558",8041035.0,Blumenviertel,5826.0,49.0
191163,11,6,,2019,1,10,4,2,6,2,0,0,1,1,0,0,0,1,"795366,6662","5818441,87","13,34589","52,4362",6020303.0,Lankwitz Kirche,3730.0,44.0
191164,11,3,,2019,1,10,4,2,2,6,0,0,1,0,0,0,0,1,"798965,8035","5835022,436","13,41357","52,58286",3040614.0,Pankow Zentrum,4872.0,61.0
191165,11,3,,2019,1,9,4,3,0,7,0,0,1,0,0,0,0,1,"802887,3437","5833540,902","13,46992","52,56742",3030716.0,Märchenland,5668.0,59.0
191166,11,5,,2019,1,5,4,3,3,6,2,0,1,0,0,1,0,1,"789585,2893","5829308,583","13,27053","52,53671",5030832.0,Rohrdamm,2659.0,45.0
191167,11,4,,2019,1,16,4,3,5,2,0,0,1,0,0,0,0,1,"791388,2177","5828585,686","13,2964","52,52927",4030518.0,Tegeler Weg,3057.0,55.0
191168,11,2,,2019,1,18,4,3,5,3,2,0,1,0,0,0,0,1,"799550,5246","5825854,841","13,41391","52,50037",2010103.0,Moritzplatz,4848.0,3.0
191169,11,1,,2019,1,16,3,2,6,4,1,0,1,1,0,0,0,0,"794815,6528","5830253,858","13,34826","52,54238",1044103.0,Westliche Müllerstraße,3861.0,37.0
191170,11,12,,2019,1,18,3,3,2,6,2,0,1,0,0,0,0,1,"793422,8871","5833181,411","13,33037","52,56938",12103220.0,Humboldtstraße,3569.0,53.0
191171,11,8,,2019,1,18,4,3,2,6,2,0,1,0,0,0,0,1,"801403,894","5821113,144","13,43684","52,45685",8020619.0,Buschkrugallee Nord,5136.0,62.0
191172,11,2,,2019,1,10,3,3,1,5,0,1,1,0,0,0,0,1,"801855,2577","5827407,853","13,44917","52,51302",2040702.0,Weberwiese,5352.0,35.0
191173,11,1,,2019,1,10,3,3,6,4,0,1,0,1,0,0,0,1,"797863,96","5827637,309","13,39073","52,51727",1011202.0,Unter den Linden Nord,4453.0,15.0
191174,11,2,,2019,1,7,3,3,5,3,2,0,1,0,0,0,0,1,"801767,78","5826253,667","13,44684","52,50272",2040703.0,Wriezener Bahnhof/Entwicklungsgebiet,5249.0,5.0
191175,11,2,,2019,1,22,3,3,6,2,2,0,1,1,0,0,0,1,"798447,1062","5826543,447","13,39832","52,50715",2010102.0,Mehringplatz,4550.0,26.0
191176,11,10,,2019,1,19,3,3,6,2,2,0,1,1,0,0,0,1,"808401,6598","5831204,46","13,54885","52,54338",10010207.0,Marzahner Promenade,6861.0,54.0
191177,11,7,,2019,1,20,3,3,6,7,2,0,1,1,0,0,0,1,"795252,8109","5825058,622","13,35008","52,49557",7010102.0,Nollendorfplatz,3847.0,40.0
191178,11,12,,2019,1,20,3,2,5,3,2,0,1,0,0,0,0,1,"791424,9864","5838774,098","13,3059","52,62059",12231101.0,Hermsdorf,3284.0,61.0
191179,11,7,,2019,1,20,3,3,6,4,1,0,1,1,0,0,0,1,"794696,054","5825759,424","13,34252","52,50216",7010101.0,Wittenbergplatz/Viktoria-Luise-Platz,3749.0,17.0
191180,11,11,,2019,1,19,3,3,1,5,2,1,1,0,0,0,0,1,"803271,6767","5828979,787","13,47141","52,52632",11030618.0,Fennpfuhl West,5656.0,65.0
191181,11,5,,2019,1,18,3,3,2,7,2,0,1,0,0,0,0,1,"784038,9666","5832447,647","13,19166","52,56778",5010101.0,Hakenfelde Nord,1568.0,63.0
191182,11,7,,2019,1,18,3,3,2,6,2,0,1,0,0,0,0,1,"797419,2196","5817417,887","13,37509","52,42591",7060603.0,Marienfelde Nordost,4227.0,57.0
191183,11,5,,2019,1,18,3,2,6,2,2,0,1,1,0,0,0,1,"784801,3049","5828808,961","13,19976","52,53475",5010314.0,Carl-Schurz-Straße,1658.0,8.0
191184,11,4,,2019,1,18,3,3,6,2,2,0,1,1,0,0,0,1,"792901,7162","5823283,34","13,31398","52,48092",4051551.0,Brabanter Platz,3343.0,53.0
191185,11,9,,2019,1,18,3,3,2,6,2,0,1,0,0,0,0,1,"810755,1729","5821229,502","13,57414","52,45265",9051901.0,Dammvorstadt,7134.0,43.0
191186,11,6,,2019,1,18,3,3,2,6,2,0,1,0,0,0,0,1,"792278,5105","5818604,112","13,30074","52,43931",6030610.0,Lichterfelde West,3130.0,63.0
191187,11,6,,2019,1,18,3,2,6,2,2,0,1,1,0,0,0,1,"793894,246","5820966,097","13,32652","52,45962",6010102.0,Schloßstraße,3536.0,43.0
191188,11,1,,2019,1,18,3,3,5,3,2,0,1,0,0,0,0,1,"795162,7209","5827238,239","13,35069","52,51516",1011102.0,Großer Tiergarten,3853.0,44.0
191189,11,4,,2019,1,18,3,3,2,6,2,0,1,0,0,0,0,1,"792016,0472","5824048,571","13,30165","52,48826",4051445.0,Eisenzahnstraße,3145.0,38.0
191190,11,8,,2019,1,17,3,3,5,3,2,1,1,0,0,0,0,1,"802483,13","5822557,723","13,45399","52,4692",8010510.0,Gewerbegebiet Köllnische Heide,5439.0,56.0
191191,11,6,,2019,1,15,3,2,6,4,1,0,1,1,0,0,0,1,"793970,8654","5820791,219","13,32749","52,45801",6010208.0,Bergstraße,3536.0,43.0
191192,11,1,,2019,1,9,3,3,5,2,0,0,1,0,0,0,1,1,"795680,841","5830926,05","13,36158","52,54794",1044201.0,Reinickendorfer Straße,4062.0,45.0
191193,11,2,,2019,1,17,3,3,5,3,2,1,1,0,0,0,0,1,"802670,4969","5828101,141","13,46177","52,51878",2050602.0,Samariterviertel,5554.0,57.0
191194,11,1,,2019,1,17,3,2,0,7,1,0,0,0,1,0,1,1,"796964,3909","5830547,831","13,38011","52,54385",1033202.0,Humboldthain Süd,4361.0,61.0
191195,11,6,,2019,1,17,3,2,6,4,2,0,1,1,0,0,0,1,"788952,8133","5816380,58","13,25003","52,42114",6030504.0,Teltower Damm,2325.0,54.0
191196,11,4,,2019,1,16,3,3,3,6,2,0,1,0,1,0,1,1,"792280,251","5825933,726","13,30718","52,50502",4030929.0,Hindemithplatz,3250.0,40.0
191197,11,3,,2019,1,16,3,2,6,4,2,0,1,1,0,0,0,1,"801441,2256","5830948,672","13,4463","52,54498",3061429.0,Greifswalder Straße,5261.0,46.0
191198,11,12,,2019,1,16,3,3,6,2,2,0,1,1,0,0,0,1,"796755,9131","5833625,172","13,3798","52,57155",12103116.0,Hausotterplatz,4369.0,65.0
191199,11,1,,2019,1,15,3,3,5,3,0,1,1,0,0,0,0,1,"798550,9063","5827801,871","13,40097","52,51837",1011202.0,Unter den Linden Nord,4654.0,10.0
191200,11,1,,2019,1,14,3,2,5,2,0,1,1,0,0,0,0,1,"794569,4748","5828430,72","13,34302","52,52617",1022104.0,Emdener Straße,3756.0,4.0
191201,11,12,,2019,1,13,3,2,6,4,0,0,0,1,1,0,0,1,"793107,7066","5837644,829","13,32968","52,60956",12302212.0,Rollbergesiedlung,3580.0,59.0
191202,11,11,,2019,1,13,3,3,5,3,0,0,1,0,0,0,1,1,"806200,0844","5832525,388","13,51771","52,55646",11020411.0,Malchower Weg,6365.0,62.0
191203,11,1,,2019,1,11,3,3,3,6,0,0,1,0,1,0,0,1,"794549,6452","5828928,155","13,34317","52,53064",1022104.0,Emdener Straße,3757.0,51.0
191204,11,4,,2019,1,11,3,3,5,3,0,0,1,0,0,0,0,1,"789490,8785","5826788,585","13,26695","52,51417",4020311.0,Reichsstraße,2652.0,50.0
191205,11,4,,2019,1,11,3,3,5,3,0,0,1,0,0,0,0,1,"791149,1522","5822595,994","13,28765","52,4757",4041240.0,Messelpark,2941.0,57.0
191206,11,7,,2019,1,12,3,3,0,6,0,0,1,0,0,0,1,1,"796068,961","5824041,766","13,36116","52,48602",7020204.0,Schöneberger Insel,4044.0,52.0
191207,11,9,,2019,1,6,3,3,6,2,2,0,1,1,0,0,0,1,"812138,2612","5820058,41","13,59333","52,44137",9041402.0,Siedlung Kämmereiheide,7431.0,64.0
191208,11,4,,2019,1,17,3,1,6,2,2,0,1,1,0,0,0,1,"790860,2576","5823812,355","13,28447","52,48676",4041134.0,Bismarckallee,2844.0,55.0
191209,11,9,,2019,1,17,2,3,2,7,1,0,1,0,0,0,0,0,"806806,7597","5822000,223","13,51693","52,46179",9020502.0,Oberschöneweide Ost,6337.0,65.0
191210,11,7,,2019,1,16,2,3,6,4,1,0,1,1,0,0,0,1,"795513,7035","5825400,158","13,35421","52,49849",7010102.0,Nollendorfplatz,3948.0,43.0
191211,11,10,,2019,1,18,2,2,6,4,2,0,1,1,0,0,0,1,"811217,4934","5828829,621","13,58802","52,5205",10020622.0,Kaulsdorf Nord I,7354.0,60.0
191212,11,6,,2019,1,19,2,3,1,5,2,0,1,0,0,0,0,1,"788744,6878","5820133,208","13,25022","52,4549",6040804.0,Krumme Lanke,2335.0,62.0
191213,11,6,,2019,1,19,2,3,2,6,2,0,1,0,0,0,0,1,"790386,1534","5820826,214","13,27491","52,46024",6040810.0,Dahlem,2737.0,55.0
191214,11,1,,2019,1,18,2,3,3,6,2,0,1,0,0,0,0,1,"795248,6597","5830966,197","13,35526","52,54853",1044103.0,Westliche Müllerstraße,3962.0,49.0
191215,11,5,,2019,1,21,2,2,9,1,2,0,1,0,0,0,0,1,"782433,7318","5830474,48","13,16636","52,55092",5010206.0,Gütersloher Weg,1163.0,42.0
191216,11,8,,2019,1,22,2,3,2,6,2,0,1,0,0,0,0,1,"800780,1202","5824334,085","13,4306","52,48606",8010301.0,Reuterkiez,5044.0,14.0
191217,11,1,,2019,1,21,2,3,5,2,2,1,0,0,0,0,0,1,"794622,3144","5829867,797","13,34507","52,53902",1044202.0,Sparrplatz,3760.0,45.0
191218,11,12,,2019,1,20,2,2,6,2,2,0,1,1,0,0,0,1,"795271,604","5836364,301","13,3604","52,59691",12302110.0,Dannenwalder Weg,4077.0,58.0
191219,11,8,,2019,1,15,2,3,2,2,0,0,1,0,0,0,0,1,"801457,418","5823887,892","13,44014","52,48169",8010301.0,Reuterkiez,5243.0,34.0
191220,11,3,,2019,1,8,2,3,1,5,1,1,0,0,0,0,1,1,"803691,7695","5831996,151","13,48034","52,55312",3051022.0,Hansastraße,5764.0,57.0
191221,11,5,,2019,1,7,2,3,2,6,1,0,1,0,0,0,0,1,"780851,1062","5820365,75","13,13455","52,4611",5040936.0,Jägerallee,637.0,61.0
191222,11,3,,2019,1,11,2,3,6,4,0,1,0,1,0,0,0,1,"802230,8772","5829345,134","13,45645","52,53017",3061430.0,Volkspark Prenzlauer Berg,5457.0,20.0
191223,11,12,,2019,1,8,2,3,6,2,0,0,1,1,0,0,0,1,"792457,936","5837312,801","13,31982","52,60693",12301205.0,Waidmannslust,3480.0,38.0
191224,11,6,,2019,1,17,2,3,2,2,2,0,1,0,0,0,0,1,"793196,5346","5819800,53","13,31525","52,44954",6030609.0,Augustaplatz,3333.0,61.0
191225,11,2,,2019,1,17,2,3,6,2,2,0,1,1,0,0,0,1,"802288,7021","5826308,91","13,45454","52,50293",2050803.0,Stralauer Kiez,5449.0,56.0
191226,11,1,,2019,1,17,2,3,5,2,2,1,1,0,0,0,0,1,"796947,1418","5826781,323","13,3765","52,5101",1011201.0,Wilhelmstraße,4251.0,2.0
191227,11,3,,2019,1,17,2,3,5,3,2,1,1,0,0,0,0,1,"797412,6341","5833971,338","13,38977","52,57429",3040513.0,Schönholz,4470.0,56.0
191228,11,6,,2019,1,17,2,3,1,5,2,0,1,0,0,0,0,1,"792307,4311","5819306,059","13,30177","52,44559",6030609.0,Augustaplatz,3132.0,61.0
191229,11,4,,2019,1,17,2,3,5,2,2,0,1,0,0,0,0,1,"792707,6303","5825468,019","13,31305","52,50061",4030929.0,Hindemithplatz,3348.0,36.0
191230,11,11,,2019,1,16,2,3,3,6,2,1,1,0,0,0,0,1,"807683,6568","5824547,508","13,53214","52,48413",11051331.0,Karlshorst Nord,6544.0,55.0
191231,11,5,,2019,1,16,2,3,5,3,1,0,1,0,0,0,0,1,"782246,8186","5827617,444","13,16119","52,5254",5020523.0,Maulbeerallee,1056.0,64.0
191232,11,1,,2019,1,16,2,3,5,2,1,1,1,0,0,0,0,1,"796555,0379","5831635,625","13,37507","52,55382",1044201.0,Reinickendorfer Straße,4264.0,38.0