OBJECTID,LAND,BEZ,LOR_ab_2021,UJAHR,UMONAT,USTUNDE,UWOCHENTAG,UKATEGORIE,UART,UTYP1,ULICHTVERH,IstRad,IstPKW,IstFuss,IstKrad,IstGkfz,IstSonstige,USTRZUSTAND,LINREFX,LINREFY,XGCSWGS84,YGCSWGS84,LOR,STRASSE,quadrant,quadrant_rank
191233,11,3,,2019,1,10,2,3,5,7,0,0,1,0,0,0,0,1,"796038,6181","5836681,631","13,37198","52,59934",3040508.0,Rosenthal,4177.0,61.0
191234,11,11,,2019,1,15,2,3,5,3,0,1,1,0,0,0,0,1,"807451,0942","5824781,364","13,52894","52,48635",11051331.0,Karlshorst Nord,6544.0,55.0
191235,11,6,,2019,1,14,2,3,2,2,0,0,1,0,0,0,0,1,"790288,472","5814825,282","13,26826","52,40649",6030502.0,Zehlendorf Süd,2621.0,57.0
191236,11,11,,2019,1,10,2,3,5,3,0,0,1,0,0,0,0,1,"806690,7674","5833399,321","13,52573","52,56402",11010205.0,Falkenberg West,6467.0,63.0
191237,11,2,,2019,1,14,2,3,4,1,0,0,1,0,0,0,0,1,"799006,6184","5824116,719","13,40436","52,48509",2020205.0,Chamissokiez,4644.0,63.0
191238,11,2,,2019,1,9,2,2,0,1,0,0,0,0,1,0,0,1,"802499,2744","5828272,437","13,45941","52,52041",2050602.0,Samariterviertel,5454.0,53.0
191239,11,1,,2019,1,12,2,3,2,6,0,0,1,0,0,0,0,1,"795189,141","5831031,924","13,35444","52,54915",1044103.0,Westliche Müllerstraße,3963.0,52.0
191240,11,4,,2019,1,11,2,3,5,2,0,0,1,0,1,0,0,1,"792978,3476","5824197,773","13,31591","52,48908",4051550.0,Leon-Jessel-Platz,3345.0,42.0
191241,11,4,,2019,1,16,2,3,5,2,2,0,1,0,0,0,0,1,"791793,2011","5827482,791","13,30139","52,51917",4030620.0,Alt-Lietzow,3154.0,20.0
191242,11,2,,2019,1,9,2,3,5,3,1,1,1,0,0,0,0,1,"800663,9747","5825829,873","13,43024","52,49953",2030302.0,Lausitzer Platz,5048.0,24.0
191243,11,6,,2019,1,15,2,3,4,6,0,0,1,0,0,0,0,1,"790235,1135","5817526,811","13,26982","52,43074",6030503.0,Zehlendorf Mitte,2628.0,59.0
191244,11,12,,2019,1,11,2,3,6,2,0,0,1,1,0,0,0,1,"792370,2405","5834065,165","13,31566","52,57787",12301203.0,Wittenau Süd,3371.0,40.0
191245,11,12,,2019,1,15,2,3,2,6,1,0,1,0,0,0,0,1,"793010,8451","5832184,233","13,32343","52,56066",12214424.0,Scharnweberstraße,3466.0,46.0
191246,11,4,,2019,1,9,2,3,5,2,0,0,1,0,1,0,0,1,"794080,368","5826308,074","13,33396","52,50741",4030931.0,Breitscheidplatz,3650.0,32.0
191247,11,1,,2019,1,8,2,3,6,4,0,0,1,1,0,0,0,1,"798072,8443","5828938,187","13,39497","52,52882",1011302.0,Oranienburger Straße,4557.0,40.0
191248,11,6,,2019,1,8,2,2,5,2,0,0,1,0,0,0,0,1,"793602,8879","5815904,581","13,31779","52,4144",6020411.0,Schütte-Lanz-Straße,3323.0,62.0
191249,11,4,,2019,1,8,2,3,5,2,1,1,1,0,0,0,0,1,"793066,1918","5827662,759","13,32025","52,5201",4030621.0,Spreestadt,3454.0,49.0
191250,11,1,,2019,1,8,2,2,6,4,0,0,1,1,0,0,0,1,"796423,6076","5830099,48","13,37176","52,54012",1033203.0,Humboldthain Nordwest,4160.0,4.0
191251,11,4,,2019,1,7,2,3,6,2,1,0,1,1,0,0,0,1,"792903,0441","5827393,842","13,31762","52,51777",4030620.0,Alt-Lietzow,3353.0,38.0
191252,11,8,,2019,1,7,2,2,6,4,2,0,1,1,0,0,0,1,"800497,6287","5819307,986","13,42192","52,44117",8020621.0,Mohriner Allee Nord,4931.0,61.0
191253,11,5,,2019,1,6,2,3,6,2,2,0,1,1,0,0,0,1,"785772,7965","5828538,105","13,21381","52,53182",5010339.0,Freiheit,1858.0,63.0
191254,11,12,,2019,1,6,2,3,5,3,2,0,1,0,1,0,0,1,"791052,558","5835457,9","13,29749","52,59106",12304314.0,Ziekowstraße/Freie Scholle,3075.0,58.0
191255,11,10,,2019,1,18,2,3,1,5,2,1,0,0,0,0,1,1,"806707,6319","5830267,094","13,52309","52,53594",10010308.0,Marzahner Chaussee,6459.0,59.0
191256,11,2,,2019,1,11,2,3,5,3,0,0,1,0,0,0,1,1,"798599,0847","5825578,718","13,39969","52,49841",2010104.0,Wassertorplatz,4548.0,24.0
191257,11,9,,2019,1,13,1,3,1,5,0,1,1,0,0,0,0,0,"814597,8148","5820806,934","13,6301","52,44667",9051702.0,Bölschestraße,8033.0,63.0
191258,11,1,,2019,1,18,1,3,2,6,2,0,1,0,0,0,0,0,"797521,1463","5829439,683","13,38731","52,53361",1033202.0,Humboldthain Süd,4458.0,48.0
191259,11,5,,2019,1,17,1,2,5,3,2,1,1,0,0,0,0,0,"787974,9746","5830384,9","13,24778","52,54721",5030731.0,Gartenfelder Straße,2362.0,54.0
191260,11,2,,2019,1,16,1,3,2,6,2,0,1,0,0,0,0,0,"800796,0483","5828199,008","13,43432","52,52069",2040502.0,Friedenstraße,5154.0,55.0
191261,11,1,,2019,1,16,1,3,5,2,2,1,1,0,0,0,0,0,"799582,7043","5828043,697","13,41635","52,51997",1011304.0,Karl-Marx-Allee,4854.0,36.0
191262,11,6,,2019,1,14,1,2,5,3,0,1,1,0,0,0,0,0,"790022,8251","5815953,84","13,26535","52,41675",6030504.0,Teltower Damm,2624.0,65.0
191263,11,12,,2019,1,3,1,2,6,4,2,0,1,1,0,0,0,0,"793835,9265","5836156,962","13,33908","52,59583",12302107.0,Schorfheidestraße,3676.0,38.0
191264,11,7,,2019,1,14,7,3,3,7,0,1,1,0,0,0,0,1,"795683,979","5824075,812","13,35554","52,48653",7020203.0,Kaiser-Wilhelm-Platz,3944.0,21.0
191265,11,1,,2019,1,11,7,3,2,6,0,0,1,0,0,0,0,1,"795748,0805","5831894,937","13,36343","52,55659",1044203.0,Leopoldplatz,4065.0,7.0
191266,11,1,,2019,1,9,7,2,4,1,0,0,1,0,0,0,1,1,"794288,6194","5829929,113","13,34022","52,53975",1044101.0,Rehberge,3760.0,45.0
191267,11,1,,2019,1,6,7,3,5,3,2,1,1,0,0,0,0,1,"799682,2285","5827210,083","13,41706","52,51244",1011305.0,Heine-Viertel West,4852.0,45.0
191268,11,8,,2019,1,0,7,3,2,2,2,0,1,0,0,1,0,1,"800515,3649","5823440,356","13,4259","52,4782",8010117.0,Schillerpromenade,4942.0,18.0
191269,11,8,,2019,1,21,7,3,6,2,2,0,1,1,0,0,0,1,"800523,707","5823439,842","13,42603","52,47819",8010117.0,Schillerpromenade,4942.0,18.0
191270,11,3,,2019,1,18,7,3,6,7,2,0,1,1,0,0,0,1,"799550,1268","5829909,848","13,41756","52,53672",3071537.0,Kollwitzplatz,4859.0,52.0
191271,11,10,,2019,1,17,7,3,2,6,2,0,1,0,0,0,0,1,"806566,5664","5828143,401","13,51905","52,51698",10010308.0,Marzahner Chaussee,6353.0,65.0
191272,11,5,,2019,1,17,7,3,2,6,2,0,1,0,0,0,0,1,"783707,0794","5830174,9","13,18484","52,54757",5010207.0,Darbystraße,1462.0,37.0
191273,11,6,,2019,1,17,7,3,6,4,2,0,1,1,0,0,0,2,"793277,3834","5819081,06","13,31581","52,44305",6030609.0,Augustaplatz,3332.0,58.0
191274,11,10,,2019,1,19,6,2,0,1,2,0,0,0,1,0,0,1,"809978,9619","5832086,215","13,57286","52,55039",10010206.0,Ringkolonnaden,7163.0,56.0
191275,11,12,,2019,1,12,6,3,5,2,0,1,1,0,0,0,0,0,"795583,1887","5833129,154","13,3621","52,56774",12103219.0,Schäfersee,4068.0,46.0
191276,11,7,,2019,1,22,6,3,5,3,2,0,1,0,0,0,0,1,"799071,3713","5821704,569","13,40315","52,46343",7040405.0,Rathaus Tempelhof,4638.0,48.0
191277,11,5,,2019,1,21,6,3,8,1,2,0,1,0,0,0,0,1,"779812,4477","5827763,774","13,12552","52,52797",5020521.0,Döberitzer Weg,556.0,60.0
191278,11,1,,2019,1,21,6,3,3,6,2,0,0,0,1,0,1,1,"796810,3688","5828836,178","13,37632","52,52859",1011301.0,Charitéviertel,4257.0,20.0
191279,11,12,,2019,1,20,6,2,6,4,2,0,1,1,0,0,0,1,"792550,2063","5832825,256","13,31722","52,56665",12214424.0,Scharnweberstraße,3368.0,49.0
191280,11,2,,2019,1,18,6,3,6,4,2,1,0,1,0,0,0,1,"802724,4493","5826970,822","13,46154","52,50862",2050802.0,Boxhagener Platz,5551.0,40.0
191281,11,11,,2019,1,13,6,3,5,2,0,1,1,0,0,0,0,1,"806700,2883","5833982,649","13,52641","52,56924",11010204.0,Falkenberg Ost,6468.0,61.0
191282,11,10,,2019,1,15,6,3,5,3,0,1,1,0,0,0,0,1,"811939,0391","5828947,763","13,59873","52,52114",10040828.0,Kaulsdorf Nord,7554.0,63.0
191283,11,4,,2019,1,14,6,3,1,5,0,0,1,0,0,0,0,1,"791884,5998","5830685,551","13,30554","52,54783",4010102.0,Plötzensee,3162.0,49.0
191284,11,4,,2019,1,15,6,3,5,3,1,1,1,0,0,0,0,1,"791526,2229","5823555,477","13,29402","52,4841",4041238.0,Kissinger Straße,3044.0,50.0
191285,11,12,,2019,1,14,6,3,6,2,0,0,1,1,0,0,0,1,"795762,2327","5832568,706","13,36424","52,56262",12103219.0,Schäfersee,4067.0,9.0
191286,11,2,,2019,1,16,6,3,6,4,2,1,0,1,0,0,0,1,"801344,3756","5825832,702","13,44024","52,49918",2030402.0,Wrangelkiez,5248.0,21.0
191287,11,2,,2019,1,13,6,3,0,7,0,0,1,0,1,0,0,1,"799182,9373","5825887,246","13,40854","52,50086",2010103.0,Moritzplatz,4748.0,28.0
191288,11,4,,2019,1,10,6,3,5,5,0,0,1,0,0,0,0,1,"791604,7108","5825598,563","13,29697","52,50237",4030726.0,Droysenstraße,3049.0,57.0
191289,11,4,,2019,1,13,6,3,5,5,0,0,1,0,0,1,0,1,"791003,6485","5827416,25","13,28972","52,51899",4030415.0,Schloßgarten,2954.0,41.0
191290,11,6,,2019,1,14,6,3,2,3,0,0,1,0,0,0,0,1,"795325,8523","5819972,578","13,34665","52,44994",6010205.0,Südende,3834.0,50.0
191291,11,12,,2019,1,13,6,3,1,5,0,0,1,0,0,0,0,1,"795019,4426","5832550,563","13,3533","52,56286",12103219.0,Schäfersee,3967.0,65.0
191292,11,11,,2019,1,8,6,3,5,3,1,0,1,0,0,0,1,1,"804831,7172","5833773,047","13,49873","52,56841",11010309.0,Zingster Straße West,6068.0,65.0
191293,11,11,,2019,1,5,6,3,5,3,2,1,1,0,0,0,0,1,"806141,1634","5826839,339","13,51161","52,50553",11040926.0,Weitlingstraße,6250.0,55.0
191294,11,5,,2019,1,5,6,3,6,2,2,0,1,1,0,0,0,0,"781549,0073","5830710,248","13,15355","52,55349",5010206.0,Gütersloher Weg,964.0,53.0
191295,11,8,,2019,1,12,6,3,5,3,0,0,1,0,0,0,1,1,"802005,5721","5823298,882","13,44765","52,47611",8010404.0,Rixdorf,5341.0,41.0
191296,11,2,,2019,1,11,5,3,0,6,0,0,1,0,0,0,1,0,"800239,2754","5824610,488","13,4229","52,48884",2020206.0,Graefekiez,4945.0,47.0
191297,11,1,,2019,1,15,5,3,2,6,0,0,1,0,0,0,0,0,"797271,7032","5831271,241","13,38528","52,55017",1033102.0,Gesundbrunnen,4363.0,22.0
191298,11,5,,2019,1,15,5,2,5,2,0,0,1,0,1,0,0,0,"785164,463","5828949,436","13,20522","52,53582",5010314.0,Carl-Schurz-Straße,1759.0,52.0
191299,11,8,,2019,1,22,5,3,5,2,2,0,1,0,0,0,0,0,"802008,6722","5822421,633","13,4469","52,46824",8010214.0,Glasower Straße,5339.0,64.0
191300,11,4,,2019,1,14,5,2,5,3,0,1,1,0,0,0,0,0,"790741,7102","5822643,997","13,28171","52,47635",4041240.0,Messelpark,2841.0,54.0
191301,11,9,,2019,1,14,5,3,5,3,0,1,1,0,0,0,0,0,"811002,3572","5821743,476","13,57824","52,45712",9051901.0,Dammvorstadt,7236.0,45.0
191302,11,4,,2019,1,14,5,3,5,2,0,0,1,0,0,0,0,1,"793513,1987","5825445,268","13,32487","52,49998",4030931.0,Breitscheidplatz,3448.0,49.0
191303,11,3,,2019,1,12,5,2,6,4,0,0,1,1,0,0,0,0,"802011,4662","5829665,872","13,45351","52,53317",3061430.0,Volkspark Prenzlauer Berg,5358.0,56.0
191304,11,9,,2019,1,19,5,3,6,4,2,0,1,1,0,0,0,0,"814210,095","5822012,573","13,62555","52,4577",9051702.0,Bölschestraße,7936.0,55.0
191305,11,1,,2019,1,13,5,3,5,2,0,0,1,0,1,0,0,1,"795271,403","5826033,423","13,35121","52,5043",1011103.0,Lützowstraße,3850.0,33.0
191306,11,5,,2019,1,17,5,2,6,4,2,0,1,1,0,0,0,0,"782241,2936","5830282,975","13,16337","52,5493",5010206.0,Gütersloher Weg,1063.0,62.0
191307,11,3,,2019,1,17,5,3,5,2,2,1,1,0,0,0,0,0,"802590,616","5829279,205","13,46167","52,52938",11030618.0,Fennpfuhl West,5557.0,49.0
191308,11,12,,2019,1,21,5,2,0,1,2,0,0,0,1,0,0,0,"793461,1474","5836991,598","13,33431","52,60351",12302211.0,Lübarser Straße,3679.0,62.0
191309,11,1,,2019,1,11,5,3,5,2,0,0,1,0,0,0,0,1,"795437,3276","5829538,445","13,35676","52,53563",1022201.0,Stephankiez,3959.0,52.0
191310,11,7,,2019,1,11,5,3,6,7,0,0,1,1,0,0,0,1,"795083,0432","5825592,153","13,34806","52,50045",7010102.0,Nollendorfplatz,3848.0,36.0
191311,11,4,,2019,1,10,5,2,5,3,0,1,1,0,0,0,0,0,"789838,0797","5827374,657","13,27256","52,51924",4020310.0,Park Ruhwald,2754.0,42.0
191312,11,7,,2019,1,8,5,3,3,6,0,1,0,0,0,0,1,0,"797408,7747","5820428,288","13,37761","52,4529",7040404.0,Marienhöhe,4234.0,52.0
191313,11,8,,2019,1,8,5,3,5,3,0,1,1,0,0,0,0,0,"804215,013","5816452,578","13,47385","52,41352",8041036.0,Zittauer Straße,5723.0,61.0
191314,11,5,,2019,1,6,5,3,5,2,2,0,1,0,0,0,0,0,"780872,9875","5828321,922","13,14158","52,53242",5020419.0,Magistratsweg,758.0,54.0
191315,11,1,,2019,1,6,5,3,6,2,2,0,1,1,0,0,0,0,"796097,8993","5828437,105","13,36549","52,5254",1022206.0,Lüneburger Straße,4056.0,47.0
191316,11,8,,2019,1,21,4,3,1,5,2,1,1,0,0,0,0,0,"801099,3013","5822182,291","13,43334","52,4666",8010214.0,Glasower Straße,5038.0,31.0
191317,11,3,,2019,1,18,4,3,0,5,2,0,1,0,1,0,0,1,"800484,4344","5829484,347","13,4309","52,53239",3071639.0,Bötzowstraße,5058.0,45.0
191318,11,4,,2019,1,18,4,3,5,3,2,1,1,0,0,0,0,0,"792965,1076","5826950,747","13,31814","52,51377",4030623.0,Ernst-Reuter-Platz,3352.0,26.0
191319,11,2,,2019,1,16,4,3,2,6,2,0,1,0,0,0,0,1,"801385,6543","5828739,203","13,44347","52,52521",2040503.0,Richard-Sorge-Viertel,5256.0,48.0
191320,11,1,,2019,1,14,4,3,3,6,0,0,1,0,0,0,0,0,"797734,0961","5827617,167","13,38881","52,51716",1011202.0,Unter den Linden Nord,4453.0,15.0
191321,11,6,,2019,1,13,4,3,2,6,0,0,1,0,0,0,0,1,"791938,5768","5819049,864","13,29614","52,44349",6030610.0,Lichterfelde West,3032.0,48.0
191322,11,8,,2019,1,12,4,3,5,3,0,0,1,0,0,0,0,1,"801239,357","5822480,497","13,43566","52,46919",8010213.0,Körnerpark,5139.0,41.0
191323,11,4,,2019,1,12,4,3,6,2,0,0,1,1,0,0,0,0,"790701,947","5822699,462","13,28117","52,47687",4041136.0,Hagenplatz,2841.0,54.0
191324,11,10,,2019,1,12,4,3,2,6,0,0,1,0,0,0,1,1,"806514,9359","5829428,772","13,51948","52,52853",10010308.0,Marzahner Chaussee,6357.0,60.0
191325,11,4,,2019,1,11,4,2,6,4,0,0,0,1,0,0,1,1,"793448,3446","5826561,315","13,3249","52,51002",4030623.0,Ernst-Reuter-Platz,3451.0,50.0
191326,11,7,,2019,1,10,4,3,5,3,0,0,1,0,0,0,0,1,"799936,3633","5816020,422","13,41074","52,412",7070702.0,Alt-Lichtenrade/Töpchiner Weg,4723.0,63.0
191327,11,6,,2019,1,7,4,3,2,7,1,0,1,0,0,0,0,1,"790181,2916","5815258,344","13,26707","52,41043",6030504.0,Teltower Damm,2622.0,54.0
191328,11,11,,2019,1,13,4,3,4,7,0,0,1,0,0,0,0,0,"805314,4795","5827226,316","13,49982","52,50947",11040926.0,Weitlingstraße,6051.0,55.0
191329,11,12,,2019,1,16,3,3,4,1,2,0,1,0,0,0,0,1,"790857,2","5839961,151","13,29858","52,63153",12231102.0,Frohnau,3087.0,65.0
191330,11,7,,2019,1,17,3,2,2,6,2,0,1,0,0,0,0,1,"793973,2127","5822309,529","13,32886","52,47162",7030301.0,Friedenau,3540.0,51.0
191331,11,6,,2019,1,17,3,3,6,2,2,0,1,1,0,0,0,1,"795051,1934","5819613,273","13,3423","52,44687",6010206.0,Stadtpark,3733.0,55.0
191332,11,8,,2019,1,16,3,3,5,3,2,0,1,0,0,0,0,1,"805840,7675","5816730,83","13,49793","52,41511",8041038.0,Waßmannsdorfer Chaussee,6023.0,59.0
191333,11,5,,2019,1,6,3,3,2,6,2,0,1,0,0,0,0,1,"787003,1036","5828154,798","13,23157","52,52773",5010339.0,Freiheit,2056.0,62.0
191334,11,2,,2019,1,5,3,3,5,3,2,0,1,0,0,0,0,1,"798931,0484","5826353,186","13,40526","52,50517",2010103.0,Moritzplatz,4650.0,45.0
191335,11,1,,2019,1,17,3,3,1,5,2,0,1,0,0,0,0,1,"796295,3414","5828281,21","13,36826","52,5239",1022206.0,Lüneburger Straße,4155.0,51.0
191336,11,1,,2019,1,2,3,2,6,4,2,0,1,1,0,0,0,1,"800120,202","5826877,772","13,4232","52,50922",1011306.0,Heine-Viertel Ost,4951.0,32.0
191337,11,1,,2019,1,3,3,3,6,2,2,0,1,1,0,0,0,1,"796032,8411","5830350,533","13,36624","52,54259",1044202.0,Sparrplatz,4161.0,54.0
191338,11,7,,2019,1,15,4,3,1,5,0,1,1,0,0,0,0,1,"796131,3631","5824119,694","13,36215","52,48668",7020203.0,Kaiser-Wilhelm-Platz,4044.0,52.0
191339,11,2,,2019,1,4,3,3,5,2,2,0,1,0,0,0,0,1,"801758,0573","5826253,305","13,44669","52,50272",2040703.0,Wriezener Bahnhof/Entwicklungsgebiet,5249.0,5.0
191340,11,7,,2019,1,0,3,2,6,4,2,0,1,1,0,0,0,1,"794995,8834","5823455,023","13,34488","52,48134",7020202.0,Volkspark (Rudolf-Wilde-Park),3743.0,63.0
191341,11,7,,2019,1,1,3,2,5,3,2,0,1,0,0,0,1,1,"799789,6539","5813976,948","13,40676","52,39377",7070703.0,John-Locke-Straße,4717.0,54.0
191342,11,1,,2019,1,3,3,3,5,3,2,0,1,0,0,0,1,1,"797560,8201","5827406,867","13,38607","52,51537",1011203.0,Unter den Linden Süd,4353.0,37.0
191345,11,1,,2019,1,15,4,3,2,6,0,0,1,0,0,0,0,1,"794584,1741","5828548,339","13,34334","52,52722",1022104.0,Emdener Straße,3756.0,4.0
191353,11,7,,2019,1,15,4,3,2,6,0,0,1,0,0,0,0,1,"795831,2553","5820978,767","13,35495","52,45869",7030303.0,Grazer Platz,3936.0,50.0
191362,11,5,,2019,1,14,4,3,5,3,0,0,1,0,0,0,0,0,"788046,7554","5829307,035","13,24791","52,53751",5030833.0,Motardstraße,2359.0,44.0
191366,11,5,,2019,1,14,4,3,5,3,0,0,1,0,0,0,1,1,"782450,6498","5828511,164","13,16494","52,53331",5020417.0,Staakener Straße,1158.0,56.0
191369,11,4,,2019,1,17,4,2,0,7,2,0,1,0,0,0,0,1,"791120,432","5829146,564","13,29296","52,53444",4010103.0,Paul-Hertz-Siedlung,3058.0,38.0
191371,11,3,,2019,1,13,4,3,5,3,0,0,1,0,0,0,0,1,"796557,9558","5840100,935","13,38269","52,6297",3020203.0,Blankenfelde,4386.0,61.0
191372,11,8,,2019,1,13,4,3,5,7,0,0,1,0,0,0,0,1,"801331,1339","5819998,801","13,43477","52,4469",8020622.0,Parchimer Allee,5133.0,32.0
191376,11,2,,2019,1,13,4,3,5,7,0,0,1,0,1,0,0,1,"797846,3633","5825288,106","13,38837","52,49622",2020202.0,Rathaus Yorckstraße,4447.0,16.0
191378,11,6,,2019,1,12,4,3,5,3,0,0,1,0,0,0,0,1,"789617,1237","5819794,86","13,26273","52,4514",6040808.0,Hüttenweg,2534.0,59.0
191381,11,4,,2019,1,16,4,3,2,6,1,0,1,0,0,0,0,1,"793363,2268","5829646,419","13,32637","52,53772",4010102.0,Plötzensee,3559.0,22.0
191388,11,3,,2019,1,18,4,3,2,2,2,0,1,0,0,0,0,1,"800051,1093","5835717,651","13,43017","52,5885",3040614.0,Pankow Zentrum,5074.0,56.0
191391,11,1,,2019,1,18,4,3,5,3,2,0,1,0,0,0,0,1,"800315,8415","5827620,451","13,42674","52,51577",2040701.0,Andreasviertel,5053.0,45.0
191400,11,4,,2019,1,12,4,3,2,6,0,0,1,0,0,0,0,1,"793147,5946","5825616,966","13,31965","52,50171",4030930.0,George-Grosz-Platz,3449.0,40.0
191406,11,11,,2019,1,19,6,3,0,1,2,0,1,0,0,0,0,1,"803556,1403","5829737,47","13,47628","52,53295",11030619.0,Fennpfuhl Ost,5758.0,52.0
191407,11,1,,2019,1,17,6,2,1,5,2,1,1,0,0,0,0,1,"797337,1087","5827137,561","13,38254","52,51308",1011201.0,Wilhelmstraße,4352.0,37.0
191408,11,12,,2019,1,17,6,3,1,5,2,0,1,0,0,0,0,1,"794629,572","5832993,654","13,34796","52,56704",12103218.0,Teichstraße,3868.0,48.0
191409,11,1,,2019,1,17,6,3,5,3,2,0,1,0,0,0,0,0,"798573,0321","5826872,267","13,40046","52,51002",1011204.0,Leipziger Straße,4651.0,31.0
191410,11,9,,2019,1,16,6,3,0,6,0,0,1,0,0,0,1,0,"812540,845","5820115,604","13,59929","52,44165",9041402.0,Siedlung Kämmereiheide,7531.0,59.0
191411,11,5,,2019,1,15,6,2,1,1,0,0,1,0,0,1,0,0,"785353,5319","5827856,651","13,20706","52,52593",5020627.0,Tiefwerder,1756.0,58.0
191412,11,6,,2019,1,15,6,3,0,1,0,0,0,0,1,0,0,2,"787445,911","5816273,066","13,22783","52,42097",6030501.0,Berlepschstraße,2025.0,63.0
191413,11,10,,2019,1,14,6,3,2,2,0,0,1,0,0,0,0,0,"813363,6541","5830117,118","13,62076","52,53081",10020517.0,Adele-Sandrock-Straße,7857.0,55.0
191414,11,10,,2019,1,14,6,3,5,2,0,1,1,0,0,0,0,1,"809052,6057","5828645,993","13,55604","52,52008",10030724.0,Oberfeldstraße,6954.0,63.0
191415,11,4,,2019,1,14,6,3,1,5,0,0,1,0,0,0,0,0,"792163,2858","5827963,177","13,30725","52,52327",4030519.0,Kaiserin-Augusta-Allee,3255.0,52.0
191416,11,1,,2019,1,13,6,3,5,2,0,0,1,0,0,0,0,0,"798703,146","5827080,377","13,40256","52,51182",1011204.0,Leipziger Straße,4652.0,24.0
191417,11,11,,2019,1,13,6,3,5,7,0,0,1,0,0,0,1,0,"803243,9063","5830239,802","13,47215","52,53763",11020513.0,Orankesee,5659.0,55.0
191418,11,5,,2019,1,13,6,2,2,6,0,0,1,0,0,0,0,0,"785302,7585","5830833,743","13,20887","52,55264",5010311.0,Eiswerder,1764.0,58.0
191419,11,1,,2019,1,12,6,3,5,2,0,1,0,0,0,1,0,0,"796230,7775","5828511,857","13,36751","52,526",1022206.0,Lüneburger Straße,4156.0,34.0
191420,11,2,,2019,1,0,6,3,5,3,2,1,1,0,0,0,0,1,"800119,0774","5825731,95","13,42215","52,49895",2030301.0,Oranienplatz,4948.0,23.0
191421,11,11,,2019,1,6,6,3,6,4,2,0,1,1,0,0,0,1,"803297,6726","5826311,238","13,46936","52,50239",2050803.0,Stralauer Kiez,5649.0,33.0
191422,11,10,,2019,1,6,6,3,6,2,2,0,1,1,0,0,0,1,"810915,125","5829239,809","13,58396","52,52435",10020622.0,Kaulsdorf Nord I,7355.0,51.0
191423,11,3,,2019,1,7,6,3,5,3,1,1,1,0,0,0,0,2,"798347,317","5838420,913","13,40753","52,61366",3020307.0,Buchholz,4781.0,65.0
191424,11,7,,2019,1,7,6,3,6,2,1,0,1,1,0,0,0,1,"794807,5724","5824461,898","13,34301","52,49046",7020201.0,Bayerischer Platz,3745.0,36.0
191425,11,2,,2019,1,7,6,2,6,4,1,0,1,1,0,0,0,1,"800728,157","5828471,679","13,43357","52,52318",2040502.0,Friedenstraße,5155.0,43.0
191426,11,7,,2019,1,8,6,3,6,2,0,0,1,1,0,0,0,1,"794426,7776","5822340,798","13,33554","52,47166",7030301.0,Friedenau,3640.0,55.0
191427,11,1,,2019,1,8,6,3,6,4,0,1,0,1,0,0,0,1,"799722,7643","5827451,541","13,41788","52,51459",1011303.0,Alexanderplatzviertel,4853.0,18.0
191428,11,7,,2019,1,8,6,3,1,5,0,1,1,0,0,0,0,0,"795383,5017","5824674,199","13,35166","52,49206",7010103.0,Barbarossaplatz,3846.0,63.0
191429,11,10,,2019,1,9,6,3,5,2,0,0,1,0,0,0,0,1,"809592,1697","5828542,285","13,56387","52,51885",10030724.0,Oberfeldstraße,7054.0,53.0
191430,11,1,,2019,1,11,6,3,2,7,0,0,1,0,0,0,0,0,"798476,0178","5826665,289","13,39885","52,50822",1011204.0,Leipziger Straße,4551.0,40.0
191431,11,8,,2019,1,10,6,3,2,6,0,0,1,0,0,0,1,1,"803593,2646","5818127,475","13,46626","52,42887",8030829.0,Gropiusstadt Nord,5527.0,60.0
191432,11,12,,2019,1,12,6,3,5,3,0,0,1,0,0,0,1,0,"791009,0428","5831336,575","13,29324","52,55413",12214125.0,Waldidyll/Flughafensee,3064.0,60.0
191433,11,1,,2019,1,10,1,3,5,3,0,0,1,0,0,0,0,0,"796401,6239","5826271,435","13,36803","52,50582",1011104.0,Körnerstraße,4150.0,19.0
191434,11,2,,2019,1,10,6,3,1,7,0,0,1,0,0,0,0,0,"801302,1669","5827438,229","13,44107","52,5136",2040702.0,Weberwiese,5252.0,55.0
191435,11,1,,2019,1,7,5,3,5,2,2,1,1,0,0,0,0,1,"794577,312","5829787,053","13,34434","52,53833",1022103.0,Westhafen,3759.0,54.0
191436,11,1,,2019,1,5,5,3,5,2,2,0,1,0,0,0,0,1,"795522,703","5828217,893","13,35685","52,52375",1022206.0,Lüneburger Straße,3955.0,57.0
191437,11,4,,2019,1,21,5,3,6,2,2,0,1,1,0,0,0,1,"792295,0412","5825875,467","13,30735","52,50449",4030929.0,Hindemithplatz,3250.0,40.0
191438,11,9,,2019,1,20,5,2,3,6,2,1,1,0,0,0,0,1,"811813,9744","5818128,414","13,58678","52,42426",9041301.0,Kietzer Feld/Nachtheide,7326.0,60.0
191439,11,7,,2019,1,19,5,3,6,7,2,0,1,1,0,0,0,1,"794039,6717","5821660,771","13,32926","52,46577",7030301.0,Friedenau,3538.0,44.0
191440,11,10,,2019,1,19,5,3,6,3,2,0,1,1,0,0,0,1,"809554,0766","5834201,242","13,56859","52,56958",10010102.0,Havemannstraße,7169.0,62.0
191441,11,11,,2019,1,18,5,2,6,2,2,0,1,1,0,0,0,1,"806327,0348","5833881,203","13,52083","52,56854",11010205.0,Falkenberg West,6368.0,50.0
191442,11,3,,2019,1,18,7,3,4,6,2,0,1,0,0,0,0,1,"804114,5183","5841795,36","13,49555","52,64071",3010101.0,Bucher Forst,6089.0,64.0
191443,11,1,,2019,1,19,5,3,2,6,2,0,1,0,0,0,0,1,"795780,4206","5831878,15","13,36389","52,55642",1044203.0,Leopoldplatz,4065.0,7.0