OBJECTID,LAND,BEZ,LOR_ab_2021,UJAHR,UMONAT,USTUNDE,UWOCHENTAG,UKATEGORIE,UART,UTYP1,ULICHTVERH,IstRad,IstPKW,IstFuss,IstKrad,IstGkfz,IstSonstige,USTRZUSTAND,LINREFX,LINREFY,XGCSWGS84,YGCSWGS84,LOR,STRASSE,quadrant,quadrant_rank
191604,11,1,,2019,1,15,6,3,5,3,1,1,1,0,0,0,0,1,"797575,2575","5827894,408","13,38672","52,51973",1011202.0,Unter den Linden Nord,4454.0,36.0
191605,11,12,,2019,1,15,6,3,2,6,0,0,1,0,0,0,0,1,"790284,0286","5835028,977","13,28581","52,58762",12214527.0,Alt-Tegel,2974.0,55.0
191606,11,2,,2019,1,14,6,2,6,4,0,1,0,1,0,0,0,1,"802839,6722","5827471,654","13,46369","52,51304",2050801.0,Traveplatz,5552.0,49.0
191607,11,4,,2019,1,14,6,3,5,2,0,1,1,0,0,0,0,1,"792711,523","5825638,208","13,31326","52,50214",4030929.0,Hindemithplatz,3349.0,12.0
191608,11,9,,2019,1,14,6,3,5,3,0,0,1,0,0,0,0,1,"808108,496","5818398,273","13,53271","52,42878",9020701.0,Adlershof West,6527.0,56.0
191609,11,12,,2019,1,9,1,3,1,5,0,0,1,0,0,0,1,0,"791414,8893","5836569,727","13,30381","52,60083",12304314.0,Ziekowstraße/Freie Scholle,3178.0,63.0
191610,11,2,,2019,1,14,6,3,5,7,0,1,1,0,0,0,0,1,"799153,635","5825784,31","13,40802","52,49995",2010103.0,Moritzplatz,4748.0,28.0
191611,11,11,,2019,1,2,7,2,5,3,2,0,1,0,0,0,1,0,"807317,0217","5824793,6","13,52699","52,48654",11051331.0,Karlshorst Nord,6444.0,53.0
191612,11,4,,2019,1,13,6,3,6,3,0,0,1,1,0,0,0,1,"789003,2436","5826972,467","13,25994","52,51608",4020311.0,Reichsstraße,2553.0,40.0
191613,11,11,,2019,1,13,6,3,5,3,0,1,1,0,0,0,0,1,"807117,8505","5825776,979","13,52497","52,49546",11041128.0,Sewanstraße,6447.0,54.0
191614,11,7,,2019,1,11,6,3,6,4,0,0,1,1,0,0,0,1,"794839,4189","5823915,242","13,34299","52,48555",7020202.0,Volkspark (Rudolf-Wilde-Park),3744.0,45.0
191615,11,5,,2019,1,13,1,3,5,2,0,0,1,0,0,0,0,0,"785189,9079","5829737,093","13,20627","52,54287",5010312.0,Kurstraße,1761.0,52.0
191616,11,7,,2019,1,11,6,3,5,3,0,0,1,0,0,0,0,1,"796348,2579","5825091,478","13,36619","52,49527",7010104.0,Dennewitzplatz,4147.0,61.0
191617,11,7,,2019,1,10,6,3,5,2,0,0,1,0,0,0,0,1,"797323,2969","5821758,328","13,37754","52,46487",7040403.0,Manteuffelstraße,4238.0,48.0
191618,11,11,,2019,1,13,7,3,2,6,0,0,1,0,0,0,0,1,"806048,0287","5826582,78","13,51","52,50329",11041128.0,Sewanstraße,6249.0,59.0
191619,11,7,,2019,1,10,6,3,5,3,0,1,1,0,0,0,0,1,"796115,2642","5824947,367","13,36264","52,49411",7010104.0,Dennewitzplatz,4047.0,22.0
191620,11,12,,2019,1,10,6,2,5,7,0,0,1,1,0,0,0,1,"790033,4183","5835368,874","13,28241","52,5908",12214527.0,Alt-Tegel,2875.0,57.0
191621,11,4,,2019,1,9,6,3,2,6,0,0,1,0,0,0,0,1,"791565,445","5827521,559","13,29807","52,51964",4030415.0,Schloßgarten,3054.0,54.0
191622,11,3,,2019,1,8,6,3,0,7,0,1,0,0,0,0,0,1,"802580,26","5829428,165","13,46166","52,53072",3061430.0,Volkspark Prenzlauer Berg,5557.0,49.0
191623,11,10,,2019,1,8,6,3,6,4,0,0,1,1,0,0,0,1,"812386,4546","5824379,104","13,60102","52,47995",10040933.0,Mahlsdorf Süd,7542.0,53.0
191624,11,9,,2019,1,8,6,3,1,5,1,0,1,0,0,0,0,1,"807957,0457","5817331,996","13,5295","52,41931",9030901.0,Dorf Altglienicke,6525.0,65.0
191625,11,2,,2019,1,14,6,2,0,3,0,0,1,0,0,0,1,1,"800638,773","5825687,565","13,42974","52,49827",2030401.0,Reichenberger Straße,5048.0,24.0
191626,11,12,,2019,1,0,7,3,6,4,2,0,1,1,0,0,0,2,"793678,1258","5833318,333","13,33425","52,57047",12103220.0,Humboldtstraße,3669.0,63.0
191627,11,9,,2019,1,7,6,3,5,2,2,1,1,0,0,0,0,1,"812066,2051","5821345,417","13,59348","52,45295",9051901.0,Dammvorstadt,7434.0,57.0
191628,11,9,,2019,1,13,6,3,2,7,0,0,1,0,0,0,1,1,"811386,3529","5820133,239","13,58238","52,44247",9041501.0,Altstadt Kietz,7331.0,39.0
191629,11,7,,2019,1,17,5,3,1,7,1,0,1,0,0,0,0,0,"796249,6744","5815783,934","13,35649","52,41189",7060604.0,Marienfelde Süd,3922.0,65.0
191630,11,7,,2019,1,15,5,3,1,5,0,1,1,0,0,0,0,1,"798854,1181","5814382,257","13,39342","52,39791",7070703.0,John-Locke-Straße,4518.0,52.0
191631,11,5,,2019,1,9,5,2,4,7,0,0,1,0,0,0,1,0,"784753,6279","5826613,356","13,19718","52,51509",5020626.0,Adamstraße,1553.0,65.0
191632,11,5,,2019,1,8,5,3,5,3,0,1,1,0,0,0,0,0,"782166,5597","5820304,85","13,15381","52,45987",5040935.0,Groß-Glienicker Weg,937.0,64.0
191633,11,8,,2019,1,8,5,2,0,7,0,0,1,0,0,0,1,1,"800748,3652","5823739,016","13,42959","52,48074",8010211.0,Flughafenstraße,5043.0,50.0
191634,11,7,,2019,1,7,5,2,6,4,0,0,1,1,0,0,0,1,"793475,5396","5822279,375","13,32153","52,47162",7030301.0,Friedenau,3440.0,55.0
191635,11,5,,2019,1,7,7,3,2,6,1,0,1,0,0,0,0,0,"784651,4847","5827814,719","13,1967","52,52592",5020626.0,Adamstraße,1556.0,46.0
191636,11,11,,2019,1,7,5,2,6,4,1,0,1,1,0,0,0,1,"805042,6877","5833519,319","13,5016","52,56602",11010309.0,Zingster Straße West,6168.0,60.0
191637,11,7,,2019,1,7,5,3,6,2,2,0,1,1,0,0,0,1,"798480,0383","5819047,379","13,3921","52,43993",7050505.0,Hundsteinweg,4431.0,51.0
191638,11,1,,2019,1,7,5,2,6,4,2,0,1,1,0,0,0,1,"796708,2376","5831916,147","13,37757","52,55625",1044201.0,Reinickendorfer Straße,4265.0,5.0
191639,11,1,,2019,1,13,7,3,0,7,0,0,1,0,0,0,1,0,"797904,2411","5827375,028","13,39109","52,5149",1011203.0,Unter den Linden Süd,4453.0,15.0
191640,11,11,,2019,1,16,5,2,0,6,2,0,1,0,0,0,1,0,"805253,0864","5834308,505","13,50542","52,57297",11010207.0,Wartenberg Nord,6170.0,58.0
191641,11,8,,2019,1,19,5,3,5,3,2,0,1,0,0,0,0,0,"800877,2852","5820926,169","13,42895","52,45546",8020620.0,Tempelhofer Weg,5035.0,60.0
191642,11,9,,2019,1,15,7,2,6,2,0,0,1,1,0,0,0,0,"812045,005","5821382,095","13,5932","52,45329",9051901.0,Dammvorstadt,7435.0,58.0
191643,11,11,,2019,1,19,5,3,4,5,2,0,1,0,0,0,0,0,"804464,4352","5828170,772","13,4882","52,51841",11030721.0,Rüdigerstraße,5954.0,61.0
191644,11,2,,2019,1,13,7,3,5,2,0,1,1,0,0,0,0,0,"802616,697","5827005,742","13,45999","52,50899",2050802.0,Boxhagener Platz,5451.0,41.0
191645,11,7,,2019,1,10,7,2,5,3,0,0,1,0,0,0,0,0,"800194,0112","5813681,92","13,41242","52,3909",7070704.0,Nahariyastraße,4716.0,61.0
191646,11,3,,2019,1,16,5,3,2,6,1,0,1,0,0,0,1,0,"801236,4821","5833180,149","13,44531","52,5651",3030715.0,Heinersdorf,5267.0,58.0
191647,11,2,,2019,1,16,5,3,5,3,2,1,1,0,0,0,0,0,"801104,6444","5827046,2","13,43781","52,51019",2040703.0,Wriezener Bahnhof/Entwicklungsgebiet,5151.0,39.0
191648,11,8,,2019,1,14,5,3,1,5,0,0,1,0,0,0,0,0,"806821,3765","5816427,28","13,51203","52,41184",8041040.0,Waltersdorfer Chaussee Ost,6222.0,65.0
191649,11,12,,2019,1,9,7,3,2,6,0,0,1,0,0,1,0,1,"793214,4397","5832428,047","13,32664","52,56274",12214424.0,Scharnweberstraße,3567.0,10.0
191650,11,4,,2019,1,14,5,3,1,5,0,1,1,0,0,0,0,1,"793661,2877","5825550,702","13,32713","52,50084",4030931.0,Breitscheidplatz,3548.0,45.0
191651,11,11,,2019,1,9,7,3,4,6,0,1,1,0,0,0,1,0,"806625,4321","5825212,511","13,51722","52,49068",11051330.0,Karlshorst West,6346.0,64.0
191652,11,1,,2019,1,14,5,3,2,6,0,0,1,0,0,0,0,0,"796769,1176","5831912,005","13,37846","52,55618",1044201.0,Reinickendorfer Straße,4265.0,5.0
191653,11,7,,2019,1,14,5,3,6,4,0,1,0,1,0,0,0,0,"794891,0554","5823273,455","13,34318","52,47977",7020202.0,Volkspark (Rudolf-Wilde-Park),3742.0,48.0
191654,11,12,,2019,1,20,7,2,6,2,2,0,1,1,0,0,0,0,"793005,2381","5835697,026","13,32645","52,59215",12301203.0,Wittenau Süd,3575.0,59.0
191655,11,8,,2019,1,13,5,3,5,3,0,1,1,0,0,0,0,0,"801637,5642","5822641,488","13,44165","52,47042",8010213.0,Körnerpark,5240.0,57.0
191656,11,8,,2019,1,13,5,3,5,3,0,0,1,0,0,0,0,0,"802586,5066","5819158,421","13,45243","52,43867",8020622.0,Parchimer Allee,5330.0,56.0
191657,11,2,,2019,1,12,5,3,1,5,0,1,1,0,0,0,0,0,"803465,923","5827756,869","13,47315","52,51525",2050602.0,Samariterviertel,5653.0,57.0
191658,11,12,,2019,1,12,5,3,2,2,0,0,1,0,0,0,0,0,"794132,1566","5833884,179","13,34143","52,57529",12103220.0,Humboldtstraße,3770.0,57.0
191659,11,7,,2019,1,10,5,3,5,2,0,0,1,0,0,0,0,0,"794983,1365","5823964,382","13,34515","52,48591",7020201.0,Bayerischer Platz,3744.0,45.0
191660,11,3,,2019,1,16,5,3,6,7,2,1,0,1,0,0,0,0,"799348,9499","5831412,277","13,41595","52,55029",3061227.0,Humannplatz,4863.0,28.0
191661,11,12,,2019,1,21,6,3,2,6,2,0,1,0,0,0,0,1,"791228,8342","5830773,195","13,29598","52,54897",12214125.0,Waldidyll/Flughafensee,3063.0,49.0
191662,11,10,,2019,1,14,5,2,6,4,0,0,0,1,0,0,1,0,"809945,5612","5831630,44","13,57194","52,54632",10010310.0,Alt-Marzahn,7162.0,51.0
191663,11,10,,2019,1,16,5,2,5,2,1,1,1,0,0,0,0,0,"811947,6165","5828938,851","13,59885","52,52106",10040828.0,Kaulsdorf Nord,7554.0,63.0
191664,11,12,,2019,1,20,6,2,6,2,2,0,1,1,0,0,0,1,"791921,023","5831503,672","13,3068","52,55514",12214125.0,Waldidyll/Flughafensee,3264.0,52.0
191665,11,2,,2019,1,22,5,2,6,4,2,0,1,1,0,0,0,0,"800172,8261","5825048,39","13,42232","52,4928",2020206.0,Graefekiez,4946.0,51.0
191666,11,3,,2019,1,20,5,3,5,3,2,1,1,0,0,0,0,0,"799730,912","5832503,348","13,42255","52,55986",3040818.0,Pankow Süd,4966.0,57.0
191667,11,8,,2019,1,11,4,3,2,6,0,0,0,0,0,1,1,1,"802082,5322","5820666,278","13,4464","52,45247",8020619.0,Buschkrugallee Nord,5234.0,65.0
191668,11,6,,2019,1,17,4,3,2,6,1,0,1,0,0,0,0,1,"795146,6451","5820004,31","13,34404","52,45032",6010205.0,Südende,3734.0,59.0
191669,11,2,,2019,1,20,4,3,5,3,2,0,1,0,1,0,0,1,"798287,67","5824774,714","13,39439","52,49138",2020204.0,Urbanstraße,4546.0,40.0
191670,11,1,,2019,1,20,4,3,2,6,2,0,1,0,0,0,0,1,"799286,718","5828484,804","13,4124","52,52409",1011303.0,Alexanderplatzviertel,4755.0,4.0
191671,11,6,,2019,1,19,4,3,5,3,2,1,1,0,0,0,0,1,"794705,6791","5819228,835","13,33689","52,44361",6020302.0,Komponistenviertel Lankwitz,3632.0,57.0
191672,11,4,,2019,1,10,4,3,1,5,1,1,1,0,0,0,0,1,"793529,9145","5825947,164","13,32555","52,50447",4030931.0,Breitscheidplatz,3450.0,48.0
191673,11,1,,2019,1,20,7,3,2,6,2,0,1,0,0,0,0,0,"796688,0788","5831951,893","13,37731","52,55659",1044201.0,Reinickendorfer Straße,4265.0,5.0
191674,11,2,,2019,1,8,4,3,3,6,0,1,0,0,0,0,1,1,"803095,1421","5827081,85","13,46709","52,50941",2050801.0,Traveplatz,5651.0,53.0
191675,11,6,,2019,1,16,4,3,5,3,2,1,1,0,0,0,0,1,"787540,695","5817030,741","13,22988","52,42772",6030501.0,Berlepschstraße,2027.0,62.0
191676,11,5,,2019,1,16,4,3,0,2,1,1,1,0,0,0,0,1,"784281,1825","5830372,886","13,19345","52,54905",5010313.0,Ackerstraße,1563.0,64.0
191677,11,2,,2019,1,18,4,3,5,3,2,0,1,0,0,0,0,1,"800315,8415","5827620,451","13,42674","52,51577",2040701.0,Andreasviertel,5053.0,45.0
191678,11,3,,2019,1,10,1,3,5,3,0,0,1,0,0,0,0,0,"799651,5112","5832791,198","13,42165","52,56249",3040818.0,Pankow Süd,4967.0,51.0
191679,11,7,,2019,1,13,4,3,1,5,0,1,1,0,0,0,0,0,"797000,8851","5820419,997","13,37162","52,45304",7040404.0,Marienhöhe,4135.0,49.0
191680,11,3,,2019,1,18,4,3,2,2,2,0,1,0,0,0,0,0,"802697,3279","5831786,299","13,46553","52,55179",3050925.0,Komponistenviertel Weißensee,5563.0,50.0
191681,11,11,,2019,1,18,4,3,2,6,2,0,1,0,0,0,0,0,"806140,3217","5830160,435","13,51465","52,5353",11030720.0,Herzbergstraße,6359.0,27.0
191682,11,1,,2019,1,18,4,3,6,4,2,0,1,1,0,0,0,0,"796772,268","5832418,203","13,37896","52,56072",1033101.0,Soldiner Straße,4266.0,52.0
191683,11,11,,2019,1,7,4,3,2,6,0,0,1,0,0,0,0,2,"807106,9992","5824823,515","13,52393","52,48693",11051330.0,Karlshorst West,6444.0,53.0
191684,11,6,,2019,1,17,4,2,6,4,0,0,1,1,0,0,0,0,"794208,5794","5820908,636","13,33108","52,45893",6010209.0,Feuerbachstraße,3536.0,43.0
191685,11,3,,2019,1,18,5,3,2,2,1,0,1,0,0,0,0,0,"799691,9182","5829228,377","13,41902","52,53053",3071537.0,Kollwitzplatz,4857.0,54.0
191686,11,12,,2019,1,7,4,3,6,4,0,0,1,1,0,0,0,0,"796279,2704","5832416,61","13,37171","52,56097",12103117.0,Letteplatz,4166.0,53.0
191687,11,1,,2019,1,6,4,3,5,2,1,1,1,0,0,0,0,0,"794896,303","5830252,472","13,34944","52,54232",1044202.0,Sparrplatz,3861.0,37.0
191688,11,4,,2019,1,8,4,3,6,4,0,0,1,1,0,0,0,0,"791953,4394","5824759,063","13,30135","52,49466",4051445.0,Eisenzahnstraße,3147.0,43.0
191689,11,4,,2019,1,8,4,3,6,4,0,0,1,1,0,0,0,0,"793441,9749","5824063,122","13,3226","52,48763",4051652.0,Nikolsburger Platz,3445.0,43.0
191690,11,1,,2019,1,8,4,3,1,5,0,1,1,0,0,0,0,0,"797139,1508","5833204,106","13,38506","52,56756",1033101.0,Soldiner Straße,4368.0,65.0
191691,11,3,,2019,1,9,4,3,6,2,0,0,1,1,0,0,0,0,"799261,9896","5837648,843","13,4203","52,60624",3020307.0,Buchholz,4979.0,60.0
191692,11,7,,2019,1,11,4,3,5,2,0,1,1,0,0,0,0,1,"794949,9141","5824666,127","13,34528","52,49222",7020201.0,Bayerischer Platz,3746.0,57.0
191693,11,1,,2019,1,11,4,3,5,2,0,1,1,0,0,0,0,0,"799097,1846","5828456,724","13,40959","52,52394",1011303.0,Alexanderplatzviertel,4755.0,4.0
191694,11,2,,2019,1,11,4,3,0,3,0,0,1,0,0,0,1,0,"799301,9056","5826176,602","13,41055","52,50339",2010103.0,Moritzplatz,4749.0,23.0
191695,11,7,,2019,1,15,5,3,5,2,0,1,1,0,0,0,0,0,"794523,7207","5825186,401","13,33948","52,49711",7010101.0,Wittenbergplatz/Viktoria-Luise-Platz,3747.0,53.0
191696,11,10,,2019,1,12,4,3,6,4,0,0,1,1,0,0,0,0,"808338,209","5831339,162","13,54804","52,54462",10010207.0,Marzahner Promenade,6861.0,54.0
191697,11,8,,2019,1,12,4,3,6,3,0,0,1,1,0,0,0,0,"801520,5707","5817350,688","13,43516","52,42306",8020727.0,Buckow Mitte,5126.0,38.0
191698,11,10,,2019,1,17,4,3,6,2,2,0,1,1,0,0,0,0,"812573,4091","5825142,229","13,60448","52,48668",10040933.0,Mahlsdorf Süd,7644.0,55.0
191699,11,9,,2019,1,12,4,3,5,7,0,0,1,0,0,0,1,0,"805878,3136","5822759,563","13,504","52,46912",9020501.0,Oberschöneweide West,6139.0,65.0
191700,11,5,,2019,1,18,5,3,6,2,2,0,0,1,0,0,1,0,"782360,7527","5830508,488","13,16532","52,55126",5010206.0,Gütersloher Weg,1163.0,42.0
191701,11,1,,2019,1,17,4,3,6,4,2,1,0,1,0,0,0,1,795432,"5831608,641","13,35853","52,55419",1044203.0,Leopoldplatz,3964.0,39.0
191702,11,12,,2019,1,15,4,3,2,6,0,0,1,0,0,0,0,0,"795684,1318","5832532,916","13,36306","52,56234",12103219.0,Schäfersee,4066.0,53.0
191703,11,3,,2019,1,8,4,3,5,3,0,0,1,0,1,0,0,0,"799731,6201","5829841,019","13,42016","52,536",3071537.0,Kollwitzplatz,4959.0,58.0
191704,11,2,,2019,1,19,3,2,6,4,2,0,1,1,0,0,0,0,"800970,0496","5826064,015","13,43495","52,50146",2030302.0,Lausitzer Platz,5149.0,46.0
191705,11,9,,2019,1,17,3,3,4,3,2,0,1,0,0,0,0,0,"822259,9527","5819254,117","13,74096","52,42829",9051801.0,Rahnsdorf/Hessenwinkel,9627.0,65.0
191706,11,1,,2019,2,11,6,1,6,2,0,0,0,1,0,0,1,1,"794560,497","5828452,045","13,34291","52,52637",1022104.0,Emdener Straße,3756.0,4.0
191707,11,5,,2019,1,18,3,3,2,6,2,0,1,0,0,0,0,1,"783929,4016","5830120,882","13,18806","52,54697",5010208.0,Germersheimer Platz,1462.0,37.0
191708,11,8,,2019,1,18,3,3,2,6,2,0,1,0,0,0,0,0,"801069,3678","5821999,639","13,43274","52,46498",8010118.0,Silbersteinstraße,5038.0,31.0
191709,11,11,,2019,1,16,3,2,6,4,0,0,1,1,0,0,0,1,"805210,3","5828461,209","13,49942","52,52059",11030721.0,Rüdigerstraße,6054.0,60.0
191710,11,1,,2019,1,16,4,3,6,4,0,1,0,1,0,0,0,0,"794085,4422","5827801,167","13,33535","52,52079",1022106.0,Elberfelder Straße,3654.0,56.0
191711,11,8,,2019,1,17,3,3,3,6,2,0,1,0,0,0,0,1,"803201,1522","5818388,652","13,46074","52,43143",8030829.0,Gropiusstadt Nord,5528.0,60.0
191712,11,6,,2019,1,16,3,2,6,4,1,0,1,1,0,0,0,0,"793576,1191","5820618,691","13,32154","52,45668",6010102.0,Schloßstraße,3436.0,49.0
191713,11,2,,2019,1,16,3,3,1,5,2,1,1,0,0,0,0,0,"802725,2306","5827436,214","13,46197","52,51279",2050801.0,Traveplatz,5552.0,49.0
191714,11,1,,2019,1,16,3,3,2,6,2,1,1,0,0,0,0,0,"799111,41","5827120,157","13,4086","52,51195",1011305.0,Heine-Viertel West,4752.0,45.0
191715,11,1,,2019,1,16,3,3,5,2,2,0,1,0,0,0,0,1,"796853,0113","5830641,18","13,37856","52,54475",1033203.0,Humboldthain Nordwest,4261.0,37.0
191716,11,6,,2019,1,16,3,2,6,4,0,0,1,1,0,0,0,0,"791389,3313","5817837,091","13,28702","52,43291",6030610.0,Lichterfelde West,2929.0,61.0
191717,11,1,,2019,1,16,3,3,5,3,1,1,1,0,0,0,0,1,"797876,2892","5826766,369","13,39013","52,50946",1011204.0,Leipziger Straße,4451.0,11.0
191718,11,7,,2019,1,9,5,3,5,3,0,0,1,0,0,0,0,1,"797649,579","5822184,011","13,38271","52,4685",7040403.0,Manteuffelstraße,4339.0,29.0
191719,11,2,,2019,1,16,3,3,6,4,0,0,1,1,0,0,0,1,"798200,3969","5826387,35","13,39456","52,50588",2010102.0,Mehringplatz,4550.0,26.0
191720,11,6,,2019,1,15,3,3,5,7,0,0,1,0,0,0,0,1,"795306,7108","5818397,412","13,34497","52,43583",6020303.0,Lankwitz Kirche,3729.0,56.0
191721,11,4,,2019,1,18,4,3,2,2,2,0,1,0,0,0,0,0,"793999,4002","5823931,394","13,33067","52,48614",4051655.0,Babelsberger Straße,3544.0,57.0
191722,11,1,,2019,1,7,3,3,0,5,0,1,0,0,0,0,0,2,"794020,5141","5829170,534","13,33561","52,5331",1022104.0,Emdener Straße,3658.0,61.0
191723,11,11,,2019,1,20,3,2,0,1,2,1,0,0,0,0,0,1,"804649,9764","5831115,506","13,49362","52,54469",11020514.0,Große-Leege-Straße,5961.0,51.0
191724,11,1,,2019,1,15,3,3,5,3,1,1,1,0,0,0,0,0,"796360,8606","5831925,964","13,37247","52,55653",1044203.0,Leopoldplatz,4165.0,55.0
191725,11,4,,2019,1,14,3,3,2,6,0,0,1,0,0,0,0,0,"788927,8765","5827612,146","13,25939","52,52185",4020310.0,Park Ruhwald,2555.0,63.0
191726,11,12,,2019,1,13,3,3,2,6,0,0,1,0,0,0,0,0,"790623,6358","5835957,565","13,29162","52,59577",12304314.0,Ziekowstraße/Freie Scholle,2976.0,49.0
191727,11,5,,2019,1,13,3,3,6,4,0,0,1,1,0,0,0,0,"788027,3196","5829548,271","13,24783","52,53969",5030731.0,Gartenfelder Straße,2360.0,65.0
191728,11,12,,2019,1,6,5,3,3,6,2,0,1,0,0,0,1,0,"791992,0408","5831674,405","13,30799","52,55664",12214125.0,Waldidyll/Flughafensee,3265.0,59.0
191729,11,4,,2019,1,13,3,3,0,3,0,0,1,0,1,0,0,0,"792153,9557","5827387,865","13,3066","52,51812",4030620.0,Alt-Lietzow,3254.0,59.0
191730,11,2,,2019,1,22,3,3,5,7,2,0,1,0,0,0,0,0,"798359,8346","5826535,376","13,39703","52,50712",2010102.0,Mehringplatz,4550.0,26.0
191731,11,6,,2019,1,22,3,3,5,2,2,0,1,0,0,0,0,0,"792945,1219","5817751,317","13,30977","52,43131",6030610.0,Lichterfelde West,3228.0,32.0
191732,11,12,,2019,1,11,5,3,6,2,0,0,0,1,0,1,0,0,"791318,374","5838660,837","13,30423","52,61963",12231101.0,Hermsdorf,3183.0,60.0
191733,11,4,,2019,1,10,3,3,2,6,0,1,1,0,0,0,0,1,"793454,9108",5824440,"13,32312","52,491",4051652.0,Nikolsburger Platz,3446.0,47.0
191734,11,1,,2019,1,8,3,3,1,5,0,1,0,0,0,1,0,1,"794626,9052","5831293,958","13,34641","52,55181",1044101.0,Rehberge,3863.0,41.0
191735,11,1,,2019,1,8,3,3,5,2,0,1,0,0,0,0,1,1,"799708,2841","5827840,626","13,41801","52,51808",1011304.0,Karl-Marx-Allee,4854.0,36.0
191736,11,8,,2019,1,13,4,3,5,3,0,1,1,0,0,0,0,0,"803060,7012","5817397,383","13,45778","52,42263",8030830.0,Gropiusstadt Süd,5426.0,65.0
191737,11,8,,2019,1,7,3,3,6,2,0,0,1,1,0,0,0,1,"801998,398","5823295,202","13,44754","52,47608",8010404.0,Rixdorf,5341.0,41.0
191738,11,10,,2019,1,6,3,2,6,4,1,0,1,1,0,0,0,1,"810287,3849","5830965,121","13,57635","52,54017",10010311.0,Landsberger Tor,7260.0,59.0
191739,11,11,,2019,1,2,3,3,6,4,2,0,1,1,0,0,0,1,"805401,1869","5833282,53","13,50666","52,5637",11010310.0,Mühlengrund,6167.0,41.0
191740,11,1,,2019,1,9,3,3,1,5,0,1,1,0,0,0,0,0,"800407,3245","5826730,983","13,42728","52,50775",1011306.0,Heine-Viertel Ost,5051.0,33.0
191741,11,4,,2019,1,21,2,3,5,3,2,0,1,0,0,0,0,0,"793162,5557","5826882,531","13,32098","52,51305",4030623.0,Ernst-Reuter-Platz,3452.0,33.0
191742,11,7,,2019,1,11,2,3,5,2,0,1,1,0,0,0,0,1,"795039,8005","5821908,712","13,34416","52,46745",7030303.0,Grazer Platz,3739.0,63.0
191743,11,6,,2019,1,18,5,3,1,5,2,1,1,0,0,0,0,0,"793681,6252","5819252,035","13,32189","52,44437",6030606.0,Hindenburgdamm,3432.0,61.0
191744,11,5,,2019,1,20,2,3,6,7,2,0,1,1,0,0,0,1,"789558,6758","5829288,497","13,27012","52,53655",5030832.0,Rohrdamm,2659.0,45.0
191745,11,3,,2019,1,17,2,3,2,6,1,1,0,0,0,0,1,1,"804167,6073","5841063,768","13,49566","52,63412",3010102.0,Buch,6087.0,61.0
191746,11,10,,2019,1,20,2,2,5,3,2,0,1,0,0,0,0,1,"812995,2375","5828482,536","13,61381","52,51637",10040931.0,Mahlsdorf Nord,7753.0,64.0
191747,11,8,,2019,1,18,2,2,6,2,2,0,1,1,0,0,0,1,"800583,1994","5824578,711","13,42793","52,48836",8010301.0,Reuterkiez,5045.0,46.0
191748,11,7,,2019,1,17,2,3,6,2,2,0,1,1,0,0,0,1,"799350,898","5816114,549","13,40224","52,41317",8020726.0,Buckow West,4623.0,43.0
191749,11,6,,2019,1,17,2,2,6,4,2,0,1,1,0,0,0,1,"794230,5542","5820895,585","13,33139","52,45881",6010209.0,Feuerbachstraße,3536.0,43.0
191750,11,6,,2019,1,17,2,3,2,2,2,0,1,0,0,0,0,1,"792396,1322","5817836,175","13,30179","52,43236",6030610.0,Lichterfelde West,3128.0,60.0
191751,11,7,,2019,1,16,2,2,5,3,1,0,1,0,1,0,0,1,"798112,1228","5818348,383","13,38608","52,43387",7050502.0,Fritz-Werner-Straße,4329.0,59.0
191752,11,7,,2019,1,8,2,3,0,1,0,1,0,0,0,0,0,2,"796247,3589","5824305,958","13,36401","52,48829",7010104.0,Dennewitzplatz,4045.0,42.0
191753,11,8,,2019,1,15,2,3,5,3,1,1,1,0,0,0,0,1,"802499,736","5818946,992","13,45096","52,43683",8020625.0,Handwerker-Siedlung,5330.0,56.0
191754,11,4,,2019,1,8,2,3,2,6,0,0,1,0,0,0,0,1,"792731,0345","5829907,454","13,3173","52,5404",4010102.0,Plötzensee,3360.0,65.0
191755,11,5,,2019,1,15,2,2,5,3,0,0,1,0,0,0,0,1,"785832,101","5831732,778","13,21743","52,56043",5010101.0,Hakenfelde Nord,1866.0,59.0
191756,11,8,,2019,1,16,5,3,5,3,1,1,1,0,0,0,0,0,"803891,3852","5818944,957","13,47137","52,43604",8041035.0,Blumenviertel,5630.0,63.0
191757,11,6,,2019,1,9,2,3,1,1,0,0,1,0,0,0,1,2,"788970,5299","5818166,909","13,25183","52,43715",6040805.0,Fischerhüttenstraße,2430.0,59.0
191758,11,10,,2019,1,20,2,3,5,3,2,0,1,0,0,0,0,1,"811348,1431","5831843,897","13,59276","52,54744",10020412.0,Alte Hellersdorfer Straße,7462.0,45.0
191759,11,6,,2019,1,15,2,3,5,2,0,0,1,0,1,0,0,0,"795365,259","5818449,578","13,34588","52,43627",6020303.0,Lankwitz Kirche,3730.0,44.0
191760,11,9,,2019,1,13,2,3,5,3,0,1,1,0,0,0,0,1,"807850,2902","5822047,757","13,53228","52,46163",9020502.0,Oberschöneweide Ost,6537.0,65.0
191761,11,6,,2019,1,8,2,3,0,1,0,1,0,0,0,0,0,2,"787870,421","5818935,637","13,23635","52,44462",6040804.0,Krumme Lanke,2132.0,63.0
191762,11,8,,2019,1,8,5,3,3,6,0,0,1,0,0,1,0,0,"805566,5859","5818578,88","13,4956","52,43182",8041037.0,Alt-Rudow,6028.0,49.0
191763,11,1,,2019,1,13,2,3,2,6,0,0,1,0,0,0,1,0,"796273,9241","5830397,298","13,36983","52,54288",1033203.0,Humboldthain Nordwest,4161.0,54.0