OBJECTID,LAND,BEZ,LOR_ab_2021,UJAHR,UMONAT,USTUNDE,UWOCHENTAG,UKATEGORIE,UART,UTYP1,ULICHTVERH,IstRad,IstPKW,IstFuss,IstKrad,IstGkfz,IstSonstige,USTRZUSTAND,LINREFX,LINREFY,XGCSWGS84,YGCSWGS84,LOR,STRASSE,quadrant,quadrant_rank
191925,11,4,,2019,1,9,3,2,3,3,0,0,1,0,0,0,1,0,"792845,1175","5825520,588","13,31512","52,50101",4030930.0,George-Grosz-Platz,3349.0,12.0
191926,11,3,,2019,1,22,3,2,5,2,2,1,1,0,0,0,0,0,"799688,2438","5829250,284","13,41899","52,53073",3071537.0,Kollwitzplatz,4857.0,54.0
191927,11,4,,2019,1,20,3,3,5,2,2,0,1,0,0,0,0,0,"790559,054","5827352,592","13,28314","52,51866",4020310.0,Park Ruhwald,2854.0,17.0
191928,11,12,,2019,1,19,3,3,6,7,2,0,1,1,0,0,0,0,"790201,639","5835145,095","13,28469","52,58871",12214527.0,Alt-Tegel,2874.0,52.0
191929,11,6,,2019,1,8,3,3,2,2,0,1,1,0,0,0,0,0,"790139,0618","5819770,878","13,27036","52,45091",6040810.0,Dahlem,2634.0,40.0
191930,11,2,,2019,1,18,3,3,6,4,1,1,0,1,0,0,0,0,"799047,6008","5825596,119","13,40629","52,49832",2010104.0,Wassertorplatz,4648.0,37.0
191931,11,10,,2019,1,20,2,3,2,6,2,0,1,0,0,0,0,1,"807823,2782","5830742,878","13,53992","52,53957",10010310.0,Alt-Marzahn,6660.0,39.0
191932,11,10,,2019,1,16,5,3,6,4,0,0,1,1,0,0,0,0,"811119,601","5830922,521","13,58854","52,53931",10020413.0,Gut Hellersdorf,7460.0,55.0
191933,11,9,,2019,1,19,2,3,5,3,2,0,1,0,0,0,0,0,"804871,0547","5822461,085","13,48895","52,467",9010301.0,Baumschulenstraße,5939.0,38.0
191934,11,1,,2019,1,18,2,3,2,6,2,0,1,0,0,0,0,0,"795552,4438","5830734,915","13,35952","52,54629",1044202.0,Sparrplatz,4062.0,45.0
191935,11,4,,2019,1,17,2,2,6,2,2,0,1,1,0,0,0,0,"792176,1988","5827292,248","13,30685","52,51725",4030620.0,Alt-Lietzow,3253.0,43.0
191936,11,11,,2019,1,17,2,2,6,4,2,0,1,1,0,0,0,0,"807525,8961","5827591,975","13,53264","52,5115",11041023.0,Gensinger Straße,6552.0,64.0
191937,11,9,,2019,1,17,2,3,2,6,2,0,1,0,0,0,0,1,"806027,178","5823050,904","13,50645","52,47164",9020501.0,Oberschöneweide West,6140.0,65.0
191938,11,4,,2019,1,14,2,3,2,3,0,0,1,0,0,0,0,0,"791624,937","5824503,987","13,2963","52,49255",4031032.0,Halensee,3046.0,37.0
191939,11,7,,2019,1,7,2,3,2,6,0,0,1,0,0,0,0,1,"797248,8551","5820826,636","13,37562","52,45655",7040403.0,Manteuffelstraße,4236.0,55.0
191940,11,7,,2019,1,7,2,3,5,2,0,1,1,0,0,0,0,0,"799964,7278","5821327,082","13,41592","52,45956",7040406.0,Germaniagarten,4836.0,61.0
191941,11,3,,2019,1,7,2,3,3,6,2,0,1,0,0,1,0,0,"796786,7517","5835811,529","13,38221","52,59113",3040512.0,Wilhelmsruh,4375.0,52.0
191942,11,12,,2019,2,12,6,3,5,2,0,1,0,0,0,1,0,0,"795278,0396","5836373,535","13,36051","52,59699",12302110.0,Dannenwalder Weg,4077.0,58.0
191943,11,6,,2019,1,6,2,3,6,2,2,0,1,1,0,0,0,1,"787643,5067","5818140,343","13,23234","52,43761",6040804.0,Krumme Lanke,2130.0,45.0
191944,11,9,,2019,1,5,2,3,5,2,2,0,1,0,0,0,0,0,"807683,0988","5817730,715","13,52585","52,42303",9030901.0,Dorf Altglienicke,6426.0,51.0
191945,11,8,,2019,1,17,2,3,2,2,1,0,1,0,1,0,0,0,"802329,6004","5816798,02","13,44652","52,41766",8020728.0,Buckow Ost,5224.0,60.0
191946,11,1,,2019,1,13,4,3,6,4,0,0,0,1,0,0,1,0,"798321,9847","5829380,233","13,39903","52,53264",1011401.0,Invalidenstraße,4558.0,14.0
191947,11,9,,2019,1,17,2,2,6,2,1,0,1,1,0,0,0,0,"810361,9869","5823543,278","13,57052","52,47361",9052001.0,Köpenick Nord,7141.0,63.0
191948,11,7,,2019,1,15,2,3,6,4,0,1,0,1,0,0,0,0,"796338,0338","5823954,737","13,36503","52,48509",7020204.0,Schöneberger Insel,4044.0,52.0
191949,11,10,,2019,1,15,2,3,2,2,0,0,1,0,0,0,0,0,"812265,8877","5827761,993","13,60242","52,51033",10040829.0,Alt-Kaulsdorf,7651.0,64.0
191950,11,4,,2019,1,13,2,3,2,2,0,0,1,0,0,0,0,0,"790292,053","5826036,09","13,27806","52,507",4020313.0,Königin-Elisabeth-Straße,2750.0,55.0
191951,11,8,,2019,1,13,2,3,0,3,0,0,1,0,0,0,1,0,"802722,4055","5819458,555","13,45469","52,44129",8020622.0,Parchimer Allee,5431.0,57.0
191952,11,2,,2019,1,9,5,3,3,6,0,0,1,0,0,0,1,0,"800127,2833","5825757,633","13,42229","52,49918",2030301.0,Oranienplatz,4948.0,23.0
191953,11,2,,2019,1,12,2,3,6,7,0,0,1,1,0,0,0,0,"800189,9192","5824401,843","13,42199","52,48699",2020206.0,Graefekiez,4944.0,25.0
191954,11,8,,2019,1,11,2,3,2,6,0,0,1,0,0,0,0,0,"801219,4062","5821686,849","13,43466","52,46209",8020619.0,Buschkrugallee Nord,5137.0,55.0
191955,11,4,,2019,1,8,5,3,0,2,0,1,1,0,0,0,0,0,"792255,2988","5826004,691","13,30688","52,50567",4030827.0,Karl-August-Platz,3250.0,40.0
191956,11,1,,2019,1,11,2,3,6,4,0,0,1,1,0,0,0,0,"797640,1982","5828177,428","13,38793","52,52223",1011301.0,Charitéviertel,4455.0,27.0
191957,11,6,,2019,1,10,2,3,5,3,0,1,1,0,0,0,0,0,"792344,4798","5820808,71","13,30363","52,45904",6040810.0,Dahlem,3136.0,49.0
191958,11,1,,2019,1,9,2,3,2,6,0,0,1,0,0,0,0,0,"793422,6437","5829465,483","13,32708","52,53607",1022103.0,Westhafen,3559.0,22.0
191959,11,1,,2019,1,21,4,3,2,6,2,0,1,0,0,0,0,0,"799567,7605","5828230,669","13,4163","52,52165",1011303.0,Alexanderplatzviertel,4855.0,25.0
191960,11,5,,2019,1,8,2,3,6,4,0,0,1,1,0,0,0,0,"779819,3823","5830157,798","13,12764","52,54943",5020415.0,Isenburger Weg,563.0,65.0
191961,11,4,,2019,1,10,2,3,0,1,0,0,0,0,1,0,0,2,"790898,9112","5826974,488","13,2878","52,51509",4030416.0,Klausenerplatz,2953.0,57.0
191962,11,1,,2019,1,15,1,3,1,5,0,1,1,0,0,0,1,1,"797738,3337","5831237,543","13,39211","52,54961",1033102.0,Gesundbrunnen,4463.0,27.0
191963,11,1,,2019,1,23,1,2,5,3,2,1,1,0,0,0,0,0,"796637,1662","5829798,932","13,37463","52,53731",1033203.0,Humboldthain Nordwest,4259.0,40.0
191964,11,6,,2019,1,17,1,3,6,2,2,0,1,1,0,0,0,0,"795116,5885","5821277,184","13,34473","52,46175",6010210.0,Bismarckstraße,3737.0,55.0
191965,11,4,,2019,1,17,1,3,5,2,2,0,1,0,0,0,0,1,"789487,5381","5830629,091","13,27024","52,5486",4010101.0,Jungfernheide,2662.0,61.0
191966,11,4,,2019,1,10,5,3,5,2,0,0,1,0,0,0,0,0,"792191,3008","5827027,389","13,30684","52,51487",4030622.0,Richard-Wagner-Straße,3253.0,43.0
191967,11,1,,2019,1,15,1,3,2,1,0,1,1,0,0,0,0,0,"797677,5811","5829624,223","13,38977","52,53518",1033202.0,Humboldthain Süd,4459.0,28.0
191968,11,8,,2019,1,14,1,3,5,2,0,0,1,0,0,0,0,1,"803724,1188","5818010,323","13,46807","52,42775",8030831.0,Gropiusstadt Ost,5627.0,51.0
191969,11,12,,2019,1,1,1,2,1,1,2,0,1,0,0,0,1,1,"795863,8643","5832599,492","13,36576","52,56284",12103117.0,Letteplatz,4067.0,9.0
191970,11,1,,2019,2,15,3,3,5,3,0,0,1,0,0,0,0,0,"794050,016","5832122,977","13,33866","52,55955",1044102.0,Schillerpark,3666.0,49.0
191971,11,12,,2019,2,13,3,3,3,6,0,1,1,0,0,0,0,0,"792530,8986","5833065,816","13,31714","52,56882",12214424.0,Scharnweberstraße,3368.0,49.0
191972,11,1,,2019,2,14,3,3,5,3,0,1,1,0,0,0,0,0,"794455,0241","5828436,841","13,34135","52,52629",1022104.0,Emdener Straße,3756.0,4.0
191973,11,3,,2019,2,17,5,3,5,3,2,1,1,0,0,0,0,0,"800191,7902","5830931,665","13,42791","52,54552",3061228.0,Erich-Weinert-Straße,5062.0,44.0
191974,11,9,,2019,2,14,3,2,2,7,0,0,1,0,0,0,0,0,"813042,9322","5821425,684","13,60788","52,45311",9051701.0,Hirschgarten,7635.0,61.0
191975,11,9,,2019,2,15,3,2,6,4,0,0,1,1,0,0,0,0,"811563,2054","5818866,162","13,58379","52,43101",9041301.0,Kietzer Feld/Nachtheide,7328.0,63.0
191976,11,6,,2019,2,14,3,3,5,2,0,1,1,1,0,0,0,0,"794767,9006","5819860,234","13,33836","52,44923",6010206.0,Stadtpark,3633.0,59.0
191977,11,4,,2019,2,14,5,2,5,2,0,0,1,0,0,0,0,0,"789835,0757","5827385,635","13,27252","52,51934",4020310.0,Park Ruhwald,2754.0,42.0
191978,11,4,,2019,2,14,3,3,6,7,0,0,1,1,0,0,0,0,"791581,9853","5825047,691","13,29615","52,49745",4031032.0,Halensee,3047.0,56.0
191979,11,5,,2019,2,11,3,3,2,2,0,0,1,0,0,0,0,0,"779587,9778","5827831,917","13,12228","52,52869",5020521.0,Döberitzer Weg,457.0,54.0
191980,11,5,,2019,2,11,3,2,5,3,0,0,1,0,0,0,0,0,"783057,672","5829305,085","13,17454","52,54011",5010209.0,An der Kappe,1260.0,65.0
191981,11,6,,2019,2,7,3,3,3,6,0,1,0,0,0,0,1,0,"796398,7649","5816915,293","13,35968","52,42195",6020306.0,Lankwitz Süd,4025.0,60.0
191982,11,2,,2019,2,17,3,3,8,1,2,0,1,0,0,0,0,0,"798311,6702","5825332,738","13,39525","52,49637",2020204.0,Urbanstraße,4547.0,11.0
191983,11,4,,2019,2,18,3,3,2,6,2,0,1,0,0,0,0,0,"791979,7575","5824834,055","13,3018","52,49532",4031032.0,Halensee,3147.0,43.0
191984,11,8,,2019,2,20,3,3,5,3,2,1,1,0,0,0,0,0,"804138,0878","5817802,937","13,47395","52,42566",8030831.0,Gropiusstadt Ost,5727.0,61.0
191985,11,8,,2019,2,17,3,3,2,6,2,1,1,0,0,0,0,0,"800683,7211","5822915,114","13,4279","52,4734",8010117.0,Schillerpromenade,5040.0,48.0
191986,11,1,,2019,2,17,3,3,1,5,2,1,1,0,0,0,0,0,"799467,6076","5826587,861","13,41335","52,50698",1011305.0,Heine-Viertel West,4850.0,38.0
191987,11,2,,2019,2,13,5,2,6,4,0,1,0,1,0,0,0,0,"800799,8778","5825819,163","13,43223","52,49936",2030302.0,Lausitzer Platz,5048.0,24.0
191988,11,7,,2019,2,17,3,3,1,7,2,0,1,0,0,0,1,0,"797965,9513","5819460,655","13,38492","52,44392",7050501.0,Rathausstraße,4332.0,40.0
191989,11,2,,2019,2,15,5,3,3,6,0,1,1,0,0,0,0,0,"799237,096","5824556,034","13,40814","52,4889",2020206.0,Graefekiez,4745.0,46.0
191990,11,8,,2019,2,16,3,3,6,4,1,0,1,1,0,0,0,0,"804992,2893","5817756,296","13,48643","52,42477",8041037.0,Alt-Rudow,5826.0,49.0
191991,11,1,,2019,2,16,3,3,6,4,0,0,0,1,1,0,0,0,"797029,6831","5830895,961","13,38139","52,54693",1033203.0,Humboldthain Nordwest,4362.0,59.0
191992,11,12,,2019,2,16,3,3,5,2,0,0,1,0,0,0,0,0,"793545,003","5834253,179","13,33312","52,57892",12301203.0,Wittenau Süd,3671.0,59.0
191993,11,5,,2019,2,13,5,3,2,6,0,0,1,0,0,0,0,0,"788032,287","5829372,451","13,24775","52,53811",5030731.0,Gartenfelder Straße,2359.0,44.0
191994,11,5,,2019,2,15,3,3,5,3,0,1,1,0,0,0,0,0,"782906,1268","5827421,529","13,17071","52,5233",5020523.0,Maulbeerallee,1155.0,58.0
191995,11,4,,2019,2,17,3,2,5,2,2,1,1,0,0,0,0,0,"792948,9667","5825319,057","13,31647","52,49915",4051446.0,Preußenpark,3348.0,36.0
191996,11,12,,2019,2,10,3,3,2,2,0,1,0,0,0,0,0,0,"790812,6528","5834331,83","13,29297","52,58109",12214125.0,Waldidyll/Flughafensee,3072.0,57.0
191997,11,1,,2019,2,14,6,3,5,2,0,1,0,0,0,0,1,0,"799110,8712","5828465,981","13,4098","52,52401",1011303.0,Alexanderplatzviertel,4755.0,4.0
191998,11,6,,2019,2,10,3,3,3,6,0,0,1,0,0,0,1,0,"795229,3258","5818685,552","13,34409","52,43846",6020303.0,Lankwitz Kirche,3730.0,44.0
191999,11,5,,2019,2,7,3,3,2,7,0,0,1,0,0,0,0,0,"784649,6321","5827269,114","13,19621","52,52103",5020626.0,Adamstraße,1554.0,46.0
192000,11,1,,2019,2,13,5,3,2,6,0,0,1,0,0,0,0,0,"794636,3248","5826163,135","13,342","52,50581",1011101.0,Stülerstraße,3750.0,33.0
192001,11,2,,2019,2,7,3,3,5,3,1,1,1,0,0,0,0,0,"800365,0273","5827188,8","13,42708","52,51188",2040701.0,Andreasviertel,5052.0,43.0
192002,11,2,,2019,2,17,2,3,2,6,2,0,1,0,0,0,0,0,"801647,9232","5825899,153","13,44475","52,49961",2030402.0,Wrangelkiez,5248.0,21.0
192003,11,2,,2019,2,17,2,3,2,6,2,0,1,0,0,0,0,0,"801647,9232","5825899,153","13,44475","52,49961",2030402.0,Wrangelkiez,5248.0,21.0
192004,11,11,,2019,2,9,5,3,4,6,0,0,1,0,0,0,0,0,"803446,2207","5828618,434","13,47364","52,52299",11030721.0,Rüdigerstraße,5655.0,61.0
192005,11,4,,2019,2,15,2,3,2,6,0,0,1,0,0,0,0,0,"793931,9632","5826032,839","13,33154","52,50502",4030931.0,Breitscheidplatz,3550.0,28.0
192006,11,3,,2019,2,9,2,3,5,2,0,0,1,0,0,1,0,1,"797872,651","5836024,615","13,39839","52,59245",3020209.0,Niederschönhausen,4575.0,58.0
192007,11,9,,2019,2,8,2,3,2,2,0,0,1,0,0,0,0,1,"809791,1161","5820493,661","13,55932","52,44661",9020802.0,Köllnische Vorstadt,6933.0,57.0
192008,11,1,,2019,2,9,5,3,5,2,0,1,1,0,0,0,0,0,"799054,3076","5828993,34","13,40944","52,52877",1011302.0,Oranienburger Straße,4757.0,11.0
192009,11,9,,2019,2,11,2,3,2,6,0,0,1,0,0,0,0,1,"816108,7049","5813266,556","13,64514","52,37823",9031202.0,Schmöckwitz/Rauchfangswerder,8213.0,65.0
192010,11,1,,2019,2,21,2,3,6,7,2,0,1,1,0,0,0,0,"795518,132","5828345,68","13,35689","52,5249",1022205.0,Zillesiedlung,3956.0,59.0
192011,11,4,,2019,2,14,6,3,0,1,0,1,0,0,0,0,0,0,"791554,614","5822477,081","13,2935","52,47442",4041241.0,Breite Straße,3041.0,60.0
192012,11,9,,2019,2,21,2,3,6,7,2,0,0,1,0,0,1,0,"811054,7724","5818037,065","13,57556","52,42387",9031101.0,Grünau,7226.0,60.0
192013,11,5,,2019,2,5,2,3,3,6,2,1,0,0,0,0,1,1,"780912,829","5828336,297","13,14218","52,53253",5020419.0,Magistratsweg,758.0,54.0
192014,11,10,,2019,2,11,5,3,5,3,0,0,1,0,0,0,0,0,"809336,8958","5832706,088","13,564","52,55631",10010204.0,Wuhletalstraße,7065.0,59.0
192015,11,12,,2019,2,7,2,3,6,2,0,0,1,1,0,0,0,1,"794963,0381","5832708,33","13,35261","52,5643",12103219.0,Schäfersee,3867.0,65.0
192016,11,8,,2019,2,5,2,2,5,3,2,0,0,0,1,0,1,1,"802278,5584","5823881,701","13,45219","52,48118",8010406.0,Treptower Straße Nord,5343.0,62.0
192017,11,8,,2019,2,11,5,3,2,6,0,0,1,0,0,0,1,0,"802106,7801","5823434,353","13,44926","52,47726",8010404.0,Rixdorf,5342.0,38.0
192018,11,5,,2019,2,19,2,3,6,2,2,0,1,1,0,0,0,0,"784548,115","5828156,36","13,19548","52,52903",5020626.0,Adamstraße,1557.0,28.0
192019,11,1,,2019,2,7,2,2,6,7,1,1,0,1,0,0,0,1,"794191,2365","5827121,602","13,33631","52,51464",1022207.0,Hansaviertel,3653.0,61.0
192020,11,8,,2019,2,18,2,3,6,2,1,0,1,1,0,0,0,0,"801524,0108","5817548,343","13,43539","52,42483",8020727.0,Buckow Mitte,5126.0,38.0
192021,11,1,,2019,2,19,5,3,0,2,2,1,0,0,0,0,1,0,"797685,7217","5827902,94","13,38835","52,51975",1011202.0,Unter den Linden Nord,4454.0,36.0
192022,11,7,,2019,2,16,2,3,6,7,0,1,0,1,0,0,0,0,"794861,289","5825676,6","13,34487","52,50132",7010101.0,Wittenbergplatz/Viktoria-Luise-Platz,3749.0,17.0
192023,11,11,,2019,2,16,2,2,5,3,0,1,1,0,0,0,0,0,"804303,7547","5830307,14","13,48779","52,53764",11020514.0,Große-Leege-Straße,5959.0,65.0
192024,11,8,,2019,2,15,2,3,6,4,0,0,1,1,0,0,0,0,"801430,7196","5820268,839","13,43648","52,44926",8020622.0,Parchimer Allee,5133.0,32.0
192025,11,4,,2019,2,7,5,3,5,2,0,1,1,0,0,0,0,1,"792489,5126","5824122,668","13,30867","52,48867",4051445.0,Eisenzahnstraße,3245.0,33.0
192026,11,9,,2019,2,15,2,2,0,1,0,1,1,0,0,0,0,0,"811185,663","5817766,294","13,57723","52,42137",9031101.0,Grünau,7225.0,65.0
192027,11,1,,2019,2,14,2,3,2,6,0,0,1,0,0,0,0,1,"797514,9588","5831010,255","13,38862","52,54769",1033201.0,Brunnenstraße,4462.0,55.0
192028,11,10,,2019,2,12,2,3,2,6,0,0,1,0,1,0,0,0,"812928,884","5827928,147","13,61231","52,51144",10040932.0,Alt-Mahlsdorf,7752.0,58.0
192029,11,6,,2019,2,7,5,3,5,3,0,0,1,0,0,0,0,0,"792586,2752","5818924,367","13,30553","52,44202",6030609.0,Augustaplatz,3131.0,59.0
192030,11,4,,2019,2,12,2,3,6,2,0,0,1,1,0,0,0,1,"790525,3985","5826497,051","13,28189","52,51101",4020313.0,Königin-Elisabeth-Straße,2851.0,8.0
192031,11,3,,2019,2,8,2,3,5,7,0,0,1,0,0,0,1,1,"799469,8859","5831030,816","13,41739","52,54681",3061332.0,Helmholtzplatz,4862.0,43.0
192032,11,12,,2019,2,8,2,3,5,7,0,0,1,0,0,0,1,1,"791756,3438","5834578,048","13,30708","52,58279",12304313.0,Borsigwalde,3272.0,65.0
192033,11,8,,2019,2,7,5,3,5,2,0,0,1,0,0,0,1,1,"801546,2909","5820647,214","13,43851","52,45259",8020619.0,Buschkrugallee Nord,5134.0,50.0
192034,11,9,,2019,2,18,2,3,6,4,1,0,1,1,0,0,0,0,"804233,543","5824169,615","13,48115","52,48267",9010202.0,Köpenicker Landstraße,5843.0,63.0
192035,11,8,,2019,2,16,1,3,2,2,2,0,1,0,0,0,0,1,"800664,1935","5824380,216","13,42894","52,48654",8010301.0,Reuterkiez,5044.0,14.0
192036,11,9,,2019,2,21,1,3,2,7,2,0,1,0,1,0,0,1,"809389,4491","5819628,756","13,55262","52,43908",9020702.0,Adlershof Ost,6830.0,43.0
192037,11,12,,2019,2,16,5,3,5,2,0,1,1,0,0,0,0,0,"792851,671","5835170,064","13,32372","52,58751",12301203.0,Wittenau Süd,3474.0,49.0
192038,11,10,,2019,2,15,1,3,5,2,0,0,1,0,0,0,0,1,"811288,9316","5831562,997","13,59163","52,54495",10020413.0,Gut Hellersdorf,7461.0,52.0
192039,11,5,,2019,2,1,1,3,8,1,1,0,1,0,0,0,0,1,"784997,6005","5829401,608","13,20315","52,53996",5010314.0,Carl-Schurz-Straße,1660.0,30.0
192040,11,2,,2019,2,18,1,2,2,6,2,1,1,0,0,0,0,1,"799847,6463","5825811,428","13,41823","52,49982",2030301.0,Oranienplatz,4848.0,3.0
192041,11,8,,2019,2,7,5,3,0,3,0,0,1,0,1,0,0,0,"806884,2256","5817354,097","13,5138","52,42011",8041040.0,Waltersdorfer Chaussee Ost,6225.0,65.0
192042,11,4,,2019,2,19,1,2,6,2,2,0,1,1,0,0,0,1,"791837,3073","5824702,002","13,2996","52,49421",4031032.0,Halensee,3147.0,43.0
192043,11,6,,2019,2,18,1,2,8,1,2,0,1,0,0,0,1,1,"793564,5509","5817986,521","13,31906","52,43308",6020409.0,Königsberger Straße,3429.0,56.0
192044,11,1,,2019,2,9,1,3,2,6,0,0,1,0,0,0,0,1,"795552,4438","5830734,915","13,35952","52,54629",1044202.0,Sparrplatz,4062.0,45.0
192045,11,2,,2019,2,2,1,3,5,3,2,0,1,0,0,0,1,0,"798183,347","5826499,56","13,39441","52,5069",2010102.0,Mehringplatz,4550.0,26.0
192046,11,11,,2019,2,10,6,3,5,2,0,1,1,0,0,0,0,0,"805833,1405","5831863,726","13,5117","52,55074",11020412.0,Hauptstraße,6263.0,48.0
192047,11,2,,2019,2,3,7,3,0,1,2,1,0,0,0,0,0,0,"800724,3014","5826537,615","13,43177","52,50584",2030302.0,Lausitzer Platz,5050.0,37.0
192048,11,1,,2019,2,1,7,2,8,1,2,0,1,0,0,0,0,0,"794223,5065","5830421,662","13,3397","52,54421",1044101.0,Rehberge,3761.0,56.0
192049,11,12,,2019,2,23,7,3,0,3,2,0,1,0,1,0,0,1,"794640,3828","5836270,786","13,35103","52,59641",12302110.0,Dannenwalder Weg,3876.0,49.0
192050,11,8,,2019,2,23,7,3,2,6,2,0,1,0,0,0,1,1,"803824,2776","5817909,914","13,46944","52,4268",8030831.0,Gropiusstadt Ost,5627.0,51.0
192051,11,8,,2019,2,21,7,3,6,4,2,0,1,1,0,0,0,0,"802470,4269","5823158,055","13,45435","52,47459",8010404.0,Rixdorf,5441.0,34.0
192052,11,10,,2019,2,14,5,3,6,4,0,0,1,1,0,0,0,0,"809964,4385","5834535,877","13,57493","52,57235",10010102.0,Havemannstraße,7269.0,65.0
192053,11,1,,2019,2,14,7,3,0,7,0,0,1,0,0,0,1,0,"796425,0273","5828596,967","13,37044","52,52666",1022206.0,Lüneburger Straße,4156.0,34.0
192054,11,11,,2019,2,20,7,3,5,2,2,0,1,0,0,0,0,1,"804416,9952","5833377,312","13,49227","52,5651",11010309.0,Zingster Straße West,5967.0,61.0
192055,11,9,,2019,2,18,7,3,2,6,2,0,1,0,0,0,0,1,"809683,0962","5821311,777","13,55849","52,454",9051901.0,Dammvorstadt,6935.0,43.0
192056,11,6,,2019,2,5,5,3,3,6,2,0,1,0,0,0,0,0,"796010,1437","5819872,042","13,3566","52,44867",6010205.0,Südende,3933.0,51.0
192057,11,1,,2019,2,17,7,3,9,1,2,0,0,0,0,0,1,0,"799218,5895","5827172,358","13,41022","52,51236",1011305.0,Heine-Viertel West,4752.0,45.0
192058,11,4,,2019,2,15,7,3,5,2,0,0,1,0,0,0,0,0,"793353,0982","5829678,816","13,32625","52,53802",4010102.0,Plötzensee,3559.0,22.0
192059,11,4,,2019,2,15,7,3,5,2,0,0,1,0,0,0,0,0,"793341,673","5829714,923","13,32611","52,53835",4010102.0,Plötzensee,3559.0,22.0
192060,11,1,,2019,2,11,6,2,6,2,0,0,0,1,0,1,0,0,"796846,0834","5830319,929","13,37817","52,54187",1033203.0,Humboldthain Nordwest,4260.0,59.0
192061,11,4,,2019,2,14,7,3,3,6,0,1,1,0,0,0,0,0,"794396,2008","5824180,077","13,33672","52,48816",4051655.0,Babelsberger Straße,3645.0,59.0
192062,11,5,,2019,2,14,7,3,0,2,0,1,1,0,0,0,0,0,"787978,7442","5830394,277","13,24785","52,5473",5030731.0,Gartenfelder Straße,2362.0,54.0
192063,11,8,,2019,2,9,5,3,0,1,0,1,0,0,0,0,0,1,"803025,0944","5819379,62","13,45906","52,44041",8040933.0,Vogelviertel Süd,5431.0,57.0
192064,11,7,,2019,2,20,7,2,5,3,2,0,1,0,0,0,0,1,"797854,9371","5821887,666","13,38546","52,46574",7040403.0,Manteuffelstraße,4338.0,47.0
192065,11,5,,2019,2,20,7,2,6,4,2,0,1,1,0,0,0,1,"784663,2226","5829717,353","13,19851","52,54297",5010313.0,Ackerstraße,1661.0,51.0
192066,11,4,,2019,2,13,7,3,2,6,0,0,1,0,0,0,1,0,"794350,2675","5825430,17","13,33715","52,49939",4051448.0,Schaperstraße,3648.0,35.0
192067,11,1,,2019,2,14,4,3,5,2,0,1,1,0,0,0,0,0,"795536,22","5830472,575","13,35905","52,54395",1044202.0,Sparrplatz,3961.0,48.0
192068,11,3,,2019,2,13,7,3,5,3,0,0,1,0,0,0,0,0,"798823,2127","5831623,567","13,40841","52,55248",3061126.0,Arnimplatz,4764.0,60.0
192069,11,9,,2019,2,13,7,3,2,6,0,0,1,0,0,0,0,0,"810190,8848","5821526,516","13,56614","52,45564",9051901.0,Dammvorstadt,7035.0,48.0
192070,11,1,,2019,2,12,7,3,5,2,0,1,1,0,0,0,0,1,"794587,425","5828438,769","13,3433","52,52623",1022104.0,Emdener Straße,3756.0,4.0
192071,11,2,,2019,2,7,4,3,2,2,0,1,1,0,0,0,0,0,"801988,3694","5826925,116","13,45069","52,50862",2050802.0,Boxhagener Platz,5351.0,36.0
192072,11,7,,2019,2,12,7,2,5,2,0,1,1,0,0,0,0,0,"799223,1157","5820044,142","13,40389","52,44846",7050503.0,Eisenacher Straße,4633.0,58.0
192073,11,9,,2019,2,12,7,3,2,6,0,0,1,0,0,0,0,0,"806526,5216","5822524,433","13,5133","52,46665",9020501.0,Oberschöneweide West,6238.0,43.0
192074,11,3,,2019,2,14,7,3,5,3,0,1,0,0,0,0,1,0,"801320,7825","5832448,911","13,44589","52,5585",3050919.0,Gustav-Adolf-Straße,5265.0,58.0
192075,11,6,,2019,2,18,5,2,0,3,1,0,0,0,0,0,1,0,"793615,4209","5815913,53","13,31799","52,41447",6020411.0,Schütte-Lanz-Straße,3323.0,62.0
192076,11,4,,2019,2,10,6,3,1,5,0,0,1,0,0,1,0,0,"794202,3545","5825661,737","13,33518","52,50155",4030931.0,Breitscheidplatz,3649.0,23.0
192077,11,10,,2019,2,12,6,3,5,3,0,0,1,0,0,0,0,0,"809450,0448","5834612,146","13,56744","52,57332",10010102.0,Havemannstraße,7070.0,63.0
192078,11,4,,2019,2,13,4,3,5,3,0,0,1,0,0,0,0,0,"789992,273","5826317,665","13,2739","52,50968",4020311.0,Reichsstraße,2751.0,29.0
192079,11,11,,2019,2,9,6,2,5,3,0,0,1,0,0,0,0,0,"805694,8833","5834155,697","13,51178","52,57136",11010206.0,Wartenberg Süd,6269.0,65.0
192080,11,11,,2019,2,14,6,3,0,7,0,0,0,0,0,0,1,0,"803669,9137","5829506,621","13,47774","52,53082",11030619.0,Fennpfuhl Ost,5757.0,55.0
192081,11,11,,2019,2,15,4,3,5,3,0,0,1,0,0,0,0,1,"805870,3633","5831421,101","13,51184","52,54675",11020412.0,Hauptstraße,6262.0,56.0
192082,11,2,,2019,2,23,6,3,6,7,2,0,1,1,0,0,0,0,"802390,3024","5826832,824","13,45651","52,50757",2050802.0,Boxhagener Platz,5450.0,55.0
192083,11,4,,2019,2,9,6,3,0,6,0,0,1,0,0,0,0,0,"790838,3904","5824734,273","13,28495","52,49504",4041134.0,Bismarckallee,2847.0,41.0
192084,11,10,,2019,2,5,6,3,6,4,2,0,1,1,0,0,0,0,"808256,5308","5829821,659","13,54544","52,53107",10010309.0,Springpfuhl,6757.0,65.0
192085,11,11,,2019,2,15,4,2,3,6,0,0,1,0,1,0,0,1,"804646,8625","5829931,815","13,49249","52,53409",11030720.0,Herzbergstraße,5958.0,60.0