OBJECTID,LAND,BEZ,LOR_ab_2021,UJAHR,UMONAT,USTUNDE,UWOCHENTAG,UKATEGORIE,UART,UTYP1,ULICHTVERH,IstRad,IstPKW,IstFuss,IstKrad,IstGkfz,IstSonstige,USTRZUSTAND,LINREFX,LINREFY,XGCSWGS84,YGCSWGS84,LOR,STRASSE,quadrant,quadrant_rank
192086,11,4,,2019,2,15,6,2,5,2,0,0,1,0,1,0,0,0,"794464,3962","5825853,144","13,3392","52,50312",4030931.0,Breitscheidplatz,3649.0,23.0
192087,11,6,,2019,2,17,6,3,5,2,1,0,1,0,0,0,0,0,"795052,7897","5819615,413","13,34232","52,44689",6010206.0,Stadtpark,3733.0,55.0
192088,11,1,,2019,2,18,6,3,6,4,1,0,1,1,0,0,0,0,"797686,6893","5827897,219","13,38836","52,5197",1011202.0,Unter den Linden Nord,4454.0,36.0
192089,11,1,,2019,2,21,5,2,5,2,2,1,0,0,0,1,0,0,"796661,2191","5831953,422","13,37691","52,55661",1044201.0,Reinickendorfer Straße,4265.0,5.0
192090,11,6,,2019,2,2,6,2,5,3,2,0,1,0,0,0,0,1,"791708,0149","5819371,451","13,29304","52,44649",6040809.0,Thielallee,3033.0,58.0
192091,11,11,,2019,2,5,6,3,5,3,2,0,1,0,0,0,0,0,"805138,7654","5834437,672","13,50386","52,57419",11010207.0,Wartenberg Nord,6170.0,58.0
192092,11,3,,2019,2,5,6,3,2,6,2,0,1,0,0,0,0,0,"795912,5219","5835398,819","13,36898","52,58791",3040512.0,Wilhelmsruh,4174.0,59.0
192093,11,1,,2019,2,15,4,3,5,3,0,0,1,0,1,0,0,1,"794901,4863","5830562,886","13,3498","52,5451",1044103.0,Westliche Müllerstraße,3861.0,37.0
192094,11,3,,2019,2,8,6,3,2,6,0,0,1,0,0,0,1,0,"801729,8184","5830075,731","13,44975","52,537",3061430.0,Volkspark Prenzlauer Berg,5359.0,51.0
192095,11,4,,2019,2,9,6,2,1,5,0,1,0,0,0,0,1,1,"792526,6922","5825417,873","13,31035","52,50026",4030929.0,Hindemithplatz,3248.0,24.0
192096,11,3,,2019,2,11,6,3,0,2,0,0,1,0,0,0,1,0,"799675,9043","5837846,604","13,42658","52,60779",3020307.0,Buchholz,4980.0,63.0
192097,11,8,,2019,2,11,6,3,5,3,0,0,1,0,0,0,0,0,"801482,1442","5823005,501","13,4397","52,47377",8010213.0,Körnerpark,5141.0,58.0
192098,11,9,,2019,2,11,6,3,4,2,0,0,1,0,0,0,0,0,"816663,4856","5817388,768","13,65716","52,41485",9041601.0,Müggelheim,8423.0,59.0
192099,11,2,,2019,2,16,5,3,5,2,0,1,1,0,0,0,0,0,"800601,7044","5827103,871","13,43048","52,51099",2040701.0,Andreasviertel,5051.0,33.0
192100,11,3,,2019,2,13,6,2,6,4,0,0,1,1,0,0,0,0,"800171,0622","5836458,527","13,43261","52,59507",3020307.0,Buchholz,5076.0,61.0
192101,11,5,,2019,2,14,6,3,2,6,0,0,1,0,0,0,0,0,"786442,9563","5831148,428","13,22591","52,55487",5030730.0,Zitadellenweg,2064.0,55.0
192102,11,2,,2019,2,14,6,3,2,6,0,0,1,0,0,0,0,0,"800290,9119","5824374,709","13,42345","52,48669",2020206.0,Graefekiez,4944.0,25.0
192103,11,12,,2019,2,14,6,3,5,3,0,0,1,0,0,0,0,0,"785498,3705","5837389,229","13,21739","52,61132",12224230.0,Heiligensee,1881.0,61.0
192104,11,1,,2019,2,20,5,3,6,7,2,1,0,1,0,0,0,0,"798456,4012","5829967,081","13,40153","52,53783",1011402.0,Arkonaplatz,4659.0,65.0
192105,11,7,,2019,2,15,6,3,1,5,0,1,1,0,0,0,0,0,"794502,3743","5823360,007","13,33755","52,48075",7020202.0,Volkspark (Rudolf-Wilde-Park),3643.0,61.0
192106,11,6,,2019,2,5,6,2,9,1,1,0,1,0,0,0,0,1,"794277,8231","5817024,861","13,32867","52,42408",6020410.0,Oberhofer Platz,3526.0,59.0
192107,11,12,,2019,2,20,5,2,9,1,2,0,1,0,0,0,0,1,"791386,3522","5835546,474","13,30249","52,59167",12304314.0,Ziekowstraße/Freie Scholle,3175.0,65.0
192108,11,10,,2019,2,15,4,3,2,6,0,0,1,0,0,0,1,0,"810920,3055","5832040,272","13,58666","52,54944",10020412.0,Alte Hellersdorfer Straße,7363.0,56.0
192109,11,1,,2019,2,5,5,3,5,3,2,0,1,0,1,0,0,0,"799474,4742","5826560,96","13,41343","52,50674",1011306.0,Heine-Viertel Ost,4850.0,38.0
192110,11,3,,2019,2,10,5,3,5,2,0,0,1,0,0,0,0,0,"804491,6526","5840922,707","13,50031","52,63268",3010102.0,Buch,6087.0,61.0
192111,11,6,,2019,2,10,5,3,2,2,0,0,1,0,0,0,0,0,"790494,2411","5818071,046","13,2741","52,43548",6030503.0,Zehlendorf Mitte,2729.0,59.0
192112,11,9,,2019,2,11,5,3,2,7,0,0,1,0,0,0,1,0,"810408,6229","5818200,933","13,56624","52,42571",9031101.0,Grünau,7027.0,65.0
192113,11,8,,2019,2,13,5,3,5,3,0,0,1,0,0,0,0,0,"801745,7336","5822047,728","13,44271","52,46503",8010214.0,Glasower Straße,5238.0,46.0
192114,11,5,,2019,2,15,5,3,5,7,0,0,1,0,0,0,1,1,"786593,9044","5829226,911","13,22647","52,53756",5030730.0,Zitadellenweg,2059.0,42.0
192115,11,7,,2019,2,14,5,3,5,2,0,1,1,0,0,0,0,0,"797341,3815","5821933,796","13,37796","52,46643",7040403.0,Manteuffelstraße,4238.0,48.0
192116,11,7,,2019,2,17,5,3,3,6,2,0,1,0,0,0,0,0,"797289,667","5822620,407","13,37782","52,47261",7040401.0,Neu-Tempelhof,4240.0,51.0
192117,11,3,,2019,2,18,5,3,2,2,2,0,1,0,0,0,0,0,"802329,1795","5829223,933","13,45778","52,52903",3061430.0,Volkspark Prenzlauer Berg,5457.0,20.0
192118,11,10,,2019,2,20,5,3,5,3,2,0,1,0,0,0,0,0,"811909,1725","5829754,726","13,59905","52,52839",10040828.0,Kaulsdorf Nord,7557.0,60.0
192119,11,9,,2019,2,16,4,3,2,6,0,0,1,0,0,0,1,0,"804101,273","5821293,669","13,47659","52,45697",9010302.0,Späthsfelde,5736.0,65.0
192120,11,7,,2019,2,20,5,3,2,6,2,0,1,0,0,0,0,0,"797339,144","5822107,621","13,37809","52,46799",7040403.0,Manteuffelstraße,4239.0,42.0
192121,11,5,,2019,2,21,5,3,2,6,2,0,1,0,0,1,0,0,"786541,4462","5830619,418","13,2269","52,55007",5030730.0,Zitadellenweg,2063.0,62.0
192122,11,9,,2019,2,21,5,3,5,3,2,0,1,0,0,0,0,0,"804876,3339","5822498,924","13,48906","52,46734",9010301.0,Baumschulenstraße,5939.0,38.0
192123,11,4,,2019,2,16,4,2,5,7,0,0,1,0,1,0,0,0,"792138,7939","5828235,945","13,30713","52,52573",4030519.0,Kaiserin-Augusta-Allee,3256.0,49.0
192124,11,4,,2019,2,18,5,2,2,6,1,0,1,0,1,0,0,1,"790376,9423","5829034,24","13,28193","52,53383",5030833.0,Motardstraße,2858.0,52.0
192125,11,1,,2019,2,23,5,3,5,2,2,0,1,0,0,0,0,0,"796995,2532","5831483,726","13,38141","52,55222",1033102.0,Gesundbrunnen,4364.0,39.0
192126,11,6,,2019,2,16,5,3,5,3,0,0,1,0,0,0,0,1,"795906,3666","5816503,838","13,35209","52,41853",6020306.0,Lankwitz Süd,3824.0,63.0
192127,11,5,,2019,2,11,5,3,2,6,0,0,1,0,0,0,0,0,"785096,5817","5828384,185","13,20374","52,53079",5020627.0,Tiefwerder,1657.0,58.0
192128,11,1,,2019,2,14,6,3,2,6,0,1,1,0,0,0,0,0,"799439,2414","5826517,549","13,41287","52,50637",1011305.0,Heine-Viertel West,4750.0,40.0
192129,11,11,,2019,2,17,5,3,0,7,2,0,0,0,0,1,0,1,"804836,9525","5834757,777","13,49971","52,57723",11010102.0,Dorf Wartenberg,6071.0,65.0
192130,11,8,,2019,2,20,5,3,6,7,2,0,1,1,0,0,0,0,"804466,7151","5817327,581","13,47833","52,42122",8030831.0,Gropiusstadt Ost,5725.0,63.0
192131,11,1,,2019,2,16,4,3,0,4,1,0,0,1,0,0,1,1,"798708,3547","5828099,497","13,40355","52,52095",1011303.0,Alexanderplatzviertel,4654.0,10.0
192132,11,12,,2019,2,11,4,3,2,6,0,0,1,0,0,0,0,0,"793253,4511","5832493,085","13,32727","52,5633",12214424.0,Scharnweberstraße,3567.0,10.0
192133,11,12,,2019,2,10,4,3,2,6,0,0,1,0,0,0,0,0,"793399,0883","5833874,861","13,33063","52,57561",12214421.0,Reinickes Hof,3570.0,53.0
192134,11,8,,2019,2,16,4,2,5,2,0,0,1,0,1,0,0,0,"801904,5254","5817559,085","13,44098","52,42471",8020728.0,Buckow Ost,5226.0,63.0
192135,11,3,,2019,2,12,4,3,5,3,0,0,1,0,0,0,0,1,"802871,6113","5838289,472","13,47403","52,60998",3030406.0,Alt-Karow,5780.0,50.0
192136,11,2,,2019,2,22,4,3,6,4,2,1,0,1,0,0,0,0,"800559,2991","5826963,051","13,42973","52,50975",2040701.0,Andreasviertel,5051.0,33.0
192137,11,3,,2019,2,15,4,3,2,2,0,0,1,0,0,0,0,0,"802826,5142","5832019,742","13,46764","52,55382",3050920.0,Weißer See,5664.0,53.0
192138,11,12,,2019,2,15,4,3,6,7,0,0,1,1,0,0,0,0,"794932,9682","5836130,942","13,35521","52,595",12302107.0,Schorfheidestraße,3976.0,55.0
192139,11,6,,2019,2,16,5,3,5,3,0,0,1,0,0,0,0,0,"792041,9339","5819964,413","13,29845","52,45163",6030605.0,Botanischer Garten,3034.0,65.0
192140,11,11,,2019,2,15,4,2,5,3,0,1,1,0,0,0,0,0,"805027,2157","5830385,34","13,4985","52,53794",11020515.0,Landsberger Allee,6059.0,59.0
192141,11,10,,2019,2,14,4,3,5,3,0,0,1,0,0,0,0,0,"811303,3594","5831186,992","13,59149","52,54157",10020413.0,Gut Hellersdorf,7460.0,55.0
192142,11,5,,2019,2,12,4,3,1,5,0,0,1,0,0,1,0,0,"787525,192","5829440,068","13,24035","52,53898",5030731.0,Gartenfelder Straße,2260.0,56.0
192143,11,1,,2019,2,13,6,3,2,2,0,0,1,0,0,0,1,0,"794657,2987","5829475,99","13,34524","52,53549",1022103.0,Westhafen,3759.0,54.0
192144,11,3,,2019,2,14,4,3,2,7,0,0,1,0,0,0,0,0,"800604,8596","5833192,001","13,43603","52,56555",3030715.0,Heinersdorf,5167.0,65.0
192145,11,1,,2019,2,14,4,2,5,2,0,0,1,0,0,0,0,0,"794526,517","5831568,974","13,34518","52,55433",1044101.0,Rehberge,3764.0,45.0
192146,11,9,,2019,2,11,4,3,9,1,0,0,1,0,0,0,0,0,"806259,9309","5820697,1","13,50771","52,45042",9010401.0,Johannisthal West,6234.0,51.0
192147,11,1,,2019,2,13,4,3,6,7,0,0,1,1,0,0,0,0,"797652,2784","5828603,876","13,38849","52,52605",1011302.0,Oranienburger Straße,4456.0,28.0
192148,11,7,,2019,2,13,4,3,6,4,0,0,1,1,0,0,0,0,"798056,22","5820875,912","13,38751","52,45656",7040405.0,Rathaus Tempelhof,4436.0,56.0
192149,11,3,,2019,2,20,4,3,6,2,2,0,1,1,0,0,0,1,"799237,371","5831804,684","13,41466","52,55387",3061126.0,Arnimplatz,4864.0,14.0
192150,11,11,,2019,2,11,4,3,1,5,0,1,0,0,0,1,1,0,"803498,8171","5826482,979","13,47247","52,50382",11040925.0,Victoriastadt,5649.0,33.0
192151,11,7,,2019,2,10,4,3,5,3,0,0,1,0,0,0,1,1,"797970,7948","5815787,009","13,38172","52,41099",7060604.0,Marienfelde Süd,4322.0,52.0
192152,11,12,,2019,2,9,4,2,9,1,0,0,1,0,0,0,0,1,"792877,8476","5835184,738","13,32412","52,58763",12301203.0,Wittenau Süd,3474.0,49.0
192153,11,6,,2019,2,19,5,3,2,6,2,0,1,0,0,0,0,0,"792387,9439","5816554,827","13,30055","52,42088",6030607.0,Goerzwerke,3125.0,61.0
192154,11,3,,2019,2,9,4,3,5,3,0,0,1,0,0,0,0,0,"800442,9614","5832251,836","13,4328","52,55722",3050923.0,Weißenseer Spitze,5065.0,44.0
192155,11,8,,2019,2,8,4,3,9,1,0,1,0,0,0,0,0,0,"802125,2209","5823032,897","13,44917","52,47366",8010404.0,Rixdorf,5341.0,41.0
192156,11,12,,2019,2,7,4,3,0,5,0,0,1,0,0,1,0,0,"790261,5941","5833872,885","13,28446","52,57727",12214126.0,Tegel Süd,2871.0,63.0
192157,11,1,,2019,2,5,4,3,6,4,2,0,1,1,0,0,0,1,"795453,7285","5831564,999","13,35881","52,55379",1044203.0,Leopoldplatz,3964.0,39.0
192158,11,12,,2019,2,7,4,2,5,2,0,1,1,0,0,0,0,0,"787096,0223","5838199,536","13,24163","52,61774",12224230.0,Heiligensee,2283.0,58.0
192159,11,2,,2019,2,19,4,3,1,5,2,1,1,0,0,0,0,0,"801566,4738","5827330,162","13,44485","52,51248",2040702.0,Weberwiese,5252.0,55.0
192160,11,1,,2019,2,19,4,3,0,6,1,0,1,0,0,0,1,0,"799653,1859","5827919,744","13,41728","52,51882",1011304.0,Karl-Marx-Allee,4854.0,36.0
192161,11,4,,2019,2,18,4,3,0,1,2,1,0,0,0,0,0,0,"793610,4486","5827882,981","13,32845","52,52178",4030621.0,Spreestadt,3555.0,16.0
192162,11,5,,2019,2,16,4,3,0,2,0,0,0,0,0,0,1,0,"784396,8559","5828679,317","13,1937","52,5338",5020625.0,Borkumer Straße,1558.0,34.0
192163,11,10,,2019,2,6,4,3,5,2,2,0,1,0,0,0,1,1,"812396,179","5824671,618","13,60143","52,48256",10040933.0,Mahlsdorf Süd,7543.0,63.0
192164,11,6,,2019,2,8,3,3,5,3,0,1,1,0,0,0,0,1,"790013,4944","5819151,53","13,26798","52,44542",6040807.0,Zehlendorf Eiche,2632.0,59.0
192165,11,2,,2019,2,15,3,3,5,3,0,0,1,0,0,0,0,0,"800637,657","5825688,154","13,42973","52,49828",2030401.0,Reichenberger Straße,5048.0,24.0
192166,11,2,,2019,2,11,3,3,5,2,0,0,1,0,0,0,0,0,"801757,6509","5826260,779","13,44669","52,50279",2040703.0,Wriezener Bahnhof/Entwicklungsgebiet,5249.0,5.0
192167,11,3,,2019,2,16,5,3,5,3,1,0,1,0,0,0,0,1,"803587,7072","5839229,695","13,48544","52,61801",3030405.0,Karow Nord,5883.0,63.0
192168,11,7,,2019,2,10,3,3,5,2,0,1,1,0,0,0,0,1,"797422,4198","5820393,217","13,37778","52,45257",7040404.0,Marienhöhe,4234.0,52.0
192169,11,2,,2019,2,5,3,2,5,3,2,0,1,0,0,0,0,0,"802111,4779","5826366,238","13,45199","52,50354",2050803.0,Stralauer Kiez,5349.0,29.0
192170,11,6,,2019,2,11,3,3,5,3,0,0,1,0,1,0,0,1,"793687,5936","5821581,32","13,32402","52,46524",6010103.0,Markelstraße,3438.0,56.0
192171,11,1,,2019,2,20,4,2,5,3,2,0,1,0,0,0,0,1,"798241,4728","5829623,932","13,39806","52,53487",1011402.0,Arkonaplatz,4558.0,14.0
192172,11,2,,2019,2,12,3,3,6,4,0,0,1,1,0,0,0,1,"799018,049","5826320,055","13,40651","52,50483",2010103.0,Moritzplatz,4750.0,40.0
192173,11,1,,2019,2,15,3,3,2,6,0,0,1,0,0,0,0,0,"799038,4561","5828988,894","13,40921","52,52874",1011302.0,Oranienburger Straße,4757.0,11.0
192174,11,4,,2019,2,7,3,3,5,3,0,0,1,0,0,0,0,1,"792848,3924","5825749,952","13,31537","52,50307",4030930.0,George-Grosz-Platz,3349.0,12.0
192175,11,2,,2019,2,17,3,3,6,7,2,0,1,1,0,0,0,0,"799741,7141","5825777,783","13,41665","52,49957",2010103.0,Moritzplatz,4848.0,3.0
192176,11,9,,2019,2,20,3,3,2,6,2,0,1,0,0,0,0,1,"809764,5334","5820697,408","13,55912","52,44845",9020801.0,Spindlersfeld,6933.0,57.0
192177,11,12,,2019,2,22,3,3,6,2,2,0,1,1,0,0,0,0,"792609,8449","5833525,293","13,31871","52,5729",12214423.0,Mellerbogen,3370.0,55.0
192178,11,1,,2019,2,6,4,3,6,2,1,0,1,1,0,0,0,1,"797014,7613","5828941,125","13,37942","52,52942",1011301.0,Charitéviertel,4257.0,20.0
192179,11,1,,2019,2,22,3,3,5,2,2,0,1,0,0,0,0,0,"796929,4628","5828125,601","13,37744","52,52216",1011301.0,Charitéviertel,4255.0,45.0
192180,11,7,,2019,2,22,3,3,0,2,2,0,1,0,1,0,0,0,"796330,8975","5824892,001","13,36576","52,49349",7010104.0,Dennewitzplatz,4046.0,41.0
192181,11,12,,2019,2,21,3,3,5,2,2,0,1,0,0,0,0,0,"792355,1708","5834061,072","13,31544","52,57784",12301203.0,Wittenau Süd,3371.0,40.0
192182,11,4,,2019,2,11,3,2,5,2,0,1,1,0,0,0,0,1,"791560,0264","5826642,134","13,29722","52,51175",4030417.0,Schloßstraße,3052.0,58.0
192183,11,10,,2019,2,15,5,3,5,2,0,1,1,0,0,0,0,0,"813011,8913","5827626,667","13,61325","52,50869",10040932.0,Alt-Mahlsdorf,7751.0,59.0
192184,11,8,,2019,2,17,3,2,5,2,2,0,1,0,1,0,0,1,"801055,713","5824924,693","13,43518","52,4912",8010301.0,Reuterkiez,5146.0,51.0
192185,11,4,,2019,2,11,3,2,4,6,0,0,1,0,0,0,1,0,"793287,5387","5830042,661","13,32561","52,54131",4010102.0,Plötzensee,3460.0,57.0
192186,11,7,,2019,2,13,3,2,2,6,0,0,1,0,0,0,0,1,"799484,3535","5820546,542","13,40817","52,45282",7040405.0,Rathaus Tempelhof,4734.0,59.0
192187,11,6,,2019,2,18,4,3,2,6,2,0,1,0,0,0,0,1,"793240,3023","5817305,74","13,31371","52,42716",6020409.0,Königsberger Straße,3327.0,59.0
192188,11,5,,2019,2,17,3,3,1,6,2,0,1,0,0,0,0,1,"786865,3092","5829335,003","13,23056","52,53839",5030730.0,Zitadellenweg,2059.0,42.0
192189,11,5,,2019,2,12,3,2,1,5,0,1,1,0,0,0,0,1,"785310,6049","5829242,089","13,20762","52,53837",5010314.0,Carl-Schurz-Straße,1759.0,52.0
192190,11,8,,2019,2,21,3,3,0,1,2,1,0,0,0,0,0,1,"801356,3858","5823847,435","13,43862","52,48138",8010303.0,Donaustraße,5143.0,6.0
192191,11,4,,2019,2,10,6,3,6,2,0,0,1,1,0,0,0,0,"792853,1066","5823931,143","13,31384","52,48676",4051549.0,Rathaus Wilmersdorf,3344.0,61.0
192192,11,7,,2019,2,14,3,3,8,1,0,0,1,0,0,0,0,0,"796299,5622","5822819,037","13,36346","52,47493",7020204.0,Schöneberger Insel,4041.0,37.0
192193,11,12,,2019,2,9,2,3,5,3,0,1,1,0,0,0,0,1,"792531,7395","5833071,019","13,31716","52,56887",12214424.0,Scharnweberstraße,3368.0,49.0
192194,11,9,,2019,2,18,4,2,6,2,2,0,1,1,0,0,0,1,"808678,5448","5817094,416","13,53986","52,41677",9030901.0,Dorf Altglienicke,6624.0,63.0
192195,11,4,,2019,2,21,2,3,0,7,2,0,0,0,1,0,0,1,"791699,8457","5826093,318","13,2988","52,50676",4030725.0,Amtsgerichtsplatz,3050.0,39.0
192196,11,3,,2019,2,20,2,3,5,3,2,0,1,0,0,0,0,1,"804120,4596","5838852,263","13,49293","52,61433",3030405.0,Karow Nord,5982.0,62.0
192197,11,9,,2019,2,6,4,3,2,6,1,0,1,0,0,0,0,1,"804482,9147","5820692,942","13,48164","52,45137",9010302.0,Späthsfelde,5834.0,65.0
192198,11,8,,2019,2,20,2,3,1,5,2,1,1,0,0,0,0,0,"800914,0412","5823851,266","13,43213","52,48166",8010211.0,Flughafenstraße,5043.0,50.0
192199,11,1,,2019,2,20,2,3,5,3,2,0,1,0,0,0,0,0,"797000,5257","5826615,313","13,37713","52,50858",1011201.0,Wilhelmstraße,4251.0,2.0
192200,11,4,,2019,2,20,2,3,5,2,2,0,1,0,0,0,0,0,"791265,2527","5823330,781","13,29","52,48223",4041137.0,Flinsberger Platz,2943.0,55.0
192201,11,4,,2019,2,9,4,3,0,1,0,0,0,0,1,0,0,1,"792537,9798","5828264,255","13,31302","52,52577",4030519.0,Kaiserin-Augusta-Allee,3356.0,56.0
192202,11,8,,2019,2,19,2,3,2,6,2,0,1,0,0,0,0,1,"802603,269","5823076,336","13,45622","52,47378",8010404.0,Rixdorf,5441.0,34.0
192203,11,3,,2019,2,18,2,3,2,6,2,0,1,0,0,0,0,0,"802343,9706","5829202,478","13,45798","52,52883",3061430.0,Volkspark Prenzlauer Berg,5457.0,20.0
192204,11,8,,2019,2,18,2,2,6,4,2,0,1,1,0,0,0,0,"800627,9945","5823100,149","13,42725","52,47508",8010117.0,Schillerpromenade,5041.0,31.0
192205,11,10,,2019,2,15,6,2,5,3,0,0,1,0,0,0,1,0,"809930,8183","5831620,646","13,57172","52,54624",10010310.0,Alt-Marzahn,7162.0,51.0
192206,11,5,,2019,2,17,2,2,6,4,2,0,1,1,0,0,0,0,"784767,1778","5827118,882","13,19781","52,51962",5020626.0,Adamstraße,1554.0,46.0
192207,11,2,,2019,2,17,2,2,6,4,2,0,1,1,0,0,0,0,"799223,1856","5826241,246","13,40945","52,50401",2010103.0,Moritzplatz,4749.0,23.0
192208,11,6,,2019,2,7,4,3,3,2,0,1,0,0,0,1,0,0,"793124,3811","5817647,948","13,31231","52,43029",6020409.0,Königsberger Straße,3228.0,32.0
192209,11,6,,2019,2,15,2,3,2,6,0,0,1,0,0,0,1,0,"793139,3831","5816699,821","13,31169","52,42178",6020409.0,Königsberger Straße,3225.0,57.0
192210,11,4,,2019,2,14,2,3,5,3,0,1,1,0,0,0,0,0,"792763,0149","5827047,864","13,31526","52,51475",4030620.0,Alt-Lietzow,3353.0,38.0
192211,11,7,,2019,2,8,4,3,5,3,0,0,1,0,0,0,0,1,"794956,7293","5824450,027","13,34519","52,49028",7020201.0,Bayerischer Platz,3745.0,36.0
192212,11,4,,2019,2,14,2,3,9,1,0,0,1,0,0,0,0,0,"792753,045","5827026,452","13,31509","52,51456",4030620.0,Alt-Lietzow,3353.0,38.0
192213,11,5,,2019,2,14,2,3,6,4,0,0,1,1,0,0,0,0,"784490,5145","5828862,284","13,19523","52,53539",5010314.0,Carl-Schurz-Straße,1559.0,52.0
192214,11,2,,2019,2,13,2,3,5,3,0,1,1,0,0,0,0,0,"800634,0631","5827321,169","13,43115","52,51292",2040701.0,Andreasviertel,5052.0,43.0
192215,11,7,,2019,2,19,5,3,5,2,2,0,1,0,0,0,1,0,"796016,4629","5824955,115","13,3612","52,49423",7010104.0,Dennewitzplatz,4047.0,22.0
192216,11,2,,2019,2,13,2,3,6,2,0,0,1,1,0,0,0,0,"800330,303","5827622,638","13,42696","52,51578",2040701.0,Andreasviertel,5053.0,45.0
192217,11,3,,2019,2,11,2,3,0,7,0,0,1,0,0,0,1,1,"799213,9062","5831774,133","13,41429","52,55361",3061126.0,Arnimplatz,4864.0,14.0
192218,11,5,,2019,2,5,2,3,6,2,2,0,1,1,0,0,0,1,"789803,5107","5829252,895","13,27369","52,5361",5030832.0,Rohrdamm,2759.0,59.0
192219,11,11,,2019,2,20,5,3,6,2,2,0,1,1,0,0,0,0,"805176,067","5827915,1","13,49842","52,51572",11030721.0,Rüdigerstraße,6053.0,51.0
192220,11,12,,2019,2,6,2,3,6,4,1,0,1,1,0,0,0,1,"789944,8512","5834936,864","13,28073","52,58698",12214527.0,Alt-Tegel,2874.0,52.0
192221,11,3,,2019,2,6,2,3,2,2,2,0,1,0,0,0,1,1,"799535,3767","5833302,102","13,4204","52,56713",3040818.0,Pankow Süd,4968.0,61.0
192222,11,4,,2019,2,7,2,3,5,3,0,1,1,0,0,0,0,1,"792466,3168","5824018,55","13,30824","52,48775",4051549.0,Rathaus Wilmersdorf,3245.0,33.0
192223,11,9,,2019,2,8,4,3,0,1,0,1,0,0,0,0,0,1,"813657,6686","5821703,477","13,61716","52,45524",9051702.0,Bölschestraße,7835.0,51.0
192224,11,6,,2019,2,7,2,3,6,2,0,0,1,1,0,0,0,1,"792338,0771","5820744,487","13,30348","52,45847",6040809.0,Thielallee,3136.0,49.0
192225,11,4,,2019,2,8,2,3,6,2,0,0,1,1,0,0,0,1,"793397,8816","5821769,754","13,31994","52,46709",4041344.0,Rüdesheimer Platz,3439.0,54.0
192226,11,12,,2019,2,9,2,3,2,6,0,0,1,0,0,0,0,1,"793391,7255","5833197,66","13,32993","52,56954",12214421.0,Reinickes Hof,3569.0,53.0
192227,11,1,,2019,2,18,4,3,5,3,2,0,1,0,0,0,0,1,"798483,9722","5826666,626","13,39897","52,50823",1011204.0,Leipziger Straße,4551.0,40.0
192228,11,2,,2019,2,12,2,3,2,6,0,0,1,0,0,0,0,1,"797108,4274","5824295,441","13,37665","52,48772",2020203.0,Viktoriapark,4245.0,40.0
192229,11,11,,2019,2,12,2,3,0,3,0,0,1,0,0,0,1,0,"805501,3025","5834600,412","13,50934","52,57545",11010207.0,Wartenberg Nord,6270.0,65.0
192230,11,12,,2019,2,11,1,3,5,2,0,0,1,0,0,0,0,1,"795480,04","5833415,007","13,36084","52,57036",12103115.0,Breitkopfbecken,4069.0,34.0
192231,11,3,,2019,2,16,5,2,6,4,0,0,1,1,0,0,0,0,"799990,6231","5838623,79","13,43191","52,61458",3020307.0,Buchholz,5082.0,65.0
192232,11,2,,2019,2,4,1,3,5,3,2,0,1,0,0,0,0,0,"799031,3183","5826071,755","13,40648","52,5026",2010103.0,Moritzplatz,4649.0,53.0
192233,11,8,,2019,2,1,1,3,5,3,2,0,1,0,0,0,0,1,"801212,6569","5822539,809","13,43533","52,46974",8010213.0,Körnerpark,5139.0,41.0
192234,11,4,,2019,2,15,1,3,5,3,0,0,1,0,1,0,0,1,"787784,9179","5826169,529","13,24134","52,50952",4020207.0,Flatowallee,2251.0,65.0
192235,11,4,,2019,2,18,4,3,6,2,2,0,1,1,0,0,0,1,"792116,5437","5825765,879","13,30463","52,5036",4030726.0,Droysenstraße,3149.0,47.0
192236,11,4,,2019,2,15,1,3,6,2,0,0,1,1,0,0,0,0,"792819,4825","5821878,463","13,31154","52,46837",4041344.0,Rüdesheimer Platz,3239.0,57.0
192237,11,1,,2019,2,16,1,3,5,3,1,0,1,0,0,0,0,0,"798674,2573","5829452,209","13,40427","52,53309",1011402.0,Arkonaplatz,4658.0,28.0
192238,11,1,,2019,2,17,1,3,6,4,1,1,0,1,0,0,0,0,"794816,8792","5825999,64","13,34451","52,50424",1011101.0,Stülerstraße,3749.0,17.0
192239,11,10,,2019,2,19,1,3,5,2,2,0,1,0,0,0,0,1,"811286,4024","5831546,593","13,59157","52,54481",10020413.0,Gut Hellersdorf,7461.0,52.0
192240,11,6,,2019,2,7,4,3,6,4,0,0,1,1,0,0,0,0,"795223,7334","5818696,699","13,34402","52,43856",6020303.0,Lankwitz Kirche,3730.0,44.0
192241,11,11,,2019,2,13,1,3,5,3,0,0,1,0,0,0,0,1,"803704,7389","5829526,333","13,47827","52,53098",11030619.0,Fennpfuhl Ost,5757.0,55.0
192242,11,8,,2019,2,23,7,3,6,4,2,0,1,1,0,0,0,1,"801042,3269","5823879,037","13,43404","52,48184",8010303.0,Donaustraße,5143.0,6.0
192243,11,4,,2019,2,21,7,3,5,2,2,0,1,0,0,0,0,1,"793606,683","5827940,495","13,32844","52,5223",4030621.0,Spreestadt,3555.0,16.0
192244,11,9,,2019,2,20,7,3,5,2,2,0,1,0,0,0,0,1,"808978,8515","5818114,138","13,5452","52,42574",9020701.0,Adlershof West,6727.0,55.0
192245,11,4,,2019,2,18,7,2,5,3,2,0,1,0,0,0,0,1,"793966,0989","5824598,156","13,33077","52,49214",4051653.0,Prager Platz,3546.0,33.0
192246,11,3,,2019,2,14,5,3,2,6,0,0,1,0,0,0,1,0,"802785,6451","5833529,74","13,46841","52,56737",3030716.0,Märchenland,5668.0,59.0
192247,11,4,,2019,2,20,7,3,2,6,2,0,1,0,0,0,0,1,"788940,628","5827609,299","13,25957","52,52182",4020310.0,Park Ruhwald,2555.0,63.0