OBJECTID,LAND,BEZ,LOR_ab_2021,UJAHR,UMONAT,USTUNDE,UWOCHENTAG,UKATEGORIE,UART,UTYP1,ULICHTVERH,IstRad,IstPKW,IstFuss,IstKrad,IstGkfz,IstSonstige,USTRZUSTAND,LINREFX,LINREFY,XGCSWGS84,YGCSWGS84,LOR,STRASSE,quadrant,quadrant_rank
192408,11,8,,2019,2,19,5,3,5,2,2,0,0,0,1,0,1,1,"800990,9392","5824209,697","13,43358","52,48483",8010301.0,Reuterkiez,5144.0,42.0
192409,11,2,,2019,2,9,3,3,5,2,0,1,1,0,0,0,0,0,"801353,1441","5826456,898","13,44093","52,50477",2040703.0,Wriezener Bahnhof/Entwicklungsgebiet,5250.0,54.0
192410,11,10,,2019,2,19,5,2,6,2,2,0,1,1,0,0,0,1,"813736,5301","5829980,558","13,62611","52,52937",10040931.0,Mahlsdorf Nord,7957.0,59.0
192411,11,4,,2019,2,13,4,3,6,2,0,0,1,1,0,0,0,0,"789003,1923","5826971,668","13,25994","52,51607",4020311.0,Reichsstraße,2553.0,40.0
192412,11,7,,2019,2,18,5,3,5,2,1,0,1,0,1,0,0,1,"798772,4223","5819086,06","13,39642","52,44012",7050505.0,Hundsteinweg,4531.0,62.0
192413,11,5,,2019,2,17,5,3,5,7,2,0,1,0,1,0,0,1,"787204,2461","5829743,85","13,2359","52,54187",5030731.0,Gartenfelder Straße,2160.0,45.0
192414,11,1,,2019,2,8,3,3,5,2,0,1,1,0,0,0,0,0,"796254,3824","5825960,306","13,36559","52,50311",1011104.0,Körnerstraße,4049.0,39.0
192415,11,3,,2019,2,17,5,3,5,3,2,1,1,0,0,0,0,1,"800751,6117","5831291,354","13,43647","52,54844",3061228.0,Erich-Weinert-Straße,5162.0,47.0
192416,11,1,,2019,2,15,4,3,2,6,0,0,1,0,0,0,0,0,"798710,1789","5827548,942","13,40309","52,51601",1011204.0,Leipziger Straße,4653.0,53.0
192417,11,4,,2019,2,16,5,3,5,7,0,0,1,0,0,0,0,1,"792095,9804","5825760,877","13,30432","52,50357",4030726.0,Droysenstraße,3149.0,47.0
192418,11,12,,2019,2,16,5,3,0,2,0,1,1,0,0,0,0,1,"789887,1936","5835695,449","13,28055","52,59381",12214527.0,Alt-Tegel,2876.0,40.0
192419,11,9,,2019,2,6,3,3,3,6,0,0,1,0,0,0,0,0,"806480,5448","5820668,366","13,51092","52,45004",9010402.0,Johannisthal Ost,6234.0,51.0
192420,11,6,,2019,2,10,5,3,0,7,0,0,1,0,0,0,0,1,"789573,3644","5817322,888","13,25994","52,42926",6030503.0,Zehlendorf Mitte,2528.0,57.0
192421,11,11,,2019,2,8,5,3,2,2,0,0,1,0,0,0,0,1,"803330,7841","5826304,542","13,46984","52,50231",11051229.0,Rummelsburg,5649.0,33.0
192422,11,8,,2019,2,8,5,3,5,2,0,0,1,0,0,0,1,1,"801398,7122","5819151,832","13,435","52,43927",8020625.0,Handwerker-Siedlung,5130.0,63.0
192423,11,11,,2019,2,18,3,3,1,1,2,0,1,0,0,0,0,0,"806187,3968","5831036,36","13,51615","52,54312",11020412.0,Hauptstraße,6361.0,62.0
192424,11,1,,2019,2,8,5,3,6,7,0,0,1,1,0,0,0,1,"797475,435","5827934,947","13,38529","52,52015",1011202.0,Unter den Linden Nord,4354.0,42.0
192425,11,10,,2019,2,7,5,3,5,2,0,0,1,0,0,0,1,0,"808519,2092","5829496,472","13,54899","52,52801",10030724.0,Oberfeldstraße,6856.0,63.0
192426,11,1,,2019,2,6,5,3,6,2,0,0,1,1,0,0,0,1,"798453,1284","5830193,634","13,40168","52,53986",1033201.0,Brunnenstraße,4660.0,51.0
192427,11,6,,2019,2,8,4,3,5,7,0,0,1,0,0,0,0,0,"792738,5799","5818746,761","13,30761","52,44034",6030609.0,Augustaplatz,3231.0,65.0
192428,11,9,,2019,2,6,5,2,5,2,0,1,1,0,0,0,0,1,"810762,679","5818707,025","13,5719","52,43004",9020802.0,Köllnische Vorstadt,7128.0,65.0
192429,11,1,,2019,2,1,5,3,1,1,2,0,1,0,0,0,0,0,"797452,0609","5831441,472","13,38808","52,55159",1033102.0,Gesundbrunnen,4463.0,27.0
192430,11,3,,2019,2,5,3,3,2,6,2,0,1,0,0,0,0,0,"804242,5828","5841118,509","13,49682","52,63457",3010102.0,Buch,6088.0,54.0
192431,11,4,,2019,2,6,5,3,5,2,1,0,1,0,1,0,0,1,"791134,9247","5829154,649","13,29318","52,53451",4010103.0,Paul-Hertz-Siedlung,3058.0,38.0
192432,11,1,,2019,2,13,5,3,5,3,0,0,1,0,0,0,0,0,"797153,9102","5830368,879","13,38274","52,54214",1033202.0,Humboldthain Süd,4361.0,61.0
192433,11,2,,2019,2,12,5,3,5,3,0,0,1,0,1,0,0,1,"801432,1267","5827930,26","13,44342","52,51793",2040503.0,Richard-Sorge-Viertel,5253.0,35.0
192434,11,1,,2019,2,12,5,3,2,6,0,0,1,0,0,0,0,0,"797637,3868","5827777,896","13,38753","52,51865",1011202.0,Unter den Linden Nord,4454.0,36.0
192435,11,4,,2019,2,0,3,3,5,3,2,0,1,0,0,0,0,0,"786443,6826","5826274,065","13,22172","52,51117",4020206.0,Angerburger Allee,1952.0,65.0
192436,11,10,,2019,2,12,5,3,6,4,0,0,1,1,0,0,0,1,"807543,4081","5829356,371","13,53453","52,5273",10010308.0,Marzahner Chaussee,6656.0,56.0
192437,11,5,,2019,2,11,5,2,2,6,0,0,1,0,0,0,1,0,"787321,272","5828088,266","13,23619","52,52697",5010339.0,Freiheit,2156.0,63.0
192438,11,8,,2019,2,11,5,2,6,2,0,0,0,1,0,0,1,1,"800645,9369","5816184,696","13,42129","52,41309",8020727.0,Buckow Mitte,4923.0,62.0
192439,11,5,,2019,2,16,3,2,5,2,0,0,1,0,0,0,0,0,"789207,0025","5829280,489","13,26494","52,53666",5030833.0,Motardstraße,2559.0,56.0
192440,11,7,,2019,2,9,5,3,0,6,0,1,1,0,0,0,0,0,"796664,4067","5819994,134","13,3663","52,44941",7040404.0,Marienhöhe,4133.0,63.0
192441,11,3,,2019,2,11,5,2,6,3,0,0,1,1,0,0,0,0,"801045,0747","5833837,806","13,44309","52,5711",3030715.0,Heinersdorf,5269.0,57.0
192442,11,7,,2019,2,10,5,3,5,3,0,0,1,0,0,0,0,1,"795981,938","5822754,879","13,35874","52,47453",7030303.0,Grazer Platz,3941.0,55.0
192443,11,1,,2019,2,18,4,3,3,6,2,1,0,0,0,0,0,0,"797986,6525","5828620,611","13,39342","52,52602",1011302.0,Oranienburger Straße,4556.0,46.0
192444,11,10,,2019,2,14,4,3,2,6,0,0,1,0,0,0,0,0,"809651,2813","5829224,323","13,56538","52,52493",10030724.0,Oberfeldstraße,7056.0,63.0
192445,11,12,,2019,2,8,4,3,0,6,0,0,1,0,0,0,0,0,"791309,0957","5834342,427","13,30029","52,58092",12304313.0,Borsigwalde,3172.0,56.0
192446,11,1,,2019,2,17,4,3,0,3,0,1,1,0,0,0,0,0,"796095,7488","5826518,49","13,36375","52,5082",1011105.0,Nördlicher Landwehrkanal,4051.0,54.0
192447,11,11,,2019,2,16,3,3,2,2,0,1,1,0,0,0,1,0,"806134,3989","5827352,483","13,51198","52,51014",11041022.0,Rosenfelder Ring,6251.0,61.0
192448,11,6,,2019,2,8,4,3,6,4,0,0,1,1,0,0,0,0,"795829,5765","5819912,57","13,35398","52,44913",6010205.0,Südende,3933.0,51.0
192449,11,3,,2019,2,5,4,3,5,2,2,1,1,0,0,0,0,0,"803364,375","5838249,928","13,48125","52,60935",3030406.0,Alt-Karow,5880.0,64.0
192450,11,3,,2019,2,7,4,3,5,3,0,0,1,0,0,0,0,0,"798144,3824","5835472,386","13,40189","52,58735",3020209.0,Niederschönhausen,4674.0,48.0
192451,11,8,,2019,2,11,3,2,0,1,0,0,0,0,1,0,0,0,"801523,2708","5820742,659","13,43826","52,45346",8020619.0,Buschkrugallee Nord,5135.0,57.0
192452,11,7,,2019,2,7,4,3,5,3,0,1,1,0,0,0,0,0,"800601,9005","5814440,635","13,41908","52,39748",7070702.0,Alt-Lichtenrade/Töpchiner Weg,4818.0,65.0
192453,11,10,,2019,2,11,5,3,5,3,0,0,1,0,0,0,0,0,"811295,5899","5829144,974","13,58946","52,52328",10020623.0,Rotes Viertel,7455.0,64.0
192454,11,8,,2019,2,12,4,3,2,6,0,0,1,0,0,0,0,0,"799388,3523","5823787,521","13,40967","52,48193",8010115.0,Hasenheide,4743.0,63.0
192455,11,10,,2019,2,13,4,3,0,3,0,0,1,0,0,0,1,0,"806295,7303","5830208,072","13,51698","52,53564",11020516.0,Weiße Taube,6359.0,27.0
192456,11,2,,2019,2,16,3,3,3,6,0,1,1,0,0,0,0,0,"798300,8306","5825395,944","13,39514","52,49694",2020204.0,Urbanstraße,4547.0,11.0
192457,11,4,,2019,2,10,4,3,6,2,0,0,1,1,0,0,0,0,"792321,7636","5825370,853","13,3073","52,49995",4030726.0,Droysenstraße,3248.0,24.0
192458,11,8,,2019,2,11,4,3,0,2,0,0,1,0,1,0,0,0,"800469,794","5823613,312","13,42539","52,47977",8010117.0,Schillerpromenade,4942.0,18.0
192459,11,1,,2019,2,11,4,3,1,5,0,1,1,0,0,0,0,0,"794179,5789","5828447,04","13,33731","52,52653",1022104.0,Emdener Straße,3656.0,44.0
192460,11,5,,2019,2,14,4,3,5,3,0,0,1,0,0,0,0,0,"786319,4129","5829484,428","13,22266","52,54001",5030730.0,Zitadellenweg,1960.0,63.0
192461,11,1,,2019,2,18,2,2,0,7,2,0,0,0,1,0,0,0,"799828,2743","5828595,834","13,42046","52,52478",1011304.0,Karl-Marx-Allee,4955.0,53.0
192462,11,1,,2019,2,11,4,3,6,3,0,0,1,1,0,0,0,0,"794798,8998","5828309,199","13,34629","52,52496",1022204.0,Thomasiusstraße,3856.0,49.0
192463,11,1,,2019,2,13,4,3,5,2,0,1,1,0,0,0,0,0,"794789,0525","5828310,617","13,34615","52,52498",1022204.0,Thomasiusstraße,3856.0,49.0
192464,11,8,,2019,2,14,2,3,1,5,0,0,1,0,0,0,0,0,"801815,6679","5824395,148","13,44586","52,48604",8010302.0,Bouchéstraße,5244.0,47.0
192465,11,2,,2019,2,14,4,3,3,6,0,1,1,0,0,0,0,0,"801401,1895","5825991,081","13,44121","52,50057",2030302.0,Lausitzer Platz,5248.0,21.0
192466,11,4,,2019,2,15,4,3,5,2,0,0,1,0,0,0,0,0,"794098,993","5826355,638","13,33428","52,50782",4030931.0,Breitscheidplatz,3651.0,62.0
192467,11,4,,2019,2,10,4,3,0,1,0,0,0,0,1,0,0,0,"792639,2038","5827102,855","13,31349","52,51531",4030620.0,Alt-Lietzow,3353.0,38.0
192468,11,1,,2019,2,8,2,3,2,6,0,0,0,0,0,1,1,0,"793418,647","5829470,748","13,32703","52,53611",1022103.0,Westhafen,3559.0,22.0
192469,11,5,,2019,2,16,4,2,5,3,0,0,1,0,0,0,0,0,"783705,5141","5830175,281","13,18481","52,54758",5010207.0,Darbystraße,1462.0,37.0
192470,11,7,,2019,2,17,5,3,5,2,1,0,1,0,0,0,0,0,"794938,7887","5824458,025","13,34493","52,49036",7020201.0,Bayerischer Platz,3745.0,36.0
192471,11,3,,2019,2,17,4,2,6,4,0,0,1,1,0,0,0,0,"802056,4926","5831122,916","13,4555","52,5462",3050925.0,Komponistenviertel Weißensee,5462.0,60.0
192472,11,8,,2019,2,17,4,3,2,6,1,0,1,0,0,0,0,0,"801299,0653","5819564,609","13,43391","52,44302",8020622.0,Parchimer Allee,5132.0,38.0
192473,11,10,,2019,2,7,2,3,0,7,0,1,0,0,0,0,0,0,"808415,5568","5830155,951","13,54808","52,53398",10010309.0,Springpfuhl,6858.0,59.0
192474,11,3,,2019,2,18,4,2,6,4,1,0,1,1,0,0,0,0,"800705,5495","5830952,307","13,43548","52,54542",3061228.0,Erich-Weinert-Straße,5162.0,47.0
192475,11,2,,2019,2,12,3,3,5,2,0,0,1,0,0,0,0,0,"797921,6369","5825269,677","13,38946","52,49601",2020202.0,Rathaus Yorckstraße,4447.0,16.0
192476,11,6,,2019,2,18,2,3,5,2,2,1,0,0,0,0,1,0,"792725,5296","5821687,457","13,31","52,46671",6010103.0,Markelstraße,3239.0,57.0
192477,11,3,,2019,2,17,2,3,1,5,1,1,0,0,0,1,0,0,"802709,8518","5833896,351","13,46763","52,5707",3030716.0,Märchenland,5669.0,65.0
192478,11,4,,2019,2,8,3,3,0,4,0,1,0,1,0,0,0,0,"792727,8912","5826154,674","13,31395","52,50676",4030827.0,Karl-August-Platz,3350.0,22.0
192479,11,1,,2019,2,10,3,3,5,7,0,0,1,0,0,0,0,0,"797491,9149","5827805,893","13,38542","52,51898",1011202.0,Unter den Linden Nord,4354.0,42.0
192480,11,3,,2019,2,17,2,2,6,4,0,0,1,1,0,0,0,0,"797983,6505","5833064,797","13,39736","52,56585",3040614.0,Pankow Zentrum,4567.0,50.0
192481,11,4,,2019,2,16,3,3,1,5,0,1,1,0,0,0,0,0,"792397,0114","5825405,983","13,30844","52,50022",4030929.0,Hindemithplatz,3248.0,24.0
192482,11,5,,2019,2,15,3,3,5,7,0,0,1,0,1,0,0,0,"782365,3183","5830496,712","13,16537","52,55115",5010206.0,Gütersloher Weg,1163.0,42.0
192483,11,6,,2019,2,16,2,3,0,2,0,1,0,0,0,0,1,0,"790013,2327","5817494,83","13,26654","52,43057",6030503.0,Zehlendorf Mitte,2628.0,59.0
192484,11,3,,2019,2,14,3,3,4,7,0,0,1,0,0,0,0,0,"801828,8222","5832464,965","13,45337","52,55836",3050919.0,Gustav-Adolf-Straße,5365.0,63.0
192485,11,2,,2019,2,12,4,3,2,6,0,0,1,0,0,0,0,0,"800247,9484","5824392,539","13,42284","52,48688",2020206.0,Graefekiez,4944.0,25.0
192486,11,12,,2019,2,12,3,3,5,3,0,0,1,0,0,0,1,0,"791865,761","5831451,807","13,30594","52,55471",12214125.0,Waldidyll/Flughafensee,3264.0,52.0
192487,11,12,,2019,2,11,3,3,5,3,0,0,1,0,0,0,1,0,"793837,8816","5835502,121","13,33853","52,58996",12301203.0,Wittenau Süd,3675.0,61.0
192488,11,2,,2019,2,16,2,3,5,3,0,0,1,0,0,0,0,0,"798333,3958","5824030,971","13,3944","52,48469",2020205.0,Chamissokiez,4544.0,57.0
192489,11,6,,2019,2,10,3,3,2,6,0,0,1,0,0,0,0,0,"795220,5677","5818703,009","13,34398","52,43862",6020303.0,Lankwitz Kirche,3730.0,44.0
192490,11,11,,2019,2,9,3,3,2,4,0,0,1,1,1,0,0,0,"805317,0366","5833223,804","13,50537","52,56322",11010310.0,Mühlengrund,6167.0,41.0
192491,11,9,,2019,2,9,3,3,0,1,0,1,0,0,0,0,0,0,"811933,3956","5817765,183","13,58819","52,42094",9041302.0,Wendenschloß,7425.0,64.0
192492,11,12,,2019,2,16,2,3,5,3,0,0,1,0,1,0,0,0,"791865,761","5831451,807","13,30594","52,55471",12214125.0,Waldidyll/Flughafensee,3264.0,52.0
192493,11,2,,2019,2,8,3,3,5,7,0,1,1,0,0,0,0,0,"802875,7712","5827547,56","13,46429","52,5137",2050801.0,Traveplatz,5552.0,49.0
192494,11,1,,2019,2,8,3,3,5,3,0,1,1,0,0,0,0,0,"793671,2883","5832250,352","13,3332","52,5609",1044101.0,Rehberge,3666.0,49.0
192495,11,1,,2019,2,8,3,3,5,2,0,1,1,0,0,0,0,0,"794554,2804","5828334,351","13,34272","52,52532",1022106.0,Elberfelder Straße,3756.0,4.0
192496,11,12,,2019,2,7,3,3,6,4,0,1,0,1,0,0,0,0,"790778,604","5833708,817","13,29193","52,57552",12214125.0,Waldidyll/Flughafensee,2970.0,64.0
192497,11,1,,2019,2,22,3,3,0,7,2,1,0,0,0,0,0,0,"796843,4848","5826614,035","13,37482","52,50865",1011105.0,Nördlicher Landwehrkanal,4251.0,2.0
192498,11,8,,2019,2,20,3,3,6,4,2,0,1,1,0,0,0,1,"800999,4922","5822172,354","13,43187","52,46656",8010118.0,Silbersteinstraße,5038.0,31.0
192499,11,8,,2019,2,18,3,3,5,2,2,1,1,0,0,0,0,0,"801413,1329","5824471,391","13,44001","52,48694",8010301.0,Reuterkiez,5144.0,42.0
192500,11,6,,2019,2,11,4,3,5,2,0,1,1,0,0,0,0,0,"787637,2724","5818151,709","13,23226","52,43771",6040804.0,Krumme Lanke,2130.0,45.0
192501,11,12,,2019,2,17,3,3,3,6,2,1,1,0,0,0,0,0,"796680,5191","5832835,529","13,37799","52,56451",12103117.0,Letteplatz,4267.0,59.0
192502,11,1,,2019,2,17,3,3,2,6,2,1,1,0,0,0,0,0,"799728,0609","5827518,642","13,41802","52,51518",1011304.0,Karl-Marx-Allee,4853.0,18.0
192503,11,12,,2019,2,15,2,3,0,7,0,0,0,0,0,0,1,0,"786293,6001","5834305,513","13,22644","52,58325",12224229.0,Konradshöhe/Tegelort,2073.0,61.0
192504,11,1,,2019,2,17,3,3,6,4,1,0,1,1,0,0,0,0,"792715,4168","5828653,388","13,31597","52,52917",1022101.0,Huttenkiez,3357.0,62.0
192505,11,9,,2019,2,14,2,3,5,2,0,0,1,0,0,0,0,0,"808413,9953","5816399,03","13,53534","52,41069",9030901.0,Dorf Altglienicke,6622.0,65.0
192506,11,8,,2019,2,7,2,3,5,3,0,0,1,0,0,0,0,0,"800868,416","5823468,136","13,43111","52,47825",8010212.0,Rollberg,5042.0,54.0
192507,11,6,,2019,2,15,2,3,2,6,0,0,1,0,0,0,1,0,"793028,0288","5817691,867","13,31093","52,43073",6030607.0,Goerzwerke,3228.0,32.0
192508,11,2,,2019,2,19,2,3,1,5,2,1,1,0,0,0,1,0,"800936,8971","5826812,131","13,43514","52,50819",2040703.0,Wriezener Bahnhof/Entwicklungsgebiet,5151.0,39.0
192509,11,9,,2019,2,13,2,2,6,4,0,1,0,1,0,0,0,0,"810910,6548","5821522,799","13,57669","52,45519",9051901.0,Dammvorstadt,7235.0,47.0
192510,11,1,,2019,2,21,2,3,5,3,2,1,1,0,0,0,0,0,"795285,2039","5826174,141","13,35154","52,50556",1011103.0,Lützowstraße,3850.0,33.0
192511,11,2,,2019,2,19,2,3,3,6,2,0,1,0,1,0,0,0,"799757,7232","5825709,097","13,41682","52,49895",2010104.0,Wassertorplatz,4848.0,3.0
192512,11,9,,2019,2,17,2,3,2,7,2,0,1,0,0,0,0,0,"810521,2926","5820047,026","13,56961","52,44219",9020802.0,Köllnische Vorstadt,7131.0,58.0
192513,11,7,,2019,2,17,2,3,6,4,1,1,0,1,0,0,0,0,"795514,1771","5824888,461","13,35376","52,49391",7010103.0,Barbarossaplatz,3946.0,62.0
192514,11,2,,2019,2,15,2,3,4,5,0,1,0,0,0,0,0,0,"797874,3608","5824585,651","13,38816","52,48991",2020205.0,Chamissokiez,4445.0,43.0
192515,11,4,,2019,2,17,2,2,0,6,0,0,1,0,0,0,1,0,"794287,6269","5826077,127","13,3368","52,50522",4030931.0,Breitscheidplatz,3650.0,32.0
192516,11,8,,2019,2,17,2,3,6,4,0,0,1,1,0,0,0,0,"800435,2469","5823749,38","13,42501","52,48101",8010211.0,Flughafenstraße,4943.0,45.0
192517,11,2,,2019,2,9,4,2,5,3,0,0,1,0,0,0,0,0,"798411,3574","5825782,726","13,39711","52,50035",2010102.0,Mehringplatz,4548.0,24.0
192518,11,12,,2019,2,14,2,3,5,3,0,1,1,0,0,0,0,0,"796697,3218","5832997,761","13,37838","52,56596",12103117.0,Letteplatz,4268.0,58.0
192519,11,8,,2019,2,14,2,3,5,3,0,0,1,0,0,0,0,0,"803196,0866","5822714,976","13,4646","52,47021",8010508.0,Weiße Siedlung,5540.0,55.0
192520,11,10,,2019,2,14,2,3,2,6,0,0,1,0,0,0,0,0,"811354,0532","5830674,874","13,59175","52,53696",10020413.0,Gut Hellersdorf,7459.0,61.0
192521,11,11,,2019,2,12,2,3,5,3,0,1,0,0,0,0,1,0,"805130,7888","5830018,512","13,49968","52,53459",11020515.0,Landsberger Allee,6058.0,52.0
192522,11,10,,2019,2,11,2,3,3,6,0,0,1,0,0,0,0,0,"806277,0998","5830169,314","13,51667","52,5353",11030720.0,Herzbergstraße,6359.0,27.0
192523,11,3,,2019,2,11,2,3,0,5,0,1,1,0,0,0,0,0,"798534,7146","5834962,637","13,40717","52,58256",3020210.0,Herthaplatz,4772.0,55.0
192524,11,5,,2019,2,14,2,3,3,6,0,1,1,0,0,0,0,0,"783872,1397","5831072,024","13,18803","52,55553",5010103.0,Amorbacher Weg,1464.0,65.0
192525,11,9,,2019,2,11,2,2,0,1,0,1,0,0,0,0,0,0,"811043,3091","5820355,65","13,57755","52,44466",9041501.0,Altstadt Kietz,7232.0,31.0
192526,11,1,,2019,2,10,2,3,2,6,0,0,1,0,0,0,0,0,"795199,229","5830788,025","13,35437","52,54696",1044103.0,Westliche Müllerstraße,3962.0,49.0
192527,11,4,,2019,2,8,2,2,6,4,0,0,1,1,0,0,0,0,"790987,4161","5826616,797","13,28879","52,51183",4030417.0,Schloßstraße,2952.0,50.0
192528,11,8,,2019,2,13,2,3,1,1,0,0,1,0,0,0,1,0,"803331,781","5818555,602","13,46281","52,43286",8040933.0,Vogelviertel Süd,5529.0,57.0
192529,11,1,,2019,2,17,2,3,5,3,0,0,1,0,1,0,0,0,"798121,0449","5829344,503","13,39604","52,53243",1011401.0,Invalidenstraße,4558.0,14.0
192530,11,7,,2019,2,16,2,3,5,2,0,1,0,0,0,0,0,0,"795580,2492","5824152,73","13,35408","52,48728",7020203.0,Kaiser-Wilhelm-Platz,3945.0,34.0
192531,11,11,,2019,2,13,2,2,6,4,0,0,1,1,0,0,0,0,"804885,4468","5831343,153","13,49729","52,5466",11020412.0,Hauptstraße,6062.0,52.0
192532,11,3,,2019,2,16,2,3,5,2,0,1,1,0,0,0,0,0,"800190,7875","5838470,161","13,43472","52,61309",3020307.0,Buchholz,5181.0,61.0
192533,11,6,,2019,2,16,2,3,5,2,0,0,1,0,0,0,0,0,"791768,0201","5819273,767","13,29383","52,44559",6030605.0,Botanischer Garten,3032.0,48.0
192534,11,12,,2019,2,13,2,3,2,6,0,0,1,0,1,0,0,0,"792669,8015","5833873,39","13,3199","52,57599",12214423.0,Mellerbogen,3470.0,55.0
192535,11,1,,2019,2,15,2,3,3,2,0,0,1,0,1,0,0,0,"795140,2766","5827072,352","13,35021","52,51369",1011102.0,Großer Tiergarten,3852.0,51.0
192536,11,4,,2019,2,15,5,2,5,3,0,0,1,0,0,0,0,0,"791325,3971","5822055,741","13,28977","52,47076",4041241.0,Breite Straße,2940.0,57.0
192537,11,9,,2019,2,14,2,3,5,3,0,1,1,0,0,0,0,0,"808014,6846","5821569,908","13,53425","52,45726",9020502.0,Oberschöneweide Ost,6536.0,61.0
192538,11,1,,2019,2,14,2,3,5,5,0,0,1,0,1,0,0,0,"794494,91","5828350,57","13,34186","52,52549",1022106.0,Elberfelder Straße,3756.0,4.0
192539,11,9,,2019,2,10,2,3,6,4,0,0,1,1,0,0,0,0,"804577,0848","5822011,226","13,48422","52,46314",9010301.0,Baumschulenstraße,5837.0,51.0
192540,11,3,,2019,2,20,1,3,6,4,2,0,1,1,0,0,0,0,"801088,47","5830429,067","13,44064","52,54052",3061429.0,Greifswalder Straße,5260.0,59.0
192541,11,1,,2019,2,23,5,3,5,2,2,0,1,0,0,0,0,0,"796582,4773","5826872,612","13,37122","52,51111",1011105.0,Nördlicher Landwehrkanal,4151.0,37.0
192542,11,7,,2019,2,13,1,3,1,5,0,1,1,0,0,0,0,0,"794879,524","5823766,676","13,34345","52,48419",7020202.0,Volkspark (Rudolf-Wilde-Park),3744.0,45.0
192543,11,8,,2019,2,14,1,3,2,6,0,0,1,0,0,0,0,0,"799590,3487","5816402,534","13,40601","52,41562",8020726.0,Buckow West,4624.0,53.0
192544,11,3,,2019,2,10,2,3,3,6,0,0,1,0,0,1,0,0,"798447,2681","5835563,651","13,40643","52,588",3020210.0,Herthaplatz,4674.0,48.0
192545,11,9,,2019,2,9,1,3,3,6,0,1,0,0,0,0,1,0,"806563,6326","5820533,629","13,51201","52,44878",9010402.0,Johannisthal Ost,6233.0,61.0
192546,11,5,,2019,2,18,1,2,2,4,2,0,1,1,0,0,0,0,"784801,4051","5828809,465","13,19976","52,53476",5010314.0,Carl-Schurz-Straße,1658.0,8.0
192547,11,11,,2019,2,10,2,3,6,2,0,0,1,1,0,0,0,0,"806074,5454","5825804,404","13,50968","52,4963",11041128.0,Sewanstraße,6247.0,60.0
192548,11,4,,2019,2,16,1,3,1,5,0,1,1,0,0,0,0,0,"793153,3339","5822082,197","13,31662","52,47002",4041344.0,Rüdesheimer Platz,3339.0,61.0
192549,11,2,,2019,2,21,1,2,6,2,2,0,1,1,0,0,0,0,"797655,7674","5826290,578","13,38647","52,50531",2010101.0,Askanischer Platz,4450.0,25.0
192550,11,1,,2019,2,9,2,3,0,7,0,0,1,0,1,0,0,0,"797652,8953","5828104,128","13,38805","52,52157",1011202.0,Unter den Linden Nord,4455.0,27.0
192551,11,2,,2019,2,21,1,2,5,2,2,0,1,0,1,0,0,0,"801248,424","5827823,23","13,44063","52,51708",2040502.0,Friedenstraße,5253.0,35.0
192552,11,11,,2019,2,13,4,3,5,2,0,1,1,0,0,0,0,0,"803064,9756","5829527,675","13,46887","52,53135",11030618.0,Fennpfuhl West,5657.0,53.0
192553,11,1,,2019,2,17,1,3,5,2,1,1,1,0,0,0,0,0,"798616,2254","5827001,398","13,40122","52,51116",1011204.0,Leipziger Straße,4652.0,24.0
192554,11,9,,2019,2,15,1,3,6,4,0,1,0,1,0,0,0,0,"811237,9291","5820211,94","13,58027","52,44326",9041501.0,Altstadt Kietz,7232.0,31.0
192555,11,4,,2019,2,9,2,3,5,7,0,0,1,0,0,0,1,0,"792436,6005","5824117,499","13,30789","52,48865",4051445.0,Eisenzahnstraße,3245.0,33.0
192556,11,1,,2019,2,15,1,3,6,2,0,0,1,1,0,0,0,0,"797156,002","5831919,612","13,38416","52,55604",1033102.0,Gesundbrunnen,4365.0,7.0
192557,11,2,,2019,2,15,1,3,2,6,0,1,1,0,0,0,0,0,"801649,9852","5825897,593","13,44478","52,49959",2030402.0,Wrangelkiez,5248.0,21.0
192558,11,11,,2019,2,14,1,3,5,3,0,0,1,0,0,0,0,0,"803533,9787","5829749,778","13,47597","52,53308",11030619.0,Fennpfuhl Ost,5758.0,52.0
192559,11,12,,2019,2,8,2,3,2,6,0,0,1,0,0,0,0,0,"790778,7847","5837599,266","13,29535","52,6104",12231101.0,Hermsdorf,3081.0,63.0
192560,11,1,,2019,2,14,1,3,2,1,0,1,1,0,0,0,0,0,"795358,3226","5830249,227","13,35623","52,54205",1044202.0,Sparrplatz,3961.0,48.0
192561,11,4,,2019,2,3,1,3,9,1,2,0,1,0,0,0,0,0,"791216,058","5829730,96","13,29487","52,53963",4010101.0,Jungfernheide,3060.0,36.0
192562,11,2,,2019,2,14,1,3,1,5,0,0,1,0,0,0,0,0,"800808,3068","5826486,035","13,43295","52,50533",2030302.0,Lausitzer Platz,5050.0,37.0
192563,11,1,,2019,2,22,2,3,5,2,2,1,1,0,0,0,0,0,"799593,7643","5828256,38","13,41671","52,52187",1011303.0,Alexanderplatzviertel,4855.0,25.0
192564,11,1,,2019,2,18,1,2,5,2,2,1,1,0,0,0,0,0,"798236,2352","5827696,029","13,39626","52,51759",1011202.0,Unter den Linden Nord,4553.0,29.0
192565,11,7,,2019,2,21,1,2,5,2,2,0,1,0,0,0,1,0,"795004,1569","5823818,288","13,34533","52,48459",7020202.0,Volkspark (Rudolf-Wilde-Park),3744.0,45.0
192566,11,10,,2019,2,15,1,2,5,2,0,0,1,0,0,0,0,0,"810311,3843","5831817,081","13,5775","52,54779",10010311.0,Landsberger Tor,7262.0,61.0
192567,11,12,,2019,2,5,2,3,2,6,2,0,1,0,0,0,0,0,"796643,5503","5832436,112","13,37708","52,56095",12103117.0,Letteplatz,4266.0,52.0