OBJECTID,LAND,BEZ,LOR_ab_2021,UJAHR,UMONAT,USTUNDE,UWOCHENTAG,UKATEGORIE,UART,UTYP1,ULICHTVERH,IstRad,IstPKW,IstFuss,IstKrad,IstGkfz,IstSonstige,USTRZUSTAND,LINREFX,LINREFY,XGCSWGS84,YGCSWGS84,LOR,STRASSE,quadrant,quadrant_rank
192568,11,2,,2019,2,8,1,3,1,5,0,0,1,0,0,0,1,0,"797694,1616","5824024,14","13,38501","52,48497",2020203.0,Viktoriapark,4344.0,28.0
192569,11,6,,2019,2,8,4,3,5,3,0,1,1,0,0,0,0,0,"785318,6063","5817722,139","13,19787","52,43508",6040703.0,Nikolassee,1529.0,61.0
192570,11,11,,2019,2,10,7,3,5,2,0,0,1,0,1,0,0,0,"805805,7172","5834706,494","13,51392","52,57623",11010102.0,Dorf Wartenberg,6271.0,64.0
192571,11,1,,2019,2,2,7,3,6,4,2,0,1,1,0,0,0,0,"796247,6487","5828494,293","13,36775","52,52583",1022206.0,Lüneburger Straße,4156.0,34.0
192572,11,9,,2019,2,6,2,3,2,6,1,0,1,0,0,0,0,0,"811693,7768","5818521,013","13,58538","52,42785",9041301.0,Kietzer Feld/Nachtheide,7327.0,63.0
192573,11,4,,2019,2,22,7,3,5,3,2,1,1,0,0,0,0,0,"793932,411","5826044,861","13,33155","52,50513",4030931.0,Breitscheidplatz,3550.0,28.0
192574,11,2,,2019,2,21,7,3,3,6,2,1,1,0,0,0,0,0,"800348,8445","5826276,422","13,42602","52,50371",2030301.0,Oranienplatz,4949.0,42.0
192575,11,4,,2019,2,18,7,3,1,5,2,0,1,0,0,0,0,0,"792402,1885","5826259,487","13,30926","52,50787",4030827.0,Karl-August-Platz,3251.0,57.0
192576,11,12,,2019,2,7,2,3,3,6,0,0,1,0,0,1,0,0,"793387,3094","5833083,998","13,32976","52,56852",12214424.0,Scharnweberstraße,3568.0,52.0
192577,11,10,,2019,2,17,7,3,5,3,1,0,1,0,0,0,1,0,"811133,1244","5830925,043","13,58874","52,53932",10020413.0,Gut Hellersdorf,7460.0,55.0
192578,11,7,,2019,2,11,7,3,5,2,0,1,1,0,0,0,0,0,"794770,9525","5825692,85","13,34356","52,50152",7010101.0,Wittenbergplatz/Viktoria-Luise-Platz,3749.0,17.0
192579,11,3,,2019,2,9,7,3,5,3,0,0,1,0,0,0,0,0,"802871,58","5838289,263","13,47403","52,60998",3030406.0,Alt-Karow,5780.0,50.0
192580,11,5,,2019,2,16,7,3,0,7,0,0,1,0,0,0,0,0,"783916,1066","5831341,346","13,18891","52,55792",5010103.0,Amorbacher Weg,1465.0,57.0
192581,11,12,,2019,2,20,2,3,1,5,2,0,1,0,0,0,0,0,"792899,4214","5832941,954","13,32246","52,56751",12214424.0,Scharnweberstraße,3468.0,60.0
192582,11,4,,2019,2,15,7,3,6,4,0,0,1,1,0,0,0,0,"793849,6545","5826060,351","13,33035","52,50531",4030931.0,Breitscheidplatz,3550.0,28.0
192583,11,8,,2019,2,14,7,3,5,2,0,1,1,0,0,0,0,0,"801752,6013","5822051,211","13,44281","52,46506",8010214.0,Glasower Straße,5238.0,46.0
192584,11,2,,2019,2,14,7,3,2,6,0,0,1,0,0,0,0,0,"798654,9344","5825144,836","13,40012","52,49449",2020204.0,Urbanstraße,4647.0,52.0
192585,11,3,,2019,2,7,4,3,5,2,0,1,1,0,0,0,0,0,"803669,2204","5832011,797","13,48002","52,55327",3051022.0,Hansastraße,5764.0,57.0
192586,11,4,,2019,2,13,7,2,6,7,0,0,1,1,0,0,0,0,"792784,501","5824307,681","13,31316","52,49017",4051445.0,Eisenzahnstraße,3345.0,42.0
192587,11,7,,2019,2,13,7,3,6,4,0,0,1,1,0,0,0,0,"797198,8069","5823816,873","13,37755","52,48339",7040401.0,Neu-Tempelhof,4243.0,50.0
192588,11,10,,2019,2,19,2,3,6,7,2,0,1,1,0,0,0,0,"808098,6908","5830047,871","13,54333","52,53319",10010309.0,Springpfuhl,6758.0,63.0
192589,11,7,,2019,2,13,7,3,2,6,0,0,1,0,0,0,0,0,"797750,9478","5815406,764","13,37816","52,4077",7060604.0,Marienfelde Süd,4221.0,62.0
192590,11,1,,2019,2,20,6,2,5,3,2,1,1,0,0,0,0,0,"797265,3955","5827806,35","13,38209","52,51911",1011202.0,Unter den Linden Nord,4354.0,42.0
192591,11,5,,2019,2,19,6,3,2,6,2,0,1,0,0,0,0,0,"785188,4003","5829363,049","13,20592","52,53952",5010314.0,Carl-Schurz-Straße,1760.0,43.0
192592,11,12,,2019,2,7,2,3,1,5,0,1,1,0,0,0,0,0,"791453,9255","5838714,338","13,30627","52,62004",12231101.0,Hermsdorf,3283.0,60.0
192593,11,3,,2019,2,21,6,3,6,4,2,1,0,1,0,0,0,0,"799670,3627","5831248,488","13,42053","52,54865",3061227.0,Humannplatz,4962.0,45.0
192594,11,5,,2019,2,10,5,2,1,7,0,0,1,0,0,0,1,0,"784617,0655","5830861,365","13,19881","52,55325",5010310.0,Eckschanze,1664.0,56.0
192595,11,4,,2019,2,20,6,3,2,6,2,0,1,0,1,0,0,0,"790377,456","5829034,106","13,28193","52,53383",5030833.0,Motardstraße,2858.0,52.0
192596,11,12,,2019,2,18,6,3,2,6,2,0,1,0,0,0,0,0,"794663,9434","5836274,149","13,35138","52,59643",12302110.0,Dannenwalder Weg,3876.0,49.0
192597,11,10,,2019,2,21,2,2,9,1,2,0,0,0,1,0,0,0,"810000,1456","5828363,534","13,5697","52,51701",10030725.0,Buckower Ring,7153.0,65.0
192598,11,9,,2019,2,8,6,3,5,3,0,0,1,0,0,0,1,0,"812181,2353","5819098,725","13,59307","52,43275",9041301.0,Kietzer Feld/Nachtheide,7429.0,65.0
192599,11,4,,2019,2,8,6,3,1,5,0,0,1,0,1,0,0,0,"794526,2843","5825937,611","13,34018","52,50385",4030931.0,Breitscheidplatz,3749.0,17.0
192600,11,8,,2019,2,8,6,3,6,4,0,0,1,1,0,0,0,0,"801918,9907","5824159,585","13,44716","52,48387",8010406.0,Treptower Straße Nord,5344.0,56.0
192601,11,4,,2019,2,7,6,3,5,2,0,1,1,0,0,0,0,0,"794002,846","5824280,562","13,33103","52,48927",4051653.0,Prager Platz,3545.0,51.0
192602,11,7,,2019,2,7,2,3,0,1,0,0,0,0,1,0,0,0,"794376,3676","5821956,869","13,33446","52,46824",7030302.0,Ceciliengärten,3639.0,45.0
192603,11,1,,2019,2,15,6,2,6,2,0,0,1,1,0,0,0,0,"794116,098","5827763,257","13,33577","52,52043",1022106.0,Elberfelder Straße,3654.0,56.0
192604,11,12,,2019,2,15,6,3,2,6,0,0,1,0,0,0,0,0,"794038,5671","5835339,144","13,34134","52,58839",12103218.0,Teichstraße,3774.0,53.0
192605,11,3,,2019,2,8,2,3,5,3,0,1,1,0,0,0,0,0,"797887,5049","5834640,666","13,39736","52,58003",3020209.0,Niederschönhausen,4572.0,61.0
192606,11,1,,2019,2,15,6,3,1,5,0,1,1,0,0,0,0,0,"796764,0452","5826927,977","13,37394","52,51151",1011105.0,Nördlicher Landwehrkanal,4252.0,53.0
192607,11,9,,2019,2,16,6,2,2,7,0,1,1,0,0,0,0,0,"802533,1257","5824562,412","13,45654","52,48714",9010101.0,Elsenstraße,5444.0,54.0
192608,11,1,,2019,2,7,6,2,2,7,0,1,0,0,0,0,0,0,"795596,9601","5831751,05","13,36108","52,55538",1044203.0,Leopoldplatz,4064.0,52.0
192609,11,4,,2019,2,16,1,3,2,6,0,0,1,0,0,0,0,0,"793342,6551","5829711,539","13,32612","52,53831",4010102.0,Plötzensee,3559.0,22.0
192610,11,10,,2019,2,7,6,3,3,6,0,0,1,0,0,1,0,0,"811153,5774","5829036,825","13,58727","52,52239",10020622.0,Kaulsdorf Nord I,7355.0,51.0
192611,11,11,,2019,2,18,5,3,2,6,1,0,1,0,0,0,0,0,"803312,8464","5830109,326","13,47304","52,53642",11020513.0,Orankesee,5659.0,55.0
192612,11,8,,2019,2,7,6,3,6,2,0,0,1,1,0,0,0,0,"800975,4154","5824764,866","13,43385","52,48981",8010301.0,Reuterkiez,5145.0,46.0
192613,11,7,,2019,2,7,6,3,5,3,1,1,1,0,0,0,0,0,"798241,7677","5820503,243","13,3899","52,45311",7050503.0,Eisenacher Straße,4435.0,61.0
192614,11,7,,2019,2,16,1,3,0,7,0,0,0,1,0,0,1,0,"798729,8477","5816017,473","13,39305","52,41264",7070701.0,Kettinger Straße/Schillerstraße,4523.0,61.0
192615,11,1,,2019,2,6,6,3,2,6,0,0,1,0,0,0,0,0,"796977,3891","5827004,171","13,37714","52,51208",1011201.0,Wilhelmstraße,4252.0,53.0
192616,11,2,,2019,2,5,6,2,5,2,2,1,1,0,0,0,0,0,"797100,9444","5824491,31","13,37671","52,48948",2020203.0,Viktoriapark,4245.0,40.0
192617,11,9,,2019,2,16,1,3,2,6,0,0,1,0,0,0,0,0,"809224,9548","5819572,653","13,55016","52,43867",9020702.0,Adlershof Ost,6830.0,43.0
192618,11,9,,2019,2,5,6,2,3,6,2,0,1,0,0,1,0,0,"806882,4751","5823240,453","13,51918","52,47286",9020501.0,Oberschöneweide West,6340.0,64.0
192619,11,3,,2019,2,16,6,3,6,4,0,0,1,1,0,0,0,0,"801756,7568","5832405,253","13,45226","52,55786",3050919.0,Gustav-Adolf-Straße,5365.0,63.0
192620,11,8,,2019,2,16,1,3,1,5,0,0,1,0,0,0,1,0,"802789,772","5818791,091","13,45507","52,43527",8040933.0,Vogelviertel Süd,5429.0,59.0
192621,11,3,,2019,2,16,6,2,2,6,1,0,1,0,0,0,0,0,"799330,2489","5833455,289","13,41752","52,56862",3040818.0,Pankow Süd,4868.0,52.0
192622,11,8,,2019,2,17,6,3,1,1,1,0,1,0,0,0,1,0,"800335,143","5816688,479","13,41719","52,41777",8020727.0,Buckow Mitte,4824.0,53.0
192623,11,2,,2019,2,8,6,3,2,3,0,1,1,0,0,0,0,0,"797913,354","5825279,649","13,38935","52,49611",2020202.0,Rathaus Yorckstraße,4447.0,16.0
192624,11,1,,2019,2,16,1,3,5,7,0,0,1,0,0,0,0,0,"799498,5635","5828143,631","13,41521","52,52091",1011303.0,Alexanderplatzviertel,4854.0,36.0
192625,11,2,,2019,2,8,6,3,5,2,0,1,1,0,0,0,0,0,"798493,6885","5825222,747","13,39782","52,49528",2020204.0,Urbanstraße,4547.0,11.0
192626,11,3,,2019,2,14,4,3,3,6,0,0,1,0,0,0,0,0,"799958,1172","5831721,628","13,42519","52,55273",3061227.0,Humannplatz,4964.0,49.0
192627,11,6,,2019,2,18,6,3,5,2,1,0,1,0,0,0,1,0,"791532,077","5819139,009","13,29025","52,4445",6030605.0,Botanischer Garten,2932.0,61.0
192628,11,3,,2019,2,18,6,3,6,4,1,0,1,1,0,0,0,0,"799101,2854","5829106,76","13,41023","52,52976",3071536.0,Teutoburger Platz,4757.0,11.0
192629,11,4,,2019,2,17,1,3,5,7,1,1,1,0,0,0,0,0,"793506,3035","5825347,13","13,32468","52,4991",4051448.0,Schaperstraße,3448.0,49.0
192630,11,9,,2019,2,9,6,3,3,6,0,1,0,0,0,0,0,0,"810317,6485","5821373,528","13,56786","52,45419",9051901.0,Dammvorstadt,7035.0,48.0
192631,11,8,,2019,2,18,6,3,5,3,2,0,1,0,0,0,0,0,"801774,2292","5821103,644","13,44227","52,45656",8020619.0,Buschkrugallee Nord,5236.0,65.0
192632,11,5,,2019,2,15,6,3,5,2,0,1,1,0,0,0,0,0,"786999,7561","5829460,36","13,23264","52,53944",5030731.0,Gartenfelder Straße,2160.0,45.0
192633,11,4,,2019,2,17,1,3,2,7,2,0,1,0,0,1,0,0,"791105,9432","5829127,122","13,29273","52,53427",4010103.0,Paul-Hertz-Siedlung,3058.0,38.0
192634,11,11,,2019,2,10,6,3,5,3,0,0,1,0,0,0,0,0,"804606,541","5827495,575","13,48967","52,51227",11030721.0,Rüdigerstraße,5952.0,37.0
192635,11,4,,2019,2,7,4,3,6,4,0,0,1,1,0,0,0,0,"792889,5905","5827360,635","13,31739","52,51748",4030620.0,Alt-Lietzow,3353.0,38.0
192636,11,2,,2019,3,23,2,3,5,3,2,0,1,0,0,0,0,1,"797841,7014","5824926,746","13,38798","52,49298",2020203.0,Viktoriapark,4446.0,12.0
192637,11,9,,2019,3,17,5,3,6,2,0,0,1,1,0,0,0,1,"810051,0763","5819464,271","13,56217","52,43723",9020802.0,Köllnische Vorstadt,7030.0,52.0
192638,11,7,,2019,3,8,2,3,5,2,0,0,1,0,0,0,0,1,"794949,2164","5824553,53","13,34517","52,49121",7020201.0,Bayerischer Platz,3746.0,57.0
192639,11,12,,2019,3,22,2,3,9,1,2,0,1,0,0,0,0,1,"795825,8299","5833661,51","13,36615","52,57238",12103115.0,Breitkopfbecken,4169.0,60.0
192640,11,6,,2019,3,16,5,2,5,3,0,1,1,0,0,0,0,1,"785875,1493","5816579,405","13,20506","52,42454",6040703.0,Nikolassee,1726.0,62.0
192641,11,4,,2019,3,8,2,3,1,5,0,1,1,0,0,0,1,1,"794053,9392","5826126,349","13,33341","52,50579",4030931.0,Breitscheidplatz,3650.0,32.0
192642,11,3,,2019,3,5,1,3,1,1,2,0,1,0,0,0,0,0,"802434,287","5831064,89","13,461","52,54547",3050925.0,Komponistenviertel Weißensee,5562.0,61.0
192643,11,11,,2019,3,5,1,3,2,6,2,0,1,0,0,0,0,0,"802866,4018","5831262,05","13,46753","52,547",11020513.0,Orankesee,5662.0,47.0
192644,11,12,,2019,3,16,5,3,5,3,1,1,1,0,0,0,0,1,"790646,1676","5835594,309","13,29163","52,5925",12304314.0,Ziekowstraße/Freie Scholle,2975.0,54.0
192645,11,9,,2019,3,20,1,3,6,2,2,0,1,1,0,0,0,1,"802107,4699","5824764,442","13,45047","52,48919",9010101.0,Elsenstraße,5345.0,59.0
192646,11,2,,2019,3,19,5,3,5,3,2,1,1,0,0,0,0,1,"797816,6067","5824933,046","13,38762","52,49305",2020203.0,Viktoriapark,4446.0,12.0
192647,11,7,,2019,3,19,1,3,5,2,2,1,1,0,0,0,0,1,"794966,3903","5825195,685","13,34599","52,49696",7010102.0,Nollendorfplatz,3847.0,40.0
192648,11,2,,2019,3,20,1,3,5,2,2,1,1,0,0,0,0,1,"802460,0924","5826326,632","13,45707","52,50299",2050803.0,Stralauer Kiez,5449.0,56.0
192649,11,11,,2019,3,18,1,3,6,2,1,0,1,1,0,0,0,1,"806058,5979","5825807,539","13,50944","52,49633",11041128.0,Sewanstraße,6247.0,60.0
192650,11,2,,2019,3,20,1,2,5,7,2,0,1,0,0,0,0,1,"799503,7971","5824531,458","13,41203","52,48853",2020206.0,Graefekiez,4745.0,46.0
192651,11,12,,2019,3,19,1,3,5,3,2,0,1,0,0,0,0,1,"793487,717","5832414,325","13,33064","52,56247",12214424.0,Scharnweberstraße,3567.0,10.0
192652,11,10,,2019,3,18,1,2,6,2,2,0,1,1,0,0,0,1,"811285,1316","5831537,923","13,59155","52,54473",10020413.0,Gut Hellersdorf,7461.0,52.0
192653,11,4,,2019,3,18,1,3,6,2,2,0,1,1,0,0,0,1,"793149,5165","5826075,352","13,32008","52,50582",4030828.0,Savignyplatz,3450.0,48.0
192654,11,5,,2019,3,8,1,2,9,1,0,0,1,0,0,0,0,1,"784711,6023","5834642,311","13,20344","52,5871",5010101.0,Hakenfelde Nord,1674.0,65.0
192655,11,1,,2019,3,16,5,3,5,2,0,1,0,0,0,0,1,1,"798554,0785","5826816,364","13,40014","52,50953",1011204.0,Leipziger Straße,4651.0,31.0
192656,11,8,,2019,3,17,1,3,2,6,1,0,1,0,0,0,0,1,"801725,2281","5823688,836","13,44389","52,47976",8010404.0,Rixdorf,5242.0,49.0
192657,11,10,,2019,3,16,5,3,5,3,0,1,1,0,0,0,0,1,"809159,9242","5826175,422","13,55532","52,49788",10030727.0,Biesdorf Süd,6948.0,63.0
192658,11,1,,2019,3,14,1,3,0,1,0,0,0,0,1,0,0,1,"797877,1406","5829867,498","13,39292","52,53725",1033202.0,Humboldthain Süd,4459.0,28.0
192659,11,6,,2019,3,14,1,3,5,7,0,0,1,0,0,0,0,1,"796303,6068","5816846,457","13,35822","52,42139",6020306.0,Lankwitz Süd,3925.0,65.0
192660,11,7,,2019,3,12,1,3,2,6,0,0,1,0,0,0,0,1,"794965,8111","5825667,705","13,3464","52,50119",7010102.0,Nollendorfplatz,3849.0,22.0
192661,11,11,,2019,3,15,5,3,5,2,0,1,1,0,0,0,0,1,"803852,076","5828739,623","13,47972","52,52385",11030618.0,Fennpfuhl West,5755.0,49.0
192662,11,1,,2019,3,12,1,3,5,2,0,1,1,0,0,0,0,1,"795793,3069","5828242,886","13,36084","52,52382",1022206.0,Lüneburger Straße,4055.0,49.0
192663,11,1,,2019,3,19,5,3,5,3,2,0,1,0,1,0,0,1,"795049,4878","5827190,843","13,34898","52,5148",1011102.0,Großer Tiergarten,3853.0,44.0
192664,11,12,,2019,3,12,1,3,5,2,0,0,1,0,0,0,0,1,"795782,8035","5832578,302","13,36455","52,56269",12103117.0,Letteplatz,4067.0,9.0
192665,11,8,,2019,3,20,7,3,5,3,2,1,1,0,0,0,0,1,"800954,3921","5822316,853","13,43133","52,46788",8010213.0,Körnerpark,5039.0,34.0
192666,11,3,,2019,3,15,5,3,5,3,0,0,1,0,0,0,0,1,"798143,5047","5835472,187","13,40188","52,58734",3020209.0,Niederschönhausen,4674.0,48.0
192667,11,3,,2019,3,14,7,2,5,2,0,0,1,0,0,0,0,1,"803013,5737","5842058,001","13,47957","52,64368",3010101.0,Bucher Forst,5790.0,63.0
192668,11,5,,2019,3,15,7,3,0,6,0,0,1,0,1,0,0,1,"784834,8511","5829035,443","13,20045","52,53677",5010314.0,Carl-Schurz-Straße,1659.0,46.0
192669,11,12,,2019,3,20,5,3,6,4,2,0,0,1,1,0,0,1,"790995,3329","5833819,701","13,29521","52,5764",12214125.0,Waldidyll/Flughafensee,3071.0,39.0
192670,11,5,,2019,3,8,7,2,1,5,0,0,1,0,1,0,0,1,"786999,8211","5828155,481","13,23152","52,52774",5010339.0,Freiheit,2056.0,62.0
192671,11,8,,2019,3,16,7,3,5,3,0,0,1,0,0,0,0,1,"803141,4988","5818819,483","13,46026","52,43533",8040933.0,Vogelviertel Süd,5429.0,59.0
192672,11,12,,2019,3,17,7,3,6,4,1,0,1,1,0,0,0,0,"790946,2909","5836197,186","13,29658","52,59774",12304314.0,Ziekowstraße/Freie Scholle,3077.0,63.0
192673,11,4,,2019,3,20,5,3,5,2,2,1,1,0,0,0,0,1,"792090,9974","5825291,993","13,30384","52,49937",4030726.0,Droysenstraße,3148.0,24.0
192674,11,7,,2019,3,17,7,3,5,7,1,0,1,0,0,0,0,1,"797243,6867","5815444,284","13,37076","52,40831",7060604.0,Marienfelde Süd,4121.0,65.0
192675,11,5,,2019,3,20,5,2,5,7,2,0,1,0,0,0,0,1,"784663,7799","5829696,547","13,1985","52,54278",5010313.0,Ackerstraße,1661.0,51.0
192676,11,12,,2019,3,19,7,3,6,2,2,0,1,1,0,0,0,1,"795470,5129","5833409,148","13,3607","52,57031",12103115.0,Breitkopfbecken,4069.0,34.0
192677,11,7,,2019,3,13,7,3,2,7,0,0,1,0,0,0,0,0,"797777,5055","5820776,509","13,38333","52,45582",7040403.0,Manteuffelstraße,4335.0,53.0
192678,11,4,,2019,3,22,5,3,6,2,2,0,1,1,0,0,0,1,"792115,9352","5825765,934","13,30462","52,5036",4030726.0,Droysenstraße,3149.0,47.0
192679,11,12,,2019,3,23,5,3,1,5,2,1,1,0,0,0,1,1,"795665,3551","5832967,692","13,36317","52,56625",12103219.0,Schäfersee,4068.0,46.0
192680,11,4,,2019,3,12,7,3,3,6,0,0,1,0,0,0,0,0,"792185,3164","5825637,215","13,30553","52,50241",4030726.0,Droysenstraße,3149.0,47.0
192681,11,6,,2019,3,9,7,3,5,3,0,0,1,0,0,0,0,1,"789416,056","5817999,378","13,25822","52,43541",6030503.0,Zehlendorf Mitte,2429.0,57.0
192682,11,12,,2019,3,16,5,3,2,6,0,0,1,0,0,0,0,1,"793309,279","5832660,186","13,32824","52,56477",12214424.0,Scharnweberstraße,3567.0,10.0
192683,11,12,,2019,3,9,7,3,5,2,0,0,1,0,0,0,1,0,"795063,7313","5832467,562","13,35387","52,56209",12103219.0,Schäfersee,3966.0,55.0
192684,11,10,,2019,3,15,7,3,6,4,0,1,0,1,0,0,0,1,"810969,9685","5832025,658","13,58737","52,54928",10020412.0,Alte Hellersdorfer Straße,7363.0,56.0
192685,11,8,,2019,3,14,5,3,5,7,0,0,1,0,0,0,1,1,"803655,6953","5822278,953","13,47094","52,46605",8010509.0,Schulenburgpark,5638.0,53.0
192686,11,2,,2019,3,2,7,3,5,2,2,0,1,0,0,0,0,0,"797760,1827","5824597,336","13,38649","52,49008",2020203.0,Viktoriapark,4445.0,43.0
192687,11,2,,2019,3,19,7,2,6,4,2,0,1,1,0,0,0,1,"798200,4807","5826386,813","13,39456","52,50588",2010102.0,Mehringplatz,4550.0,26.0
192688,11,9,,2019,3,15,5,3,2,6,0,0,1,0,0,0,0,1,"804040,9437","5821221,112","13,47563","52,45635",9010302.0,Späthsfelde,5735.0,60.0
192689,11,6,,2019,3,19,7,2,5,2,2,1,1,0,0,0,0,1,"792926,8526","5817768,256","13,30951","52,43147",6030610.0,Lichterfelde West,3228.0,32.0
192690,11,9,,2019,3,16,5,3,5,2,1,0,1,0,0,0,0,1,"808085,0312","5816924,185","13,531","52,41558",9030901.0,Dorf Altglienicke,6524.0,59.0
192691,11,12,,2019,3,19,7,3,6,2,2,0,1,1,0,0,0,1,"794397,659","5836235,063","13,34742","52,59622",12302107.0,Schorfheidestraße,3876.0,49.0
192692,11,4,,2019,3,19,7,3,5,2,2,0,1,0,0,0,0,1,"792528,0593","5822918,151","13,30818","52,47785",4041342.0,Schlangenbader Straße,3242.0,39.0
192693,11,4,,2019,3,23,5,2,9,1,2,0,1,0,0,0,0,1,"794383,4822","5824838,069","13,33711","52,49407",4051653.0,Prager Platz,3647.0,52.0
192694,11,6,,2019,3,19,7,3,6,2,2,0,1,1,0,0,0,1,"795314,8636","5819982,85","13,34649","52,45004",6010205.0,Südende,3834.0,50.0
192695,11,8,,2019,3,20,7,3,5,3,2,1,1,0,0,0,0,1,"800819,4939","5822577,093","13,42959","52,47029",8010118.0,Silbersteinstraße,5040.0,48.0
192696,11,9,,2019,3,20,7,3,8,1,2,0,1,0,0,0,0,1,"810041,5726","5819507,931","13,56208","52,43763",9020802.0,Köllnische Vorstadt,7030.0,52.0
192697,11,8,,2019,3,18,5,3,6,2,1,0,1,1,0,0,0,0,"801076,1401","5821981,898","13,43282","52,46481",8010118.0,Silbersteinstraße,5038.0,31.0
192698,11,8,,2019,3,10,7,3,5,2,0,0,1,0,0,0,0,0,"801264,1407","5819820,028","13,43363","52,44533",8020622.0,Parchimer Allee,5132.0,38.0
192699,11,9,,2019,3,20,7,3,5,3,2,0,1,0,0,0,0,1,"807657,4901","5819361,404","13,52698","52,43766",9020701.0,Adlershof West,6430.0,58.0
192700,11,8,,2019,3,21,7,2,6,4,2,0,1,1,0,0,0,1,"801431,8283","5821029,718","13,43718","52,45608",8020619.0,Buschkrugallee Nord,5135.0,57.0
192701,11,1,,2019,3,18,5,3,0,1,2,0,0,0,1,0,0,1,"797775,1219","5829747,105","13,39132","52,53623",1033202.0,Humboldthain Süd,4459.0,28.0
192702,11,4,,2019,3,22,7,3,5,3,2,0,1,0,0,0,0,1,"793910,1546","5825533,206","13,33077","52,50055",4030931.0,Breitscheidplatz,3548.0,45.0
192703,11,8,,2019,3,23,7,3,5,3,2,0,1,0,0,0,0,1,"801230,7821","5822467,79","13,43553","52,46908",8010213.0,Körnerpark,5139.0,41.0
192704,11,8,,2019,3,11,6,3,5,3,0,0,1,0,0,0,0,1,"802349,1125","5822949,948","13,45238","52,47279",8010404.0,Rixdorf,5340.0,54.0
192705,11,7,,2019,3,13,5,3,5,3,0,1,1,0,0,0,0,0,"799287,2733","5813135,314","13,39865","52,3865",7070703.0,John-Locke-Straße,4515.0,62.0
192706,11,1,,2019,3,23,6,2,6,4,2,0,1,1,0,0,0,0,"796624,5779","5831625,213","13,37608","52,55369",1044201.0,Reinickendorfer Straße,4264.0,38.0
192707,11,9,,2019,3,1,5,3,9,1,2,0,1,0,0,0,0,1,"811541,1437","5823057,501","13,58737","52,46859",9052001.0,Köpenick Nord,7339.0,64.0
192708,11,3,,2019,3,23,6,3,6,4,2,0,1,1,0,0,0,0,"798944,2194","5831069,029","13,40969","52,54744",3061131.0,Falkplatz,4762.0,48.0
192709,11,2,,2019,3,17,6,3,2,6,0,1,1,0,0,0,0,0,"797933,465","5826387,348","13,39063","52,50603",2010102.0,Mehringplatz,4450.0,25.0
192710,11,3,,2019,3,6,5,2,6,4,0,0,1,1,0,0,0,1,"804879,9504","5841522,898","13,50658","52,63784",3010102.0,Buch,6189.0,65.0
192711,11,9,,2019,3,17,6,2,1,1,0,0,1,0,0,0,1,0,"806340,8616","5822224,92","13,5103","52,46407",9020501.0,Oberschöneweide West,6238.0,43.0
192712,11,3,,2019,3,16,6,2,6,4,0,0,1,1,0,0,0,0,"798433,4126","5833809,518","13,40465","52,57228",3040614.0,Pankow Zentrum,4669.0,57.0
192713,11,3,,2019,3,14,6,3,5,3,0,0,1,0,0,0,0,1,"800086,2845","5831671,075","13,42703","52,55221",3061227.0,Humannplatz,5064.0,24.0
192714,11,8,,2019,3,13,5,3,5,3,0,0,1,0,0,0,0,1,"802293,4431","5823884,189","13,45241","52,48119",8010407.0,Gewerbegebiet Ederstraße,5343.0,62.0
192715,11,2,,2019,3,8,6,3,5,3,0,1,1,0,0,0,0,0,"799327,2419","5826236,426","13,41097","52,50391",2010103.0,Moritzplatz,4749.0,23.0
192716,11,9,,2019,3,19,5,3,3,6,2,1,0,0,0,0,0,1,"804945,741","5823041,929","13,49057","52,47217",9010301.0,Baumschulenstraße,5940.0,65.0
192717,11,4,,2019,3,5,5,3,0,3,2,0,1,0,1,0,0,1,"791521,4526","5823559,678","13,29396","52,48414",4041137.0,Flinsberger Platz,3044.0,50.0
192718,11,1,,2019,3,17,5,3,2,6,0,0,1,0,0,0,0,1,"797208,0509","5831915,814","13,38492","52,55598",1033102.0,Gesundbrunnen,4365.0,7.0
192719,11,4,,2019,3,6,5,2,5,2,0,1,1,0,0,0,0,1,"793917,4918","5824957,62","13,33037","52,49539",4051448.0,Schaperstraße,3547.0,43.0
192720,11,9,,2019,3,7,5,3,5,3,0,0,1,0,0,0,1,1,"805703,8924","5824052,524","13,50263","52,4808",9020501.0,Oberschöneweide West,6143.0,61.0
192721,11,8,,2019,3,8,5,2,5,3,0,1,1,0,0,0,0,1,"804619,5426","5816128,755","13,47948","52,41039",8041036.0,Zittauer Straße,5722.0,63.0
192722,11,6,,2019,3,22,5,3,6,7,2,0,1,1,0,0,0,1,"790489,378","5819760,269","13,27549","52,45063",6040810.0,Dahlem,2734.0,62.0
192723,11,2,,2019,3,23,5,3,5,3,2,1,1,0,0,0,0,0,"799814,0295","5825748,785","13,41768","52,49927",2010103.0,Moritzplatz,4848.0,3.0
192724,11,2,,2019,3,20,5,3,1,5,2,1,1,0,0,0,0,1,"799947,5213","5825964,133","13,41984","52,50113",2030301.0,Oranienplatz,4849.0,28.0
192725,11,3,,2019,3,13,5,3,5,3,0,0,1,0,0,0,1,1,"800939,6788","5833548,042","13,44128","52,56856",3030715.0,Heinersdorf,5268.0,60.0
192726,11,10,,2019,3,20,5,3,5,3,2,0,1,0,0,0,0,0,"812606,1418","5830417,718","13,60991","52,53393",10020517.0,Adele-Sandrock-Straße,7758.0,62.0
192727,11,8,,2019,3,19,5,3,2,5,2,1,1,0,0,0,0,0,"800474,6541","5823594,652","13,42544","52,4796",8010117.0,Schillerpromenade,4942.0,18.0
192728,11,9,,2019,3,8,5,3,5,3,0,1,1,0,0,0,0,1,"810356,9939","5823533,221","13,57044","52,47352",9052001.0,Köpenick Nord,7141.0,63.0