OBJECTID,LAND,BEZ,LOR_ab_2021,UJAHR,UMONAT,USTUNDE,UWOCHENTAG,UKATEGORIE,UART,UTYP1,ULICHTVERH,IstRad,IstPKW,IstFuss,IstKrad,IstGkfz,IstSonstige,USTRZUSTAND,LINREFX,LINREFY,XGCSWGS84,YGCSWGS84,LOR,STRASSE,quadrant,quadrant_rank
192729,11,6,,2019,3,18,5,3,6,2,1,0,1,1,0,0,0,0,"795552,7451","5818313,191","13,34851","52,43494",6020303.0,Lankwitz Kirche,3829.0,50.0
192730,11,2,,2019,3,18,5,3,5,2,2,1,1,0,0,0,0,1,"797770,2322","5824017,098","13,38612","52,48487",2020203.0,Viktoriapark,4344.0,28.0
192731,11,2,,2019,3,18,5,3,2,6,0,1,1,0,0,0,0,1,"799722,8725","5826056,093","13,41662","52,50208",2030301.0,Oranienplatz,4849.0,28.0
192732,11,6,,2019,3,8,5,3,1,5,0,1,1,0,0,0,0,1,"791092,8696","5817818,492","13,28266","52,4329",6030610.0,Lichterfelde West,2829.0,65.0
192733,11,12,,2019,3,17,5,3,3,6,0,0,1,0,0,0,1,1,"793214,9994","5832615,173","13,32681","52,56441",12214424.0,Scharnweberstraße,3567.0,10.0
192734,11,2,,2019,3,17,5,3,5,3,1,0,1,0,1,0,0,1,"800733,7773","5826517,177","13,43189","52,50565",2030302.0,Lausitzer Platz,5050.0,37.0
192735,11,4,,2019,3,17,5,3,2,6,0,0,1,0,0,0,0,0,"792272,9023","5826111,752","13,30723","52,50662",4030827.0,Karl-August-Platz,3250.0,40.0
192736,11,2,,2019,3,17,5,3,6,4,0,1,0,1,0,0,0,1,"799986,5556","5825731,476","13,4202","52,49902",2030301.0,Oranienplatz,4948.0,23.0
192737,11,1,,2019,3,12,5,3,5,2,0,0,1,0,0,0,0,1,"794619,0775","5829877,865","13,34504","52,53912",1044202.0,Sparrplatz,3760.0,45.0
192738,11,9,,2019,3,17,5,3,2,1,0,0,1,0,0,0,0,0,"810620,5082","5820336,336","13,57133","52,44473",9051901.0,Dammvorstadt,7132.0,48.0
192739,11,3,,2019,3,16,5,3,0,3,0,0,1,0,1,0,0,1,"804813,7833","5841410,604","13,5055","52,63687",3010102.0,Buch,6188.0,57.0
192740,11,1,,2019,3,12,5,3,2,6,0,0,1,0,0,0,0,1,"793936,6751","5828480,523","13,33377","52,52696",1022104.0,Emdener Straße,3656.0,44.0
192741,11,1,,2019,3,16,5,3,2,7,0,1,1,0,0,0,0,1,"797769,8712","5829051,373","13,39062","52,53",1011401.0,Invalidenstraße,4457.0,55.0
192742,11,1,,2019,3,16,5,3,2,2,0,0,1,0,1,0,0,1,"795117,8852","5828257,641","13,35093","52,52432",1022204.0,Thomasiusstraße,3855.0,43.0
192743,11,8,,2019,3,15,5,3,2,1,0,0,1,0,0,0,0,0,"801593,8463","5817456,038","13,43633","52,42396",8020727.0,Buckow Mitte,5126.0,38.0
192744,11,10,,2019,3,10,5,3,5,3,0,0,1,0,0,0,0,1,"811848,0433","5829318,869","13,59774","52,52452",10040828.0,Kaulsdorf Nord,7555.0,64.0
192745,11,2,,2019,3,7,5,3,5,2,0,1,1,0,0,0,0,1,"800671,4714","5825819,593","13,43034","52,49944",2030302.0,Lausitzer Platz,5048.0,24.0
192746,11,12,,2019,3,8,5,2,5,3,0,0,1,0,0,1,0,0,"792689,2488","5833256,902","13,31964","52,57045",12214424.0,Scharnweberstraße,3469.0,65.0
192747,11,1,,2019,3,8,5,3,2,6,0,0,1,0,1,0,0,1,"798097,0905","5829959,453","13,39624","52,53796",1011402.0,Arkonaplatz,4559.0,31.0
192748,11,10,,2019,3,10,5,3,5,7,0,0,1,0,0,0,0,1,"808621,2132","5829492,795","13,55049","52,52792",10030724.0,Oberfeldstraße,6856.0,63.0
192749,11,11,,2019,3,10,5,3,5,2,0,1,1,0,0,0,0,0,"804458,1245","5830929,256","13,49063","52,54313",11020514.0,Große-Leege-Straße,5961.0,51.0
192750,11,10,,2019,3,9,5,3,2,6,0,0,1,0,0,0,0,1,"806581,1436","5829152,931","13,5202","52,52602",10010308.0,Marzahner Chaussee,6356.0,61.0
192751,11,4,,2019,3,12,5,3,5,2,0,1,1,0,0,0,0,0,"793436,1219","5823922,293","13,32239","52,48637",4051654.0,Wilhelmsaue,3444.0,24.0
192752,11,9,,2019,3,12,5,3,1,5,0,1,1,0,0,0,0,0,"814372,092","5821212,33","13,62718","52,45043",9051702.0,Bölschestraße,7934.0,54.0
192753,11,1,,2019,3,9,5,3,5,5,0,1,1,0,0,0,0,1,"797857,2657","5830383,978","13,39309","52,54189",1033201.0,Brunnenstraße,4560.0,49.0
192754,11,9,,2019,3,12,5,3,2,2,0,0,1,0,0,0,0,0,"810368,9041","5823529,692","13,57061","52,47349",9052001.0,Köpenick Nord,7140.0,63.0
192755,11,3,,2019,3,14,5,3,3,6,0,1,1,0,0,0,0,0,"798894,903","5834982,494","13,41249","52,58254",3040614.0,Pankow Zentrum,4772.0,55.0
192756,11,4,,2019,3,6,4,2,5,3,0,1,1,0,0,0,0,1,"790855,3244","5823646,832","13,28425","52,48528",4041134.0,Bismarckallee,2844.0,55.0
192757,11,4,,2019,3,14,5,3,6,7,0,0,1,1,0,0,0,0,"794357,1071","5824522,62","13,33645","52,49125",4051653.0,Prager Platz,3646.0,63.0
192758,11,3,,2019,3,7,5,3,6,4,0,1,0,1,0,0,0,1,"799955,1874","5831077,059","13,42456","52,54695",3061227.0,Humannplatz,4962.0,45.0
192759,11,7,,2019,3,13,4,2,6,4,0,1,0,1,0,0,0,1,"797348,5944","5821909,513","13,37805","52,46621",7040403.0,Manteuffelstraße,4238.0,48.0
192760,11,11,,2019,3,5,5,3,5,3,2,1,0,0,0,0,1,1,"807327,7241","5824796,493","13,52715","52,48656",11051331.0,Karlshorst Nord,6444.0,53.0
192761,11,9,,2019,3,9,4,3,2,2,0,0,1,0,0,0,0,0,"809220,1593","5823019,721","13,55328","52,46957",9052001.0,Köpenick Nord,6839.0,56.0
192762,11,3,,2019,3,9,5,3,2,6,0,0,1,0,0,1,0,0,"798702,313","5837415,118","13,41185","52,60445",3020203.0,Blankenfelde,4779.0,65.0
192763,11,4,,2019,3,8,5,3,5,2,0,0,1,0,0,0,0,0,"790387,1065","5825672,243","13,27914","52,50368",4020314.0,Messegelände,2849.0,40.0
192764,11,3,,2019,3,15,4,3,0,3,0,1,1,0,0,0,0,1,"797573,352","5835074,101","13,39313","52,58409",3020209.0,Niederschönhausen,4573.0,56.0
192765,11,7,,2019,3,9,5,2,5,3,0,1,1,0,0,0,0,1,"794484,4116","5824915,594","13,33866","52,49471",7010101.0,Wittenbergplatz/Viktoria-Luise-Platz,3647.0,52.0
192766,11,1,,2019,3,20,4,2,6,4,2,0,1,1,0,0,0,1,"798436,3438","5829161,565","13,40051","52,53062",1011401.0,Invalidenstraße,4657.0,9.0
192767,11,11,,2019,3,0,5,2,6,4,2,0,1,1,0,0,0,0,"805854,5687","5833606,015","13,51362","52,56634",11010205.0,Falkenberg West,6268.0,60.0
192768,11,8,,2019,3,14,4,3,3,6,0,0,1,0,0,1,0,0,"800630,8551","5820549,874","13,42499","52,45222",8020620.0,Tempelhofer Weg,4934.0,62.0
192769,11,4,,2019,3,23,4,3,6,2,2,0,1,1,0,0,0,1,"794487,1926","5825868,287","13,33955","52,50324",4030931.0,Breitscheidplatz,3749.0,17.0
192770,11,4,,2019,3,10,4,3,5,2,0,0,1,0,0,0,0,0,"794231,0646","5825420,257","13,33539","52,49937",4051448.0,Schaperstraße,3648.0,35.0
192771,11,5,,2019,3,16,4,3,5,2,0,0,1,0,0,0,0,0,"781905,797","5829565,512","13,15782","52,54304",5010209.0,An der Kappe,1061.0,59.0
192772,11,9,,2019,3,5,4,3,2,6,2,1,0,0,0,0,1,0,"809520,0078","5819769,871","13,55467","52,44027",9020702.0,Adlershof Ost,6931.0,61.0
192773,11,12,,2019,3,5,4,3,5,3,2,0,1,0,0,0,0,1,"793844,7105","5836157,975","13,33921","52,59583",12302107.0,Schorfheidestraße,3676.0,38.0
192774,11,10,,2019,3,11,4,2,5,3,0,1,1,0,0,0,0,0,"813093,9946","5826504,899","13,6134","52,49859",10040933.0,Mahlsdorf Süd,7748.0,64.0
192775,11,3,,2019,3,12,6,3,5,3,0,1,1,0,0,0,0,1,"801526,6469","5836125,721","13,45226","52,59134",3030711.0,Blankenburg,5375.0,58.0
192776,11,2,,2019,3,20,4,2,6,2,2,0,1,1,0,0,0,0,"801880,2092","5828990,558","13,45097","52,52719",2050601.0,Hausburgviertel,5356.0,13.0
192777,11,4,,2019,3,20,4,3,5,2,2,1,1,0,0,0,0,0,"794168,2083","5825307,041","13,33437","52,49839",4051448.0,Schaperstraße,3648.0,35.0
192778,11,6,,2019,3,5,4,3,6,2,2,0,1,1,0,0,0,1,"794786,7479","5821586,457","13,34016","52,4647",6010210.0,Bismarckstraße,3738.0,53.0
192779,11,5,,2019,3,20,4,2,6,2,2,0,1,1,0,0,0,0,"781954,3838","5830607,801","13,15942","52,55236",5010206.0,Gütersloher Weg,1064.0,63.0
192780,11,12,,2019,3,19,4,3,5,2,2,0,1,0,0,0,0,0,"790690,321","5834316,046","13,29116","52,58101",12214125.0,Waldidyll/Flughafensee,2972.0,55.0
192781,11,1,,2019,3,6,4,3,5,5,2,0,1,0,1,0,0,1,"800063,6754","5826898,652","13,42239","52,50944",1011306.0,Heine-Viertel Ost,4951.0,32.0
192782,11,2,,2019,3,19,4,3,4,5,2,0,1,0,0,0,1,0,"800625,4603","5825255,542","13,42916","52,49441",2030401.0,Reichenberger Straße,5047.0,51.0
192783,11,12,,2019,3,18,4,3,5,3,1,0,1,0,0,0,0,1,"791418,4625","5838758,261","13,30579","52,62045",12231101.0,Hermsdorf,3283.0,60.0
192784,11,2,,2019,3,16,4,3,2,2,0,0,1,0,0,0,0,0,"797943,2318","5825259,116","13,38977","52,49591",2020202.0,Rathaus Yorckstraße,4447.0,16.0
192785,11,8,,2019,3,16,4,2,3,6,0,0,1,0,1,0,1,0,"801520,9887","5823833,879","13,44102","52,48117",8010404.0,Rixdorf,5243.0,34.0
192786,11,11,,2019,3,6,4,3,4,7,2,0,1,0,0,0,0,0,"804225,406","5833409,672","13,48948","52,56549",11010309.0,Zingster Straße West,5967.0,61.0
192787,11,3,,2019,3,15,4,3,5,3,0,0,1,0,0,0,0,0,"799527,8546","5829746,882","13,41708","52,53527",3071537.0,Kollwitzplatz,4859.0,52.0
192788,11,9,,2019,3,7,4,3,5,2,0,1,0,0,0,0,1,0,"812462,7442","5820103,141","13,59813","52,44159",9041402.0,Siedlung Kämmereiheide,7531.0,59.0
192789,11,10,,2019,3,15,4,3,6,4,0,0,0,1,0,0,1,0,"812923,9996","5827950,735","13,61226","52,51165",10040932.0,Alt-Mahlsdorf,7752.0,58.0
192790,11,4,,2019,3,7,4,3,1,5,0,1,1,0,0,0,0,0,"792661,5112","5828245,455","13,31482","52,52554",4030519.0,Kaiserin-Augusta-Allee,3356.0,56.0
192791,11,4,,2019,3,13,4,3,5,2,0,1,1,0,0,0,0,0,"791379,3619","5827491,813","13,29531","52,51947",4030415.0,Schloßgarten,3054.0,54.0
192792,11,11,,2019,3,19,5,3,6,2,2,0,1,1,0,0,0,1,"804632,9437","5827766,871","13,4903","52,51469",11030721.0,Rüdigerstraße,5953.0,55.0
192793,11,4,,2019,3,12,4,3,1,5,0,1,1,0,0,0,0,0,"794343,0171","5825940,22","13,33749","52,50397",4030931.0,Breitscheidplatz,3649.0,23.0
192794,11,1,,2019,3,13,4,3,5,2,0,0,1,0,0,0,0,0,"795664,665","5829738,324","13,36028","52,5373",1022202.0,Heidestraße,4059.0,30.0
192795,11,6,,2019,3,11,4,3,5,7,0,1,1,0,0,0,0,0,"794061,1949","5818772,899","13,32703","52,43987",6020409.0,Königsberger Straße,3531.0,58.0
192796,11,7,,2019,3,13,4,3,1,7,0,0,1,0,0,0,1,0,"793645,4629","5822419,666","13,32414","52,47278",7030301.0,Friedenau,3440.0,55.0
192797,11,1,,2019,3,11,4,3,5,3,0,1,1,0,0,0,0,0,"795306,8497","5826271,315","13,35195","52,50641",1011101.0,Stülerstraße,3850.0,33.0
192798,11,1,,2019,3,11,4,2,5,2,0,1,1,0,0,0,0,0,"796961,1086","5826699,89","13,37663","52,50936",1011201.0,Wilhelmstraße,4251.0,2.0
192799,11,1,,2019,3,13,4,3,5,2,0,1,1,0,0,0,0,0,"795668,9129","5829732,336","13,36034","52,53724",1022202.0,Heidestraße,4059.0,30.0
192800,11,7,,2019,3,11,4,3,5,2,0,0,1,0,1,0,0,0,"799019,8548","5814282,127","13,39576","52,39692",7070703.0,John-Locke-Straße,4518.0,52.0
192801,11,4,,2019,3,9,4,3,6,4,0,1,0,1,0,0,0,0,"793760,8617","5827072,999","13,32994","52,51444",4030621.0,Spreestadt,3552.0,52.0
192802,11,9,,2019,3,8,4,3,3,6,0,0,0,0,1,0,1,0,"810726,8885","5820929,841","13,57345","52,44998",9051901.0,Dammvorstadt,7134.0,43.0
192803,11,7,,2019,3,15,4,2,6,4,0,0,1,1,0,0,0,0,"795356,0127","5823479,369","13,35019","52,48136",7020203.0,Kaiser-Wilhelm-Platz,3843.0,36.0
192804,11,1,,2019,3,7,4,3,5,2,0,0,1,0,0,0,0,0,"796852,9193","5830641,047","13,37856","52,54475",1033203.0,Humboldthain Nordwest,4261.0,37.0
192805,11,4,,2019,3,15,4,3,2,6,0,0,1,0,0,0,1,0,"793294,4273","5827818,962","13,32374","52,52137",4030621.0,Spreestadt,3454.0,49.0
192806,11,3,,2019,3,7,4,3,5,2,0,1,1,0,0,0,0,0,"800883,1644","5833381,892","13,4403","52,5671",3030715.0,Heinersdorf,5268.0,60.0
192807,11,10,,2019,3,6,4,3,6,4,1,0,1,1,0,0,0,0,"813278,5266","5829057,579","13,61851","52,52136",10040931.0,Mahlsdorf Nord,7854.0,62.0
192808,11,5,,2019,3,15,4,3,0,2,0,0,1,0,0,0,1,0,"784846,5804","5829228,539","13,20078","52,53849",5010314.0,Carl-Schurz-Straße,1659.0,46.0
192809,11,3,,2019,3,15,3,3,5,3,0,1,1,0,0,0,0,0,"797774,0077","5832965,555","13,39419","52,56508",3040614.0,Pankow Zentrum,4567.0,50.0
192810,11,4,,2019,3,19,5,3,5,3,2,1,1,0,0,0,0,1,"792090,9226","5825310,163","13,30386","52,49953",4030726.0,Droysenstraße,3148.0,24.0
192811,11,6,,2019,3,8,3,3,5,3,0,1,0,0,0,0,1,0,"792715,0329","5821673,533","13,30983","52,46659",6010101.0,Fichtenberg,3238.0,58.0
192812,11,4,,2019,3,21,3,3,6,2,2,1,0,1,0,0,0,0,"792337,216","5824074,31","13,30639","52,48832",4051445.0,Eisenzahnstraße,3245.0,33.0
192813,11,2,,2019,3,19,3,3,5,3,2,0,1,0,0,0,1,1,"802524,2252","5827271,208","13,45887","52,51142",2050802.0,Boxhagener Platz,5452.0,39.0
192814,11,11,,2019,3,16,4,2,5,7,0,0,1,0,1,0,0,0,"804146,4714","5829812,456","13,48503","52,5333",11030619.0,Fennpfuhl Ost,5858.0,54.0
192815,11,4,,2019,3,19,3,3,2,6,2,0,1,0,0,0,0,1,"790861,2747","5824620,665","13,28519","52,494",4041134.0,Bismarckallee,2846.0,54.0
192816,11,2,,2019,3,19,3,3,5,2,2,1,1,0,0,0,0,0,"799118,3786","5826276,424","13,40794","52,50438",2010103.0,Moritzplatz,4750.0,40.0
192817,11,4,,2019,3,16,4,3,2,7,0,1,1,0,0,0,0,0,"792611,259","5827365,268","13,31331","52,51767",4030620.0,Alt-Lietzow,3353.0,38.0
192818,11,7,,2019,3,18,3,3,6,2,2,0,1,1,0,0,0,1,"796116,3313","5824097,043","13,3619","52,48649",7020203.0,Kaiser-Wilhelm-Platz,4044.0,52.0
192819,11,1,,2019,3,18,3,3,5,3,2,1,1,0,0,0,0,1,"795848,7077","5826675,736","13,36027","52,50975",1011105.0,Nördlicher Landwehrkanal,4051.0,54.0
192820,11,8,,2019,3,19,3,3,5,2,2,1,1,0,0,0,0,1,"802025,7381","5824298,294","13,44885","52,48505",8010406.0,Treptower Straße Nord,5344.0,56.0
192821,11,5,,2019,3,16,4,2,5,7,0,0,1,0,0,0,0,0,"784826,8174","5830252,302","13,20137","52,54768",5010312.0,Kurstraße,1662.0,57.0
192822,11,7,,2019,3,17,3,3,5,3,2,0,1,0,0,0,0,1,"799070,0521","5821704,455","13,40313","52,46343",7040405.0,Rathaus Tempelhof,4638.0,48.0
192823,11,7,,2019,3,18,4,3,5,2,1,1,1,0,0,0,0,0,"798388,65","5813699,983","13,38599","52,39205",7070705.0,Franziusweg/Rohrbachstraße,4317.0,65.0
192824,11,1,,2019,3,17,3,2,6,4,1,0,1,1,0,0,0,1,"796203,8335","5828205,897","13,36684","52,52327",1022206.0,Lüneburger Straße,4155.0,51.0
192825,11,8,,2019,3,16,3,2,6,7,0,0,1,1,0,0,0,0,"801713,0865","5823697,488","13,44372","52,47984",8010404.0,Rixdorf,5242.0,49.0
192826,11,2,,2019,3,20,4,3,0,1,2,1,1,0,0,0,0,0,"798458,6781","5824735,743","13,39687","52,49094",2020204.0,Urbanstraße,4546.0,40.0
192827,11,9,,2019,3,15,3,3,5,3,2,1,1,0,0,0,0,0,"813348,9456","5821562,382","13,6125","52,45416",9051701.0,Hirschgarten,7735.0,63.0
192828,11,1,,2019,3,15,3,3,3,6,0,0,1,0,1,0,0,1,"794479,5559","5826092,151","13,33963","52,50526",1011101.0,Stülerstraße,3750.0,33.0
192829,11,6,,2019,3,23,4,3,6,7,2,0,1,1,0,0,0,1,"794684,2267","5819217,976","13,33657","52,44352",6020302.0,Komponistenviertel Lankwitz,3632.0,57.0
192830,11,4,,2019,3,10,3,3,6,3,0,0,1,1,0,0,0,1,"790347,57","5827464,472","13,28012","52,51977",4020310.0,Park Ruhwald,2854.0,17.0
192831,11,10,,2019,3,12,3,2,0,3,0,0,1,0,1,0,0,1,"811461,8337","5830676,287","13,59334","52,53691",10020413.0,Gut Hellersdorf,7459.0,61.0
192832,11,6,,2019,3,12,3,2,5,2,0,0,1,0,0,1,0,0,"791226,5729","5820636,548","13,28708","52,45809",6040810.0,Dahlem,2936.0,63.0
192833,11,4,,2019,3,16,3,3,2,6,0,0,1,0,0,0,1,0,"794095,212","5826439,412","13,33429","52,50858",4030931.0,Breitscheidplatz,3651.0,62.0
192834,11,11,,2019,3,6,3,3,6,4,1,0,0,1,1,0,0,0,"803600,4629","5830227,555","13,47738","52,53732",11020515.0,Landsberger Allee,5759.0,55.0
192835,11,1,,2019,3,6,3,3,5,2,0,1,1,0,0,0,0,0,"798798,1988","5829172,914","13,40584","52,53052",1011402.0,Arkonaplatz,4657.0,9.0
192836,11,2,,2019,3,9,3,2,1,5,0,1,1,0,0,0,0,0,"798037,3036","5826555,497","13,39231","52,50748",2010102.0,Mehringplatz,4450.0,25.0
192837,11,12,,2019,3,6,3,3,0,3,0,0,1,0,1,0,0,1,"792791,1302","5837479,513","13,32487","52,60825",12302212.0,Rollbergesiedlung,3480.0,38.0
192838,11,7,,2019,3,19,3,3,0,2,2,0,1,0,0,0,1,0,"794241,9163","5822036,98","13,33256","52,46903",7030301.0,Friedenau,3639.0,45.0
192839,11,1,,2019,3,6,3,3,5,3,0,0,1,0,0,0,0,0,"797782,9293","5827352,193","13,38929","52,51476",1011203.0,Unter den Linden Süd,4453.0,15.0
192840,11,1,,2019,3,7,3,3,3,6,0,1,0,0,0,1,0,0,"795649,8481","5829746,648","13,36007","52,53738",1022103.0,Westhafen,4059.0,30.0
192841,11,3,,2019,3,19,3,2,5,3,2,1,1,0,0,0,0,0,"797412,3571","5833971,488","13,38977","52,57429",3040513.0,Schönholz,4470.0,56.0
192842,11,3,,2019,3,8,3,3,2,2,0,1,1,0,0,0,0,0,"799927,3735","5830736,112","13,42385","52,54391",3061332.0,Helmholtzplatz,4961.0,45.0
192843,11,2,,2019,3,8,3,3,5,3,0,1,1,0,0,0,0,0,"799102,428","5825207,14","13,40675","52,49481",2020204.0,Urbanstraße,4747.0,65.0
192844,11,6,,2019,3,17,3,3,0,2,0,1,1,0,0,0,0,1,"793122,9027","5817654,353","13,31229","52,43034",6020409.0,Königsberger Straße,3228.0,32.0
192845,11,3,,2019,3,19,3,3,5,3,2,0,1,0,0,0,0,0,"802185,2157","5832421,244","13,45857","52,55777",3050920.0,Weißer See,5465.0,60.0
192846,11,1,,2019,3,9,3,3,6,4,0,0,1,1,0,0,0,0,"797744,8473","5829711,43","13,39084","52,53593",1033202.0,Humboldthain Süd,4459.0,28.0
192847,11,1,,2019,3,5,5,3,0,6,2,0,1,0,1,0,0,1,"795085,2848","5831211,714","13,35308","52,55082",1044203.0,Leopoldplatz,3963.0,52.0
192848,11,1,,2019,3,9,3,3,5,2,0,1,1,0,0,0,0,0,"799648,6808","5827039,581","13,41642","52,51093",1011305.0,Heine-Viertel West,4851.0,50.0
192849,11,4,,2019,3,17,3,3,5,2,1,1,1,0,0,0,0,0,"790373,8651","5827299,193","13,28037","52,51828",4020310.0,Park Ruhwald,2854.0,17.0
192850,11,6,,2019,3,10,3,3,5,3,0,0,1,0,0,0,0,0,"792933,5835","5817745,462","13,30959","52,43126",6030610.0,Lichterfelde West,3228.0,32.0
192851,11,4,,2019,3,11,3,3,5,3,0,0,1,0,0,0,0,0,"791992,0613","5827500,99","13,30432","52,51922",4030620.0,Alt-Lietzow,3154.0,20.0
192852,11,5,,2019,3,16,3,3,5,3,0,1,1,0,0,0,0,0,"786453,0434","5831100,42","13,22602","52,55443",5030730.0,Zitadellenweg,2064.0,55.0
192853,11,4,,2019,3,11,3,3,5,2,0,1,1,0,0,0,0,0,"794040,2623","5824716,526","13,33197","52,49316",4051653.0,Prager Platz,3546.0,33.0
192854,11,4,,2019,3,18,3,3,5,3,2,1,1,0,0,0,0,1,"791493,2201","5827210,917","13,29674","52,51689",4030417.0,Schloßstraße,3053.0,54.0
192855,11,1,,2019,3,16,3,3,5,7,0,0,1,0,0,0,0,0,"798525,9738","5826770,855","13,39968","52,50914",1011204.0,Leipziger Straße,4551.0,40.0
192856,11,2,,2019,3,16,3,3,1,5,0,1,1,0,0,0,0,1,"802304,3386","5827104,549","13,45549","52,51005",2050802.0,Boxhagener Platz,5451.0,41.0
192857,11,11,,2019,3,17,3,3,5,3,0,0,1,0,0,0,0,0,"802949,9153","5829190,773","13,46687","52,52839",11030618.0,Fennpfuhl West,5557.0,49.0
192858,11,2,,2019,3,16,3,2,6,4,0,0,1,1,0,0,0,0,"797867,016","5825068,566","13,38848","52,49424",2020202.0,Rathaus Yorckstraße,4447.0,16.0
192859,11,7,,2019,3,16,3,3,5,3,0,1,1,0,0,0,0,0,"797389,141","5821873,231","13,37861","52,46586",7040403.0,Manteuffelstraße,4238.0,48.0
192860,11,1,,2019,3,9,2,3,1,5,0,1,1,0,0,0,0,0,"796736,1946","5826827,547","13,37344","52,51063",1011105.0,Nördlicher Landwehrkanal,4251.0,2.0
192861,11,1,,2019,3,17,3,3,5,3,0,1,0,0,0,1,0,0,"797843,4225","5829077,815","13,39172","52,53019",1011401.0,Invalidenstraße,4457.0,55.0
192862,11,2,,2019,3,18,2,3,2,2,2,0,1,0,0,0,0,1,"799685,1834","5824504,007","13,41467","52,48819",2020206.0,Graefekiez,4845.0,36.0
192863,11,8,,2019,3,18,5,3,5,3,2,1,1,0,0,0,0,1,"802381,5512","5824040,972","13,45384","52,48255",8010406.0,Treptower Straße Nord,5443.0,63.0
192864,11,4,,2019,3,16,2,3,6,4,0,0,1,1,0,0,0,0,"792827,8656","5824351,434","13,31384","52,49054",4051446.0,Preußenpark,3345.0,42.0
192865,11,4,,2019,3,16,2,3,2,6,1,0,1,0,0,0,0,1,"793993,6301","5824427,361","13,33103","52,49059",4051653.0,Prager Platz,3545.0,51.0
192866,11,2,,2019,3,16,2,3,5,3,0,1,1,0,0,0,0,0,"799611,2848","5824523,634","13,4136","52,4884",2020206.0,Graefekiez,4845.0,36.0
192867,11,6,,2019,3,15,2,3,2,6,0,0,1,0,0,0,0,0,"793619,4948","5820552,137","13,32212","52,45606",6010102.0,Schloßstraße,3435.0,54.0
192868,11,1,,2019,3,14,2,3,5,7,0,0,1,0,1,0,0,0,"793271,9817","5828544,641","13,32405","52,52789",1022101.0,Huttenkiez,3456.0,59.0
192869,11,5,,2019,3,14,3,3,2,6,0,0,1,0,0,0,0,0,"786448,556","5830945,616","13,22582","52,55305",5030730.0,Zitadellenweg,2064.0,55.0
192870,11,10,,2019,3,14,2,3,5,3,0,0,1,0,0,0,0,0,"807807,0029","5830769,237","13,53971","52,53982",10010310.0,Alt-Marzahn,6660.0,39.0
192871,11,6,,2019,3,12,2,3,3,6,0,1,1,0,0,0,0,1,"794242,6885","5817028,558","13,32816","52,42413",6020410.0,Oberhofer Platz,3526.0,59.0
192872,11,3,,2019,3,11,3,3,5,7,0,1,0,0,0,0,1,0,"799735,9922","5830870,747","13,42115","52,54523",3061332.0,Helmholtzplatz,4961.0,45.0
192873,11,7,,2019,3,13,2,3,5,2,0,0,1,0,0,0,1,1,"795808,6524","5816024,528","13,35024","52,41429",7060604.0,Marienfelde Süd,3823.0,52.0
192874,11,6,,2019,3,13,2,3,1,5,0,0,1,0,1,0,0,1,"792834,508","5816448,972","13,307","52,41969",6020408.0,Lichterfelde Süd,3225.0,57.0
192875,11,8,,2019,3,10,3,3,5,3,0,1,0,0,0,0,1,1,"800440,1271","5823728,065","13,42506","52,48082",8010211.0,Flughafenstraße,4943.0,45.0
192876,11,7,,2019,3,12,2,3,5,3,0,0,1,0,0,0,0,1,"797105,54","5823462,511","13,37586","52,48026",7040401.0,Neu-Tempelhof,4242.0,52.0
192877,11,4,,2019,3,12,2,3,5,3,0,0,1,0,0,0,0,1,"791479,6966","5828283,765","13,29748","52,52651",4030518.0,Tegeler Weg,3056.0,54.0
192878,11,1,,2019,3,11,2,3,1,5,0,0,1,0,1,0,0,0,"797571,4507","5831290,818","13,38971","52,55018",1033102.0,Gesundbrunnen,4463.0,27.0
192879,11,4,,2019,3,10,3,3,6,4,0,1,0,1,0,0,0,0,"794137,395","5824705,94","13,33338","52,49301",4051653.0,Prager Platz,3646.0,63.0
192880,11,4,,2019,3,9,2,3,2,6,0,0,1,0,0,0,0,1,"790214,796","5826660,659","13,27747","52,51264",4020313.0,Königin-Elisabeth-Straße,2752.0,59.0
192881,11,8,,2019,3,17,5,3,2,6,2,0,1,0,0,0,0,1,"802603,269","5823076,336","13,45622","52,47378",8010404.0,Rixdorf,5441.0,34.0
192882,11,4,,2019,3,6,2,3,3,6,0,0,1,0,0,0,0,1,"792999,8361","5826960,768","13,31866","52,51384",4030623.0,Ernst-Reuter-Platz,3352.0,26.0
192883,11,4,,2019,3,18,2,3,5,2,1,0,1,0,1,0,0,1,"792961,1267","5825687,952","13,31697","52,50245",4030930.0,George-Grosz-Platz,3349.0,12.0
192884,11,4,,2019,3,9,3,3,5,2,0,0,1,0,1,0,0,0,"794172,1556","5825317,13","13,33443","52,49847",4051448.0,Schaperstraße,3648.0,35.0
192885,11,1,,2019,3,19,2,3,5,3,2,1,1,0,0,0,0,1,"798020,6032","5826589,865","13,3921","52,50779",1011204.0,Leipziger Straße,4451.0,11.0
192886,11,9,,2019,3,19,2,3,5,3,2,1,1,0,0,0,0,1,"807874,7835","5818129,657","13,52903","52,4265",9020701.0,Adlershof West,6527.0,56.0
192887,11,2,,2019,3,8,3,2,6,2,0,0,0,1,0,1,0,0,"797945,1393","5825258,906","13,3898","52,49591",2020202.0,Rathaus Yorckstraße,4447.0,16.0
192888,11,2,,2019,3,20,2,2,5,3,2,1,1,0,0,0,0,1,"799561,8065","5824891,292","13,41321","52,49173",2020206.0,Graefekiez,4746.0,53.0
192889,11,1,,2019,3,22,2,2,5,2,2,0,1,0,0,0,0,1,"795665,74","5829739,276","13,3603","52,53731",1022202.0,Heidestraße,4059.0,30.0