OBJECTID,LAND,BEZ,LOR_ab_2021,UJAHR,UMONAT,USTUNDE,UWOCHENTAG,UKATEGORIE,UART,UTYP1,ULICHTVERH,IstRad,IstPKW,IstFuss,IstKrad,IstGkfz,IstSonstige,USTRZUSTAND,LINREFX,LINREFY,XGCSWGS84,YGCSWGS84,LOR,STRASSE,quadrant,quadrant_rank
193052,11,1,,2019,3,19,5,3,1,5,2,1,1,0,0,0,0,0,"798755,5721","5828242,701","13,40438","52,52221",1011303.0,Alexanderplatzviertel,4655.0,41.0
193053,11,12,,2019,3,19,7,3,0,3,2,0,1,0,1,0,0,0,"785491,5434","5837376,698","13,21728","52,61121",12224230.0,Heiligensee,1881.0,61.0
193054,11,10,,2019,3,10,4,3,5,3,0,1,1,0,0,0,0,0,"814754,3077","5829905,675","13,64099","52,52811",10040931.0,Mahlsdorf Nord,8156.0,65.0
193055,11,3,,2019,3,10,7,3,5,2,0,0,1,0,1,0,0,0,"800094,112","5835991,995","13,43105","52,59093",3020210.0,Herthaplatz,5075.0,61.0
193056,11,1,,2019,3,7,4,3,5,2,0,1,1,0,0,0,0,0,"797549,5433","5827085,636","13,38562","52,5125",1011203.0,Unter den Linden Süd,4352.0,37.0
193057,11,2,,2019,3,2,7,3,2,4,2,0,1,1,0,0,0,0,"801763,6067","5826246,909","13,44677","52,50266",2040703.0,Wriezener Bahnhof/Entwicklungsgebiet,5249.0,5.0
193058,11,2,,2019,3,9,7,2,8,1,0,0,1,0,0,0,0,0,"801627,8386","5826030,546","13,44458","52,5008",2030302.0,Lausitzer Platz,5248.0,21.0
193059,11,2,,2019,3,6,4,3,2,2,0,1,1,0,0,0,0,0,"801439,6575","5826057,2","13,44184","52,50114",2030302.0,Lausitzer Platz,5249.0,5.0
193060,11,2,,2019,3,2,7,2,0,1,2,1,0,0,0,0,0,0,"800047,4633","5825751,906","13,42112","52,49917",2030301.0,Oranienplatz,4948.0,23.0
193061,11,5,,2019,3,17,6,3,6,2,0,0,0,1,0,0,1,0,"786747,2058","5829294,453","13,22879","52,53809",5030730.0,Zitadellenweg,2059.0,42.0
193062,11,10,,2019,3,14,6,2,0,1,0,0,0,0,1,0,0,0,"813032,4675","5827883,611","13,61379","52,51098",10040932.0,Alt-Mahlsdorf,7751.0,59.0
193063,11,8,,2019,3,23,6,3,5,3,2,1,1,0,0,0,0,0,"801552,9109","5824351,517","13,44196","52,48579",8010301.0,Reuterkiez,5244.0,47.0
193064,11,1,,2019,3,22,4,2,5,3,2,0,1,0,0,0,1,1,"797865,717","5827613,017","13,39074","52,51705",1011202.0,Unter den Linden Nord,4453.0,15.0
193065,11,6,,2019,3,8,6,3,0,2,0,0,0,0,0,0,1,0,"792948,4029","5817754,421","13,30982","52,43133",6030610.0,Lichterfelde West,3228.0,32.0
193066,11,2,,2019,3,17,6,2,5,7,0,1,1,0,0,0,0,0,"798025,5823","5825342,518","13,39105","52,49661",2020204.0,Urbanstraße,4447.0,16.0
193067,11,12,,2019,3,0,6,3,0,7,2,0,1,0,1,0,0,1,"790538,3571","5837154,185","13,29141","52,60654",12231101.0,Hermsdorf,2979.0,64.0
193068,11,9,,2019,3,16,6,3,5,3,0,1,1,0,0,0,0,0,"807991,637","5816687,863","13,52942","52,41351",9030901.0,Dorf Altglienicke,6523.0,59.0
193069,11,10,,2019,3,16,4,3,2,2,0,0,1,0,0,0,1,0,"810859,4388","5826903,751","13,58096","52,50344",10040830.0,Kaulsdorf Süd,7249.0,63.0
193070,11,9,,2019,3,9,6,2,6,4,0,0,1,1,0,0,0,0,"810907,8648","5821515,285","13,57665","52,45513",9051901.0,Dammvorstadt,7235.0,47.0
193071,11,9,,2019,3,11,6,3,5,3,0,1,1,0,0,0,0,0,"807565,5992","5815410,053","13,522","52,4023",9030901.0,Dorf Altglienicke,6420.0,56.0
193072,11,1,,2019,3,8,6,3,1,5,0,1,1,0,0,0,1,0,"797810,1696","5827137,744","13,3895","52,51282",1011203.0,Unter den Linden Süd,4452.0,21.0
193073,11,6,,2019,3,15,4,3,2,2,0,1,1,0,0,0,0,0,"790151,3647","5819783,666","13,27056","52,45102",6040810.0,Dahlem,2634.0,40.0
193074,11,1,,2019,3,8,6,3,0,2,0,0,1,0,0,0,1,0,"796539,8546","5831962,343","13,37514","52,55676",1044201.0,Reinickendorfer Straße,4265.0,5.0
193075,11,7,,2019,3,14,4,3,5,3,0,0,1,0,0,0,0,0,"799156,8234","5821308,714","13,40405","52,45983",7040405.0,Rathaus Tempelhof,4636.0,53.0
193076,11,4,,2019,3,7,6,3,3,6,0,1,1,0,0,0,0,0,"791317,2076","5824951,68","13,29218","52,49673",4031032.0,Halensee,3047.0,56.0
193077,11,2,,2019,3,7,6,3,0,7,0,0,1,0,1,0,0,0,"803147,7296","5827439,316","13,46818","52,51258",2050801.0,Traveplatz,5652.0,13.0
193078,11,9,,2019,3,13,4,3,5,2,0,0,1,0,0,1,0,0,"804396,7358","5821745,863","13,48133","52,46086",9010301.0,Baumschulenstraße,5837.0,51.0
193079,11,6,,2019,3,14,6,2,3,6,0,0,1,0,1,0,0,0,"795786,126","5819907,344","13,35334","52,44911",6010205.0,Südende,3933.0,51.0
193080,11,2,,2019,3,15,6,2,1,5,0,0,1,0,0,0,1,0,"798430,9446","5826498,983","13,39804","52,50676",2010102.0,Mehringplatz,4550.0,26.0
193081,11,6,,2019,3,16,5,3,0,6,0,0,1,0,0,0,1,0,"793981,6447","5820427,284","13,32732","52,45474",6010207.0,Mittelstraße,3535.0,50.0
193082,11,1,,2019,3,18,6,2,5,2,1,0,0,0,1,0,1,0,"794159,8639","5828284,226","13,33687","52,52508",1022106.0,Elberfelder Straße,3656.0,44.0
193083,11,4,,2019,3,17,4,3,5,2,0,0,1,0,0,0,0,0,"791386,2485","5828590,34","13,29638","52,52931",4030518.0,Tegeler Weg,3057.0,55.0
193084,11,9,,2019,3,14,6,3,2,6,0,0,1,0,0,0,0,0,"809817,4574","5821919,777","13,56103","52,45937",9052001.0,Köpenick Nord,6936.0,65.0
193085,11,5,,2019,3,11,4,3,5,3,0,1,1,0,0,0,0,0,"788912,1202","5829321,946","13,26064","52,53719",5030833.0,Motardstraße,2559.0,56.0
193086,11,5,,2019,3,19,6,3,5,3,2,1,1,0,0,0,0,0,"785355,2009","5833384,233","13,21184","52,57548",5010101.0,Hakenfelde Nord,1870.0,61.0
193087,11,8,,2019,3,12,6,3,5,3,0,0,1,0,0,0,0,0,"800874,2131","5824919,304","13,43251","52,49125",8010301.0,Reuterkiez,5046.0,45.0
193088,11,12,,2019,3,19,6,2,5,3,2,0,1,0,0,0,0,0,"796287,3136","5833234,867","13,37256","52,5683",12103116.0,Hausotterplatz,4168.0,58.0
193089,11,1,,2019,3,21,4,3,5,3,2,1,1,0,0,0,0,1,"795334,9885","5826147,263","13,35225","52,50529",1011103.0,Lützowstraße,3850.0,33.0
193090,11,1,,2019,3,8,5,3,5,2,0,1,1,0,0,0,0,0,"795449,5697","5827682,869","13,3553","52,51899",1022206.0,Lüneburger Straße,3954.0,59.0
193091,11,8,,2019,3,22,4,3,5,3,2,0,1,0,0,0,0,1,"802002,6296","5823299,732","13,44761","52,47611",8010404.0,Rixdorf,5341.0,41.0
193092,11,12,,2019,3,23,5,3,5,2,2,0,1,0,0,0,0,0,"792900,675","5832166,526","13,32179","52,56056",12214424.0,Scharnweberstraße,3466.0,46.0
193093,11,1,,2019,3,21,5,3,2,6,2,0,1,0,0,0,0,0,"795205,8633","5825889,551","13,35012","52,50305",1011103.0,Lützowstraße,3849.0,22.0
193094,11,2,,2019,3,23,4,3,2,2,2,0,1,0,0,0,0,1,"799860,3321","5825690,245","13,41831","52,49872",2010104.0,Wassertorplatz,4848.0,3.0
193095,11,9,,2019,3,20,5,3,6,4,2,0,1,1,0,0,0,0,"814209,5263","5821910,835","13,62545","52,45678",9051702.0,Bölschestraße,7936.0,55.0
193096,11,1,,2019,3,19,5,3,0,7,2,1,0,0,0,0,1,0,"794615,7497","5828439,607","13,34371","52,52623",1022203.0,Lübecker Straße,3756.0,4.0
193097,11,6,,2019,3,11,6,3,1,5,0,1,1,0,0,0,0,0,"795326,828","5819328,259","13,34609","52,44416",6020302.0,Komponistenviertel Lankwitz,3832.0,65.0
193098,11,5,,2019,3,10,4,3,5,3,0,0,1,0,0,0,1,0,"781104,2648","5819158,907","13,13725","52,45014",5040938.0,Kafkastraße,634.0,63.0
193099,11,12,,2019,3,19,5,3,5,3,2,1,1,0,0,0,0,0,"792564,3013","5839437,383","13,32327","52,62592",12231101.0,Hermsdorf,3485.0,63.0
193100,11,4,,2019,3,16,5,3,0,3,0,1,1,0,0,0,0,0,"791864,8235","5827458,923","13,30242","52,51891",4030620.0,Alt-Lietzow,3154.0,20.0
193101,11,3,,2019,3,7,5,3,1,5,0,1,1,0,0,0,0,1,"799234,41","5831106,031","13,41399","52,54761",3061332.0,Helmholtzplatz,4862.0,43.0
193102,11,12,,2019,3,16,5,3,6,4,0,0,1,1,0,0,0,0,"792226,2061","5833342,338","13,31291","52,57146",12214422.0,Klixstraße,3369.0,58.0
193103,11,6,,2019,3,9,4,3,5,2,0,0,1,0,1,0,0,0,"788836,872","5819602,632","13,25111","52,45009",6040806.0,Fischtal,2334.0,57.0
193104,11,5,,2019,3,16,5,2,2,6,0,0,1,0,0,0,0,0,"786023,2587","5826043,251","13,21535","52,50932",5020629.0,Börnicker Straße,1851.0,61.0
193105,11,6,,2019,3,9,4,3,5,2,0,0,1,0,1,0,0,0,"795672,2911","5818238,429","13,35019","52,43421",6020303.0,Lankwitz Kirche,3829.0,50.0
193106,11,4,,2019,3,15,5,3,2,6,0,0,1,0,0,0,0,0,"793843,0561","5824905,764","13,32924","52,49496",4051448.0,Schaperstraße,3547.0,43.0
193107,11,1,,2019,3,15,5,3,2,2,0,1,1,0,0,0,0,0,"796462,016","5831926,719","13,37396","52,55648",1044201.0,Reinickendorfer Straße,4265.0,5.0
193108,11,1,,2019,3,21,4,3,2,6,2,0,1,0,1,0,0,1,"797709,9934","5828784,538","13,3895","52,52764",1011302.0,Oranienburger Straße,4456.0,28.0
193109,11,3,,2019,3,15,5,3,6,4,0,0,1,1,0,0,0,0,"798828,0772","5831718,691","13,40857","52,55333",3061126.0,Arnimplatz,4764.0,60.0
193110,11,5,,2019,3,15,5,3,5,3,0,0,1,0,0,0,0,0,"784730,906","5828597,857","13,19854","52,5329",5020625.0,Borkumer Straße,1658.0,8.0
193111,11,2,,2019,3,17,6,3,0,3,0,1,1,0,0,0,0,0,"802111,8073","5827355,078","13,45289","52,5124",2050802.0,Boxhagener Platz,5352.0,35.0
193112,11,3,,2019,3,8,4,3,0,1,0,1,0,0,0,0,0,0,"796849,83","5835817,989","13,38315","52,59115",3040512.0,Wilhelmsruh,4375.0,52.0
193113,11,4,,2019,3,15,5,3,3,6,0,1,0,0,0,0,1,0,"794365,1131","5826076,566","13,33794","52,50518",4030931.0,Breitscheidplatz,3650.0,32.0
193114,11,12,,2019,3,13,5,2,5,3,0,0,1,0,0,1,0,0,"789985,7716","5834781,572","13,2812","52,58556",12214527.0,Alt-Tegel,2873.0,63.0
193115,11,4,,2019,3,12,5,3,5,3,0,1,1,0,0,0,0,1,"793800,579","5823985,206","13,3278","52,48673",4051654.0,Wilhelmsaue,3544.0,57.0
193116,11,4,,2019,3,13,5,3,2,7,0,1,1,0,0,0,0,0,"793510,7364","5825408,356","13,3248","52,49965",4051448.0,Schaperstraße,3448.0,49.0
193117,11,7,,2019,3,12,6,3,2,6,0,0,1,0,0,0,0,0,"798943,9801","5819534,615","13,39934","52,44405",7050503.0,Eisenacher Straße,4532.0,63.0
193118,11,6,,2019,3,21,4,3,6,2,2,0,1,1,0,0,0,1,"794752,4149","5821232,981","13,33935","52,46155",6010209.0,Feuerbachstraße,3737.0,55.0
193119,11,7,,2019,3,13,5,3,2,6,0,0,1,0,1,0,0,0,"796074,1811","5815946,284","13,35406","52,41344",7060604.0,Marienfelde Süd,3923.0,60.0
193120,11,3,,2019,3,11,5,3,5,3,0,0,1,0,0,0,0,0,"798741,9117","5834923,985","13,41019","52,5821",3040614.0,Pankow Zentrum,4772.0,55.0
193121,11,8,,2019,3,9,5,3,6,4,0,0,0,1,1,0,0,0,"800984,7939","5824783,452","13,43401","52,48998",8010301.0,Reuterkiez,5145.0,46.0
193122,11,5,,2019,3,14,5,3,0,1,0,0,1,0,0,0,1,0,"787378,13","5829830,497","13,23853","52,54256",5030731.0,Gartenfelder Straße,2261.0,57.0
193123,11,5,,2019,3,8,4,3,5,2,0,0,1,0,0,0,0,0,"788032,5992","5829370,155","13,24775","52,53809",5030731.0,Gartenfelder Straße,2359.0,44.0
193124,11,9,,2019,3,14,5,3,0,3,0,0,1,0,1,0,0,0,"805816,133","5819649,282","13,50024","52,44128",9010401.0,Johannisthal West,6031.0,65.0
193125,11,9,,2019,3,18,4,3,3,6,2,0,1,0,1,0,0,0,"809647,1694","5821484,074","13,55812","52,45556",9051901.0,Dammvorstadt,6935.0,43.0
193126,11,5,,2019,3,14,5,3,5,3,0,1,0,0,0,0,1,0,"780311,7375","5827868,741","13,13295","52,52865",5020521.0,Döberitzer Weg,657.0,63.0
193127,11,4,,2019,3,13,5,3,1,5,0,1,0,0,0,0,1,0,"790871,5992","5827395,189","13,28777","52,51887",4030415.0,Schloßgarten,2954.0,41.0
193128,11,9,,2019,3,17,4,3,0,5,0,1,1,0,0,0,0,0,"811007,3658","5817935,386","13,57477","52,42299",9031101.0,Grünau,7226.0,60.0
193129,11,4,,2019,3,13,5,2,2,6,0,1,0,0,0,1,0,0,"790700,3246","5825995,321","13,28403","52,50641",4030724.0,Lietzensee,2850.0,46.0
193130,11,6,,2019,3,9,5,3,5,3,0,0,1,0,0,0,0,0,"791192,479","5816013,718","13,28255","52,41667",6030608.0,Schweizer Viertel,2824.0,63.0
193131,11,4,,2019,3,17,6,3,5,3,0,0,1,0,0,0,0,0,"790179,5454","5829491,523","13,27942","52,53804",4010101.0,Jungfernheide,2859.0,65.0
193132,11,11,,2019,3,6,4,3,2,6,0,1,1,0,0,0,0,0,"804666,6981","5825590,576","13,48881","52,49517",11051229.0,Rummelsburg,5947.0,65.0
193133,11,1,,2019,3,8,5,3,5,3,0,1,1,0,0,0,0,0,"798685,129","5827093,38","13,40231","52,51194",1011204.0,Leipziger Straße,4652.0,24.0
193134,11,7,,2019,3,14,5,3,5,3,0,0,1,0,1,0,0,0,"795419,204","5825754,49","13,35314","52,50172",7010102.0,Nollendorfplatz,3949.0,53.0
193135,11,2,,2019,3,8,5,3,2,6,0,0,1,0,0,0,0,0,"798993,6005","5826329,37","13,40616","52,50493",2010103.0,Moritzplatz,4650.0,45.0
193136,11,1,,2019,3,17,4,3,5,2,0,1,1,0,0,0,0,0,"796569,367","5826870,404","13,37103","52,5111",1011105.0,Nördlicher Landwehrkanal,4151.0,37.0
193137,11,7,,2019,3,7,5,3,5,3,0,1,1,0,0,0,0,0,"798341,6706","5820498,241","13,39136","52,45301",7050503.0,Eisenacher Straße,4435.0,61.0
193138,11,4,,2019,3,17,4,3,2,6,0,0,1,0,0,0,0,0,"792804,928","5823237,491","13,31252","52,48057",4051551.0,Brabanter Platz,3343.0,53.0
193139,11,10,,2019,3,7,5,2,5,3,0,0,1,0,1,0,0,0,"811982,494","5826843,854","13,59739","52,50227",10040933.0,Mahlsdorf Süd,7549.0,63.0
193140,11,3,,2019,3,7,5,3,5,2,0,1,1,0,0,0,0,0,"799208,8302","5831774,33","13,41422","52,55361",3061126.0,Arnimplatz,4864.0,14.0
193141,11,8,,2019,3,5,4,3,6,2,0,0,1,1,0,0,0,0,"800164,9277","5823775,588","13,42106","52,48139",8010116.0,Wissmannstraße,4943.0,45.0
193142,11,3,,2019,3,6,5,3,5,3,1,0,1,0,0,0,0,0,"799501,2353","5837472,646","13,42367","52,60453",3020307.0,Buchholz,4979.0,60.0
193143,11,1,,2019,3,4,4,3,6,2,2,0,1,1,0,0,0,0,"797828,5425","5827059,634","13,3897","52,51211",1011203.0,Unter den Linden Süd,4452.0,21.0
193144,11,1,,2019,3,6,5,3,0,1,0,1,0,0,0,0,0,0,"794571,7245","5828744,055","13,34334","52,52898",1022104.0,Emdener Straße,3757.0,51.0
193145,11,9,,2019,3,14,4,2,0,3,0,1,0,0,0,0,1,0,"811057,2588","5815827,283","13,57355","52,40407",9031001.0,Bohnsdorf,7120.0,63.0
193146,11,12,,2019,3,16,4,3,0,6,0,0,1,0,1,0,0,1,"792114,307","5832942,979","13,31091","52,56794",12214422.0,Klixstraße,3268.0,42.0
193147,11,1,,2019,3,21,4,3,0,6,2,0,1,0,1,0,0,0,"797218,5488","5827069,214","13,38074","52,51253",1011201.0,Wilhelmstraße,4352.0,37.0
193148,11,1,,2019,3,8,4,3,1,5,0,1,0,0,0,0,1,0,"796622,1417","5830363,486","13,37492","52,54238",1033203.0,Humboldthain Nordwest,4261.0,37.0
193149,11,6,,2019,3,14,6,3,2,6,0,0,1,0,0,0,0,0,"794288,6621","5819314,413","13,33085","52,4446",6020302.0,Komponistenviertel Lankwitz,3532.0,63.0
193150,11,12,,2019,3,21,4,3,5,3,2,0,1,0,0,0,0,0,"789669,7034","5833670,082","13,27558","52,57577",12214125.0,Waldidyll/Flughafensee,2770.0,62.0
193151,11,2,,2019,3,10,3,3,6,4,0,1,0,1,0,0,0,0,"801909,4191","5828907,083","13,45132","52,52643",2050601.0,Hausburgviertel,5356.0,13.0
193152,11,8,,2019,3,18,4,3,2,6,1,0,1,0,0,0,0,0,"800648,0247","5823047,451","13,4275","52,4746",8010117.0,Schillerpromenade,5041.0,31.0
193153,11,2,,2019,3,12,3,3,5,2,0,1,0,0,0,0,1,1,"802065,394","5827160,95","13,45203","52,51069",2050802.0,Boxhagener Platz,5351.0,36.0
193154,11,9,,2019,3,18,4,3,5,3,1,1,1,0,0,0,0,0,"816780,3239","5817295,627","13,65878","52,41395",9041601.0,Müggelheim,8423.0,59.0
193155,11,3,,2019,3,18,4,3,5,3,1,1,1,0,0,0,0,0,"799245,9774","5831804,282","13,41479","52,55386",3061126.0,Arnimplatz,4864.0,14.0
193156,11,5,,2019,3,7,3,3,5,2,0,1,1,0,0,0,0,0,"784561,6761","5828220,439","13,19573","52,5296",5020625.0,Borkumer Straße,1557.0,28.0
193157,11,10,,2019,3,17,4,3,2,1,1,0,1,0,0,0,0,0,"812704,6337","5825483,593","13,60672","52,48966",10040933.0,Mahlsdorf Süd,7645.0,61.0
193158,11,1,,2019,3,17,4,3,5,2,0,1,1,0,0,0,0,0,"794595,3551","5831872,834","13,34646","52,55701",1044102.0,Schillerpark,3865.0,47.0
193159,11,4,,2019,3,8,3,3,2,6,0,0,1,0,0,0,0,0,"790158,2239","5826636,388","13,27662","52,51245",4020311.0,Reichsstraße,2752.0,59.0
193160,11,11,,2019,3,16,4,3,2,2,0,0,1,0,0,0,0,0,"803917,0038","5827989,485","13,47999","52,51709",11030721.0,Rüdigerstraße,5753.0,54.0
193161,11,11,,2019,3,16,4,3,2,2,2,0,1,0,0,0,0,0,"806869,3619","5832664,563","13,52768","52,55733",11010205.0,Falkenberg West,6565.0,55.0
193162,11,8,,2019,3,16,5,2,2,6,0,0,1,0,0,0,0,1,"801490,0561","5817329,643","13,4347","52,42289",8020727.0,Buckow Mitte,5126.0,38.0
193163,11,2,,2019,3,16,4,3,3,6,0,1,0,0,0,1,0,0,"801713,7421","5826170,011","13,44597","52,502",2040703.0,Wriezener Bahnhof/Entwicklungsgebiet,5249.0,5.0
193164,11,1,,2019,3,9,4,3,5,2,0,1,1,0,0,0,0,0,"798651,8553","5828140,245","13,40276","52,52135",1011303.0,Alexanderplatzviertel,4654.0,10.0
193165,11,12,,2019,3,20,3,2,0,7,2,0,0,0,1,0,0,1,"793370,9363","5832511,043","13,32901","52,56339",12214424.0,Scharnweberstraße,3567.0,10.0
193166,11,12,,2019,3,22,4,2,5,2,2,0,1,0,0,0,0,0,"795501,7733","5833431,344","13,36118","52,57049",12103115.0,Breitkopfbecken,4069.0,34.0
193167,11,1,,2019,3,18,4,3,9,1,2,0,0,0,0,0,1,0,"796982,4088","5830155,08","13,38003","52,54032",1033202.0,Humboldthain Süd,4360.0,52.0
193168,11,1,,2019,3,10,5,3,0,7,0,1,0,0,0,0,0,1,"798694,4","5830098,308","13,40515","52,53887",1011402.0,Arkonaplatz,4660.0,51.0
193169,11,6,,2019,3,16,4,3,2,6,0,0,1,0,0,0,0,0,"794372,2551","5819070,692","13,33186","52,44237",6020302.0,Komponistenviertel Lankwitz,3531.0,58.0
193170,11,10,,2019,3,19,3,3,5,3,2,1,1,0,0,0,0,0,"808758,7083","5831399,875","13,55428","52,54493",10010207.0,Marzahner Promenade,6861.0,54.0
193171,11,1,,2019,3,16,4,3,5,3,0,0,1,0,0,0,0,0,"793775,5002","5831867,548","13,33439","52,55741",1044101.0,Rehberge,3665.0,54.0
193172,11,2,,2019,3,18,3,3,1,5,1,1,0,0,0,0,1,0,"798507,1582","5826513,011","13,39917","52,50684",2010102.0,Mehringplatz,4550.0,26.0
193173,11,2,,2019,3,15,4,3,1,5,0,1,1,0,0,0,0,0,"801300,3939","5826160,041","13,43989","52,50214",2030302.0,Lausitzer Platz,5149.0,46.0
193174,11,12,,2019,3,15,4,3,0,7,0,0,1,0,0,0,0,0,"786992,9715","5838296,368","13,24019","52,61866",12224230.0,Heiligensee,2283.0,58.0
193175,11,3,,2019,3,15,4,2,5,3,0,0,1,0,1,0,1,0,"800111,3335","5831695,241","13,42742","52,55241",3061227.0,Humannplatz,5064.0,24.0
193176,11,1,,2019,3,16,3,3,5,2,0,0,1,0,0,0,0,0,"793554,8319","5828921,377","13,32854","52,53112",1022102.0,Beusselkiez,3557.0,60.0
193177,11,2,,2019,3,12,4,3,3,6,0,1,0,0,0,0,0,0,"801919,6916","5829035,002","13,45159","52,52757",2050601.0,Hausburgviertel,5356.0,13.0
193178,11,12,,2019,3,12,4,3,6,4,0,1,0,1,0,0,0,0,"793238,6885","5832498,917","13,32706","52,56336",12214424.0,Scharnweberstraße,3567.0,10.0
193179,11,1,,2019,3,9,6,3,0,5,0,0,1,0,0,0,0,0,"798030,5709","5827091,658","13,39269","52,51229",1011203.0,Unter den Linden Süd,4452.0,21.0
193180,11,5,,2019,3,15,3,3,2,6,0,0,1,0,0,0,0,1,"789559,4733","5829282,656","13,27013","52,53649",5030832.0,Rohrdamm,2659.0,45.0
193181,11,12,,2019,3,11,4,3,2,6,0,0,1,0,0,0,0,0,"792060,0283","5832941,959","13,31011","52,56796",12214422.0,Klixstraße,3268.0,42.0
193182,11,12,,2019,3,6,4,3,5,3,0,1,1,0,0,0,0,0,"790103,5147","5839983,093","13,28749","52,63213",12231102.0,Frohnau,2987.0,52.0
193183,11,8,,2019,3,8,5,3,5,3,0,0,1,0,0,0,0,1,"801518,0238","5817348,931","13,43512","52,42304",8020727.0,Buckow Mitte,5126.0,38.0
193184,11,11,,2019,3,6,4,3,6,4,0,0,0,1,0,0,1,0,"805338,9265","5834597,975","13,50695","52,57552",11010207.0,Wartenberg Nord,6170.0,58.0
193185,11,10,,2019,3,15,3,3,6,4,0,0,0,1,0,0,1,1,"813194,5509","5831267,146","13,61936","52,54121",10020416.0,Böhlener Straße,7860.0,60.0
193186,11,4,,2019,3,6,4,3,6,2,0,0,0,1,0,0,1,0,"793354,8764","5823070,891","13,32045","52,47878",4051551.0,Brabanter Platz,3442.0,43.0
193187,11,8,,2019,3,18,3,3,0,6,0,0,1,0,0,0,1,0,"800616,9104","5824414,871","13,42827","52,48687",8010301.0,Reuterkiez,5044.0,14.0
193188,11,3,,2019,3,7,4,3,5,3,0,1,1,0,0,0,0,0,"804186,0689","5838961,078","13,494","52,61527",3030405.0,Karow Nord,6082.0,63.0
193189,11,10,,2019,3,7,4,3,5,3,0,0,1,0,0,0,1,0,"811319,9516","5831189,873","13,59173","52,54159",10020413.0,Gut Hellersdorf,7460.0,55.0
193190,11,10,,2019,3,17,3,2,5,3,0,0,1,0,0,0,0,1,"807840,074","5829077,276","13,53863","52,52463",10010309.0,Springpfuhl,6655.0,57.0
193191,11,10,,2019,3,7,4,3,0,7,0,0,1,0,0,0,1,0,"808579,1165","5830116,792","13,55045","52,53353",10010309.0,Springpfuhl,6858.0,59.0
193192,11,7,,2019,3,19,3,3,2,2,2,0,1,0,0,0,1,0,"797258,2891","5820960,583","13,37588","52,45775",7040403.0,Manteuffelstraße,4236.0,55.0
193193,11,3,,2019,3,8,4,3,2,7,0,0,1,0,0,0,0,0,"799972,4039","5831087,45","13,42483","52,54704",3061227.0,Humannplatz,4962.0,45.0
193194,11,1,,2019,3,8,4,2,5,2,0,1,0,0,0,1,0,0,"797472,9448","5826794,385","13,38423","52,50993",1011201.0,Wilhelmstraße,4351.0,43.0
193195,11,4,,2019,3,10,4,3,3,6,0,0,1,0,0,1,0,0,"791145,0297","5829114,831","13,29329","52,53414",4010103.0,Paul-Hertz-Siedlung,3058.0,38.0
193196,11,12,,2019,3,15,3,3,5,3,0,1,1,0,0,0,0,0,"791666,943","5835558,051","13,30663","52,59163",12301204.0,Wittenau Nord,3275.0,65.0
193197,11,4,,2019,3,11,4,2,5,3,0,1,1,0,0,0,0,0,"792284,5515","5825376,637","13,30676","52,50002",4030726.0,Droysenstraße,3248.0,24.0
193198,11,8,,2019,3,7,4,3,5,3,0,1,1,0,0,0,0,0,"804393,3872","5815998,004","13,47605","52,40934",8041036.0,Zittauer Straße,5722.0,63.0
193199,11,1,,2019,3,23,6,3,0,1,2,1,0,0,0,0,0,0,"796753,567","5830731,242","13,37718","52,54561",1033203.0,Humboldthain Nordwest,4262.0,53.0
193200,11,1,,2019,3,15,3,3,0,4,0,1,0,1,0,0,0,1,"797673,9225","5827911,272","13,38819","52,51983",1011202.0,Unter den Linden Nord,4454.0,36.0
193201,11,4,,2019,3,11,4,2,0,7,0,1,0,0,0,0,0,0,"791972,9208","5827382,286","13,30394","52,51817",4030620.0,Alt-Lietzow,3154.0,20.0
193202,11,1,,2019,3,19,4,1,6,4,1,0,1,1,0,0,1,0,"796569,7024","5829846,653","13,37369","52,53778",1033203.0,Humboldthain Nordwest,4259.0,40.0
193203,11,9,,2019,3,11,5,3,5,2,0,1,0,0,0,1,0,0,"808470,0813","5819062,358","13,53862","52,43453",9020701.0,Adlershof West,6629.0,41.0
193204,11,4,,2019,3,13,3,3,1,5,0,1,1,0,0,0,1,0,"792066,01","5825835,733","13,30395","52,50425",4030726.0,Droysenstraße,3149.0,47.0
193205,11,5,,2019,3,15,3,3,6,4,0,0,1,1,0,0,0,1,"784743,3609","5827446,28","13,19774","52,52257",5020626.0,Adamstraße,1555.0,55.0
193206,11,6,,2019,3,9,3,3,5,3,0,0,1,0,1,0,0,0,"794458,5651","5821330,194","13,33512","52,46258",6010209.0,Feuerbachstraße,3637.0,59.0
193207,11,6,,2019,3,15,3,2,1,5,0,0,1,0,1,0,0,1,"795271,8455","5818360,548","13,34443","52,43552",6020303.0,Lankwitz Kirche,3729.0,56.0
193208,11,8,,2019,3,8,3,2,5,3,0,0,1,0,0,0,0,0,"803651,0589","5821882,03","13,47051","52,46249",8010510.0,Gewerbegebiet Köllnische Heide,5637.0,57.0
193209,11,3,,2019,3,7,3,3,5,2,0,1,1,0,0,0,0,0,"801915,263","5836369,608","13,4582","52,59331",3030711.0,Blankenburg,5476.0,61.0
193210,11,8,,2019,3,15,3,3,5,3,0,1,1,0,0,0,0,1,"804053,4221","5821923,049","13,47646","52,46264",8010509.0,Schulenburgpark,5737.0,63.0
193211,11,6,,2019,3,18,3,2,1,5,1,1,1,0,0,0,0,0,"784508,0861","5816918,154","13,1853","52,42829",6040701.0,Wannsee,1427.0,63.0
193212,11,1,,2019,3,19,3,3,3,6,2,0,1,0,0,0,0,0,"796769,1493","5828812,499","13,37569","52,5284",1011301.0,Charitéviertel,4257.0,20.0