OBJECTID,LAND,BEZ,LOR_ab_2021,UJAHR,UMONAT,USTUNDE,UWOCHENTAG,UKATEGORIE,UART,UTYP1,ULICHTVERH,IstRad,IstPKW,IstFuss,IstKrad,IstGkfz,IstSonstige,USTRZUSTAND,LINREFX,LINREFY,XGCSWGS84,YGCSWGS84,LOR,STRASSE,quadrant,quadrant_rank
193213,11,3,,2019,3,16,6,3,2,6,0,0,1,0,1,0,0,0,"800337,5384","5831570,58","13,43063","52,55117",3061228.0,Erich-Weinert-Straße,5063.0,29.0
193214,11,8,,2019,3,15,3,3,6,4,0,0,1,1,0,0,0,1,"800511,8271","5823453,694","13,42586","52,47832",8010117.0,Schillerpromenade,4942.0,18.0
193215,11,8,,2019,3,15,3,3,6,4,0,0,1,1,0,0,0,1,"801434,7689","5820279,604","13,43655","52,44936",8020622.0,Parchimer Allee,5133.0,32.0
193216,11,5,,2019,3,19,3,3,5,3,2,0,1,0,0,0,0,0,"784584,9932","5831089,472","13,19853","52,55531",5010103.0,Amorbacher Weg,1664.0,56.0
193217,11,11,,2019,3,23,3,3,5,2,2,0,1,0,0,0,1,0,"802896,9356","5831227,324","13,46795","52,54667",11020513.0,Orankesee,5662.0,47.0
193218,11,7,,2019,3,16,6,3,0,2,0,0,1,0,1,0,0,0,"795206,5449","5825600,281","13,34988","52,50045",7010102.0,Nollendorfplatz,3848.0,36.0
193219,11,1,,2019,3,15,3,3,5,3,0,0,1,0,0,0,0,1,"795188,661","5827210,532","13,35104","52,5149",1011102.0,Großer Tiergarten,3853.0,44.0
193220,11,7,,2019,3,17,3,2,0,1,0,1,0,0,0,0,0,0,"798698,6943","5819666,822","13,39586","52,44537",7050503.0,Eisenacher Straße,4532.0,63.0
193221,11,8,,2019,3,20,5,3,1,5,2,1,1,0,0,0,0,1,"800713,5673","5824367,012","13,42965","52,48639",8010301.0,Reuterkiez,5044.0,14.0
193222,11,1,,2019,3,11,3,3,1,5,0,0,1,0,0,1,0,0,"794779,4101","5831849,454","13,34914","52,5567",1044102.0,Schillerpark,3865.0,47.0
193223,11,2,,2019,3,15,3,3,2,6,0,0,1,0,0,0,0,1,"800463,8662","5828447,579","13,42967","52,52311",2040502.0,Friedenstraße,5055.0,41.0
193224,11,4,,2019,3,11,3,2,0,5,0,0,1,0,1,0,0,0,"792720,6639","5825934,638","13,31365","52,50479",4030929.0,Hindemithplatz,3350.0,22.0
193225,11,12,,2019,3,15,3,3,5,3,0,0,1,0,0,0,0,1,"795733,6904","5837042,609","13,36781","52,60274",12302109.0,Treuenbrietzener Straße,4178.0,61.0
193226,11,7,,2019,3,11,3,2,3,6,0,0,0,0,1,0,1,0,"799204,4594","5820009,838","13,40358","52,44817",7050503.0,Eisenacher Straße,4633.0,58.0
193227,11,2,,2019,3,9,3,3,0,2,0,1,0,0,0,0,1,0,"798294,7225","5824811,482","13,39453","52,4917",2020204.0,Urbanstraße,4546.0,40.0
193228,11,1,,2019,3,15,3,3,3,6,0,1,0,0,0,0,1,1,"798973,2369","5828493,056","13,4078","52,52433",1011302.0,Oranienburger Straße,4755.0,4.0
193229,11,1,,2019,3,9,3,3,6,4,0,0,1,1,0,0,0,0,"793889,3927","5830065,901","13,33447","52,5412",1044101.0,Rehberge,3660.0,50.0
193230,11,5,,2019,3,7,3,3,6,2,0,0,0,1,0,1,0,0,"785933,5814","5827990,236","13,2157","52,52682",5020627.0,Tiefwerder,1856.0,55.0
193231,11,7,,2019,3,14,6,3,5,2,0,0,1,0,0,0,0,0,"794951,6046","5825651,056","13,34618","52,50105",7010102.0,Nollendorfplatz,3849.0,22.0
193232,11,6,,2019,3,7,3,3,1,5,0,1,1,0,0,0,0,1,"794485,3376","5821467,248","13,33563","52,46379",6010209.0,Feuerbachstraße,3638.0,58.0
193233,11,6,,2019,3,9,3,3,0,5,0,0,1,0,0,0,1,0,"793969,8681","5817489,275","13,32457","52,42841",6020409.0,Königsberger Straße,3427.0,58.0
193234,11,2,,2019,3,17,3,3,3,2,0,0,1,0,1,0,0,0,"803061,3159","5825880,527","13,4655","52,49866",2050803.0,Stralauer Kiez,5548.0,37.0
193235,11,1,,2019,3,19,3,3,6,4,2,1,0,1,0,0,0,0,"799103,004","5828954,842","13,41012","52,5284",1011303.0,Alexanderplatzviertel,4757.0,11.0
193236,11,2,,2019,3,17,3,2,6,4,1,0,1,1,0,0,0,0,"800357,4339","5826061,977","13,42595","52,50178",2030302.0,Lausitzer Platz,4949.0,42.0
193237,11,8,,2019,3,16,3,3,5,2,0,0,1,0,0,0,0,0,"800759,3071","5824342,291","13,4303","52,48615",8010301.0,Reuterkiez,5044.0,14.0
193238,11,5,,2019,3,15,3,3,0,4,0,0,0,1,0,0,1,0,"784763,7764","5827180,85","13,19781","52,52017",5020626.0,Adamstraße,1554.0,46.0
193239,11,7,,2019,3,13,3,3,1,7,0,1,0,0,0,0,1,0,"797631,6798","5823907,627","13,38399","52,48396",7040401.0,Neu-Tempelhof,4344.0,28.0
193240,11,3,,2019,3,14,3,3,5,2,0,1,0,0,0,0,0,0,"798041,6415","5834786,003","13,39976","52,58125",3020209.0,Niederschönhausen,4572.0,61.0
193241,11,5,,2019,3,13,3,3,6,4,0,0,1,1,0,0,0,0,"784578,5718","5830320,116","13,19778","52,54842",5010313.0,Ackerstraße,1562.0,57.0
193242,11,2,,2019,3,21,3,3,5,2,2,1,1,0,0,0,0,0,"803552,5218","5827193,532","13,47391","52,51016",2050801.0,Traveplatz,5751.0,57.0
193243,11,8,,2019,3,13,3,3,6,2,0,0,1,1,0,0,0,0,"801029,35","5823875,612","13,43384","52,48181",8010303.0,Donaustraße,5143.0,6.0
193244,11,4,,2019,3,23,3,3,3,6,2,0,1,0,0,0,1,1,"791288,723","5830682,824","13,29678","52,54812",4010101.0,Jungfernheide,3062.0,44.0
193245,11,1,,2019,3,15,3,3,2,6,0,0,1,0,0,0,0,1,"799171,8904","5828976,076","13,41115","52,52855",1011303.0,Alexanderplatzviertel,4757.0,11.0
193246,11,8,,2019,3,12,3,3,3,6,0,0,1,0,1,0,1,1,"800764,3403","5822750,985","13,42894","52,47188",8010118.0,Silbersteinstraße,5040.0,48.0
193247,11,10,,2019,3,15,2,3,2,6,0,0,1,0,0,0,0,1,"808519,6937","5832441,41","13,55174","52,5544",10010206.0,Ringkolonnaden,6864.0,63.0
193248,11,4,,2019,3,21,5,3,6,2,2,0,1,1,0,0,0,1,"790804,6093","5827384,504","13,28677","52,51881",4030415.0,Schloßgarten,2954.0,41.0
193249,11,1,,2019,3,15,2,3,1,5,0,1,1,0,0,0,0,1,"797176,8422","5829570,542","13,38236","52,53497",1011401.0,Invalidenstraße,4358.0,45.0
193250,11,2,,2019,3,6,3,3,5,2,0,1,1,0,0,0,0,0,"797744,2439","5826093,69","13,38759","52,5035",2010101.0,Askanischer Platz,4449.0,28.0
193251,11,8,,2019,3,14,2,3,2,6,0,0,1,0,0,0,0,1,"801493,5084","5819225,629","13,43646","52,43988",8020625.0,Handwerker-Siedlung,5131.0,45.0
193252,11,9,,2019,3,7,3,3,5,3,0,1,1,0,0,0,0,0,"808595,6418","5815755,434","13,53741","52,40482",9030903.0,Kölner Viertel,6620.0,64.0
193253,11,7,,2019,3,15,2,3,2,6,0,0,1,0,0,0,0,0,"797864,1275","5818822,81","13,38286","52,43826",7050502.0,Fritz-Werner-Straße,4330.0,47.0
193254,11,7,,2019,3,15,2,3,0,2,0,0,1,0,1,0,0,1,"796048,4184","5823345,958","13,36024","52,47979",7020204.0,Schöneberger Insel,4042.0,56.0
193255,11,2,,2019,3,15,2,3,5,2,0,1,1,0,0,0,0,0,"797502,641","5824015,216","13,38219","52,485",2020203.0,Viktoriapark,4344.0,28.0
193256,11,5,,2019,3,16,2,3,2,1,0,0,1,0,0,0,0,0,"787112,9255","5829378,47","13,23424","52,53865",5030731.0,Gartenfelder Straße,2160.0,45.0
193257,11,1,,2019,3,17,2,2,5,3,1,1,0,0,0,0,0,1,"797913,2258","5828331,135","13,39208","52,52346",1011302.0,Oranienburger Straße,4455.0,27.0
193258,11,8,,2019,3,13,6,3,2,2,0,1,1,0,0,0,0,0,"801716,173","5824254,348","13,44427","52,48483",8010301.0,Reuterkiez,5244.0,47.0
193259,11,1,,2019,3,8,3,3,5,3,0,0,1,0,1,0,0,0,"799169,881","5827795,653","13,41006","52,51797",1011303.0,Alexanderplatzviertel,4753.0,44.0
193260,11,1,,2019,3,18,2,3,5,7,1,0,1,0,0,0,0,1,"794839,5041","5828303,352","13,34688","52,52488",1022204.0,Thomasiusstraße,3856.0,49.0
193261,11,7,,2019,3,18,2,3,6,2,1,0,1,1,0,0,0,1,"795229,5159","5822263,592","13,34726","52,47053",7030303.0,Grazer Platz,3840.0,51.0
193262,11,3,,2019,3,8,3,3,5,3,0,1,1,0,0,0,0,0,"800420,4385","5832299,261","13,43251","52,55765",3050923.0,Weißenseer Spitze,5065.0,44.0
193263,11,2,,2019,3,18,2,3,6,4,1,0,0,1,1,0,0,1,"800447,8684","5825898,905","13,42713","52,50027",2030302.0,Lausitzer Platz,5048.0,24.0
193264,11,11,,2019,3,18,2,3,5,3,1,1,0,0,0,0,1,1,"803619,017","5826582,501","13,47433","52,50464",11040925.0,Victoriastadt,5750.0,59.0
193265,11,12,,2019,3,9,3,3,1,5,0,1,1,0,0,0,0,0,"786169,7596","5834304,579","13,22462","52,58331",12224229.0,Konradshöhe/Tegelort,1973.0,65.0
193266,11,5,,2019,3,18,2,2,6,4,1,0,1,1,0,0,0,1,"784776,0394","5830375,875","13,20073","52,54882",5010310.0,Eckschanze,1663.0,55.0
193267,11,7,,2019,3,20,2,3,5,2,2,1,1,0,0,0,0,1,"796566,3081","5815869,989","13,36121","52,41249",7060604.0,Marienfelde Süd,4023.0,43.0
193268,11,6,,2019,3,12,5,2,1,5,0,0,1,0,0,0,1,1,"789706,856","5818413,4","13,26284","52,43897",6040807.0,Zehlendorf Eiche,2530.0,60.0
193269,11,2,,2019,3,20,2,3,5,7,2,0,1,0,0,0,0,1,"800155,1275","5825054,002","13,42207","52,49286",2020206.0,Graefekiez,4946.0,51.0
193270,11,2,,2019,3,9,3,3,5,3,0,1,1,0,0,0,0,0,"801895,8754","5825670,013","13,44819","52,49742",2030402.0,Wrangelkiez,5347.0,57.0
193271,11,9,,2019,3,20,2,3,6,4,2,0,1,1,0,0,0,1,"811395,6628","5821164,189","13,58347","52,4517",9051901.0,Dammvorstadt,7334.0,59.0
193272,11,9,,2019,3,14,3,3,5,2,0,1,1,0,0,0,0,0,"809516,3314","5818774,6","13,55369","52,43136",9020702.0,Adlershof Ost,6828.0,55.0
193273,11,1,,2019,3,22,2,3,5,2,2,1,1,0,0,0,0,1,"797161,6073","5831879,126","13,38421","52,55568",1033102.0,Gesundbrunnen,4365.0,7.0
193274,11,6,,2019,3,9,2,3,0,6,0,1,1,0,0,0,0,0,"791996,3412","5821478,858","13,29911","52,46523",6040810.0,Dahlem,3138.0,63.0
193275,11,6,,2019,3,14,3,3,5,2,0,1,1,0,0,0,0,1,"790598,4663","5815205,987","13,27314","52,40974",6030504.0,Teltower Damm,2722.0,60.0
193276,11,3,,2019,3,15,2,3,5,3,0,0,1,0,0,0,0,1,"803343,8236","5842648,203","13,48498","52,64879",3010101.0,Bucher Forst,5892.0,63.0
193277,11,12,,2019,3,15,2,3,0,1,0,0,0,0,1,0,0,1,"793734,7127","5836145,283","13,33758","52,59578",12302107.0,Schorfheidestraße,3676.0,38.0
193278,11,5,,2019,3,22,6,2,6,2,2,0,1,1,0,0,0,0,"784548,2518","5828157,089","13,19548","52,52904",5020626.0,Adamstraße,1557.0,28.0
193279,11,2,,2019,3,9,3,3,2,6,0,0,1,0,0,0,0,1,"800206,2487","5827467,181","13,42499","52,51446",2040701.0,Andreasviertel,4952.0,44.0
193280,11,8,,2019,3,14,2,3,0,3,0,1,1,0,0,0,0,1,"801804,2647","5821957,6","13,44348","52,46419",8010214.0,Glasower Straße,5238.0,46.0
193281,11,4,,2019,3,14,5,2,6,4,0,0,1,1,0,0,0,1,"791568,8464","5828014,577","13,29856","52,52405",4030518.0,Tegeler Weg,3055.0,62.0
193282,11,8,,2019,3,14,2,3,2,6,0,0,1,0,0,0,0,1,"805551,7745","5818558,138","13,49536","52,43164",8041037.0,Alt-Rudow,6028.0,49.0
193283,11,11,,2019,3,10,3,3,5,3,0,0,1,0,0,0,0,0,"804678,321","5828701,204","13,49182","52,52304",11030720.0,Herzbergstraße,5955.0,65.0
193284,11,1,,2019,3,13,2,3,6,2,0,0,0,1,0,0,1,0,"799985,7015","5826927,415","13,42127","52,50974",1011306.0,Heine-Viertel Ost,4951.0,32.0
193285,11,7,,2019,3,10,3,3,6,7,0,0,1,1,0,0,0,0,"794915,0567","5825407,358","13,34542","52,49888",7010101.0,Wittenbergplatz/Viktoria-Luise-Platz,3748.0,42.0
193286,11,10,,2019,3,12,2,3,2,6,0,0,1,0,0,0,0,0,"809635,8784","5829710,297","13,5656","52,52929",10030724.0,Oberfeldstraße,7057.0,55.0
193287,11,8,,2019,3,9,5,2,1,5,0,0,1,0,1,0,0,1,"801495,8468","5820441,985","13,43759","52,45078",8020622.0,Parchimer Allee,5134.0,50.0
193288,11,4,,2019,3,12,2,3,6,2,0,0,1,1,0,0,0,0,"793503,2255","5826470,505","13,32562","52,50917",4030623.0,Ernst-Reuter-Platz,3451.0,50.0
193289,11,2,,2019,3,14,3,3,2,2,0,0,1,0,0,0,0,1,"799079,4598","5824615,105","13,40588","52,48951",2020206.0,Graefekiez,4645.0,45.0
193290,11,3,,2019,3,11,2,3,5,2,0,0,1,0,0,0,0,0,"800122,7423","5833866,284","13,42955","52,57186",3030715.0,Heinersdorf,5069.0,51.0
193291,11,9,,2019,3,10,3,3,6,4,0,0,1,1,0,0,0,0,"811342,3639","5822448,626","13,58389","52,46324",9052001.0,Köpenick Nord,7337.0,65.0
193292,11,10,,2019,3,11,2,3,5,3,0,1,1,0,0,0,0,0,"813439,4104","5828065,705","13,61994","52,51238",10040932.0,Alt-Mahlsdorf,7852.0,65.0
193293,11,2,,2019,3,7,2,3,3,6,0,0,1,0,0,1,0,0,"797881,9313","5825062,514","13,38869","52,49418",2020202.0,Rathaus Yorckstraße,4447.0,16.0
193294,11,1,,2019,3,10,3,2,2,7,0,0,1,0,0,0,0,0,"794303,1318","5828483,01","13,33916","52,52678",1022104.0,Emdener Straße,3656.0,44.0
193295,11,7,,2019,3,7,2,2,6,4,0,0,1,1,0,0,0,0,"800886,1873","5814178,714","13,42301","52,39498",7070704.0,Nahariyastraße,4918.0,59.0
193296,11,11,,2019,3,8,2,3,1,5,0,1,1,0,0,0,0,0,"806610,9331","5825145,705","13,51695","52,49009",11051330.0,Karlshorst West,6345.0,61.0
193297,11,2,,2019,3,13,6,2,5,3,0,1,1,0,0,0,0,0,"801874,7765","5825713,125","13,44792","52,49782",2030402.0,Wrangelkiez,5348.0,58.0
193298,11,1,,2019,3,14,3,3,6,4,0,0,1,1,0,0,0,1,"796352,9474","5826134,047","13,36719","52,50462",1011104.0,Körnerstraße,4150.0,19.0
193299,11,6,,2019,3,9,2,2,5,3,0,0,1,0,0,0,1,0,"788362,9946","5817767,573","13,24257","52,43389",6030503.0,Zehlendorf Mitte,2229.0,61.0
193300,11,3,,2019,3,15,5,3,6,4,0,0,1,1,0,0,0,1,"799084,6752","5832199,511","13,41278","52,55749",3061126.0,Arnimplatz,4765.0,61.0
193301,11,6,,2019,3,10,2,3,0,1,0,1,0,0,0,0,0,0,"794859,5309","5817943,433","13,33801","52,432",6020304.0,Kaiser-Wilhelm-Straße,3628.0,54.0
193302,11,12,,2019,3,13,3,3,1,5,0,0,1,0,0,0,0,1,"791342,6392","5833160,638","13,29975","52,57031",12214125.0,Waldidyll/Flughafensee,3169.0,61.0
193303,11,2,,2019,3,8,2,3,0,1,0,0,0,0,0,0,1,1,"799067,5283","5824625,215","13,40571","52,48961",2020206.0,Graefekiez,4645.0,45.0
193304,11,12,,2019,3,10,3,3,2,6,0,0,1,0,0,0,0,1,"794846,623","5833748,013","13,35182","52,57369",12103218.0,Teichstraße,3870.0,38.0
193305,11,2,,2019,3,19,1,3,5,7,2,0,1,0,0,0,0,0,"800724,89","5827968,454","13,43307","52,51867",2040502.0,Friedenstraße,5054.0,36.0
193306,11,8,,2019,3,19,1,3,2,6,2,0,1,0,0,0,0,1,"801137,7538","5824126,159","13,43566","52,484",8010301.0,Reuterkiez,5144.0,42.0
193307,11,9,,2019,3,12,3,3,0,4,0,0,1,1,0,0,0,0,"805792,0064","5820334,51","13,50051","52,44743",9010401.0,Johannisthal West,6033.0,62.0
193308,11,6,,2019,3,18,1,3,5,3,2,0,1,0,0,0,0,1,"794642,0769","5821087,913","13,3376","52,46031",6010209.0,Feuerbachstraße,3637.0,59.0
193309,11,12,,2019,3,15,1,2,5,3,0,0,1,0,1,0,0,0,"796281,5022","5833224,058","13,37246","52,56821",12103116.0,Hausotterplatz,4168.0,58.0
193310,11,12,,2019,3,11,1,3,2,6,0,0,1,0,0,0,0,0,"792116,6905","5833097,534","13,31108","52,56933",12214422.0,Klixstraße,3269.0,62.0
193311,11,12,,2019,3,13,3,3,5,3,0,0,1,0,0,0,0,1,"791440,5252","5834734,935","13,30257","52,58437",12304313.0,Borsigwalde,3173.0,65.0
193312,11,11,,2019,3,10,1,3,1,1,0,0,1,0,0,0,1,0,"805232,9283","5826380,06","13,49784","52,50193",11040926.0,Weitlingstraße,6049.0,61.0
193313,11,1,,2019,3,11,1,3,2,6,0,0,1,0,0,0,0,0,"798857,927","5829030,984","13,40659","52,52922",1011302.0,Oranienburger Straße,4757.0,11.0
193314,11,4,,2019,3,14,6,3,0,4,0,1,0,1,0,0,0,0,"789071,798","5827015,865","13,26099","52,51643",4020312.0,Branitzer Platz,2553.0,40.0
193315,11,2,,2019,3,12,1,3,5,3,0,0,1,0,0,0,0,0,"799602,155","5825833,764","13,41465","52,50015",2010103.0,Moritzplatz,4848.0,3.0
193316,11,1,,2019,3,13,3,3,0,7,0,0,0,0,1,0,0,1,"795880,6404","5830598,592","13,36423","52,54489",1033203.0,Humboldthain Nordwest,4061.0,48.0
193317,11,5,,2019,3,14,1,3,5,2,0,0,1,0,0,0,0,1,"782364,715","5830494,274","13,16536","52,55113",5010206.0,Gütersloher Weg,1163.0,42.0
193318,11,1,,2019,3,14,1,3,5,7,0,0,1,0,0,0,0,1,"795108,5656","5830354,026","13,35266","52,54312",1044202.0,Sparrplatz,3861.0,37.0
193319,11,3,,2019,3,17,1,3,9,1,1,0,1,0,0,0,0,1,"797279,8919","5835397,354","13,3891","52,58715",3020209.0,Niederschönhausen,4474.0,64.0
193320,11,4,,2019,3,12,3,3,2,6,0,0,1,0,0,0,0,1,"792937,4194","5825532,386","13,31649","52,50107",4030930.0,George-Grosz-Platz,3349.0,12.0
193321,11,9,,2019,3,19,1,3,2,6,2,0,1,0,0,0,0,1,"810755,659","5821230,344","13,57415","52,45266",9051901.0,Dammvorstadt,7134.0,43.0
193322,11,11,,2019,3,12,2,3,0,3,0,0,0,0,0,0,1,0,"804786,1684","5826286,232","13,4912","52,50134",11040926.0,Weitlingstraße,5949.0,55.0
193323,11,10,,2019,3,20,1,2,5,2,2,1,1,0,0,0,0,1,"809635,794","5830391,691","13,56624","52,5354",10010310.0,Alt-Marzahn,7059.0,65.0
193324,11,1,,2019,3,21,1,3,2,6,2,0,1,0,0,0,0,1,"797615,3557","5828329,399","13,3877","52,52361",1011301.0,Charitéviertel,4455.0,27.0
193325,11,12,,2019,3,7,2,2,6,4,0,0,1,1,0,0,0,1,"793557,9123","5835435,04","13,33435","52,58951",12301203.0,Wittenau Süd,3674.0,59.0
193326,11,3,,2019,3,10,1,3,1,5,0,0,1,0,0,0,0,0,"799949,3521","5831431,666","13,4248","52,55014",3061227.0,Humannplatz,4963.0,59.0
193327,11,3,,2019,3,9,1,3,5,3,0,0,1,0,0,0,1,0,"799842,9095","5831532,503","13,42332","52,5511",3061227.0,Humannplatz,4963.0,59.0
193328,11,1,,2019,3,21,5,3,5,3,2,0,1,0,0,0,0,1,"798862,1052","5826770,913","13,40462","52,50896",1011204.0,Leipziger Straße,4651.0,31.0
193329,11,11,,2019,3,8,1,3,5,3,0,0,1,0,1,0,0,0,"804682,6026","5830739,678","13,49376","52,54131",11020514.0,Große-Leege-Straße,5960.0,57.0
193330,11,5,,2019,3,6,2,3,5,3,0,0,1,0,0,1,0,1,"782460,0271","5828519,059","13,16509","52,53337",5020417.0,Staakener Straße,1158.0,56.0
193331,11,11,,2019,3,17,7,3,5,3,2,0,1,0,1,0,0,1,"805041,3408","5830416,583","13,49873","52,53821",11020515.0,Landsberger Allee,6059.0,59.0
193332,11,2,,2019,3,4,2,2,0,1,2,1,0,0,0,0,0,0,"803108,3288","5827107,481","13,4673","52,50963",2050801.0,Traveplatz,5651.0,53.0
193333,11,1,,2019,3,18,7,2,1,5,2,1,1,0,0,0,0,1,"797610,5583","5828361,173","13,38766","52,5239",1011301.0,Charitéviertel,4455.0,27.0
193334,11,7,,2019,3,12,7,2,1,5,0,1,1,0,0,0,0,1,"798656,4172","5813639,883","13,38986","52,39137",7070705.0,Franziusweg/Rohrbachstraße,4416.0,63.0
193335,11,11,,2019,3,16,5,3,2,6,0,0,1,0,0,0,0,1,"805905,2116","5825953,036","13,50733","52,49772",11041128.0,Sewanstraße,6148.0,63.0
193336,11,7,,2019,3,13,7,3,1,5,0,0,1,0,0,0,0,1,"794563,4851","5824262,954","13,33925","52,48881",7020201.0,Bayerischer Platz,3745.0,36.0
193337,11,6,,2019,3,0,2,2,5,7,2,0,1,0,0,0,0,0,"794339,5453","5820571,87","13,3327","52,45584",6010208.0,Bergstraße,3635.0,65.0
193338,11,7,,2019,3,14,7,3,2,6,0,0,1,0,0,0,0,1,"795897,0686","5824963,269","13,35945","52,49437",7010102.0,Nollendorfplatz,4047.0,22.0
193339,11,2,,2019,3,16,2,3,2,6,0,1,0,0,0,0,0,0,"801646,5713","5826073,509","13,44489","52,50117",2030302.0,Lausitzer Platz,5249.0,5.0
193340,11,1,,2019,3,15,7,3,2,6,0,0,1,0,0,0,0,1,"798883,3482","5827365,878","13,40547","52,51428",1011204.0,Leipziger Straße,4652.0,24.0
193341,11,7,,2019,3,18,7,3,2,6,1,0,1,0,0,0,0,1,"798336,1916","5823980,052","13,3944","52,48423",2020205.0,Chamissokiez,4544.0,57.0
193342,11,6,,2019,3,17,2,3,6,4,0,0,1,1,0,0,0,0,"790173,1358","5818917,086","13,27012","52,44324",6040807.0,Zehlendorf Eiche,2632.0,59.0
193343,11,8,,2019,3,18,7,3,6,4,1,0,1,1,0,0,0,1,"802571,4662","5823064,479","13,45574","52,47369",8010404.0,Rixdorf,5441.0,34.0
193344,11,6,,2019,3,18,7,3,6,2,1,0,1,1,0,0,0,1,"795909,969","5818720,015","13,35411","52,4384",6020303.0,Lankwitz Kirche,3930.0,60.0
193345,11,4,,2019,3,9,6,3,1,5,0,1,1,0,0,0,0,0,"794384,5795","5825699,322","13,33789","52,50179",4030931.0,Breitscheidplatz,3649.0,23.0
193346,11,9,,2019,3,9,2,3,5,3,0,0,1,0,0,0,1,1,"808172,3789","5815763,921","13,53122","52,40513",9030902.0,Wohngebiet II,6521.0,64.0
193347,11,7,,2019,3,18,7,3,6,2,1,0,1,1,0,0,0,1,"794979,1224","5825230,728","13,34621","52,49726",7010102.0,Nollendorfplatz,3847.0,40.0
193348,11,1,,2019,3,18,7,3,0,3,1,0,1,0,0,0,1,1,"796945,022","5826780,999","13,37647","52,51009",1011201.0,Wilhelmstraße,4251.0,2.0
193349,11,11,,2019,3,7,5,3,6,4,0,0,1,1,0,0,0,1,"805207,726","5828190,635","13,49913","52,51817",11030721.0,Rüdigerstraße,6054.0,60.0
193350,11,7,,2019,3,19,7,3,6,4,1,0,1,1,0,0,0,1,"796345,8317","5822963,64","13,36427","52,4762",7020204.0,Schöneberger Insel,4041.0,37.0
193351,11,7,,2019,3,11,2,3,5,2,0,0,1,0,0,0,0,0,"797601,4622","5815557,194","13,3761","52,40913",7060604.0,Marienfelde Süd,4222.0,53.0
193352,11,10,,2019,3,19,7,3,6,2,2,0,1,1,0,0,0,1,"809783,5604","5834072,849","13,57184","52,5683",10010102.0,Havemannstraße,7168.0,60.0
193353,11,1,,2019,3,11,2,3,2,6,0,0,1,0,0,0,0,1,"796527,1046","5828671,573","13,37201","52,52727",1022206.0,Lüneburger Straße,4156.0,34.0
193354,11,1,,2019,3,20,7,3,2,6,2,0,1,0,0,0,0,1,"794885,5195","5831065,063","13,35001","52,54961",1044103.0,Westliche Müllerstraße,3863.0,41.0
193355,11,11,,2019,3,20,7,3,5,2,2,0,1,0,0,0,0,1,"805964,6703","5833685,583","13,51532","52,56699",11010205.0,Falkenberg West,6368.0,50.0
193356,11,11,,2019,3,12,2,3,0,6,0,0,1,0,1,0,0,1,"803399,7437","5830004,106","13,47423","52,53543",11020515.0,Landsberger Allee,5759.0,55.0
193357,11,1,,2019,3,20,7,2,1,5,2,0,1,0,0,1,0,1,"797272,8649","5833186,517","13,38701","52,56733",1033101.0,Soldiner Straße,4468.0,63.0
193358,11,7,,2019,3,21,7,3,6,7,2,1,0,1,0,0,0,1,"798703,7066","5823950,383","13,39976","52,48376",7040401.0,Neu-Tempelhof,4543.0,65.0
193359,11,4,,2019,3,17,6,3,2,6,2,0,1,0,0,0,0,0,"792715,6143","5825785,787","13,31345","52,50346",4030929.0,Hindemithplatz,3349.0,12.0
193360,11,1,,2019,3,21,7,3,6,4,2,0,1,1,0,0,0,1,"797738,8871","5829704,41","13,39075","52,53587",1033202.0,Humboldthain Süd,4459.0,28.0
193361,11,4,,2019,3,10,7,3,5,2,0,0,1,0,0,0,0,0,"792526,692","5822912,069","13,30815","52,4778",4041342.0,Schlangenbader Straße,3242.0,39.0
193362,11,1,,2019,3,12,2,3,1,5,0,1,1,0,0,0,0,0,"797598,454","5828437,201","13,38755","52,52458",1011301.0,Charitéviertel,4455.0,27.0
193363,11,11,,2019,3,10,7,2,6,4,0,0,1,1,0,0,0,0,"803810,6689","5826178,406","13,47677","52,50091",11051229.0,Rummelsburg,5749.0,42.0
193364,11,7,,2019,3,6,7,2,1,1,1,0,1,0,0,0,1,0,"796097,2418","5823928,615","13,36147","52,48499",7020204.0,Schöneberger Insel,4044.0,52.0
193365,11,8,,2019,3,18,6,3,5,3,0,0,1,0,0,0,0,0,"801114,9198","5821902,753","13,43332","52,46408",8010118.0,Silbersteinstraße,5038.0,31.0
193366,11,1,,2019,3,13,2,3,1,5,0,0,1,0,0,0,0,1,"796478,8546","5830108,06","13,37258","52,54017",1033203.0,Humboldthain Nordwest,4160.0,4.0
193367,11,3,,2019,3,17,6,3,6,4,1,0,1,1,0,0,0,1,"799525,3578","5833155,082","13,42012","52,56582",3040818.0,Pankow Süd,4967.0,51.0
193368,11,1,,2019,3,9,6,3,1,5,0,1,1,0,0,0,0,1,"800065,2522","5826647,181","13,42218","52,50719",1011306.0,Heine-Viertel Ost,4950.0,49.0
193369,11,2,,2019,3,10,5,3,5,2,0,1,1,0,0,0,0,1,"800718,0131","5827873,272","13,43288","52,51782",2040701.0,Andreasviertel,5053.0,45.0
193370,11,11,,2019,3,21,6,2,0,7,2,1,0,0,0,0,0,1,"803342,1793","5830064,206","13,47343","52,536",11020515.0,Landsberger Allee,5659.0,55.0
193371,11,5,,2019,3,15,2,3,6,2,0,0,1,1,0,0,0,0,"785242,9911","5832253,088","13,20921","52,5654",5010101.0,Hakenfelde Nord,1767.0,61.0
193372,11,7,,2019,3,18,6,3,5,2,1,1,1,0,0,0,0,1,"794985,5787","5822319,453","13,34373","52,47116",7030303.0,Grazer Platz,3740.0,64.0
193373,11,9,,2019,3,15,2,3,2,6,0,0,1,0,0,0,0,1,"809728,9225","5820798,599","13,55869","52,44937",9020801.0,Spindlersfeld,6933.0,57.0