OBJECTID,LAND,BEZ,LOR_ab_2021,UJAHR,UMONAT,USTUNDE,UWOCHENTAG,UKATEGORIE,UART,UTYP1,ULICHTVERH,IstRad,IstPKW,IstFuss,IstKrad,IstGkfz,IstSonstige,USTRZUSTAND,LINREFX,LINREFY,XGCSWGS84,YGCSWGS84,LOR,STRASSE,quadrant,quadrant_rank
193374,11,4,,2019,3,23,6,3,2,6,2,0,1,0,0,0,0,0,"791299,1141","5826072,998","13,29289","52,50679",4030725.0,Amtsgerichtsplatz,3050.0,39.0
193375,11,1,,2019,3,20,6,2,6,2,2,0,1,1,0,0,0,1,"797912,9562","5827374,924","13,39122","52,51489",1011203.0,Unter den Linden Süd,4453.0,15.0
193376,11,8,,2019,3,16,2,3,0,6,0,0,1,0,1,0,0,1,"802702,0267","5818355,836","13,45339","52,43142",8030829.0,Gropiusstadt Nord,5328.0,63.0
193377,11,2,,2019,3,21,6,3,5,3,2,1,1,0,0,0,0,0,"800404,8964","5825792,815","13,4264","52,49934",2030302.0,Lausitzer Platz,4948.0,23.0
193378,11,11,,2019,3,18,6,3,5,7,1,0,1,0,0,0,1,1,"807364,2702","5825164,526","13,52802","52,48984",11051331.0,Karlshorst Nord,6545.0,62.0
193379,11,7,,2019,3,16,6,3,0,3,0,1,0,0,0,0,1,0,"799980,3808","5813236,745","13,4089","52,38703",7070703.0,John-Locke-Straße,4715.0,55.0
193380,11,11,,2019,3,16,2,3,2,6,0,0,1,0,0,0,0,0,"805020,5262","5831474,584","13,4994","52,5477",11020412.0,Hauptstraße,6062.0,52.0
193381,11,3,,2019,3,16,6,3,2,6,1,0,1,0,1,0,0,1,"800735,7457","5831799,798","13,43669","52,553",3050923.0,Weißenseer Spitze,5164.0,53.0
193382,11,8,,2019,3,15,6,3,5,3,0,1,1,0,0,0,0,1,"801743,5588","5824293,78","13,44471","52,48517",8010302.0,Bouchéstraße,5244.0,47.0
193383,11,12,,2019,3,17,2,3,6,7,0,0,1,1,0,0,0,0,"786407,7139","5837735,591","13,23109","52,61394",12224230.0,Heiligensee,2082.0,65.0
193384,11,12,,2019,3,15,6,3,2,6,0,0,1,0,0,0,0,1,"792461,9549","5833301,191","13,31634","52,57097",12214423.0,Mellerbogen,3369.0,58.0
193385,11,2,,2019,3,15,6,3,1,5,0,1,1,0,0,0,0,1,"799662,7346","5825809,464","13,41552","52,4999",2010103.0,Moritzplatz,4848.0,3.0
193386,11,7,,2019,3,20,5,3,2,6,2,0,1,0,0,0,0,1,"796273,9481","5824924,293","13,36495","52,49382",7010104.0,Dennewitzplatz,4046.0,41.0
193387,11,1,,2019,3,16,6,3,0,1,0,0,0,0,1,0,0,1,"797314,0443","5829013,434","13,38388","52,5299",1011301.0,Charitéviertel,4357.0,21.0
193388,11,2,,2019,3,17,2,2,5,2,0,1,1,0,0,0,0,0,"798706,946","5824706,785","13,40049","52,49054",2020204.0,Urbanstraße,4645.0,45.0
193389,11,4,,2019,3,1,6,2,9,1,2,0,1,0,0,0,0,1,"790223,3292","5828157,307","13,2789","52,52605",4020310.0,Park Ruhwald,2856.0,54.0
193390,11,3,,2019,3,16,2,3,2,6,0,0,1,0,0,0,0,0,"802542,1969","5829336,977","13,46101","52,52993",3061430.0,Volkspark Prenzlauer Berg,5557.0,49.0
193391,11,1,,2019,3,1,6,2,5,2,2,1,1,0,0,0,0,1,"799235,8031","5828467,756","13,41164","52,52396",1011303.0,Alexanderplatzviertel,4755.0,4.0
193392,11,9,,2019,3,6,6,2,5,3,1,1,1,0,0,0,0,1,"809466,6848","5819054,922","13,55323","52,4339",9020702.0,Adlershof Ost,6829.0,60.0
193393,11,12,,2019,3,13,2,2,0,4,0,0,0,1,0,0,1,1,"790066,563","5835340,156","13,28288","52,59053",12214527.0,Alt-Tegel,2875.0,57.0
193394,11,3,,2019,3,9,6,3,0,1,0,0,0,0,1,0,0,1,"805196,5748","5841110,637","13,51086","52,63397",3010102.0,Buch,6287.0,65.0
193395,11,4,,2019,3,9,6,3,5,2,0,1,1,0,0,0,0,0,"792918,575","5826769,19","13,3173","52,51217",4030623.0,Ernst-Reuter-Platz,3352.0,26.0
193396,11,4,,2019,3,14,6,3,3,6,0,0,1,0,0,0,1,0,"793664,889","5826369,838","13,32791","52,50818",4030623.0,Ernst-Reuter-Platz,3551.0,40.0
193397,11,1,,2019,3,15,6,2,0,1,0,0,0,0,1,0,0,1,"799622,7204","5827581,517","13,41652","52,51581",1011303.0,Alexanderplatzviertel,4853.0,18.0
193398,11,5,,2019,3,11,2,3,5,2,0,0,1,0,0,0,0,1,"783993,5385","5826853,358","13,18621","52,51764",5020628.0,Graetschelsteig,1453.0,50.0
193399,11,11,,2019,3,14,6,3,5,2,0,1,1,0,0,0,0,0,"805724,6992","5831360,256","13,50964","52,54629",11020412.0,Hauptstraße,6262.0,56.0
193400,11,2,,2019,4,15,5,3,6,4,0,0,1,1,0,0,0,0,"799863,5622","5825853,946","13,41851","52,50019",2030301.0,Oranienplatz,4848.0,3.0
193401,11,4,,2019,4,20,4,3,2,6,2,0,1,0,0,0,0,0,"793185,2145","5830141,776","13,32419","52,54226",4010102.0,Plötzensee,3461.0,59.0
193402,11,8,,2019,4,7,5,3,5,3,0,0,1,0,1,0,0,0,"803752,474","5822184,216","13,47228","52,46515",8010509.0,Schulenburgpark,5638.0,53.0
193403,11,6,,2019,4,18,4,3,2,7,0,0,1,0,0,0,0,0,"789989,5948","5817262,075","13,26599","52,4285",6030504.0,Teltower Damm,2627.0,61.0
193404,11,2,,2019,4,0,7,3,2,2,2,1,1,0,0,0,0,0,"803329,2148","5826743,578","13,47022","52,50625",2050801.0,Traveplatz,5650.0,43.0
193405,11,6,,2019,4,17,4,3,2,6,0,0,1,0,0,0,0,0,"793413,6161","5817718,102","13,31661","52,43076",6020409.0,Königsberger Straße,3328.0,59.0
193406,11,8,,2019,4,17,4,3,5,3,0,0,1,0,1,0,0,0,"802369,6522","5823221,455","13,45293","52,47521",8010404.0,Rixdorf,5341.0,41.0
193407,11,1,,2019,4,8,6,2,5,2,0,0,1,0,1,0,0,0,"798079,604","5829993,131","13,39601","52,53827",1033201.0,Brunnenstraße,4559.0,31.0
193408,11,10,,2019,4,16,4,3,2,7,0,1,1,0,0,0,0,0,"809704,9283","5826049,81","13,56321","52,49645",10030727.0,Biesdorf Süd,7047.0,62.0
193409,11,2,,2019,4,15,5,3,2,6,0,0,1,0,0,0,0,0,"800698,2016","5828469,571","13,43313","52,52317",2040502.0,Friedenstraße,5055.0,41.0
193410,11,11,,2019,4,12,1,3,6,4,0,0,1,1,0,0,0,0,"804104,8014","5827321,149","13,48214","52,51099",11030824.0,Frankfurter Allee Süd,5851.0,63.0
193411,11,2,,2019,4,16,4,3,6,4,0,0,1,1,0,0,0,0,"802301,7411","5827816,566","13,4561","52,51643",2050602.0,Samariterviertel,5453.0,1.0
193412,11,4,,2019,4,13,7,3,5,2,0,0,1,0,0,0,0,0,"792326,2752","5828246,852","13,30989","52,52573",4030519.0,Kaiserin-Augusta-Allee,3256.0,49.0
193413,11,1,,2019,4,15,4,3,6,2,0,1,0,1,0,0,0,0,"797150,028","5831400,811","13,38361","52,55139",1033102.0,Gesundbrunnen,4363.0,22.0
193414,11,8,,2019,4,15,4,3,5,3,0,0,1,0,0,0,1,0,"805795,7042","5816197,599","13,49678","52,41035",8041038.0,Waßmannsdorfer Chaussee,6022.0,62.0
193415,11,4,,2019,4,2,6,2,1,5,2,1,1,0,0,0,0,0,"793670,3461","5825858,154","13,32754","52,50359",4030931.0,Breitscheidplatz,3549.0,24.0
193416,11,3,,2019,4,14,4,2,5,3,0,1,0,0,0,0,0,0,"799798,4518","5831176,502","13,42235","52,54793",3061227.0,Humannplatz,4962.0,45.0
193417,11,9,,2019,4,15,7,2,2,2,0,0,1,0,1,0,0,0,"817477,3764","5816709,176","13,66844","52,40829",9041601.0,Müggelheim,8521.0,65.0
193418,11,9,,2019,4,14,4,2,0,5,0,1,0,0,0,0,1,0,"810980,3395","5819984,217","13,57628","52,44137",9041501.0,Altstadt Kietz,7231.0,63.0
193419,11,12,,2019,4,16,4,2,5,2,0,0,1,0,0,0,0,0,"794839,7292","5833068,212","13,35111","52,5676",12103218.0,Teichstraße,3868.0,48.0
193420,11,2,,2019,4,19,6,2,0,2,1,0,0,1,1,0,0,0,"801767,78","5826253,667","13,44684","52,50272",2040703.0,Wriezener Bahnhof/Entwicklungsgebiet,5249.0,5.0
193421,11,9,,2019,4,12,4,3,5,7,0,0,1,0,0,0,1,0,"809404,5691","5821504,534","13,55458","52,45588",9020502.0,Oberschöneweide Ost,6935.0,43.0
193422,11,9,,2019,4,14,5,3,0,1,0,1,0,0,0,0,0,0,"806621,6109","5820450,557","13,51279","52,44801",9010402.0,Johannisthal Ost,6233.0,61.0
193423,11,8,,2019,4,12,4,3,0,7,0,1,0,0,0,0,1,1,"802487,2081","5822551,781","13,45404","52,46914",8010510.0,Gewerbegebiet Köllnische Heide,5439.0,56.0
193424,11,11,,2019,4,14,1,3,2,2,0,0,1,0,0,0,0,0,"806305,1362","5833901,131","13,52052","52,56873",11010205.0,Falkenberg West,6368.0,50.0
193425,11,4,,2019,4,12,4,3,5,2,0,1,1,0,0,0,0,0,"792895,5909","5826797,735","13,31698","52,51243",4030623.0,Ernst-Reuter-Platz,3352.0,26.0
193426,11,4,,2019,4,10,4,2,5,2,0,1,1,0,0,0,0,0,"789617,3298","5823355,274","13,26582","52,48332",4041136.0,Hagenplatz,2643.0,59.0
193427,11,8,,2019,4,15,7,3,5,3,0,0,0,0,0,0,1,0,"801231,7274","5822468,048","13,43554","52,46909",8010213.0,Körnerpark,5139.0,41.0
193428,11,1,,2019,4,9,4,2,1,5,0,1,1,0,0,0,1,0,"799057,4228","5827190,194","13,40787","52,51261",1011305.0,Heine-Viertel West,4752.0,45.0
193429,11,1,,2019,4,8,4,3,1,5,0,1,1,0,0,0,1,0,"798331,188","5828924,511","13,39875","52,52855",1011302.0,Oranienburger Straße,4557.0,40.0
193430,11,1,,2019,4,1,5,3,2,6,2,1,0,0,0,0,1,0,"795549,4703","5829244,956","13,35815","52,53294",1022201.0,Stephankiez,3958.0,60.0
193431,11,8,,2019,4,7,4,3,6,2,0,0,0,1,0,0,1,0,"801146,1549","5823779,681","13,43547","52,48089",8010303.0,Donaustraße,5143.0,6.0
193432,11,4,,2019,4,10,5,3,5,2,0,1,1,0,0,0,0,0,"792977,2669","5826182,288","13,31764","52,50687",4030828.0,Savignyplatz,3350.0,22.0
193433,11,3,,2019,4,7,4,3,1,5,0,0,1,0,1,0,0,0,"799377,923","5831077,09","13,41608","52,54727",3061332.0,Helmholtzplatz,4862.0,43.0
193434,11,1,,2019,4,7,4,3,5,3,0,1,1,0,0,0,0,0,"795343,4296","5830390,818","13,35614","52,54332",1044202.0,Sparrplatz,3961.0,48.0
193435,11,8,,2019,4,17,5,3,0,4,0,1,0,1,0,0,0,0,"800785,5182","5824392,97","13,43073","52,48659",8010301.0,Reuterkiez,5044.0,14.0
193436,11,9,,2019,4,7,4,3,0,1,0,1,0,0,0,0,0,0,"808330,2849","5819200,762","13,5367","52,43584",9020701.0,Adlershof West,6629.0,41.0
193437,11,12,,2019,4,16,1,3,5,2,0,0,1,0,0,0,0,0,"792354,1331","5834072,136","13,31543","52,57794",12304313.0,Borsigwalde,3371.0,40.0
193438,11,3,,2019,4,7,4,3,6,6,0,1,0,1,0,0,0,0,"798915,9664","5830386,162","13,40866","52,54133",3061131.0,Falkplatz,4760.0,20.0
193439,11,3,,2019,4,5,4,3,2,6,2,0,1,0,0,0,0,0,"796987,3057","5835832,827","13,38518","52,59121",3040512.0,Wilhelmsruh,4375.0,52.0
193440,11,1,,2019,4,17,6,3,6,4,0,0,1,1,0,0,0,0,"795939,2649","5828328,295","13,36307","52,52451",1022206.0,Lüneburger Straße,4055.0,49.0
193441,11,7,,2019,4,1,4,3,5,3,2,0,1,0,0,0,0,0,"797897,8565","5818354,261","13,38294","52,43404",7050502.0,Fritz-Werner-Straße,4329.0,59.0
193442,11,11,,2019,4,16,3,3,6,7,0,0,1,1,0,0,0,0,"805431,545","5827935,793","13,50219","52,51576",11030721.0,Rüdigerstraße,6153.0,63.0
193443,11,5,,2019,4,11,5,3,0,7,0,0,1,0,0,0,1,0,"783945,3015","5828947,354","13,18729","52,53644",5010314.0,Carl-Schurz-Straße,1459.0,57.0
193444,11,1,,2019,4,14,3,3,0,5,0,1,1,0,0,0,0,0,"793737,9481","5832005,137","13,33396","52,55866",1044101.0,Rehberge,3665.0,54.0
193445,11,2,,2019,4,9,5,2,3,6,0,0,1,0,1,0,0,0,"800534,5364","5828474,65","13,43073","52,52331",2040502.0,Friedenstraße,5055.0,41.0
193446,11,8,,2019,4,16,3,3,2,6,0,0,1,0,0,0,0,0,"800668,1426","5824292,276","13,42891","52,48575",8010303.0,Donaustraße,5044.0,14.0
193447,11,1,,2019,4,19,7,3,5,2,0,0,1,0,0,0,1,0,"794536,6214","5831570,43","13,34533","52,55433",1044101.0,Rehberge,3764.0,45.0
193448,11,8,,2019,4,7,3,3,6,7,0,1,0,1,0,0,0,0,"801106,2886","5822184,106","13,43344","52,46661",8010214.0,Glasower Straße,5138.0,54.0
193449,11,10,,2019,4,16,3,3,5,3,0,1,1,0,0,0,0,0,"809644,2053","5828927,397","13,565","52,52227",10030725.0,Buckower Ring,7055.0,62.0
193450,11,4,,2019,4,9,6,3,5,3,0,1,0,0,0,0,0,0,"794140,0088","5824322,366","13,33308","52,48957",4051653.0,Prager Platz,3645.0,59.0
193451,11,4,,2019,4,15,7,3,7,7,0,0,0,0,1,0,0,0,"789539,1073","5830525,48","13,27091","52,54765",4010101.0,Jungfernheide,2662.0,61.0
193452,11,4,,2019,4,16,3,3,5,3,0,0,1,0,0,0,0,0,"793379,1756","5821960,22","13,31983","52,46881",4041344.0,Rüdesheimer Platz,3439.0,54.0
193453,11,12,,2019,4,16,3,3,2,2,0,0,1,0,0,0,1,0,"792464,8551","5837326,894","13,31993","52,60705",12301205.0,Waidmannslust,3480.0,38.0
193454,11,4,,2019,4,14,6,3,5,2,0,0,1,0,1,0,0,0,"791388,4928","5828585,036","13,2964","52,52926",4030518.0,Tegeler Weg,3057.0,55.0
193455,11,6,,2019,4,16,3,3,6,4,0,0,1,1,0,0,0,0,"791878,5162","5818982,031","13,2952","52,44291",6030610.0,Lichterfelde West,3032.0,48.0
193456,11,6,,2019,4,15,5,3,2,6,0,0,1,0,0,0,0,0,"795100,2279","5819675,569","13,34307","52,4474",6010205.0,Südende,3733.0,55.0
193457,11,8,,2019,4,16,3,3,1,1,0,0,1,0,0,0,0,0,"801768,7801","5823786,264","13,44462","52,48061",8010405.0,Hertzbergplatz,5243.0,34.0
193458,11,1,,2019,4,16,2,3,2,6,0,0,1,0,0,0,0,0,"796678,2998","5831653,58","13,3769","52,55392",1044201.0,Reinickendorfer Straße,4264.0,38.0
193459,11,8,,2019,4,17,5,3,5,3,0,1,1,0,0,0,0,0,"804117,8197","5817627,958","13,47349","52,42411",8030831.0,Gropiusstadt Ost,5626.0,63.0
193460,11,1,,2019,4,18,3,3,2,6,0,0,1,0,0,0,0,0,"799519,2538","5828857,611","13,41615","52,5273",3071537.0,Kollwitzplatz,4856.0,19.0
193461,11,3,,2019,4,16,7,3,0,3,0,1,1,0,0,0,0,0,"798124,485","5835605,449","13,40172","52,58855",3020209.0,Niederschönhausen,4674.0,48.0
193462,11,12,,2019,4,16,3,3,5,2,0,0,1,0,0,0,1,0,"792902,1472","5832166,951","13,32181","52,56056",12214424.0,Scharnweberstraße,3466.0,46.0
193463,11,6,,2019,4,18,3,3,0,6,0,1,0,0,0,0,1,0,"792189,1758","5818718,978","13,29953","52,44039",6030610.0,Lichterfelde West,3131.0,59.0
193464,11,8,,2019,4,7,6,3,4,5,0,1,1,0,0,0,0,0,"801976,4173","5822892,549","13,44686","52,47248",8010404.0,Rixdorf,5340.0,54.0
193465,11,2,,2019,4,18,3,3,5,2,0,0,1,0,1,0,0,0,"798334,1937","5825557,154","13,39578","52,49837",2010102.0,Mehringplatz,4548.0,24.0
193466,11,1,,2019,4,15,5,2,3,6,0,1,0,0,0,0,0,0,"799737,7325","5827692,193","13,41831","52,51673",1011304.0,Karl-Marx-Allee,4853.0,18.0
193467,11,2,,2019,4,18,3,3,5,2,0,1,1,0,0,0,0,0,"797843,44","5824926,336","13,38801","52,49298",2020203.0,Viktoriapark,4446.0,12.0
193468,11,5,,2019,4,11,1,3,1,5,0,1,1,0,0,0,0,0,"782005,8276","5828367,369","13,15828","52,53225",5020419.0,Magistratsweg,1058.0,58.0
193469,11,4,,2019,4,17,3,2,6,7,0,0,1,1,0,0,0,0,"791662,0347","5827613,02","13,29957","52,5204",4030415.0,Schloßgarten,3154.0,20.0
193470,11,1,,2019,4,16,5,3,2,2,0,1,1,0,0,0,0,0,"797143,959","5826449,027","13,37909","52,50701",1011201.0,Wilhelmstraße,4250.0,52.0
193471,11,11,,2019,4,11,3,2,2,6,0,0,1,0,1,0,0,0,"804617,6802","5829927,184","13,49206","52,53406",11030720.0,Herzbergstraße,5958.0,60.0
193472,11,4,,2019,4,15,1,3,1,5,0,1,1,0,0,0,0,0,"792105,056","5825991,547","13,30466","52,50563",4030827.0,Karl-August-Platz,3150.0,36.0
193473,11,1,,2019,4,17,3,2,5,2,0,0,1,0,1,0,0,0,"799186,4977","5828678,081","13,4111","52,52587",1011303.0,Alexanderplatzviertel,4756.0,48.0
193474,11,10,,2019,4,8,3,3,3,6,0,0,1,0,0,1,0,0,"807786,1483","5830791,461","13,53942","52,54003",10010310.0,Alt-Marzahn,6660.0,39.0
193475,11,10,,2019,4,9,7,3,2,2,0,0,1,0,1,0,0,0,"806580,621","5828344,093","13,51945","52,51877",10010308.0,Marzahner Chaussee,6354.0,63.0
193476,11,8,,2019,4,23,3,2,5,2,2,0,0,0,1,0,1,0,"801544,3045","5820646,99","13,43848","52,45259",8020619.0,Buschkrugallee Nord,5134.0,50.0
193477,11,1,,2019,4,22,3,3,1,5,2,0,1,0,0,0,0,0,"798422,0738","5828768,836","13,39995","52,52711",1011302.0,Oranienburger Straße,4656.0,41.0
193478,11,8,,2019,4,20,6,2,5,3,2,1,1,0,0,0,0,0,"801730,7488","5817139,199","13,43805","52,42105",8020727.0,Buckow Mitte,5125.0,65.0
193479,11,7,,2019,4,21,3,3,6,4,2,0,1,1,0,0,0,0,"794762,1287","5825692,966","13,34343","52,50152",7010101.0,Wittenbergplatz/Viktoria-Luise-Platz,3749.0,17.0
193480,11,7,,2019,4,18,5,3,6,4,0,1,0,1,0,0,0,0,"793903,5752","5822951,543","13,3284","52,47741",7030301.0,Friedenau,3542.0,38.0
193481,11,7,,2019,4,21,3,3,5,2,2,0,1,0,0,0,1,0,"800891,1616","5814179,572","13,42308","52,39498",7070704.0,Nahariyastraße,4918.0,59.0
193482,11,1,,2019,4,22,1,3,5,3,2,0,1,0,0,0,0,0,"792739,1497","5828287,577","13,316","52,52587",1022101.0,Huttenkiez,3356.0,56.0
193483,11,2,,2019,4,13,3,3,5,2,0,0,0,0,0,0,1,0,"799064,611","5825613,45","13,40656","52,49847",2010104.0,Wassertorplatz,4748.0,28.0
193484,11,1,,2019,4,12,3,3,2,6,0,0,1,0,0,0,0,0,"797335,7412","5831216,626","13,38617","52,54964",1033102.0,Gesundbrunnen,4363.0,22.0
193485,11,12,,2019,4,13,6,3,2,6,0,0,1,0,0,0,0,0,"793179,3439","5832282,316","13,32599","52,56145",12214424.0,Scharnweberstraße,3566.0,39.0
193486,11,3,,2019,4,12,3,3,2,6,0,0,1,0,0,0,0,0,"799387,9352","5831788,462","13,41686","52,55364",3061227.0,Humannplatz,4864.0,14.0
193487,11,2,,2019,4,12,3,3,0,2,0,0,0,0,0,0,1,0,"800476,8876","5825763,251","13,42743","52,49904",2030401.0,Reichenberger Straße,5048.0,24.0
193488,11,9,,2019,4,14,3,3,4,6,0,0,1,0,0,0,0,0,"809606,9805","5822254,985","13,55825","52,46249",9052001.0,Köpenick Nord,6937.0,65.0
193489,11,8,,2019,4,13,7,3,2,6,0,0,1,0,0,0,0,0,"803743,8605","5818003,903","13,46835","52,42768",8030831.0,Gropiusstadt Ost,5627.0,51.0
193490,11,1,,2019,4,11,3,3,2,6,0,0,1,0,0,0,0,0,"794798,3165","5830933,256","13,34861","52,54848",1044103.0,Westliche Müllerstraße,3862.0,51.0
193491,11,9,,2019,4,15,3,3,2,6,0,0,1,0,0,1,0,0,"806281,4444","5820971,522","13,50828","52,45287",9010401.0,Johannisthal West,6234.0,51.0
193492,11,1,,2019,4,17,6,3,2,6,1,0,1,0,0,0,0,0,"797647,9212","5828135,129","13,388","52,52185",1011301.0,Charitéviertel,4455.0,27.0
193493,11,5,,2019,4,11,3,3,1,1,0,0,1,0,1,0,0,0,"784149,9174","5828026,068","13,18951","52,52807",5020625.0,Borkumer Straße,1456.0,61.0
193494,11,5,,2019,4,16,5,3,5,3,0,0,1,0,0,0,0,0,"784006,3018","5829049,2","13,18827","52,53732",5010314.0,Carl-Schurz-Straße,1459.0,57.0
193495,11,12,,2019,4,15,3,3,5,3,0,1,0,0,1,0,0,0,"791930,4078","5833389,26","13,30859","52,57204",12214422.0,Klixstraße,3269.0,62.0
193496,11,5,,2019,4,19,1,3,5,3,0,0,1,0,0,0,1,0,"784495,6925","5828871,961","13,19532","52,53548",5010314.0,Carl-Schurz-Straße,1559.0,52.0
193497,11,1,,2019,4,11,3,3,3,6,0,0,1,0,1,0,1,0,"797882,1463","5828529,245","13,3918","52,52525",1011302.0,Oranienburger Straße,4456.0,28.0
193498,11,2,,2019,4,15,3,2,3,6,0,1,1,0,0,0,0,0,"801745,9908","5826253,908","13,44652","52,50274",2040703.0,Wriezener Bahnhof/Entwicklungsgebiet,5249.0,5.0
193499,11,1,,2019,4,15,6,3,5,2,0,1,1,0,0,0,0,0,"798081,0077","5830001,847","13,39604","52,53835",1033201.0,Brunnenstraße,4559.0,31.0
193500,11,4,,2019,4,16,3,2,5,2,0,0,1,0,1,0,0,0,"791469,5071","5828283,532","13,29733","52,52652",4030518.0,Tegeler Weg,3056.0,54.0
193501,11,4,,2019,4,10,3,2,6,7,0,0,0,1,0,0,1,0,"791769,6853","5827104,258","13,30071","52,51578",4030417.0,Schloßstraße,3153.0,49.0
193502,11,5,,2019,4,11,5,3,5,7,0,0,1,0,0,0,0,0,"786557,7718","5830558,698","13,22709","52,54952",5030730.0,Zitadellenweg,2063.0,62.0
193503,11,1,,2019,4,10,3,2,5,2,0,0,1,0,1,0,0,0,"795534,6992","5830743,844","13,35927","52,54638",1044202.0,Sparrplatz,3962.0,49.0
193504,11,1,,2019,4,11,3,3,1,5,0,1,0,0,0,0,1,0,"796482,1622","5828645,599","13,37133","52,52706",1022206.0,Lüneburger Straße,4156.0,34.0
193505,11,11,,2019,4,8,5,3,5,2,0,1,1,0,0,0,0,0,"807202,831","5823906,186","13,52449","52,47865",11051332.0,Karlshorst Süd,6442.0,53.0
193506,11,2,,2019,4,10,3,3,0,4,0,1,1,0,0,0,1,0,"803331,0701","5827421,354","13,47086","52,51232",2050801.0,Traveplatz,5652.0,13.0
193507,11,6,,2019,4,10,5,3,3,6,0,0,1,0,1,0,0,0,"793684,159","5820596,387","13,32311","52,45642",6010102.0,Schloßstraße,3436.0,49.0
193508,11,1,,2019,4,9,3,3,1,5,0,1,0,0,0,0,1,0,"800030,3172","5826464,125","13,42151","52,50557",1011306.0,Heine-Viertel Ost,4950.0,49.0
193509,11,3,,2019,4,20,7,3,2,7,2,1,1,0,0,0,0,0,"801698,1731","5829409,153","13,44868","52,53104",3061435.0,Conrad-Blenkle-Straße,5357.0,55.0
193510,11,1,,2019,4,1,3,3,1,5,2,1,1,0,0,0,0,0,"798200,4742","5828743,789","13,39667","52,527",1011302.0,Oranienburger Straße,4556.0,46.0
193511,11,5,,2019,4,5,3,3,5,3,2,0,1,0,0,0,0,0,"784632,72","5828423,984","13,19695","52,53139",5020625.0,Borkumer Straße,1557.0,28.0
193512,11,9,,2019,4,12,6,3,5,7,0,0,1,0,0,0,1,0,"811352,1644","5819987,768","13,58174","52,44119",9041501.0,Altstadt Kietz,7331.0,39.0
193513,11,9,,2019,4,7,3,3,5,3,0,0,1,0,1,0,0,0,"806252,8127","5822194,216","13,50898","52,46384",9020501.0,Oberschöneweide West,6238.0,43.0
193514,11,5,,2019,4,14,5,3,6,3,0,0,1,1,0,0,0,0,"788802,9017","5830206,501","13,25981","52,54518",5030832.0,Rohrdamm,2561.0,65.0
193515,11,11,,2019,4,7,3,3,2,1,0,0,1,0,0,0,0,0,"805755,7017","5827182,064","13,50626","52,50882",11040926.0,Weitlingstraße,6151.0,48.0
193516,11,12,,2019,4,17,1,3,2,6,0,0,1,0,0,0,0,0,"792067,9483","5832942,159","13,31022","52,56796",12214422.0,Klixstraße,3268.0,42.0
193517,11,5,,2019,4,5,5,3,2,6,2,0,1,0,1,0,0,0,"784718,5759","5828571,16","13,19834","52,53266",5020625.0,Borkumer Straße,1658.0,8.0
193518,11,4,,2019,4,7,3,3,6,7,0,0,1,1,0,0,0,0,"791162,4385","5826636,186","13,29138","52,51191",4030417.0,Schloßstraße,2952.0,50.0
193519,11,3,,2019,4,16,7,3,5,3,0,0,1,0,0,0,0,0,"800421,9557","5832305,752","13,43254","52,55771",3050923.0,Weißenseer Spitze,5065.0,44.0
193520,11,1,,2019,4,8,3,3,5,3,0,0,1,0,0,0,0,0,"794814,4132","5830667,198","13,34861","52,54609",1044103.0,Westliche Müllerstraße,3862.0,51.0
193521,11,1,,2019,4,8,5,3,5,3,0,1,1,0,0,0,0,0,"796123,173","5826294,134","13,36396","52,50618",1011105.0,Nördlicher Landwehrkanal,4050.0,59.0
193522,11,6,,2019,4,8,3,2,0,6,0,0,1,0,0,0,0,0,"785348,6552","5818639,927","13,1991","52,44329",6040703.0,Nikolassee,1632.0,65.0
193523,11,12,,2019,4,18,7,3,2,6,0,0,1,0,0,0,0,0,"790720,279","5835389,21","13,29254","52,59062",12304314.0,Ziekowstraße/Freie Scholle,3075.0,58.0
193524,11,10,,2019,4,8,3,3,5,2,0,0,1,0,0,0,0,0,"808839,241","5831800,438","13,55584","52,54847",10010207.0,Marzahner Promenade,6962.0,65.0
193525,11,4,,2019,4,9,3,2,6,2,0,0,1,1,0,0,0,0,"789445,3532","5826652,797","13,26616","52,51298",4020311.0,Reichsstraße,2652.0,50.0
193526,11,5,,2019,4,11,6,2,6,4,0,0,1,1,0,0,0,0,"783961,1083","5828707,677","13,18732","52,53428",5020625.0,Borkumer Straße,1458.0,51.0
193527,11,2,,2019,4,18,2,3,3,6,1,1,0,0,0,0,0,0,"798040,3466","5824836,506","13,39082","52,49207",2020204.0,Urbanstraße,4446.0,12.0
193528,11,8,,2019,4,16,5,3,6,6,0,0,1,1,0,0,0,0,"805538,5917","5817148,562","13,49388","52,41902",8041037.0,Alt-Rudow,5925.0,47.0
193529,11,1,,2019,4,9,2,3,4,6,0,1,0,0,0,0,0,0,"798791,1645","5829066,087","13,40564","52,52957",1011302.0,Oranienburger Straße,4657.0,9.0
193530,11,8,,2019,4,13,1,3,5,2,0,0,1,0,1,0,0,0,"802292,8379","5817834,577","13,44692","52,42697",8030830.0,Gropiusstadt Süd,5327.0,45.0
193531,11,9,,2019,4,19,2,3,5,2,0,1,1,0,0,0,0,0,"811081,4557","5821962,811","13,57961","52,45904",9052001.0,Köpenick Nord,7236.0,45.0
193532,11,11,,2019,4,12,2,3,3,6,0,0,1,0,0,1,0,0,"803872,2183","5826138,796","13,47764","52,50052",11051229.0,Rummelsburg,5748.0,59.0
193533,11,4,,2019,4,12,7,3,5,2,0,1,1,0,0,0,0,0,"790025,7165","5825236,173","13,27345","52,49997",4020314.0,Messegelände,2748.0,55.0