OBJECTID,LAND,BEZ,LOR_ab_2021,UJAHR,UMONAT,USTUNDE,UWOCHENTAG,UKATEGORIE,UART,UTYP1,ULICHTVERH,IstRad,IstPKW,IstFuss,IstKrad,IstGkfz,IstSonstige,USTRZUSTAND,LINREFX,LINREFY,XGCSWGS84,YGCSWGS84,LOR,STRASSE,quadrant,quadrant_rank
193534,11,7,,2019,4,12,2,3,5,2,0,1,1,0,0,0,0,0,"797870,7518","5821888,092","13,38569","52,46573",7040403.0,Manteuffelstraße,4338.0,47.0
193535,11,8,,2019,4,16,2,3,1,5,0,1,1,0,0,0,0,0,"801039,3387","5823941,757","13,43405","52,4824",8010303.0,Donaustraße,5143.0,6.0
193536,11,1,,2019,4,9,6,3,2,6,0,0,1,0,1,0,0,0,"797453,6655","5827394,685","13,38449","52,51532",1011203.0,Unter den Linden Süd,4353.0,37.0
193537,11,12,,2019,4,16,2,2,2,6,0,0,1,0,0,0,0,0,"788333,5598","5832029,059","13,25449","52,56177",12214125.0,Waldidyll/Flughafensee,2466.0,61.0
193538,11,10,,2019,4,17,5,3,5,3,0,1,1,0,0,0,0,0,"811034,7713","5829168,046","13,58565","52,52364",10020622.0,Kaulsdorf Nord I,7355.0,51.0
193539,11,9,,2019,4,16,2,3,5,3,0,1,1,0,0,0,0,0,"808810,4515","5819001,109","13,54355","52,43378",9020701.0,Adlershof West,6729.0,59.0
193540,11,8,,2019,4,7,6,3,3,6,0,1,1,0,0,0,0,0,"804343,8247","5817008,628","13,47624","52,41843",8041036.0,Zittauer Straße,5724.0,59.0
193541,11,8,,2019,4,15,2,3,5,3,0,1,0,0,0,0,1,0,"801209,6008","5822594,389","13,43533","52,47023",8010213.0,Körnerpark,5140.0,55.0
193542,11,3,,2019,4,12,5,3,5,2,0,0,0,0,0,1,1,0,"800023,9726","5834669,569","13,42882","52,57912",3040614.0,Pankow Zentrum,5071.0,60.0
193543,11,1,,2019,4,15,2,3,2,4,0,1,1,1,0,0,0,0,"799078,0739","5828652,848","13,40949","52,52571",1011303.0,Alexanderplatzviertel,4756.0,48.0
193544,11,5,,2019,4,14,1,3,5,2,0,0,1,0,0,0,0,0,"782359,5205","5827215,934","13,1625","52,52174",5020523.0,Maulbeerallee,1055.0,59.0
193545,11,1,,2019,4,15,2,3,5,3,0,1,0,0,0,0,0,0,"799492,623","5828155,222","13,41513","52,52102",1011303.0,Alexanderplatzviertel,4854.0,36.0
193546,11,1,,2019,4,15,2,3,5,2,0,1,1,0,0,0,0,0,"794800,4801","5828308,971","13,34631","52,52495",1022204.0,Thomasiusstraße,3856.0,49.0
193547,11,5,,2019,4,15,7,3,5,2,0,0,1,0,0,0,0,0,"780672,53","5827518,676","13,13796","52,52533",5020521.0,Döberitzer Weg,756.0,63.0
193548,11,5,,2019,4,13,2,3,0,3,0,1,0,0,0,0,1,0,"783068,7404","5828602,32","13,17411","52,5338",5020417.0,Staakener Straße,1258.0,63.0
193549,11,10,,2019,4,14,2,3,5,3,0,1,0,0,0,0,1,0,"806466,4796","5830188,432","13,51947","52,53537",10010308.0,Marzahner Chaussee,6359.0,27.0
193550,11,2,,2019,4,7,5,3,3,6,0,1,0,0,0,0,0,0,"798191,1307","5825520,901","13,39364","52,49812",2010102.0,Mehringplatz,4548.0,24.0
193551,11,5,,2019,4,14,2,3,5,3,0,0,1,0,1,0,0,0,"784586,4914","5827976,26","13,19589","52,5274",5020626.0,Adamstraße,1556.0,46.0
193552,11,10,,2019,4,16,5,3,2,6,0,0,1,0,0,0,0,0,"811281,1546","5829681,427","13,58975","52,5281",10020620.0,Kaulsdorf Nord II,7456.0,63.0
193553,11,6,,2019,4,16,2,2,6,4,0,1,0,1,0,0,0,0,"794764,8602","5821573,567","13,33983","52,4646",6010210.0,Bismarckstraße,3738.0,53.0
193554,11,3,,2019,4,13,7,3,5,3,0,1,1,0,0,0,0,0,"799748,8568","5831750,897","13,42214","52,55311",3061227.0,Humannplatz,4964.0,49.0
193555,11,4,,2019,4,18,2,3,1,5,0,0,1,0,0,0,0,0,"794094,4952","5825723,652","13,33365","52,50216",4030931.0,Breitscheidplatz,3649.0,23.0
193556,11,10,,2019,4,13,2,3,5,3,0,1,1,0,0,0,0,0,"813805,8283","5829744,574","13,6269","52,52721",10040931.0,Mahlsdorf Nord,7956.0,63.0
193557,11,2,,2019,4,16,2,3,2,6,0,0,1,0,0,0,0,0,"799070,5913","5824634,581","13,40577","52,48969",2020206.0,Graefekiez,4645.0,45.0
193558,11,3,,2019,4,19,1,3,2,6,0,0,1,0,0,0,0,0,"801347,5457","5829653,981","13,44374","52,53343",3061434.0,Anton-Saefkow-Park,5258.0,62.0
193559,11,4,,2019,4,12,2,3,1,5,0,1,1,0,0,0,0,0,"790080,8315","5822967,803","13,27229","52,4796",4041136.0,Hagenplatz,2742.0,61.0
193560,11,5,,2019,4,14,2,3,0,7,0,0,0,0,1,0,0,1,"786983,4231","5829578,553","13,23251","52,54051",5030731.0,Gartenfelder Straße,2160.0,45.0
193561,11,4,,2019,4,19,4,3,5,3,1,1,1,0,0,0,0,0,"793467,6212","5826331,507","13,32498","52,50795",4030828.0,Savignyplatz,3451.0,50.0
193562,11,2,,2019,4,18,6,3,5,3,0,0,1,0,0,0,0,0,"799060,6754","5825597,059","13,40648","52,49833",2010104.0,Wassertorplatz,4648.0,37.0
193563,11,1,,2019,4,17,2,3,5,5,0,1,1,0,0,0,0,0,"796940,248","5831531,897","13,38064","52,55268",1044201.0,Reinickendorfer Straße,4364.0,39.0
193564,11,1,,2019,4,18,4,3,2,6,0,0,1,0,0,0,0,0,"798244,714","5829612,779","13,3981","52,53477",1011402.0,Arkonaplatz,4558.0,14.0
193565,11,5,,2019,4,12,2,3,2,6,0,0,1,0,0,0,0,0,"784722,5527","5828624,191","13,19844","52,53314",5020625.0,Borkumer Straße,1658.0,8.0
193566,11,1,,2019,4,18,4,3,3,6,0,1,1,0,0,0,0,0,"799042,4544","5828828,203","13,40912","52,5273",1011303.0,Alexanderplatzviertel,4756.0,48.0
193567,11,6,,2019,4,14,5,3,5,2,0,0,1,0,1,0,0,0,"789048,3194","5819042,53","13,25373","52,44496",6040806.0,Fischtal,2432.0,65.0
193568,11,6,,2019,4,16,2,3,5,3,0,1,1,0,0,0,0,0,"795778,0994","5818439,984","13,35192","52,43596",6020303.0,Lankwitz Kirche,3830.0,60.0
193569,11,8,,2019,4,18,4,3,2,7,0,1,0,0,0,0,1,0,"801535,0133","5822636,633","13,44015","52,47043",8010213.0,Körnerpark,5240.0,57.0
193570,11,3,,2019,4,17,4,3,1,1,0,0,0,0,1,1,0,0,"799980,02","5832363,256","13,42609","52,55847",3040818.0,Pankow Süd,4965.0,61.0
193571,11,4,,2019,4,9,5,3,5,7,0,0,1,0,0,0,0,0,"793817,7887","5826703,716","13,33045","52,51109",4030623.0,Ernst-Reuter-Platz,3551.0,40.0
193572,11,1,,2019,4,13,2,3,0,3,0,1,1,0,0,0,0,0,"798672,5649","5829459,717","13,40425","52,53316",1011402.0,Arkonaplatz,4658.0,28.0
193573,11,9,,2019,4,17,4,3,2,7,0,0,1,0,0,0,0,0,"809994,9568","5820358,307","13,56218","52,44528",9020802.0,Köllnische Vorstadt,7032.0,50.0
193574,11,4,,2019,4,18,7,3,6,4,1,0,0,1,1,0,0,0,"792710,4184","5830652,843","13,31766","52,54709",4010102.0,Plötzensee,3362.0,60.0
193575,11,7,,2019,4,17,4,3,0,6,0,0,1,0,0,0,1,0,"795080,6897","5825808,097","13,34821","52,50238",7010102.0,Nollendorfplatz,3849.0,22.0
193576,11,1,,2019,4,13,2,3,1,5,0,0,1,0,0,0,1,0,"794931,3672","5831040,758","13,35066","52,54937",1044103.0,Westliche Müllerstraße,3863.0,41.0
193577,11,4,,2019,4,17,4,3,5,3,0,0,1,0,1,0,0,0,"789992,273","5826317,665","13,2739","52,50968",4020311.0,Reichsstraße,2751.0,29.0
193578,11,5,,2019,4,18,2,3,5,2,0,1,1,0,0,0,0,0,"786983,4223","5829577,424","13,2325","52,5405",5030731.0,Gartenfelder Straße,2160.0,45.0
193579,11,2,,2019,4,17,4,3,5,3,0,1,1,0,0,0,0,0,"801966,6974","5829025,696","13,45227","52,52746",2050601.0,Hausburgviertel,5356.0,13.0
193580,11,7,,2019,4,10,6,3,3,6,0,0,1,0,1,0,0,0,"797483,2632","5820263,559","13,37856","52,45138",7050501.0,Rathausstraße,4234.0,52.0
193581,11,7,,2019,4,11,2,3,2,6,0,0,1,0,0,0,0,0,"794944,4721","5824454,423","13,34501","52,49032",7020201.0,Bayerischer Platz,3745.0,36.0
193582,11,7,,2019,4,16,4,3,2,6,0,0,1,0,0,0,0,0,"796911,1076","5820709,162","13,37056","52,45568",7040403.0,Manteuffelstraße,4135.0,49.0
193583,11,2,,2019,4,16,4,3,5,2,0,1,1,0,0,0,0,0,"798311,3687","5825328,012","13,39524","52,49632",2020204.0,Urbanstraße,4547.0,11.0
193584,11,6,,2019,4,15,5,3,3,2,0,0,1,0,0,0,0,0,"792937,9071","5817752,317","13,30966","52,43132",6030610.0,Lichterfelde West,3228.0,32.0
193585,11,6,,2019,4,16,4,3,4,6,0,1,1,0,0,0,0,0,"781474,5127","5813277,035","13,13774","52,39721",6040701.0,Wannsee,718.0,63.0
193586,11,7,,2019,4,14,6,3,5,3,0,0,1,0,0,0,0,0,"797855,2601","5817824,508","13,38184","52,42931",7050502.0,Fritz-Werner-Straße,4328.0,63.0
193587,11,12,,2019,4,15,4,3,6,6,0,1,0,1,0,0,0,0,"793557,8211","5835435,522","13,33435","52,58951",12301203.0,Wittenau Süd,3674.0,59.0
193588,11,4,,2019,4,15,4,3,5,3,0,0,1,0,0,0,0,0,"788806,4094","5827270,419","13,25731","52,51885",4020311.0,Reichsstraße,2454.0,58.0
193589,11,6,,2019,4,15,4,3,5,7,0,0,1,0,1,0,0,0,"794806,0715","5820061,012","13,3391","52,45101",6010205.0,Südende,3634.0,50.0
193590,11,1,,2019,4,14,5,3,5,7,0,0,1,0,1,0,0,0,"798217,9588","5828412,841","13,39663","52,52403",1011302.0,Oranienburger Straße,4555.0,52.0
193591,11,7,,2019,4,18,2,3,5,2,0,1,1,0,0,0,0,0,"796253,4522","5822956,133","13,3629","52,47618",7020204.0,Schöneberger Insel,4041.0,37.0
193592,11,7,,2019,4,14,4,3,5,3,0,0,1,0,0,0,0,0,"798886,1128","5820527,231","13,39938","52,45298",7040405.0,Rathaus Tempelhof,4534.0,61.0
193593,11,4,,2019,4,16,2,3,6,4,0,0,1,1,0,0,0,0,"793818,4343","5824654,804","13,32865","52,49273",4051652.0,Nikolsburger Platz,3546.0,33.0
193594,11,1,,2019,4,14,4,3,5,3,0,0,1,0,1,0,0,0,"798854,387","5826757,48","13,4045","52,50884",1011204.0,Leipziger Straße,4651.0,31.0
193595,11,7,,2019,4,7,5,3,0,7,0,0,0,1,1,0,0,0,"796487,1793","5821140,488","13,36472","52,45978",7040402.0,Lindenhofsiedlung,4036.0,65.0
193596,11,1,,2019,4,10,2,3,6,2,0,0,1,1,0,0,0,0,"797029,9306","5828455,926","13,37921","52,52506",1011301.0,Charitéviertel,4256.0,57.0
193597,11,10,,2019,4,17,4,3,0,1,0,0,0,0,1,0,0,0,"807879,3028","5829198,878","13,53932","52,5257",10010309.0,Springpfuhl,6656.0,56.0
193598,11,1,,2019,4,17,7,3,6,7,0,1,0,1,0,0,0,0,"797550,6104","5830944,853","13,38909","52,54709",1033201.0,Brunnenstraße,4462.0,55.0
193599,11,7,,2019,4,8,4,3,5,3,0,0,1,0,0,0,0,0,"798480,1511","5821774,481","13,39453","52,46438",7040405.0,Rathaus Tempelhof,4538.0,53.0
193600,11,10,,2019,4,17,2,2,5,2,0,0,1,0,1,0,0,0,"811203,9997","5824713,67","13,58397","52,48362",10040830.0,Kaulsdorf Süd,7343.0,65.0
193601,11,7,,2019,4,8,4,3,5,2,0,1,1,0,0,0,0,0,"796422,5798","5824865,98","13,36709","52,49321",7010104.0,Dennewitzplatz,4146.0,50.0
193602,11,1,,2019,4,18,2,3,6,4,0,0,1,1,0,0,0,0,"793717,3837","5831833,798","13,33351","52,55714",1044101.0,Rehberge,3665.0,54.0
193603,11,2,,2019,4,9,3,3,2,6,0,1,0,0,0,0,0,0,"801957,2184","5825641,863","13,44906","52,49713",2030402.0,Wrangelkiez,5347.0,57.0
193604,11,4,,2019,4,8,6,3,2,6,0,0,1,0,0,0,1,0,"793047,9266","5822017,008","13,31502","52,46949",4041344.0,Rüdesheimer Platz,3339.0,61.0
193605,11,3,,2019,4,19,2,3,2,6,0,0,1,0,1,0,0,0,"799227,2149","5837622,208","13,41977","52,60602",3020307.0,Buchholz,4879.0,64.0
193606,11,1,,2019,4,18,3,3,5,2,0,0,1,0,0,0,0,0,"797739,1048","5827587,546","13,38885","52,51689",1011202.0,Unter den Linden Nord,4453.0,15.0
193607,11,1,,2019,4,9,3,3,2,6,0,0,1,0,0,0,0,0,"794558,619","5826085,973","13,34079","52,50516",1011101.0,Stülerstraße,3750.0,33.0
193608,11,4,,2019,4,16,5,3,2,6,0,0,1,0,0,0,0,0,"790857,2986","5824362,42","13,28491","52,49169",4041134.0,Bismarckallee,2846.0,54.0
193609,11,3,,2019,4,12,3,3,5,2,0,1,1,0,0,0,0,0,"795821,949","5835221,284","13,36748","52,58636",3040512.0,Wilhelmsruh,4173.0,65.0
193610,11,8,,2019,4,17,3,3,6,3,0,0,1,1,0,0,0,0,"802615,4797","5820927,092","13,45445","52,45451",8020619.0,Buschkrugallee Nord,5435.0,61.0
193611,11,9,,2019,4,11,1,3,2,6,0,0,1,0,0,0,0,0,"813735,7581","5821732,686","13,61833","52,45546",9051702.0,Bölschestraße,7835.0,51.0
193612,11,1,,2019,4,17,3,3,6,4,0,1,0,1,0,0,0,0,"794595,3594","5828452,249","13,34342","52,52635",1022104.0,Emdener Straße,3756.0,4.0
193613,11,11,,2019,4,20,2,2,6,4,2,0,1,1,0,0,0,0,"807316,1062","5824786,772","13,52697","52,48648",11051331.0,Karlshorst Nord,6444.0,53.0
193614,11,7,,2019,4,10,2,3,5,2,0,1,0,0,0,1,0,0,"799254,7145","5816248,93","13,40096","52,41443",7070701.0,Kettinger Straße/Schillerstraße,4623.0,43.0
193615,11,2,,2019,4,17,3,3,2,6,0,1,1,0,0,0,0,0,"797886,542","5824886,242","13,3886","52,4926",2020204.0,Urbanstraße,4446.0,12.0
193616,11,4,,2019,4,13,7,2,5,3,0,0,1,0,1,0,0,0,"789010,6208","5827026,172","13,26009","52,51655",4020311.0,Reichsstraße,2553.0,40.0
193617,11,7,,2019,4,12,3,3,5,3,0,0,1,0,0,0,0,0,"797425,3103","5820942,286","13,37831","52,45749",7040403.0,Manteuffelstraße,4236.0,55.0
193618,11,1,,2019,4,9,2,3,5,3,0,1,1,0,0,0,0,0,"798590,0176","5828886,68","13,40252","52,52807",1011302.0,Oranienburger Straße,4656.0,41.0
193619,11,1,,2019,4,18,3,3,2,6,0,1,1,0,0,0,0,0,"796451,5614","5829959,54","13,37205","52,53885",1033203.0,Humboldthain Nordwest,4160.0,4.0
193620,11,4,,2019,4,1,1,2,9,1,2,0,0,0,1,0,0,0,"785774,6802","5825068,402","13,21086","52,50071",4061757.0,Forst Grunewald,1748.0,65.0
193621,11,6,,2019,4,12,3,3,5,3,0,0,1,0,1,0,0,0,"791208,1286","5819689,592","13,28598","52,44961",6040809.0,Thielallee,2934.0,62.0
193622,11,3,,2019,4,14,4,3,2,2,0,0,1,0,0,0,0,0,"801704,6792","5830097,633","13,4494","52,53721",3061429.0,Greifswalder Straße,5359.0,51.0
193623,11,10,,2019,4,9,2,3,5,3,0,1,1,0,0,0,0,0,"811375,439","5831553,765","13,59289","52,54482",10020413.0,Gut Hellersdorf,7461.0,52.0
193624,11,8,,2019,4,11,3,3,6,4,0,0,1,1,0,0,0,0,"802567,8446","5823054,332","13,45568","52,4736",8010404.0,Rixdorf,5441.0,34.0
193625,11,8,,2019,4,1,7,3,1,6,2,1,1,0,0,0,0,0,"800773,2547","5822727,992","13,42905","52,47167",8010118.0,Silbersteinstraße,5040.0,48.0
193626,11,6,,2019,4,11,3,3,5,3,0,0,1,0,0,0,0,0,"794004,9187","5818143,132","13,32566","52,43425",6020409.0,Königsberger Straße,3429.0,56.0
193627,11,5,,2019,4,8,2,3,1,5,0,0,1,0,0,0,1,0,"786049,4063","5829179,258","13,21843","52,53742",5030730.0,Zitadellenweg,1959.0,49.0
193628,11,4,,2019,4,10,3,3,5,3,0,0,1,0,0,0,0,0,"789319,1483","5826829,795","13,26446","52,51463",4020311.0,Reichsstraße,2553.0,40.0
193629,11,7,,2019,4,8,2,3,2,6,0,0,0,0,1,0,1,0,"795953,15","5825369,649","13,36064","52,49798",7010102.0,Nollendorfplatz,4048.0,46.0
193630,11,1,,2019,4,18,3,2,5,2,1,1,1,0,0,0,0,0,"799111,8672","5828465,953","13,40981","52,52401",1011303.0,Alexanderplatzviertel,4755.0,4.0
193631,11,6,,2019,4,11,6,3,1,5,0,1,1,0,0,0,1,0,"793945,7622","5819587,701","13,32606","52,44723",6010207.0,Mittelstraße,3533.0,65.0
193632,11,1,,2019,4,8,2,2,6,4,0,0,1,1,0,0,0,0,"793452,5371","5828523,661","13,32669","52,52761",1022102.0,Beusselkiez,3556.0,48.0
193633,11,11,,2019,4,20,3,3,5,3,2,1,1,0,0,0,0,0,"805694,9833","5827907,782","13,50603","52,51536",11030721.0,Rüdigerstraße,6153.0,63.0
193634,11,4,,2019,4,10,3,3,2,7,0,1,0,0,0,0,1,0,"793448,1251","5824304,447","13,32291","52,48979",4051652.0,Nikolsburger Platz,3445.0,43.0
193635,11,12,,2019,4,20,5,3,5,3,2,0,1,0,0,0,0,0,"791132,0912","5833989,038","13,29737","52,57785",12214125.0,Waldidyll/Flughafensee,3071.0,39.0
193636,11,2,,2019,4,8,2,3,2,6,0,1,0,0,0,0,0,0,"802514,4155","5826557,014","13,45808","52,50503",2050803.0,Stralauer Kiez,5450.0,55.0
193637,11,12,,2019,4,21,3,3,5,2,2,0,1,0,0,0,0,0,"795480,4557","5833415,283","13,36085","52,57036",12103115.0,Breitkopfbecken,4069.0,34.0
193638,11,1,,2019,4,12,1,3,0,1,0,1,0,0,0,0,0,0,"798211,6395","5829356,587","13,39738","52,53249",1011401.0,Invalidenstraße,4558.0,14.0
193639,11,4,,2019,4,10,3,3,3,6,0,1,1,0,0,0,0,0,"792036,1492","5825773,688","13,30346","52,50371",4030726.0,Droysenstraße,3149.0,47.0
193640,11,9,,2019,4,11,2,2,0,1,0,0,0,0,1,0,0,0,"806379,367","5819836,918","13,50867","52,44264",9010402.0,Johannisthal Ost,6231.0,63.0
193641,11,12,,2019,4,17,2,3,2,6,0,0,1,0,0,0,1,0,"792639,6501","5832795,717","13,31851","52,56634",12214424.0,Scharnweberstraße,3368.0,49.0
193642,11,12,,2019,4,9,3,3,3,6,0,0,1,0,0,0,0,0,"786968,9414","5838319,123","13,23986","52,61888",12224230.0,Heiligensee,2283.0,58.0
193643,11,1,,2019,4,19,6,3,2,6,0,1,1,0,0,0,0,0,"800211,4265","5826843,577","13,42451","52,50887",1011306.0,Heine-Viertel Ost,4951.0,32.0
193644,11,9,,2019,3,18,1,3,5,3,0,0,1,0,0,0,0,0,"803094,187","5820940,736","13,46149","52,45437",9010302.0,Späthsfelde,5535.0,53.0
193645,11,7,,2019,4,21,3,3,5,2,2,1,1,0,0,0,0,0,"796377,5754","5825236,689","13,36675","52,49656",7010104.0,Dennewitzplatz,4147.0,61.0
193646,11,1,,2019,3,18,1,3,3,6,0,0,1,0,1,0,0,0,"793687,0594","5832191,615","13,33338","52,56036",1044101.0,Rehberge,3666.0,49.0
193647,11,5,,2019,4,13,3,3,2,6,0,0,1,0,0,0,0,0,"789473,4467","5829287,152","13,26886","52,53658",5030832.0,Rohrdamm,2659.0,45.0
193648,11,1,,2019,4,11,5,3,3,6,0,1,0,0,0,1,0,0,"798845,456","5828565,208","13,40599","52,52505",1011302.0,Oranienburger Straße,4656.0,41.0
193649,11,12,,2019,3,17,1,3,5,2,0,1,0,0,0,0,0,0,"794207,2626","5838507,077","13,34664","52,61669",12301206.0,Lübars,3882.0,65.0
193650,11,2,,2019,4,22,3,3,5,7,2,1,1,0,0,0,0,0,"802221,186","5827333,061","13,45448","52,51214",2050802.0,Boxhagener Platz,5452.0,39.0
193651,11,12,,2019,3,17,1,3,2,2,0,0,1,0,0,0,0,0,"791191,5785","5830904,403","13,29554","52,55016",12214125.0,Waldidyll/Flughafensee,3063.0,49.0
193652,11,1,,2019,4,7,3,3,5,3,0,1,0,0,1,0,0,0,"796119,6284","5828435,868","13,36581","52,52538",1022206.0,Lüneburger Straße,4056.0,47.0
193653,11,9,,2019,3,15,1,3,6,4,0,0,0,1,0,0,1,0,"807136,4147","5821887,061","13,52166","52,46059",9020502.0,Oberschöneweide Ost,6437.0,60.0
193654,11,7,,2019,4,6,3,3,3,6,0,1,1,0,0,0,0,0,"797966,447","5820453,83","13,38582","52,45282",7050503.0,Eisenacher Straße,4334.0,51.0
193655,11,12,,2019,4,14,6,3,2,7,0,0,1,0,1,0,0,0,"790181,307","5835149,479","13,2844","52,58876",12214527.0,Alt-Tegel,2874.0,52.0
193656,11,1,,2019,3,13,1,3,5,2,0,1,1,0,0,0,0,0,"798114,4359","5829346,758","13,39595","52,53246",1011401.0,Invalidenstraße,4558.0,14.0
193657,11,12,,2019,4,13,3,3,0,6,0,0,1,0,0,0,1,0,"793349,9062","5832401,187","13,32861","52,56242",12214424.0,Scharnweberstraße,3566.0,39.0
193658,11,3,,2019,4,17,3,2,5,3,0,0,1,0,0,0,0,0,"800188,5901","5834842,371","13,4314","52,58058",3040818.0,Pankow Süd,5072.0,61.0
193659,11,10,,2019,4,17,5,3,6,4,0,0,1,1,0,0,0,0,"812166,6672","5831031,303","13,60403","52,53969",10020415.0,Hellersdorfer Promenade,7660.0,47.0
193660,11,12,,2019,3,16,1,3,3,6,0,0,1,0,0,0,0,0,"792217,8923","5833729,52","13,31312","52,57494",12214422.0,Klixstraße,3370.0,55.0
193661,11,6,,2019,4,11,3,2,6,4,0,0,1,1,0,0,0,0,"787709,3991","5816953,529","13,23228","52,42693",6030501.0,Berlepschstraße,2127.0,65.0
193662,11,1,,2019,4,16,1,3,2,1,0,0,1,0,1,0,0,0,"798105,2862","5827406,96","13,39407","52,51507",1011203.0,Unter den Linden Süd,4553.0,29.0
193663,11,6,,2019,4,22,3,2,6,2,2,0,1,1,0,0,0,0,"794715,3906","5820068,772","13,33777","52,45113",6010206.0,Stadtpark,3634.0,50.0
193664,11,4,,2019,3,16,1,2,2,6,0,0,1,0,0,0,0,0,"794024,5071","5825930,494","13,33281","52,50405",4030931.0,Breitscheidplatz,3649.0,23.0
193665,11,3,,2019,3,1,1,3,6,4,2,0,1,1,0,0,0,0,"800294,149","5832201,773","13,43056","52,55685",3050923.0,Weißenseer Spitze,5065.0,44.0
193666,11,4,,2019,4,9,3,3,1,5,0,1,1,0,0,0,1,0,"793442,3269","5824131,256","13,32267","52,48824",4051652.0,Nikolsburger Platz,3445.0,43.0
193667,11,5,,2019,4,18,6,3,5,2,1,1,1,0,0,0,0,0,"789916,2313","5829223,82","13,27532","52,53578",5030832.0,Rohrdamm,2759.0,59.0
193668,11,8,,2019,3,0,1,3,3,6,2,0,1,0,0,0,0,0,"800560,6233","5823299,078","13,42644","52,4769",8010117.0,Schillerpromenade,4941.0,65.0
193669,11,4,,2019,4,17,3,3,1,5,0,1,1,0,0,0,0,0,"792728,5228",5822835,"13,31105","52,477",4041343.0,Binger Straße,3242.0,39.0
193670,11,5,,2019,3,9,1,3,2,6,0,0,1,0,0,0,0,0,"781976,7862","5828460,462","13,15793","52,5331",5020419.0,Magistratsweg,1058.0,58.0
193671,11,5,,2019,4,20,3,3,0,1,2,1,0,0,0,0,0,0,"784615,8185","5828385,928","13,19667","52,53106",5020625.0,Borkumer Straße,1557.0,28.0
193672,11,8,,2019,4,15,5,3,6,4,0,0,1,1,0,0,0,0,"803926,6462","5822015,214","13,47468","52,46353",8010509.0,Schulenburgpark,5738.0,63.0
193673,11,5,,2019,3,11,1,3,5,3,0,1,1,0,0,0,0,0,"782858,378","5826852,043","13,16952","52,51822",5020524.0,Weinmeisterhornweg,1154.0,55.0
193674,11,1,,2019,4,17,3,3,0,1,0,1,0,0,0,0,0,0,"797729,9195","5828158,655","13,38923","52,52202",1011202.0,Unter den Linden Nord,4455.0,27.0
193675,11,2,,2019,4,18,3,3,0,1,0,1,0,0,0,0,0,0,"802167,1524","5827542,99","13,45387","52,51406",2050801.0,Traveplatz,5452.0,39.0
193676,11,10,,2019,4,9,5,3,5,2,0,1,1,0,0,0,0,0,"806680,15","5829147,225","13,52165","52,52592",10010308.0,Marzahner Chaussee,6456.0,63.0
193677,11,4,,2019,3,12,1,3,5,2,0,0,1,0,0,0,0,0,"791387,4637","5828587,468","13,29639","52,52929",4030518.0,Tegeler Weg,3057.0,55.0
193678,11,3,,2019,4,7,3,2,5,3,0,1,1,0,0,0,0,0,"803224,5867","5838598,208","13,47951","52,61255",3030406.0,Alt-Karow,5781.0,61.0
193679,11,7,,2019,4,18,7,2,5,3,0,1,1,0,0,0,0,0,"799481,1328","5820508,321","13,40809","52,45248",7050503.0,Eisenacher Straße,4734.0,59.0
193680,11,7,,2019,4,16,3,3,1,5,0,1,1,0,0,0,0,0,"796331,6984","5825121,098","13,36598","52,49555",7010104.0,Dennewitzplatz,4047.0,22.0
193681,11,1,,2019,4,16,3,3,5,2,0,0,1,0,1,0,0,0,"796510,7689","5827614,387","13,37083","52,5178",1011102.0,Großer Tiergarten,4153.0,36.0
193682,11,1,,2019,4,10,5,3,6,4,0,0,0,1,0,0,1,0,"797694,95","5827848,279","13,38844","52,51925",1011202.0,Unter den Linden Nord,4454.0,36.0
193683,11,5,,2019,3,13,7,3,5,3,0,0,1,0,0,0,0,0,"784518,1025","5828638,325","13,19545","52,53337",5020625.0,Borkumer Straße,1558.0,34.0
193684,11,9,,2019,4,16,3,3,5,2,0,1,1,0,0,0,0,0,"808253,7967","5818811,915","13,53522","52,4324",9020701.0,Adlershof West,6628.0,57.0
193685,11,1,,2019,4,23,7,3,5,7,2,0,1,0,0,0,1,0,"799065,2353","5828982,261","13,40959","52,52867",1011302.0,Oranienburger Straße,4757.0,11.0
193686,11,7,,2019,4,16,3,3,0,6,0,0,1,0,0,0,1,0,"796421,0704","5816580,246","13,35971","52,41894",7060601.0,Marienfelder Allee Nordwest,4025.0,60.0
193687,11,3,,2019,3,15,7,3,5,3,0,1,1,0,0,0,0,0,"796494,0495","5839974,964","13,38163","52,62861",3020203.0,Blankenfelde,4386.0,61.0
193688,11,7,,2019,4,15,3,3,5,2,0,1,1,0,0,0,0,0,"799587,3403","5820836,566","13,40994","52,45537",7040405.0,Rathaus Tempelhof,4735.0,61.0
193689,11,12,,2019,3,15,7,3,1,1,0,0,1,0,0,1,0,0,"794276,9379","5832920,202","13,3427","52,56657",12103218.0,Teichstraße,3768.0,64.0
193690,11,11,,2019,4,15,3,2,6,4,0,0,1,1,0,0,0,0,"803670,8997","5828632,259","13,47696","52,52298",11030721.0,Rüdigerstraße,5755.0,49.0
193691,11,1,,2019,4,13,6,3,3,6,0,0,1,0,1,0,0,0,"796873,1741","5828871,512","13,37728","52,52887",1011301.0,Charitéviertel,4257.0,20.0
193692,11,4,,2019,4,14,3,2,6,4,0,0,1,1,0,0,0,0,"791616,0798","5827959,22","13,2992","52,52353",4030518.0,Tegeler Weg,3155.0,63.0
193693,11,4,,2019,4,14,3,3,2,6,0,0,1,0,1,0,0,0,"790665,3948","5827366,854","13,28471","52,51873",4030415.0,Schloßgarten,2854.0,17.0
193694,11,3,,2019,3,14,7,3,5,3,0,1,0,0,0,0,0,0,"799183,2068","5831331,857","13,41344","52,54966",3061126.0,Arnimplatz,4863.0,28.0