OBJECTID,LAND,BEZ,LOR_ab_2021,UJAHR,UMONAT,USTUNDE,UWOCHENTAG,UKATEGORIE,UART,UTYP1,ULICHTVERH,IstRad,IstPKW,IstFuss,IstKrad,IstGkfz,IstSonstige,USTRZUSTAND,LINREFX,LINREFY,XGCSWGS84,YGCSWGS84,LOR,STRASSE,quadrant,quadrant_rank
193695,11,8,,2019,4,14,3,3,2,6,0,0,1,0,0,0,0,0,"803645,9863","5822288,279","13,47081","52,46614",8010509.0,Schulenburgpark,5638.0,53.0
193696,11,7,,2019,4,16,5,3,5,2,0,0,1,0,1,0,0,0,"798106,2261","5820487,974","13,3879","52,45305",7050503.0,Eisenacher Straße,4435.0,61.0
193697,11,7,,2019,3,14,7,3,5,2,0,0,1,0,1,0,0,0,"797163,1618","5823809,165","13,37702","52,48334",7040401.0,Neu-Tempelhof,4243.0,50.0
193698,11,12,,2019,4,14,3,3,5,2,0,0,1,0,0,0,1,0,"795644,9498","5833009,388","13,36291","52,56663",12103219.0,Schäfersee,4068.0,46.0
193699,11,11,,2019,4,17,1,2,5,7,0,0,1,0,1,0,0,0,"803449,3891","5828618,57","13,47369","52,52298",11030721.0,Rüdigerstraße,5655.0,61.0
193700,11,1,,2019,4,14,3,3,5,2,0,1,1,0,0,0,0,0,"799108,7869","5828466,04","13,40977","52,52402",1011303.0,Alexanderplatzviertel,4755.0,4.0
193701,11,2,,2019,4,7,5,3,6,4,0,0,1,1,0,0,0,0,"800494,8358","5828606,774","13,43026","52,52452",2040501.0,Barnimkiez,5055.0,41.0
193702,11,3,,2019,3,14,7,3,2,2,0,0,1,0,0,0,0,0,"799315,5294","5835982,128","13,41958","52,59127",3020210.0,Herthaplatz,4875.0,65.0
193703,11,2,,2019,4,13,3,3,0,1,0,1,0,0,0,0,1,0,"797146,6935","5824492,513","13,37739","52,48947",2020203.0,Viktoriapark,4245.0,40.0
193704,11,4,,2019,4,16,7,3,1,5,0,1,1,0,0,0,0,0,"793452,0574",5824383,"13,32303","52,49049",4051652.0,Nikolsburger Platz,3445.0,43.0
193705,11,12,,2019,4,13,3,3,5,2,0,0,1,0,0,0,0,0,"789906,2212","5835692,762","13,28083","52,59378",12214527.0,Alt-Tegel,2876.0,40.0
193706,11,7,,2019,3,14,7,2,5,2,0,1,1,0,0,0,0,0,"798540,5011","5814419,384","13,38885","52,39842",7070705.0,Franziusweg/Rohrbachstraße,4419.0,64.0
193707,11,3,,2019,4,13,3,3,5,2,0,0,0,0,1,0,1,0,"799456,8781","5833930,499","13,41981","52,5728",3040614.0,Pankow Zentrum,4870.0,61.0
193708,11,6,,2019,3,13,7,2,0,5,0,0,0,0,1,0,1,0,"795994,6379","5817763,885","13,3545","52,42978",6020305.0,Gemeindepark Lankwitz,3928.0,64.0
193709,11,7,,2019,4,13,3,3,1,5,0,1,1,0,0,0,0,0,"795659,6885","5824475,521","13,35553","52,49013",7020203.0,Kaiser-Wilhelm-Platz,3945.0,34.0
193710,11,2,,2019,4,7,6,3,0,2,0,1,1,0,0,0,0,0,"799229,3584","5825987,368","13,40931","52,50173",2010103.0,Moritzplatz,4749.0,23.0
193711,11,11,,2019,3,13,7,3,1,5,0,0,1,0,0,0,0,0,"803824,6896","5828975,06","13,47953","52,52597",11030618.0,Fennpfuhl West,5756.0,56.0
193712,11,11,,2019,4,15,2,3,0,1,0,1,0,0,0,0,0,0,"804438,3892","5829083,873","13,48865","52,5266",11030720.0,Herzbergstraße,5956.0,61.0
193713,11,3,,2019,4,23,2,3,5,2,2,1,0,0,0,0,0,0,"799148,4138","5829204,802","13,41102","52,53062",3071536.0,Teutoburger Platz,4757.0,11.0
193714,11,8,,2019,3,13,7,3,2,6,0,0,1,0,0,0,0,0,"802853,7298","5818684,186","13,45592","52,43427",8030829.0,Gropiusstadt Nord,5429.0,59.0
193715,11,3,,2019,4,15,2,3,2,6,0,0,1,0,0,0,0,0,"800837,0166","5838746,425","13,44449","52,61521",3010104.0,Lietzengraben,5282.0,56.0
193716,11,12,,2019,3,13,7,2,5,3,0,1,1,0,0,0,0,0,"791908,1241","5831508,141","13,30661","52,55519",12214125.0,Waldidyll/Flughafensee,3264.0,52.0
193717,11,3,,2019,4,15,2,3,6,2,0,0,1,1,0,0,0,0,"798915,7475","5833763,205","13,4117","52,5716",3040614.0,Pankow Zentrum,4769.0,58.0
193718,11,10,,2019,4,16,6,2,6,4,0,0,1,1,0,0,0,0,"812207,8375","5830677,245","13,6043","52,53649",10020414.0,Helle Mitte,7659.0,42.0
193719,11,10,,2019,3,12,7,3,6,4,0,0,1,1,0,0,0,0,"810203,4735","5833403,617","13,57739","52,56207",10010102.0,Havemannstraße,7266.0,65.0
193720,11,5,,2019,4,17,2,3,5,3,0,1,1,0,0,0,0,0,"785264,6124","5831584,788","13,20895","52,5594",5010101.0,Hakenfelde Nord,1766.0,46.0
193721,11,7,,2019,4,14,2,3,6,4,0,0,1,1,0,0,0,0,"797283,0273","5823252,853","13,37828","52,47828",7040401.0,Neu-Tempelhof,4242.0,52.0
193722,11,12,,2019,4,14,5,3,1,5,0,0,1,0,1,0,0,0,"795367,1514","5833921,721","13,35963","52,57496",12103115.0,Breitkopfbecken,4070.0,60.0
193723,11,2,,2019,3,8,7,2,5,2,0,0,1,0,0,0,0,0,"797122,075","5823997,437","13,37658","52,48505",2020203.0,Viktoriapark,4244.0,54.0
193724,11,1,,2019,4,15,2,3,2,7,0,0,1,0,0,0,0,0,"795519,4884","5828343,361","13,35691","52,52487",1022205.0,Zillesiedlung,3956.0,59.0
193725,11,3,,2019,4,15,1,3,0,2,0,1,1,0,0,0,0,0,"799982,7569","5835096,756","13,4286","52,58297",3040614.0,Pankow Zentrum,5073.0,56.0
193726,11,8,,2019,4,8,2,3,5,3,0,1,1,0,0,0,0,0,"800518,654","5824464,318","13,42687","52,48737",8010301.0,Reuterkiez,5045.0,46.0
193727,11,12,,2019,3,8,7,3,1,1,0,0,1,0,0,0,0,0,"793996,6908","5836677,648","13,34191","52,60041",12302108.0,Märkisches Zentrum,3778.0,60.0
193728,11,7,,2019,3,7,7,2,6,2,0,0,0,1,0,0,1,0,"798895,1843","5821221,509","13,40013","52,4592",7040405.0,Rathaus Tempelhof,4636.0,53.0
193729,11,4,,2019,4,22,2,3,5,2,2,0,1,0,0,0,0,0,"791287,3535","5830682,786","13,29676","52,54812",4010101.0,Jungfernheide,3062.0,44.0
193730,11,6,,2019,4,11,7,2,5,2,0,1,1,0,0,0,0,0,"779429,8994","5815040,975","13,10924","52,41408",6040701.0,Wannsee,223.0,61.0
193731,11,3,,2019,4,21,2,3,3,6,2,1,1,0,0,0,0,0,"802268,288","5831574,409","13,45902","52,55013",3050925.0,Komponistenviertel Weißensee,5463.0,46.0
193732,11,3,,2019,3,8,7,3,0,1,0,1,0,0,0,0,0,0,"798806,5504","5831276,55","13,40785","52,54937",3061131.0,Falkplatz,4763.0,56.0
193733,11,8,,2019,4,20,2,3,6,7,2,0,1,1,0,0,0,0,"802005,955","5820022,601","13,44469","52,44674",8020622.0,Parchimer Allee,5233.0,65.0
193734,11,5,,2019,3,13,7,3,0,1,0,0,0,0,1,0,0,0,"784768,5903","5827092,844","13,19781","52,51938",5020626.0,Adamstraße,1554.0,46.0
193735,11,2,,2019,4,20,2,3,6,2,2,0,1,1,0,0,0,0,"799843,2973","5825766,272","13,41813","52,49941",2010103.0,Moritzplatz,4848.0,3.0
193736,11,4,,2019,4,19,6,3,4,5,1,1,0,0,0,0,0,0,"794268,6378","5825046,108","13,33561","52,49599",4051448.0,Schaperstraße,3647.0,52.0
193737,11,7,,2019,3,0,7,3,5,3,2,0,1,0,0,0,0,0,"794957,801","5825654,373","13,34627","52,50107",7010102.0,Nollendorfplatz,3849.0,22.0
193738,11,2,,2019,4,20,2,3,2,6,2,0,1,0,1,0,0,0,"798365,9502","5825560,792","13,39625","52,49838",2010102.0,Mehringplatz,4548.0,24.0
193739,11,8,,2019,4,19,2,3,2,7,1,0,1,0,1,0,0,0,"801805,2113","5823989,635","13,44534","52,48241",8010405.0,Hertzbergplatz,5243.0,34.0
193740,11,5,,2019,4,17,5,3,2,6,0,0,1,0,0,0,0,0,"786227,6428","5830462,948","13,22215","52,54883",5010311.0,Eiswerder,1963.0,63.0
193741,11,2,,2019,3,15,7,3,0,4,0,1,0,1,0,0,0,0,"800745,2632","5825821,399","13,43143","52,49941",2030302.0,Lausitzer Platz,5048.0,24.0
193742,11,1,,2019,4,18,2,3,5,2,0,0,1,0,1,0,0,0,"796122,0213","5828428,873","13,36584","52,52531",1022206.0,Lüneburger Straße,4056.0,47.0
193743,11,4,,2019,4,19,1,3,6,2,2,0,1,1,0,0,0,0,"794000,7785","5824043,812","13,33079","52,48715",4051655.0,Babelsberger Straße,3544.0,57.0
193744,11,11,,2019,4,18,2,3,5,2,0,1,1,0,0,0,0,0,"804550,7888","5830582,598","13,49167","52,53997",11020514.0,Große-Leege-Straße,5960.0,57.0
193745,11,11,,2019,3,15,7,3,2,2,0,0,1,0,0,0,0,0,"803546,2607","5829751,574","13,47615","52,53309",11030619.0,Fennpfuhl Ost,5758.0,52.0
193746,11,9,,2019,4,17,2,3,2,6,0,0,1,0,0,1,0,0,"810040,1358","5819480,675","13,56203","52,43739",9020802.0,Köllnische Vorstadt,7030.0,52.0
193747,11,12,,2019,4,12,5,3,5,2,0,0,1,0,0,0,1,0,"790683,9355","5835383,35","13,292","52,59059",12304314.0,Ziekowstraße/Freie Scholle,2975.0,54.0
193748,11,4,,2019,4,16,2,3,2,6,0,0,1,0,0,0,0,0,"791373,7673","5826081,664","13,294","52,50683",4030725.0,Amtsgerichtsplatz,3050.0,39.0
193749,11,9,,2019,3,15,7,3,5,3,0,1,1,0,0,0,0,0,"810794,6985","5820328,302","13,57388","52,44455",9041501.0,Altstadt Kietz,7132.0,48.0
193750,11,2,,2019,4,8,2,3,3,6,0,0,1,0,0,0,0,0,"800010,7501","5824455,637","13,41941","52,48757",2020206.0,Graefekiez,4845.0,36.0
193751,11,3,,2019,4,12,1,3,2,6,0,1,1,0,0,0,0,0,"799394,2247","5830824,059","13,41609","52,545",3061332.0,Helmholtzplatz,4861.0,63.0
193752,11,1,,2019,4,8,2,3,5,3,0,1,1,0,0,0,0,0,"796640,8219","5826649,78","13,37188","52,50908",1011105.0,Nördlicher Landwehrkanal,4151.0,37.0
193753,11,10,,2019,3,15,7,3,5,2,0,0,1,0,0,0,0,0,"811351,0449","5831955,948","13,59291","52,54844",10020412.0,Alte Hellersdorfer Straße,7462.0,45.0
193754,11,2,,2019,3,16,7,3,5,7,0,0,1,0,0,0,0,0,"800283,9088","5824377,608","13,42335","52,48672",2020206.0,Graefekiez,4944.0,25.0
193755,11,4,,2019,4,8,2,3,5,2,0,1,0,0,1,0,0,0,"794465,0626","5825854,221","13,33921","52,50313",4030931.0,Breitscheidplatz,3649.0,23.0
193756,11,2,,2019,4,14,7,3,0,3,0,0,1,0,1,0,0,0,"803001,5844","5828275,934","13,4668","52,52016",2050602.0,Samariterviertel,5554.0,57.0
193757,11,3,,2019,4,8,2,3,2,6,0,0,1,0,0,0,0,0,"800464,0055","5830781,81","13,43178","52,54403",3061228.0,Erich-Weinert-Straße,5061.0,55.0
193758,11,9,,2019,3,16,7,3,2,6,0,0,1,0,0,0,1,0,"805936,0095","5821845,412","13,50401","52,46089",9020601.0,Schnellerstraße,6137.0,47.0
193759,11,9,,2019,4,7,2,3,2,6,0,0,1,0,0,0,0,0,"819184,6136","5819992,012","13,69659","52,43671",9051801.0,Rahnsdorf/Hessenwinkel,9030.0,65.0
193760,11,1,,2019,3,20,7,3,6,2,2,0,1,1,0,0,0,0,"794894,3661","5830254,571","13,34942","52,54234",1044202.0,Sparrplatz,3861.0,37.0
193761,11,2,,2019,4,7,2,3,6,7,0,1,0,1,0,0,0,0,"802190,3607","5826878,584","13,45361","52,50809",2050802.0,Boxhagener Platz,5451.0,41.0
193762,11,11,,2019,4,14,6,3,0,7,0,0,1,0,0,0,0,0,"802642,3177","5829357,635","13,4625","52,53006",11030618.0,Fennpfuhl West,5557.0,49.0
193763,11,12,,2019,3,21,7,3,5,3,2,0,1,0,0,0,0,0,"794480,9087","5837096,108","13,34941","52,6039",12302108.0,Märkisches Zentrum,3879.0,65.0
193764,11,1,,2019,4,8,2,3,2,6,0,1,1,0,0,0,0,0,"797205,9045","5827497,087","13,38094","52,51637",1011202.0,Unter den Linden Nord,4353.0,37.0
193765,11,3,,2019,4,9,2,3,5,3,0,0,1,0,0,0,0,0,"800112,7011","5831694,542","13,42744","52,5524",3061227.0,Humannplatz,5064.0,24.0
193766,11,7,,2019,4,17,5,2,0,7,0,1,0,0,0,0,0,0,"797325,1638","5817266,872","13,37357","52,4246",7060602.0,Kirchstraße,4226.0,61.0
193767,11,1,,2019,3,21,7,3,1,5,2,1,1,0,0,0,0,0,"794771,4841","5830388,014","13,34773","52,54361",1044103.0,Westliche Müllerstraße,3861.0,37.0
193768,11,2,,2019,4,10,2,3,5,3,0,0,1,0,0,0,0,0,"800585,7312","5827025,55","13,43017","52,51029",2040701.0,Andreasviertel,5051.0,33.0
193769,11,6,,2019,4,18,7,3,6,4,0,0,1,1,0,0,0,0,"793720,043","5816402,912","13,31995","52,4188",6020411.0,Schütte-Lanz-Straße,3425.0,65.0
193770,11,1,,2019,4,10,2,3,5,3,0,0,1,0,0,0,0,0,"796964,9112","5828855,81","13,37861","52,52868",1011301.0,Charitéviertel,4257.0,20.0
193771,11,9,,2019,3,14,7,3,2,6,0,1,1,0,1,0,0,0,"802430,4446","5824668,286","13,45513","52,48814",9010101.0,Elsenstraße,5445.0,59.0
193772,11,2,,2019,3,21,7,3,0,7,2,1,0,0,0,0,0,0,"803207,6682","5826818,079","13,4685","52,50698",2050801.0,Traveplatz,5650.0,43.0
193773,11,4,,2019,4,10,2,3,5,3,0,0,1,0,0,0,0,0,"789490,0713","5826785,036","13,26693","52,51414",4020311.0,Reichsstraße,2652.0,50.0
193774,11,2,,2019,4,14,6,3,5,2,0,0,1,0,0,0,0,0,"799071,3187","5825609,358","13,40665","52,49843",2010104.0,Wassertorplatz,4748.0,28.0
193775,11,10,,2019,4,11,2,3,2,6,0,0,1,0,0,0,0,0,"806524,8745","5829350,305","13,51955","52,52782",10010308.0,Marzahner Chaussee,6356.0,61.0
193776,11,3,,2019,3,20,7,3,0,1,2,1,0,0,0,0,0,0,"799258,9079","5830528,125","13,41383","52,54242",3061332.0,Helmholtzplatz,4861.0,63.0
193777,11,1,,2019,4,12,2,3,2,6,0,0,1,0,1,0,0,0,"795676,849","5829721,148","13,36045","52,53714",1022202.0,Heidestraße,4059.0,30.0
193778,11,4,,2019,4,22,6,2,2,6,2,0,1,0,0,0,0,0,"791895,0435","5823949,254","13,29979","52,48743",4041137.0,Flinsberger Platz,3145.0,38.0
193779,11,8,,2019,4,13,2,3,6,7,0,0,1,1,0,0,0,0,"801048,8665","5822344,462","13,43275","52,46808",8010213.0,Körnerpark,5039.0,34.0
193780,11,7,,2019,3,11,7,3,5,3,0,0,1,0,0,0,1,0,"795970,8943","5824531,299","13,36015","52,49046",7020203.0,Kaiser-Wilhelm-Platz,4045.0,42.0
193781,11,5,,2019,4,12,2,3,5,3,0,0,1,0,0,0,0,0,"783814,9115","5828690,411","13,18515","52,5342",5020625.0,Borkumer Straße,1458.0,51.0
193782,11,2,,2019,3,23,6,3,5,7,2,1,1,0,0,0,0,0,"801705,4775","5826158,034","13,44583","52,5019",2040703.0,Wriezener Bahnhof/Entwicklungsgebiet,5249.0,5.0
193783,11,8,,2019,4,12,2,3,2,2,0,0,1,0,0,0,1,0,"800666,8535","5824389,872","13,42898","52,48662",8010301.0,Reuterkiez,5044.0,14.0
193784,11,6,,2019,4,11,5,3,5,2,0,0,1,0,0,0,0,0,"793315,148","5820744,511","13,31782","52,45794",6010101.0,Fichtenberg,3336.0,54.0
193785,11,2,,2019,3,9,6,3,1,7,0,0,1,0,0,0,0,0,"799726,7438","5824717,269","13,41547","52,49007",2020206.0,Graefekiez,4845.0,36.0
193786,11,10,,2019,4,15,2,3,5,3,0,1,1,0,0,0,0,0,"808578,3683","5829002,418","13,54941","52,52355",10030724.0,Oberfeldstraße,6855.0,65.0
193787,11,3,,2019,4,15,2,3,1,5,0,1,1,0,0,0,0,0,"800026,9729","5830790,292","13,42536","52,54434",3061332.0,Helmholtzplatz,4961.0,45.0
193788,11,2,,2019,4,10,5,3,2,6,0,0,1,0,1,0,0,0,"801792,2393","5825783,079","13,44677","52,49849",2030402.0,Wrangelkiez,5248.0,21.0
193789,11,4,,2019,3,13,6,3,5,2,0,1,0,0,0,0,1,0,"791278,3815","5822043,146","13,28906","52,47067",4041241.0,Breite Straße,2940.0,57.0
193790,11,11,,2019,4,15,2,3,5,3,0,1,1,0,0,0,0,0,"806923,9717","5834059,826","13,52977","52,5698",11010204.0,Falkenberg Ost,6569.0,63.0
193791,11,1,,2019,4,19,7,3,5,3,1,0,1,0,0,0,0,0,"794422,6183","5829391,563","13,34172","52,53486",1022103.0,Westhafen,3758.0,50.0
193792,11,4,,2019,4,15,2,3,1,5,0,1,1,0,0,0,0,0,"791578,7929","5822623,524","13,29398","52,47572",4041241.0,Breite Straße,3041.0,60.0
193793,11,7,,2019,3,12,6,3,2,2,0,0,1,0,0,0,0,0,"797598,0063","5815556,343","13,37605","52,40912",7060604.0,Marienfelde Süd,4222.0,53.0
193794,11,8,,2019,4,16,2,3,1,5,0,1,1,0,0,0,0,0,"800916,6356","5822459,579","13,43091","52,46918",8010213.0,Körnerpark,5039.0,34.0
193795,11,7,,2019,3,12,6,3,5,3,0,1,1,0,0,0,0,0,"794246,8671","5822018,816","13,33262","52,46887",7030301.0,Friedenau,3639.0,45.0
193796,11,8,,2019,4,11,6,3,5,3,0,0,1,0,0,0,1,0,"800559,9954","5825043,006","13,428","52,49254",8010301.0,Reuterkiez,5046.0,45.0
193797,11,4,,2019,4,18,4,3,6,4,0,1,0,1,0,0,0,0,"790326,5635","5827297,479","13,27967","52,51829",4020310.0,Park Ruhwald,2854.0,17.0
193798,11,2,,2019,4,15,5,3,5,2,0,0,1,0,0,0,0,0,"799067,5829","5825599,892","13,40659","52,49835",2010104.0,Wassertorplatz,4748.0,28.0
193799,11,1,,2019,4,13,1,3,6,4,0,0,1,1,0,0,0,0,"797709,2849","5831761,627","13,39215","52,55432",1033102.0,Gesundbrunnen,4464.0,34.0
193800,11,5,,2019,4,15,4,2,0,2,0,0,0,0,0,0,1,0,"781558,2863","5819636,169","13,14432","52,45419",5040936.0,Jägerallee,835.0,61.0
193801,11,10,,2019,4,19,4,3,5,2,0,1,1,0,0,0,0,0,"812486,4973","5824890,536","13,60296","52,48447",10040933.0,Mahlsdorf Süd,7644.0,55.0
193802,11,4,,2019,4,9,4,3,3,6,0,1,1,0,0,0,0,0,"792658,5954","5826096,791","13,31289","52,50628",4030827.0,Karl-August-Platz,3350.0,22.0
193803,11,1,,2019,4,10,7,2,0,1,0,1,0,0,0,0,0,0,"798231,9458","5829359,295","13,39768","52,5325",1011401.0,Invalidenstraße,4558.0,14.0
193804,11,5,,2019,4,17,6,3,5,2,0,1,0,0,0,0,1,0,"783981,3829","5830108,287","13,18881","52,54683",5010208.0,Germersheimer Platz,1462.0,37.0
193805,11,2,,2019,4,15,6,3,6,7,0,1,0,1,0,0,0,0,"801974,9288","5826927,588","13,45049","52,50865",2050802.0,Boxhagener Platz,5351.0,36.0
193806,11,8,,2019,4,16,6,3,2,6,0,0,1,0,0,0,0,0,"801157,5405","5823536,887","13,43542","52,47871",8010212.0,Rollberg,5142.0,45.0
193807,11,9,,2019,4,13,6,3,0,7,0,1,0,0,0,0,0,0,"811054,2938","5820256,887","13,57762","52,44377",9041501.0,Altstadt Kietz,7232.0,31.0
193808,11,4,,2019,4,14,6,3,2,6,0,0,1,0,0,0,0,0,"790808,2101","5827385,079","13,28683","52,51882",4030415.0,Schloßgarten,2954.0,41.0
193809,11,5,,2019,4,11,6,3,5,3,0,1,1,0,0,0,0,0,"782133,9344","5829921,89","13,16148","52,54612",5010206.0,Gütersloher Weg,1062.0,61.0
193810,11,9,,2019,4,10,6,2,0,6,0,0,1,0,1,0,0,0,"812192,7213","5821359,76","13,59535","52,453",9051701.0,Hirschgarten,7535.0,65.0
193811,11,7,,2019,4,8,6,3,9,1,0,0,1,0,0,0,0,0,"796917,6733","5820257,804","13,37025","52,45163",7040404.0,Marienhöhe,4134.0,59.0
193812,11,4,,2019,4,9,6,3,5,7,0,0,1,0,0,0,0,0,"791783,1876","5827471,407","13,30123","52,51907",4030620.0,Alt-Lietzow,3154.0,20.0
193813,11,4,,2019,4,12,6,3,3,6,0,0,1,0,1,0,0,0,"793261,6879","5826955,057","13,3225","52,51365",4030623.0,Ernst-Reuter-Platz,3452.0,33.0
193814,11,5,,2019,4,14,6,3,2,2,0,0,1,0,0,0,0,0,"787003,184","5829462,042","13,2327","52,53945",5030731.0,Gartenfelder Straße,2160.0,45.0
193815,11,4,,2019,4,14,6,3,0,1,0,1,0,0,0,0,0,0,"792711,171","5821801,363","13,30989","52,46774",4041344.0,Rüdesheimer Platz,3239.0,57.0
193816,11,4,,2019,4,11,6,3,0,1,0,0,0,0,1,0,0,0,"787112,2678","5826167,416","13,23145","52,50986",4020204.0,Olympiagelände,2051.0,65.0
193817,11,1,,2019,4,16,6,3,6,2,0,1,0,1,0,0,0,0,"798956,3708","5827843,358","13,40697","52,51852",1011303.0,Alexanderplatzviertel,4754.0,20.0
193818,11,4,,2019,4,16,6,2,5,3,0,0,1,0,0,0,0,0,"789850,3949","5827403,754","13,27277","52,51949",4020310.0,Park Ruhwald,2754.0,42.0
193819,11,7,,2019,4,14,4,2,5,3,0,1,1,0,0,0,0,0,"797838,339","5822536,493","13,3858","52,47156",7040401.0,Neu-Tempelhof,4340.0,45.0
193820,11,7,,2019,4,17,6,3,3,2,0,1,0,0,0,0,1,0,"795892,0688","5820833,479","13,35572","52,45735",7030303.0,Grazer Platz,3936.0,50.0
193821,11,3,,2019,4,17,6,2,1,5,0,1,1,0,0,0,0,0,"801873,9557","5830359,741","13,45212","52,53947",3061429.0,Greifswalder Straße,5360.0,62.0
193822,11,12,,2019,4,18,6,3,2,6,0,0,1,0,0,0,0,0,"791205,9618","5830828,227","13,29569","52,54947",12214125.0,Waldidyll/Flughafensee,3063.0,49.0
193823,11,4,,2019,4,20,6,3,2,6,2,0,1,0,0,0,0,0,"794399,4293","5825883,582","13,33827","52,50343",4030931.0,Breitscheidplatz,3649.0,23.0
193824,11,8,,2019,4,17,6,3,5,7,0,0,1,0,0,0,0,0,"801459,0406","5823878,483","13,44015","52,4816",8010301.0,Reuterkiez,5243.0,34.0
193825,11,4,,2019,4,18,6,3,0,1,0,1,0,0,0,0,0,0,"790414,909","5825962,641","13,2798","52,50627",4020313.0,Königin-Elisabeth-Straße,2850.0,46.0
193826,11,12,,2019,4,15,5,3,0,1,0,1,0,0,0,0,0,0,"790460,3261","5834734,95","13,28814","52,58489",12214527.0,Alt-Tegel,2973.0,44.0
193827,11,8,,2019,4,19,5,3,6,4,0,1,0,1,0,0,0,0,"800642,6455","5823060,643","13,42743","52,47472",8010117.0,Schillerpromenade,5041.0,31.0
193828,11,1,,2019,4,16,5,3,0,2,0,1,1,0,0,0,0,0,"795258,056","5826615,301","13,35153","52,50952",1011101.0,Stülerstraße,3851.0,47.0
193829,11,2,,2019,4,20,5,3,6,4,2,0,0,1,1,0,0,0,"799782,8324","5825716,02","13,4172","52,499",2010104.0,Wassertorplatz,4848.0,3.0
193830,11,9,,2019,4,14,5,3,2,2,0,1,0,0,0,0,1,0,"816417,845","5817579,791","13,65374","52,4167",9041601.0,Müggelheim,8324.0,65.0
193831,11,12,,2019,4,20,5,3,1,5,1,0,1,0,1,0,0,0,"792953,42","5835394,873","13,32542","52,58947",12301203.0,Wittenau Süd,3474.0,49.0
193832,11,11,,2019,4,20,5,3,1,5,1,0,1,0,1,0,0,0,"806724,8294","5825651,509","13,51908","52,49456",11041128.0,Sewanstraße,6347.0,62.0
193833,11,9,,2019,4,14,5,3,5,5,0,1,1,0,0,0,0,0,"810116,9392","5821605,098","13,56513","52,45638",9051901.0,Dammvorstadt,7035.0,48.0
193834,11,10,,2019,4,5,5,3,5,7,0,0,1,0,1,0,0,0,"813441,4219","5831116,771","13,62284","52,53972",10020416.0,Böhlener Straße,7960.0,65.0
193835,11,4,,2019,4,20,5,2,5,7,0,0,1,0,1,0,0,0,"793932,868","5826057,131","13,33157","52,50524",4030931.0,Breitscheidplatz,3550.0,28.0
193836,11,6,,2019,4,19,5,3,5,3,1,1,1,0,0,0,0,0,"794553,8098","5821399,32","13,33658","52,46315",6010209.0,Feuerbachstraße,3637.0,59.0
193837,11,10,,2019,4,12,5,3,5,2,0,0,1,0,0,0,0,0,"807605,3616","5832376,671","13,53823","52,55434",10010203.0,Gewerbegebiet Bitterfelder Straße,6664.0,63.0
193838,11,8,,2019,4,12,5,3,6,4,0,0,1,1,0,0,0,0,"802375,9257","5818955,988","13,44915","52,43697",8020625.0,Handwerker-Siedlung,5330.0,56.0
193839,11,1,,2019,4,11,5,3,6,7,0,0,0,1,0,0,1,0,"797128,322","5831826,11","13,38367","52,55522",1033102.0,Gesundbrunnen,4364.0,39.0
193840,11,2,,2019,4,19,5,3,5,3,0,1,1,0,0,0,0,0,"800118,4228","5825756,993","13,42216","52,49918",2030301.0,Oranienplatz,4948.0,23.0
193841,11,6,,2019,4,19,5,3,2,6,1,0,1,0,0,0,0,0,"793091,2876","5816614,941","13,31092","52,42104",6020409.0,Königsberger Straße,3225.0,57.0
193842,11,2,,2019,4,18,5,3,6,2,0,0,1,1,0,0,0,0,"801889,2795","5828453,941","13,45062","52,52238",2050601.0,Hausburgviertel,5355.0,51.0
193843,11,4,,2019,4,18,5,3,5,3,0,1,1,0,0,0,0,0,"794185,3726","5823227,397","13,33278","52,47973",4051655.0,Babelsberger Straße,3642.0,57.0
193844,11,2,,2019,4,18,5,3,5,2,0,1,1,0,0,0,0,0,"801865,7288","5828983,034","13,45075","52,52713",2050601.0,Hausburgviertel,5356.0,13.0
193845,11,1,,2019,4,10,5,3,4,6,0,1,0,0,0,0,1,0,"798332,0689","5828366,856","13,39827","52,52355",1011302.0,Oranienburger Straße,4555.0,52.0
193846,11,12,,2019,4,8,5,3,5,2,0,1,1,0,0,0,0,0,"794819,992","5836297,618","13,3537","52,59656",12302110.0,Dannenwalder Weg,3976.0,55.0
193847,11,1,,2019,4,7,5,3,1,5,0,1,1,0,0,0,0,0,"795020,9757","5828260,299","13,34951","52,5244",1022204.0,Thomasiusstraße,3855.0,43.0
193848,11,5,,2019,4,5,5,3,2,7,0,0,0,0,1,0,1,0,"784866,796","5829227,986","13,20108","52,53848",5010314.0,Carl-Schurz-Straße,1659.0,46.0
193849,11,12,,2019,4,12,5,3,5,2,0,0,1,0,0,0,0,0,"795338,2143","5833841,185","13,35914","52,57425",12103115.0,Breitkopfbecken,3970.0,41.0
193850,11,5,,2019,4,12,5,3,2,6,0,0,1,0,0,0,0,0,"786643,6379","5829241,32","13,22722","52,53766",5030730.0,Zitadellenweg,2059.0,42.0
193851,11,1,,2019,4,11,5,3,0,1,0,1,0,0,0,0,0,0,"797225,8584","5829070,62","13,38264","52,53047",1011301.0,Charitéviertel,4357.0,21.0
193852,11,6,,2019,4,4,5,3,1,1,2,1,1,0,0,0,0,0,"792993,0479","5819674,58","13,31216","52,44852",6030609.0,Augustaplatz,3233.0,65.0
193853,11,3,,2019,4,17,5,3,5,2,0,0,1,0,1,0,0,0,"801170,9737","5833190,975","13,44436","52,56523",3030715.0,Heinersdorf,5267.0,58.0
193854,11,1,,2019,4,17,5,3,2,6,0,0,1,0,0,0,0,0,"797004,6179","5831478,192","13,38154","52,55217",1033102.0,Gesundbrunnen,4363.0,22.0
193855,11,1,,2019,4,16,5,3,0,6,0,0,1,0,0,0,1,0,"795290,0221","5826132,728","13,35158","52,50518",1011103.0,Lützowstraße,3850.0,33.0