OBJECTID,LAND,BEZ,LOR_ab_2021,UJAHR,UMONAT,USTUNDE,UWOCHENTAG,UKATEGORIE,UART,UTYP1,ULICHTVERH,IstRad,IstPKW,IstFuss,IstKrad,IstGkfz,IstSonstige,USTRZUSTAND,LINREFX,LINREFY,XGCSWGS84,YGCSWGS84,LOR,STRASSE,quadrant,quadrant_rank
193856,11,9,,2019,4,16,5,3,5,2,0,1,1,0,0,0,0,0,"802326,4527","5825310,554","13,45419","52,49396",9010101.0,Elsenstraße,5446.0,19.0
193857,11,1,,2019,4,15,5,3,5,3,0,1,1,0,0,0,0,0,"797157,7267","5826452,482","13,3793","52,50703",1011201.0,Wilhelmstraße,4250.0,52.0
193858,11,4,,2019,4,15,5,3,2,2,0,0,1,0,0,0,1,0,"793473,5461","5824731,684","13,32366","52,4936",4051448.0,Schaperstraße,3446.0,47.0
193859,11,5,,2019,4,15,5,3,2,6,0,0,1,0,0,0,0,0,"785217,0001","5831058,045","13,2078","52,5547",5010311.0,Eiswerder,1764.0,58.0
193860,11,4,,2019,4,15,5,3,5,7,0,0,1,0,0,0,0,0,"793316,0111","5823617,992","13,32036","52,4837",4051549.0,Rathaus Wilmersdorf,3443.0,52.0
193861,11,5,,2019,4,14,5,3,5,3,0,0,1,0,0,0,0,0,"782797,0484","5827821,202","13,16945","52,52694",5020523.0,Maulbeerallee,1156.0,65.0
193862,11,7,,2019,4,14,5,3,5,2,0,0,1,0,0,0,0,0,"799131,16","5821712,84","13,40403","52,46347",7040405.0,Rathaus Tempelhof,4638.0,48.0
193863,11,10,,2019,4,17,4,3,2,3,0,1,1,0,0,0,0,0,"809637,9877","5829697,958","13,56562","52,52918",10030724.0,Oberfeldstraße,7057.0,55.0
193864,11,6,,2019,4,17,4,3,1,1,0,1,1,0,0,0,0,0,"792132,057","5821042,948","13,30072","52,46125",6040810.0,Dahlem,3137.0,62.0
193865,11,1,,2019,4,9,4,3,3,6,0,0,1,0,0,1,0,0,"796554,672","5831927,042","13,37532","52,55644",1044201.0,Reinickendorfer Straße,4265.0,5.0
193866,11,1,,2019,4,12,4,3,6,7,0,0,1,1,0,0,0,0,"798341,0118","5828577,825","13,39859","52,52544",1011302.0,Oranienburger Straße,4556.0,46.0
193867,11,1,,2019,4,19,4,3,0,1,0,0,1,0,1,0,0,0,"797647,6274","5831884,789","13,39136","52,55546",1033102.0,Gesundbrunnen,4464.0,34.0
193868,11,1,,2019,4,23,4,3,1,5,2,1,1,0,0,0,0,0,"797729,8446","5829250,077","13,39021","52,5318",1011401.0,Invalidenstraße,4458.0,48.0
193869,11,6,,2019,4,23,4,3,8,1,2,0,1,0,0,0,0,0,"793294,6211","5817692,842","13,31484","52,4306",6020409.0,Königsberger Straße,3328.0,59.0
193870,11,3,,2019,4,22,4,3,5,3,2,0,1,0,0,0,0,0,"795969,0776","5835562,637","13,36995","52,58934",3040512.0,Wilhelmsruh,4174.0,59.0
193871,11,6,,2019,4,22,4,3,0,1,2,1,0,0,0,0,0,0,"782829,8901","5817441,992","13,16113","52,43386",6040701.0,Wannsee,1029.0,65.0
193872,11,5,,2019,4,22,4,2,5,3,2,0,1,0,0,0,1,0,"780036,557","5829199,348","13,13002","52,54072",5020415.0,Isenburger Weg,560.0,65.0
193873,11,12,,2019,4,20,4,3,6,7,1,0,1,1,0,0,0,0,"794968,8251","5836428,042","13,356","52,59764",12302109.0,Treuenbrietzener Straße,3977.0,59.0
193874,11,4,,2019,4,20,4,3,3,2,2,0,0,0,1,1,0,0,"790383,03","5825664,354","13,27908","52,50362",4020314.0,Messegelände,2849.0,40.0
193875,11,5,,2019,4,18,4,3,2,6,0,0,1,0,0,0,0,0,"785433,3284","5829253,368","13,20943","52,53841",5010312.0,Kurstraße,1759.0,52.0
193876,11,1,,2019,4,11,4,3,1,7,0,1,1,0,0,0,0,0,"794973,7022","5831001,123","13,35125","52,54899",1044103.0,Westliche Müllerstraße,3863.0,41.0
193877,11,9,,2019,4,10,4,3,5,3,0,1,1,0,0,0,0,0,"810257,8182","5820349,139","13,56603","52,44505",9020802.0,Köllnische Vorstadt,7032.0,50.0
193878,11,7,,2019,4,10,4,3,5,2,0,0,1,0,0,0,0,0,"799261,0663","5816265,428","13,40106","52,41457",7070701.0,Kettinger Straße/Schillerstraße,4623.0,43.0
193879,11,3,,2019,4,10,4,3,3,6,0,1,1,0,0,0,0,0,"799671,5188","5829003,721","13,41852","52,52853",3071638.0,Winsstraße,4857.0,54.0
193880,11,4,,2019,4,17,4,3,6,7,0,1,0,0,0,0,1,0,"794091,1486","5825975,756","13,33382","52,50442",4030931.0,Breitscheidplatz,3650.0,32.0
193881,11,5,,2019,4,9,4,3,2,6,0,0,1,0,0,0,1,0,"788063,4283","5829187,952","13,24805","52,53644",5030833.0,Motardstraße,2359.0,44.0
193882,11,9,,2019,4,9,4,3,5,3,0,1,1,0,0,0,0,0,"805091,5655","5822807,704","13,4925","52,46999",9010301.0,Baumschulenstraße,5939.0,38.0
193883,11,2,,2019,4,9,4,3,6,4,0,1,0,1,0,0,0,0,"800008,7156","5825473,508","13,4203","52,4967",2030301.0,Oranienplatz,4947.0,51.0
193884,11,2,,2019,4,9,4,3,3,6,0,1,0,0,1,0,0,0,"802448,0545","5827415,09","13,45788","52,51275",2050801.0,Traveplatz,5452.0,39.0
193885,11,5,,2019,4,8,4,3,2,6,0,0,1,0,0,0,0,0,"783705,3133","5828528,589","13,1834","52,53281",5020625.0,Borkumer Straße,1358.0,51.0
193886,11,3,,2019,4,8,4,3,5,3,0,0,1,0,0,0,1,0,"802185,5057","5832421,73","13,45858","52,55777",3050920.0,Weißer See,5465.0,60.0
193887,11,5,,2019,4,16,4,3,6,7,0,0,1,1,0,0,0,0,"785662,7132","5831751,841","13,21495","52,56069",5010101.0,Hakenfelde Nord,1866.0,59.0
193888,11,3,,2019,4,7,4,3,0,3,0,0,1,0,1,0,0,0,"797872,5035","5836024,766","13,39838","52,59245",3020209.0,Niederschönhausen,4575.0,58.0
193889,11,1,,2019,4,12,4,3,5,3,0,1,1,0,0,0,0,0,"796218,369","5831514,633","13,37001","52,55292",1044201.0,Reinickendorfer Straße,4164.0,52.0
193890,11,11,,2019,4,9,4,2,5,3,0,0,1,0,1,0,0,0,"804838,8951","5827755,761","13,49332","52,51448",11030721.0,Rüdigerstraße,5952.0,37.0
193891,11,3,,2019,4,13,4,3,8,1,0,0,1,0,0,0,0,0,"797092,3363","5835720,109","13,38663","52,59014",3040512.0,Wilhelmsruh,4475.0,65.0
193892,11,1,,2019,4,13,4,3,6,4,0,1,0,1,0,0,0,0,"794861,4129","5830994,969","13,34959","52,549",1044103.0,Westliche Müllerstraße,3863.0,41.0
193893,11,11,,2019,4,14,4,3,2,2,0,1,1,0,0,0,0,0,"806143,781","5834855,405","13,51903","52,57737",11010102.0,Dorf Wartenberg,6371.0,63.0
193894,11,10,,2019,4,14,4,3,5,3,0,0,1,0,0,1,0,0,"811683,7195","5824681,056","13,59098","52,48306",10040933.0,Mahlsdorf Süd,7443.0,65.0
193895,11,9,,2019,4,15,4,3,4,6,0,0,1,0,0,1,0,0,"818727,9335","5818694,854","13,68866","52,42535",9041601.0,Müggelheim,8826.0,65.0
193896,11,7,,2019,4,15,4,3,2,6,0,0,1,0,0,0,0,0,"797461,589","5823763,466","13,38136","52,48276",7040401.0,Neu-Tempelhof,4343.0,38.0
193897,11,4,,2019,4,15,4,3,5,3,0,0,1,0,1,0,0,0,"792314,7918","5824573,167","13,3065","52,4928",4051445.0,Eisenzahnstraße,3246.0,58.0
193898,11,1,,2019,4,15,4,3,5,2,0,1,1,0,0,0,0,0,"797990,1738","5828910,737","13,39373","52,52861",1011302.0,Oranienburger Straße,4557.0,40.0
193899,11,5,,2019,4,15,4,3,1,5,0,0,1,0,1,0,0,0,"787554,3244","5829435,91","13,24078","52,53893",5030731.0,Gartenfelder Straße,2260.0,56.0
193900,11,5,,2019,4,16,4,2,2,1,0,0,1,0,1,0,0,0,"781783,8897","5830638,81","13,15694","52,55273",5010206.0,Gütersloher Weg,964.0,53.0
193901,11,2,,2019,4,16,4,3,0,5,0,1,1,0,0,0,0,0,"803234,7822","5826322,504","13,46845","52,50252",2050803.0,Stralauer Kiez,5649.0,33.0
193902,11,3,,2019,4,16,4,3,6,4,0,1,0,1,0,0,0,0,"798997,1663","5830065,102","13,40957","52,53841",3071536.0,Teutoburger Platz,4759.0,53.0
193903,11,9,,2019,4,16,4,3,2,6,0,0,0,0,1,0,1,0,"811136,233","5821575,68","13,58005","52,45554",9051901.0,Dammvorstadt,7235.0,47.0
193904,11,8,,2019,4,16,4,2,2,1,0,0,1,0,0,0,0,0,"801291,0629","5820456,174","13,4346","52,45102",8020620.0,Tempelhofer Weg,5134.0,50.0
193905,11,3,,2019,4,16,4,3,0,1,0,1,0,0,0,0,0,0,"801237,5179","5831577,507","13,44387","52,55073",3050924.0,Behaimstraße,5263.0,52.0
193906,11,5,,2019,4,11,4,2,0,7,0,0,1,0,0,0,0,0,"784130,9891","5827301,091","13,18861","52,52158",5020628.0,Graetschelsteig,1455.0,54.0
193907,11,2,,2019,4,16,3,3,0,5,0,0,1,0,1,0,0,0,"798605,5167","5825607,377","13,39981","52,49867",2010103.0,Moritzplatz,4648.0,37.0
193908,11,2,,2019,4,15,3,3,5,2,0,1,1,0,0,0,0,0,"801870,3225","5829009,039","13,45084","52,52736",2050601.0,Hausburgviertel,5356.0,13.0
193909,11,2,,2019,4,18,3,3,5,3,0,0,1,0,0,0,0,0,"803057,0611","5827448,395","13,46686","52,51271",2050801.0,Traveplatz,5552.0,49.0
193910,11,9,,2019,4,11,3,3,5,3,0,1,0,0,0,0,1,0,"811055,3733","5820310,73","13,57769","52,44425",9041501.0,Altstadt Kietz,7232.0,31.0
193911,11,2,,2019,4,9,3,3,5,2,0,1,1,0,0,0,0,0,"797814,7878","5824933,508","13,38759","52,49306",2020203.0,Viktoriapark,4446.0,12.0
193912,11,2,,2019,4,10,3,3,2,6,0,1,1,0,0,0,0,0,"799990,001","5824728,659","13,41935","52,49003",2020206.0,Graefekiez,4845.0,36.0
193913,11,1,,2019,4,9,3,3,5,2,0,1,1,0,0,0,0,0,"797550,5191","5828717,526","13,38709","52,52712",1011301.0,Charitéviertel,4456.0,28.0
193914,11,1,,2019,4,8,3,3,6,6,0,1,0,1,0,0,0,0,"797719,9416","5831257,736","13,39186","52,5498",1033102.0,Gesundbrunnen,4463.0,27.0
193915,11,1,,2019,4,17,3,3,0,7,0,0,0,0,1,0,0,0,"797529,4644","5827886,581","13,38604","52,51969",1011202.0,Unter den Linden Nord,4354.0,42.0
193916,11,12,,2019,4,20,3,3,2,6,2,0,1,0,0,0,0,0,"792917,8099","5832171,397","13,32205","52,56059",12214424.0,Scharnweberstraße,3466.0,46.0
193917,11,11,,2019,4,19,3,3,5,2,1,1,1,0,0,0,0,0,"806684,9851","5826907,683","13,51966","52,50584",11040926.0,Weitlingstraße,6350.0,50.0
193918,11,2,,2019,4,10,3,3,6,4,0,1,0,1,0,0,0,0,"800276,8459","5824801,021","13,42363","52,49052",2020206.0,Graefekiez,4945.0,47.0
193919,11,12,,2019,4,18,3,3,3,6,0,0,1,0,0,0,0,0,"793537,9091","5834125,324","13,3329","52,57778",12214421.0,Reinickes Hof,3671.0,59.0
193920,11,5,,2019,4,7,3,3,2,6,0,0,1,0,0,0,0,0,"785431,5019","5829253,576","13,20941","52,53841",5010312.0,Kurstraße,1759.0,52.0
193921,11,10,,2019,4,18,3,3,4,5,0,0,1,0,1,0,0,0,"812038,1429","5830889,431","13,60201","52,53849",10020414.0,Helle Mitte,7659.0,42.0
193922,11,8,,2019,4,18,3,3,5,3,0,1,1,0,0,0,0,0,"800399,4711","5823335,403","13,42411","52,47732",8010117.0,Schillerpromenade,4942.0,18.0
193923,11,2,,2019,4,6,3,3,5,3,0,0,0,0,1,0,1,0,"801723,7065","5828129,18","13,44789","52,51956",2040503.0,Richard-Sorge-Viertel,5354.0,49.0
193924,11,7,,2019,4,18,3,3,2,6,0,0,1,0,0,0,0,0,"793952,05","5822236,749","13,32848","52,47098",7030301.0,Friedenau,3540.0,51.0
193925,11,7,,2019,4,9,3,3,5,2,0,1,1,0,0,0,0,0,"794782,3337","5825696,723","13,34373","52,50155",7010101.0,Wittenbergplatz/Viktoria-Luise-Platz,3749.0,17.0
193926,11,2,,2019,4,8,3,3,2,6,0,0,1,0,0,0,0,0,"797770,0399","5826028,043","13,38791","52,5029",2010101.0,Askanischer Platz,4449.0,28.0
193927,11,3,,2019,4,3,3,2,5,2,2,0,1,0,1,0,0,0,"802184,0535","5829413,744","13,45582","52,53081",3061430.0,Volkspark Prenzlauer Berg,5457.0,20.0
193928,11,12,,2019,4,9,3,3,0,2,0,0,1,0,0,0,1,0,"794902,641","5836310,745","13,35492","52,59663",12302110.0,Dannenwalder Weg,3976.0,55.0
193929,11,2,,2019,4,22,3,3,0,6,2,0,1,0,1,0,0,0,"800134,0131","5825397,945","13,42207","52,49595",2030401.0,Reichenberger Straße,4947.0,51.0
193930,11,8,,2019,4,21,3,3,5,2,2,1,1,0,0,0,0,0,"800622,7614","5823114,628","13,42719","52,47522",8010117.0,Schillerpromenade,5041.0,31.0
193931,11,7,,2019,4,17,3,3,1,5,0,1,1,0,0,0,0,0,"793481,9515","5822137,45","13,32149","52,47034",7030301.0,Friedenau,3440.0,55.0
193932,11,9,,2019,4,16,3,3,3,6,0,0,1,0,1,0,0,0,"806340,6309","5820990,562","13,50916","52,453",9010401.0,Johannisthal West,6235.0,41.0
193933,11,4,,2019,4,16,3,3,1,5,0,1,1,0,0,0,0,0,"794250,5038","5825274,788","13,33555","52,49805",4051448.0,Schaperstraße,3648.0,35.0
193934,11,7,,2019,4,15,3,2,4,6,0,0,1,0,0,0,0,0,"799373,3481","5819048,75","13,4052","52,43946",7050505.0,Hundsteinweg,4631.0,55.0
193935,11,6,,2019,4,14,3,3,3,6,0,0,1,0,0,1,0,0,"796241,9056","5819640,87","13,35979","52,44647",6010205.0,Südende,4033.0,40.0
193936,11,9,,2019,4,11,3,3,6,2,0,0,1,1,0,0,0,0,"809789,4637","5820505,079","13,5593","52,44671",9020802.0,Köllnische Vorstadt,6933.0,57.0
193937,11,5,,2019,4,11,3,3,2,6,0,0,1,0,0,0,0,0,"783347,7053","5827675,091","13,17742","52,52534",5020626.0,Adamstraße,1256.0,64.0
193938,11,2,,2019,4,23,3,3,0,1,2,0,0,0,1,0,0,0,"801498,2912","5825260,242","13,44198","52,49397",2030401.0,Reichenberger Straße,5246.0,59.0
193939,11,8,,2019,4,14,2,3,1,5,0,1,0,0,0,0,1,0,"800450,1554","5824498,861","13,4259","52,48772",8010301.0,Reuterkiez,4945.0,47.0
193940,11,1,,2019,4,13,4,2,6,4,0,0,1,1,0,0,0,0,"796333,491","5828573,513","13,36908","52,52649",1022206.0,Lüneburger Straße,4156.0,34.0
193941,11,4,,2019,4,8,4,3,2,6,0,0,1,0,0,0,0,0,"793312,8539","5827204,277","13,32347","52,51585",4030623.0,Ernst-Reuter-Platz,3453.0,59.0
193942,11,11,,2019,4,15,2,3,6,7,0,0,0,1,0,0,1,0,"803849,6385","5828805,57","13,47974","52,52444",11030618.0,Fennpfuhl West,5755.0,49.0
193943,11,1,,2019,4,6,2,3,5,3,0,1,1,0,0,0,0,0,"799778,4163","5826560,25","13,41789","52,50657",1011306.0,Heine-Viertel Ost,4850.0,38.0
193944,11,10,,2019,4,5,2,3,5,3,1,1,1,0,0,0,0,0,"809589,9459","5825056,92","13,5606","52,48761",10030727.0,Biesdorf Süd,6945.0,62.0
193945,11,2,,2019,4,17,2,3,1,5,0,1,0,0,0,0,1,0,"798045,2317","5824557,288","13,39064","52,48956",2020205.0,Chamissokiez,4445.0,43.0
193946,11,4,,2019,4,18,2,3,5,2,0,0,1,0,1,0,0,0,"794229,6395","5825408,59","13,33536","52,49926",4051448.0,Schaperstraße,3648.0,35.0
193947,11,2,,2019,4,19,2,3,2,6,0,1,1,0,0,0,0,0,"798328,9671","5825315,109","13,39548","52,4962",2020204.0,Urbanstraße,4547.0,11.0
193948,11,9,,2019,4,19,2,3,6,2,0,0,1,1,0,0,0,0,"805024,4499","5822715,671","13,49143","52,4692",9010301.0,Baumschulenstraße,5939.0,38.0
193949,11,3,,2019,4,18,2,3,5,3,0,1,1,0,0,0,0,0,"797412,9109","5833971,188","13,38978","52,57429",3040513.0,Schönholz,4470.0,56.0
193950,11,8,,2019,4,18,2,2,6,4,0,0,1,1,0,0,0,0,"802478,7077","5817003,17","13,4489","52,41941",8020728.0,Buckow Ost,5325.0,63.0
193951,11,8,,2019,4,16,2,3,5,2,0,1,1,0,0,0,0,0,"802537,8709","5820721,881","13,45313","52,45271",8020619.0,Buschkrugallee Nord,5334.0,54.0
193952,11,8,,2019,4,16,2,3,0,5,0,0,1,0,1,0,0,0,"800961,2436","5822392,771","13,4315","52,46856",8010213.0,Körnerpark,5039.0,34.0
193953,11,2,,2019,4,9,4,3,3,6,0,1,0,0,0,1,0,0,"801445,8618","5826052,327","13,44193","52,50109",2030302.0,Lausitzer Platz,5249.0,5.0
193954,11,8,,2019,4,14,2,3,5,3,0,1,1,0,0,0,0,0,"801463,7502","5817983,026","13,4349","52,42876",8020625.0,Handwerker-Siedlung,5127.0,55.0
193955,11,7,,2019,4,16,2,3,5,3,0,0,1,0,0,0,0,0,"793641,0081","5822508,667","13,32416","52,47358",7030301.0,Friedenau,3441.0,51.0
193956,11,5,,2019,4,15,2,3,2,6,0,0,1,0,0,0,0,0,"786182,6423","5831235,323","13,22216","52,55578",5010311.0,Eiswerder,1965.0,61.0
193957,11,1,,2019,4,15,2,3,5,2,0,0,1,0,1,0,0,0,"798870,7025","5827372,333","13,40529","52,51434",1011204.0,Leipziger Straße,4652.0,24.0
193958,11,10,,2019,4,15,2,2,6,4,0,0,0,1,0,0,1,0,"807951,3881","5829207,716","13,54038","52,52574",10010309.0,Springpfuhl,6656.0,56.0
193959,11,5,,2019,4,14,2,3,2,6,0,0,1,0,0,0,0,0,"785382,6842","5828156,014","13,20775","52,52859",5020627.0,Tiefwerder,1757.0,59.0
193960,11,9,,2019,4,13,2,3,5,3,0,0,1,0,0,0,0,0,"816503,6624","5816939,756","13,65439","52,41092",9041601.0,Müggelheim,8322.0,65.0
193961,11,7,,2019,4,12,2,3,3,6,0,0,1,0,0,0,0,0,"799398,6105","5819046,797","13,40557","52,43943",7050505.0,Hundsteinweg,4631.0,55.0
193962,11,9,,2019,4,8,2,3,5,2,0,1,1,0,0,0,0,0,"811390,6154","5820161,35","13,58247","52,44272",9041501.0,Altstadt Kietz,7331.0,39.0
193963,11,2,,2019,4,9,2,3,5,3,0,1,1,0,0,0,0,0,"797912,9552","5826214,131","13,39018","52,50449",2010102.0,Mehringplatz,4450.0,25.0
193964,11,8,,2019,4,9,2,3,2,6,0,0,1,0,0,0,0,0,"806374,5614","5817145,481","13,50614","52,41852",8041040.0,Waltersdorfer Chaussee Ost,6124.0,65.0
193965,11,9,,2019,4,11,2,3,5,3,0,1,1,0,0,0,0,0,"810804,5122","5820796,285","13,57446","52,44874",9051901.0,Dammvorstadt,7133.0,61.0
193966,11,8,,2019,4,10,2,3,5,3,0,1,1,0,0,0,0,0,"803004,6459","5819357,755","13,45874","52,44023",8040933.0,Vogelviertel Süd,5431.0,57.0
193967,11,7,,2019,4,10,2,3,5,2,0,1,1,0,0,0,0,0,"797194,799","5823674,27","13,37736","52,48211",7040401.0,Neu-Tempelhof,4243.0,50.0
193968,11,2,,2019,4,11,2,3,1,5,0,0,1,0,1,0,0,0,"798266,8975","5824589,197","13,39392","52,48973",2020205.0,Chamissokiez,4545.0,52.0
193969,11,2,,2019,4,11,2,3,0,3,0,0,1,0,0,0,1,0,"801034,0495","5825237,639","13,43514","52,49402",2030401.0,Reichenberger Straße,5146.0,51.0
193970,11,9,,2019,4,12,2,3,2,6,0,0,1,0,0,0,0,0,"807697,2892","5817812,568","13,52614","52,42376",9030901.0,Dorf Altglienicke,6426.0,51.0
193971,11,1,,2019,4,12,2,3,0,1,0,1,0,0,0,0,0,0,"798305,5458","5829373,33","13,39878","52,53259",1011401.0,Invalidenstraße,4558.0,14.0
193972,11,7,,2019,4,12,1,3,2,7,0,0,1,0,0,0,0,1,"796000,5592","5825140,378","13,36113","52,4959",7010104.0,Dennewitzplatz,4047.0,22.0
193973,11,6,,2019,4,11,1,3,5,3,0,0,1,0,0,0,0,1,"790387,4248","5817150,766","13,27173","52,42729",6030504.0,Teltower Damm,2627.0,61.0
193974,11,4,,2019,4,11,1,3,5,3,0,0,1,0,0,0,0,1,"790279,1244","5823331,291","13,27552","52,48276",4041136.0,Hagenplatz,2743.0,65.0
193975,11,3,,2019,4,11,1,3,5,3,0,0,1,0,0,0,0,1,"802868,9469","5838271,633","13,47397","52,60983",3030406.0,Alt-Karow,5780.0,50.0
193976,11,9,,2019,4,9,1,3,5,3,0,0,1,0,0,0,0,1,"802320,0702","5825532,617","13,45429","52,49595",9010101.0,Elsenstraße,5447.0,55.0
193977,11,10,,2019,4,5,1,3,1,5,1,0,1,0,0,0,1,1,"811299,889","5831631,523","13,59185","52,54556",10020412.0,Alte Hellersdorfer Straße,7462.0,45.0
193978,11,9,,2019,4,16,1,2,5,2,0,0,1,0,0,0,0,0,"812392,2855","5819585,744","13,59662","52,43699",9041301.0,Kietzer Feld/Nachtheide,7530.0,63.0
193979,11,4,,2019,4,16,1,2,5,2,0,0,1,0,1,0,0,0,"791987,7406","5825969,797","13,30292","52,5055",4030725.0,Amtsgerichtsplatz,3150.0,36.0
193980,11,5,,2019,4,20,1,3,1,5,2,1,1,0,0,0,0,0,"784579,2585","5831845,193","13,1991","52,56209",5010103.0,Amorbacher Weg,1666.0,63.0
193981,11,6,,2019,4,22,1,3,5,3,2,0,1,0,1,0,0,0,"787477,9025","5817705,235","13,22953","52,4338",6040804.0,Krumme Lanke,2029.0,63.0
193982,11,6,,2019,4,10,7,3,3,6,0,0,1,0,0,0,0,0,"792949,596","5817756,808","13,30984","52,43135",6030610.0,Lichterfelde West,3228.0,32.0
193983,11,8,,2019,4,15,7,3,3,6,0,0,1,0,0,0,0,0,"800587,1654","5824429,8","13,42785","52,48702",8010301.0,Reuterkiez,5044.0,14.0
193984,11,4,,2019,4,18,7,3,1,5,0,1,1,0,0,0,0,0,"794351,4311","5825641,876","13,33735","52,50129",4030931.0,Breitscheidplatz,3649.0,23.0
193985,11,1,,2019,4,22,7,2,5,2,2,1,1,0,0,0,0,0,"794803,999","5828308,464","13,34636","52,52495",1022204.0,Thomasiusstraße,3856.0,49.0
193986,11,1,,2019,4,19,7,3,5,2,0,1,1,0,0,0,0,0,"798964,405","5828777,155","13,40793","52,52688",1011302.0,Oranienburger Straße,4756.0,48.0
193987,11,3,,2019,4,18,7,3,5,3,0,0,1,0,0,0,0,0,"800122,6702","5830636,664","13,42663","52,54291",3071633.0,Thälmannpark,4961.0,45.0
193988,11,8,,2019,4,18,7,3,5,3,0,0,1,0,0,0,0,0,"801123,8548","5821899,348","13,43344","52,46405",8010118.0,Silbersteinstraße,5138.0,54.0
193989,11,7,,2019,4,16,7,3,6,4,0,0,1,1,0,0,0,0,"794706,3405","5822788,53","13,34004","52,47552",7030301.0,Friedenau,3741.0,61.0
193990,11,6,,2019,4,14,7,3,1,5,0,1,1,0,0,0,0,0,"794637,8698","5820070,402","13,33664","52,45119",6010206.0,Stadtpark,3634.0,50.0
193991,11,11,,2019,4,13,7,3,2,6,0,0,1,0,0,0,0,0,"806137,7213","5830159,968","13,51461","52,5353",11030720.0,Herzbergstraße,6359.0,27.0
193992,11,4,,2019,4,12,7,2,6,4,0,0,1,1,0,0,0,0,"794405,6665","5825735,866","13,33823","52,5021",4030931.0,Breitscheidplatz,3649.0,23.0
193993,11,10,,2019,4,12,7,3,2,4,0,0,1,1,0,0,0,0,"812185,7041","5830937,899","13,60422","52,53884",10020414.0,Helle Mitte,7660.0,47.0
193994,11,3,,2019,4,11,7,3,5,3,0,1,1,0,0,0,0,0,"804213,1719","5841142,405","13,49641","52,6348",3010102.0,Buch,6088.0,54.0
193995,11,1,,2019,4,10,7,2,6,4,0,0,1,1,0,0,0,0,"796414,5701","5828590,914","13,37028","52,52661",1022206.0,Lüneburger Straße,4156.0,34.0
193996,11,1,,2019,4,0,7,3,4,6,2,0,1,0,0,0,0,0,"795952,4124","5828785,827","13,36367","52,52861",1022201.0,Stephankiez,4057.0,61.0
193997,11,7,,2019,4,10,6,3,6,4,0,0,1,1,0,0,0,0,"793773,5122","5822833,089","13,32639","52,47642",7030301.0,Friedenau,3541.0,57.0
193998,11,7,,2019,4,14,6,3,5,5,0,0,1,0,0,0,0,0,"797410,3941","5820424,514","13,37763","52,45286",7040404.0,Marienhöhe,4234.0,52.0
193999,11,4,,2019,4,14,6,3,5,2,0,0,1,0,1,0,0,0,"791248,6015","5829731,165","13,29535","52,53961",4010101.0,Jungfernheide,3060.0,36.0
194000,11,5,,2019,4,11,4,3,0,2,0,0,1,0,0,0,1,0,"784837,7182","5829252,791","13,20067","52,53871",5010314.0,Carl-Schurz-Straße,1660.0,30.0
194001,11,12,,2019,4,14,6,2,5,3,0,0,1,0,1,0,0,0,"791658,3056","5834488,165","13,30556","52,58204",12304313.0,Borsigwalde,3172.0,56.0
194002,11,12,,2019,4,13,6,3,1,5,0,0,1,0,0,0,1,0,"793550,331","5832378,687","13,33153","52,56211",12214424.0,Scharnweberstraße,3566.0,39.0
194003,11,8,,2019,4,11,6,3,5,3,0,1,1,0,0,0,0,0,"801413,8011","5819158,711","13,43523","52,43932",8020625.0,Handwerker-Siedlung,5131.0,45.0
194004,11,1,,2019,4,11,6,3,5,3,0,1,1,0,0,0,0,0,"797140,9446","5831804,109","13,38383","52,55501",1033102.0,Gesundbrunnen,4364.0,39.0
194005,11,11,,2019,4,10,6,3,5,2,0,1,1,0,0,0,0,0,"803791,7288","5827706,607","13,47789","52,51462",11030721.0,Rüdigerstraße,5753.0,54.0
194006,11,4,,2019,4,9,6,3,3,6,0,0,1,0,0,0,1,0,"790227,9336","5826074,817","13,27715","52,50738",4020313.0,Königin-Elisabeth-Straße,2750.0,55.0
194007,11,3,,2019,4,8,6,3,1,5,0,1,1,0,0,0,0,0,"799699,5862","5832536,57","13,42212","52,56018",3040818.0,Pankow Süd,4966.0,57.0
194008,11,1,,2019,4,8,6,3,3,6,0,1,0,0,0,1,0,0,"797565,6405","5827415,109","13,38615","52,51544",1011203.0,Unter den Linden Süd,4353.0,37.0
194009,11,1,,2019,4,12,6,3,2,1,0,0,1,0,1,0,0,0,"795926,6537","5825636,435","13,36049","52,50039",1011103.0,Lützowstraße,4048.0,46.0
194010,11,8,,2019,4,7,6,3,5,3,0,1,1,0,0,0,0,0,"805654,693","5816444,725","13,49494","52,41265",8041038.0,Waßmannsdorfer Chaussee,6023.0,59.0
194011,11,2,,2019,4,13,6,3,2,6,0,0,1,0,0,0,1,0,"797934,4475","5824873,718","13,3893","52,49246",2020204.0,Urbanstraße,4446.0,12.0
194012,11,12,,2019,4,10,6,3,5,2,0,0,1,0,0,0,1,0,"793499,2482","5836110,987","13,33409","52,5956",12301203.0,Wittenau Süd,3676.0,38.0
194013,11,1,,2019,4,8,6,3,5,3,0,1,1,0,0,0,0,0,"797761,9341","5827442,915","13,38906","52,51558",1011203.0,Unter den Linden Süd,4453.0,15.0
194014,11,9,,2019,4,8,6,2,6,4,0,0,1,1,0,0,0,0,"811344,3951","5820154,942","13,58178","52,44269",9041501.0,Altstadt Kietz,7331.0,39.0
194015,11,9,,2019,4,23,6,3,1,5,2,0,1,0,0,0,0,0,"808835,4073","5817207,828","13,54226","52,4177",9030901.0,Dorf Altglienicke,6724.0,65.0
194016,11,8,,2019,4,21,6,3,5,3,2,0,1,0,0,0,0,0,"802382,0508","5817886,025","13,44828","52,42738",8030830.0,Gropiusstadt Süd,5327.0,45.0