OBJECTID,LAND,BEZ,LOR_ab_2021,UJAHR,UMONAT,USTUNDE,UWOCHENTAG,UKATEGORIE,UART,UTYP1,ULICHTVERH,IstRad,IstPKW,IstFuss,IstKrad,IstGkfz,IstSonstige,USTRZUSTAND,LINREFX,LINREFY,XGCSWGS84,YGCSWGS84,LOR,STRASSE,quadrant,quadrant_rank
194017,11,2,,2019,4,19,6,3,5,7,1,0,1,0,0,0,0,0,"799982,2198","5824731,738","13,41924","52,49006",2020206.0,Graefekiez,4845.0,36.0
194018,11,5,,2019,4,17,6,2,6,4,0,0,1,1,0,0,0,0,"784746,502","5828819,331","13,19896","52,53487",5010314.0,Carl-Schurz-Straße,1658.0,8.0
194019,11,1,,2019,4,17,6,3,0,1,0,0,1,0,0,0,0,0,"795295,4461","5826425,618","13,35191","52,5078",1011101.0,Stülerstraße,3851.0,47.0
194020,11,6,,2019,4,17,6,3,5,3,0,1,1,0,0,0,0,0,"788569,0306","5816884,689","13,24483","52,42586",6030501.0,Berlepschstraße,2227.0,64.0
194021,11,3,,2019,4,6,6,3,5,3,0,0,1,0,0,0,0,0,"802327,4945","5832978,503","13,46117","52,56269",3051017.0,Rennbahnstraße,5567.0,63.0
194022,11,5,,2019,4,3,6,2,8,1,2,0,1,0,0,0,1,0,"781590,5578","5819719,268","13,14486","52,45492",5040937.0,Kladower Damm,835.0,61.0
194023,11,9,,2019,4,9,5,3,5,3,0,1,1,0,0,0,0,0,"804134,236","5822928,372","13,47856","52,4716",9010202.0,Köpenicker Landstraße,5740.0,54.0
194024,11,4,,2019,4,9,5,3,6,2,0,0,1,1,0,0,0,0,"792199,4594","5825009,536","13,30519","52,49678",4051445.0,Eisenzahnstraße,3147.0,43.0
194025,11,1,,2019,4,19,5,2,6,4,1,0,1,1,0,0,0,0,"795461,4993","5830149,391","13,35766","52,54109",1044202.0,Sparrplatz,3960.0,55.0
194026,11,4,,2019,4,14,5,3,2,6,0,0,1,0,0,1,0,0,"790260,104","5827966,443","13,27928","52,52432",4020310.0,Park Ruhwald,2855.0,59.0
194027,11,2,,2019,4,19,5,3,5,2,0,1,1,0,0,0,0,0,"801162,3723","5825951,462","13,43767","52,50035",2030302.0,Lausitzer Platz,5148.0,51.0
194028,11,6,,2019,4,14,5,3,5,2,0,1,0,0,1,0,0,0,"789841,2436","5818778,755","13,26513","52,44217",6040807.0,Zehlendorf Eiche,2531.0,61.0
194029,11,6,,2019,4,14,5,3,5,3,0,1,1,0,0,0,0,0,"794698,7338","5816312,673","13,33422","52,41747",6020410.0,Oberhofer Platz,3624.0,62.0
194030,11,1,,2019,4,17,5,3,0,1,1,1,0,0,0,0,0,0,"793768,7328","5828135,743","13,33099","52,52396",1022106.0,Elberfelder Straße,3555.0,16.0
194031,11,1,,2019,4,13,5,3,5,3,0,1,1,0,0,0,0,0,"799299,46","5827228,221","13,41146","52,51282",1011305.0,Heine-Viertel West,4752.0,45.0
194032,11,6,,2019,4,17,5,3,5,3,0,0,1,0,1,0,1,0,"794804,1812","5819837,286","13,33887","52,44901",6010206.0,Stadtpark,3633.0,59.0
194033,11,12,,2019,4,12,5,3,5,2,0,0,1,0,0,0,1,0,"792353,143","5834071,128","13,31542","52,57793",12304313.0,Borsigwalde,3371.0,40.0
194034,11,9,,2019,4,12,5,3,5,2,0,1,1,0,0,0,0,0,"811683,2967","5819982,022","13,58659","52,44095",9041301.0,Kietzer Feld/Nachtheide,7331.0,39.0
194035,11,10,,2019,4,11,5,3,2,6,0,0,1,0,0,0,0,0,"806363,0428","5830200,092","13,51796","52,53553",10010308.0,Marzahner Chaussee,6359.0,27.0
194036,11,1,,2019,4,10,5,3,5,2,0,1,1,0,0,0,0,0,"797157,6449","5831919,5","13,38418","52,55604",1033102.0,Gesundbrunnen,4365.0,7.0
194037,11,7,,2019,4,17,5,3,0,2,0,0,1,0,0,0,1,0,"797267,3646","5821069,606","13,37611","52,45872",7040403.0,Manteuffelstraße,4236.0,55.0
194038,11,1,,2019,4,10,5,3,6,4,0,0,1,1,0,0,0,0,"797248,7368","5829765,919","13,3836","52,53669",1033202.0,Humboldthain Süd,4359.0,61.0
194039,11,12,,2019,4,9,5,3,6,4,0,0,1,1,0,0,0,0,"790524,0577","5834504,168","13,28888","52,58279",12214527.0,Alt-Tegel,2972.0,55.0
194040,11,1,,2019,4,9,5,3,3,6,0,1,1,0,0,0,0,0,"798526,5133","5828981,867","13,40167","52,52896",1011302.0,Oranienburger Straße,4657.0,9.0
194041,11,6,,2019,4,8,5,3,5,2,0,1,1,0,0,0,0,0,"795748,442","5817560,295","13,35071","52,42809",6020305.0,Gemeindepark Lankwitz,3827.0,59.0
194042,11,3,,2019,4,8,5,3,2,6,0,0,1,0,0,0,1,0,"800451,3811","5830768,969","13,43158","52,54392",3061228.0,Erich-Weinert-Straße,5061.0,55.0
194043,11,1,,2019,4,7,5,3,5,3,0,1,1,0,0,0,0,0,"795562,7539","5828294,414","13,3575","52,52441",1022205.0,Zillesiedlung,3955.0,57.0
194044,11,4,,2019,4,7,5,3,5,3,0,0,0,0,1,1,0,0,"791266,479","5823337,794","13,29002","52,48229",4041137.0,Flinsberger Platz,2943.0,55.0
194045,11,1,,2019,4,7,5,2,0,1,0,0,0,0,1,0,0,1,"798498,4585","5829055,309","13,40133","52,52963",1011302.0,Oranienburger Straße,4657.0,9.0
194046,11,7,,2019,4,20,4,3,5,2,2,1,1,0,0,0,0,0,"797851,2935","5821927,694","13,38544","52,4661",7040403.0,Manteuffelstraße,4338.0,47.0
194047,11,1,,2019,4,9,4,2,1,5,0,1,1,0,0,0,0,0,"796999,2932","5826862,98","13,37734","52,5108",1011201.0,Wilhelmstraße,4251.0,2.0
194048,11,7,,2019,4,9,5,3,0,1,0,0,0,0,1,0,0,0,"799743,7803","5819019,583","13,41061","52,43899",7050505.0,Hundsteinweg,4730.0,63.0
194049,11,1,,2019,4,16,5,2,6,4,0,0,1,1,0,0,0,0,"799578,9795","5828250,676","13,41648","52,52183",1011303.0,Alexanderplatzviertel,4855.0,25.0
194050,11,7,,2019,4,16,5,3,2,6,0,0,1,0,0,0,0,0,"799172,8788","5814186,641","13,39791","52,39598",7070703.0,John-Locke-Straße,4518.0,52.0
194051,11,11,,2019,4,15,5,3,5,2,0,0,1,0,0,0,1,0,"802920,9847","5831082,347","13,46817","52,54536",11020513.0,Orankesee,5662.0,47.0
194052,11,2,,2019,4,18,5,3,5,3,0,0,1,0,0,0,1,0,"797101,0209","5824489,488","13,37671","52,48947",2020203.0,Viktoriapark,4245.0,40.0
194053,11,9,,2019,4,16,4,3,5,2,0,1,1,0,0,0,0,0,"806236,7725","5823200,356","13,50967","52,47287",9020501.0,Oberschöneweide West,6240.0,57.0
194054,11,12,,2019,4,16,4,3,5,2,0,1,1,0,0,0,0,0,"787278,1054","5837913,642","13,24406","52,61508",12224230.0,Heiligensee,2282.0,59.0
194055,11,9,,2019,4,17,4,3,5,3,0,1,1,0,0,0,0,0,"813752,2951","5821739,998","13,61858","52,45552",9051702.0,Bölschestraße,7835.0,51.0
194056,11,7,,2019,4,18,4,3,5,2,1,1,1,0,0,0,0,0,"800941,8632","5813922,307","13,4236","52,39265",7070704.0,Nahariyastraße,4917.0,65.0
194057,11,9,,2019,4,13,4,3,1,5,0,0,1,0,0,0,0,0,"806030,0093","5819128,674","13,5029","52,43649",9010402.0,Johannisthal Ost,6130.0,56.0
194058,11,11,,2019,4,13,4,3,6,4,0,0,1,1,0,0,0,0,"803691,1843","5827487,5","13,47621","52,51271",11030824.0,Frankfurter Allee Süd,5752.0,11.0
194059,11,4,,2019,4,12,4,3,5,2,0,1,0,0,0,0,1,0,"792084,1045","5828582,497","13,30663","52,52887",4030519.0,Kaiserin-Augusta-Allee,3257.0,57.0
194060,11,2,,2019,4,12,4,3,2,6,0,0,1,0,0,0,0,0,"801565,4359","5828843,638","13,44621","52,52605",2040503.0,Richard-Sorge-Viertel,5256.0,48.0
194061,11,6,,2019,4,11,4,3,6,4,0,0,0,1,0,0,1,0,"795078,4624","5819648,181","13,34273","52,44717",6010205.0,Südende,3733.0,55.0
194062,11,3,,2019,4,20,4,3,0,6,2,1,1,0,0,0,0,0,"799026,6608","5830118,612","13,41005","52,53887",3071536.0,Teutoburger Platz,4760.0,20.0
194063,11,8,,2019,4,9,4,3,2,7,0,0,0,0,1,0,1,0,"801173,3817","5822201,529","13,43444","52,46673",8010214.0,Glasower Straße,5139.0,41.0
194064,11,9,,2019,4,9,3,3,6,7,0,0,1,1,0,0,0,0,"810986,3215","5822007,526","13,57826","52,45949",9052001.0,Köpenick Nord,7236.0,45.0
194065,11,3,,2019,4,9,3,3,6,2,0,0,1,1,0,0,0,0,"800883,5057","5831067,436","13,4382","52,54636",3061228.0,Erich-Weinert-Straße,5162.0,47.0
194066,11,4,,2019,4,14,3,3,0,3,0,1,0,0,1,0,0,0,"793246,0758","5826749,937","13,32209","52,51182",4030623.0,Ernst-Reuter-Platz,3452.0,33.0
194067,11,1,,2019,4,9,3,3,2,6,0,0,1,0,0,0,1,0,"793882,6011","5830089,62","13,3344","52,54141",1044101.0,Rehberge,3660.0,50.0
194068,11,5,,2019,4,6,3,2,5,2,0,1,0,0,0,0,1,0,"786580,051","5829222,898","13,22627","52,53753",5030730.0,Zitadellenweg,2059.0,42.0
194069,11,4,,2019,4,14,2,3,6,4,0,1,0,1,0,0,0,0,"793734,5452","5823218,344","13,32615","52,47989",4051656.0,Hildegardstraße,3542.0,38.0
194070,11,1,,2019,4,8,3,2,5,3,0,1,1,0,0,0,0,0,"796741,1578","5826914,659","13,37359","52,5114",1011105.0,Nördlicher Landwehrkanal,4252.0,53.0
194071,11,6,,2019,4,8,3,3,5,3,0,1,1,0,0,0,0,0,"792355,8168","5820952,826","13,30393","52,46032",6040810.0,Dahlem,3137.0,62.0
194072,11,4,,2019,4,8,3,3,0,2,0,1,1,0,0,0,0,0,"792851,7623","5824009,402","13,31389","52,48746",4051549.0,Rathaus Wilmersdorf,3345.0,42.0
194073,11,6,,2019,4,8,3,3,5,3,0,1,1,0,0,0,0,0,"791782,1307","5819084,061","13,29387","52,44388",6030605.0,Botanischer Garten,3032.0,48.0
194074,11,1,,2019,4,8,3,3,5,3,0,1,1,0,0,0,0,0,"797046,915","5828181,34","13,37921","52,52259",1011301.0,Charitéviertel,4255.0,45.0
194075,11,3,,2019,4,7,3,3,2,6,0,0,1,0,0,1,0,0,"799846,7788","5837916,233","13,42915","52,60832",3020307.0,Buchholz,5080.0,61.0
194076,11,11,,2019,4,7,3,3,5,7,0,1,1,0,0,0,0,0,"805206,6327","5828573,617","13,49947","52,5216",11030721.0,Rüdigerstraße,6055.0,63.0
194077,11,7,,2019,4,16,3,2,5,2,0,1,1,0,0,0,0,0,"797027,1304","5820706,17","13,37226","52,45559",7040403.0,Manteuffelstraße,4135.0,49.0
194078,11,9,,2019,4,16,3,2,5,3,0,1,1,0,0,0,0,0,"806127,6899","5822108,873","13,50706","52,46315",9020501.0,Oberschöneweide West,6137.0,47.0
194079,11,1,,2019,4,17,3,3,5,3,0,1,1,0,0,0,0,0,"797341,6807","5831211,579","13,38626","52,54959",1033102.0,Gesundbrunnen,4363.0,22.0
194080,11,10,,2019,4,17,3,3,2,2,0,1,1,0,0,0,0,0,"809552,0767","5828021,983","13,5628","52,51421",10030724.0,Oberfeldstraße,7052.0,57.0
194081,11,7,,2019,4,17,3,3,2,6,0,0,1,0,0,0,0,0,"796369,2682","5815914,954","13,35836","52,413",7060604.0,Marienfelde Süd,3923.0,60.0
194082,11,2,,2019,4,18,3,2,5,2,0,1,0,0,0,0,1,0,"801247,5829","5827816,857","13,44061","52,51702",2040502.0,Friedenstraße,5253.0,35.0
194083,11,2,,2019,4,18,3,3,5,2,0,1,0,0,0,0,1,0,"801127,6921","5828576,18","13,43954","52,52389",2040502.0,Friedenstraße,5155.0,43.0
194084,11,6,,2019,4,18,3,3,5,2,0,0,1,0,1,0,0,0,"796058,6487","5818209,417","13,35584","52,43374",6020301.0,Alt-Lankwitz,3929.0,55.0
194085,11,1,,2019,4,19,3,3,6,4,0,0,1,1,0,0,0,0,"794426,8579","5828359,763","13,34087","52,52561",1022106.0,Elberfelder Straße,3756.0,4.0
194086,11,5,,2019,4,7,3,3,2,6,0,0,1,0,0,0,0,0,"785304,3314","5830024,56","13,2082","52,54539",5010311.0,Eiswerder,1762.0,53.0
194087,11,12,,2019,4,7,3,3,5,3,0,1,1,0,0,0,0,0,"792653,947","5835839,398","13,3214","52,59362",12301204.0,Wittenau Nord,3476.0,57.0
194088,11,4,,2019,4,19,3,2,5,3,1,1,1,0,0,0,0,0,"790854,8921","5823647,131","13,28425","52,48528",4041134.0,Bismarckallee,2844.0,55.0
194089,11,7,,2019,4,19,3,3,5,3,1,0,1,0,1,0,0,0,"797387,6484","5822615,66","13,37925","52,47252",7040401.0,Neu-Tempelhof,4240.0,51.0
194090,11,2,,2019,4,19,3,3,5,2,0,1,1,0,0,0,0,0,"797941,2205","5825259,338","13,38974","52,49591",2020202.0,Rathaus Yorckstraße,4447.0,16.0
194091,11,2,,2019,4,12,3,3,0,1,0,0,0,0,1,0,0,0,"798695,0322","5824676,757","13,40029","52,49028",2020204.0,Urbanstraße,4645.0,45.0
194092,11,5,,2019,4,15,3,3,2,6,0,0,1,0,0,0,0,0,"784628,5093","5828388,014","13,19686","52,53107",5020625.0,Borkumer Straße,1557.0,28.0
194093,11,1,,2019,4,17,3,3,2,6,0,1,0,0,0,0,0,0,"798266,1178","5828848,826","13,39773","52,52791",1011302.0,Oranienburger Straße,4556.0,46.0
194094,11,6,,2019,4,15,2,3,3,2,0,0,1,0,0,0,0,0,"795894,1504","5819892,084","13,35491","52,44891",6010205.0,Südende,3933.0,51.0
194095,11,6,,2019,4,6,2,3,0,2,0,1,1,0,0,0,0,1,"789072,4493","5815763,303","13,25125","52,41554",6030502.0,Zehlendorf Süd,2324.0,61.0
194096,11,3,,2019,4,21,2,3,5,3,2,1,0,0,0,0,1,0,"801385,0702","5830290,724","13,44487","52,53912",3061429.0,Greifswalder Straße,5260.0,59.0
194097,11,10,,2019,4,20,2,2,6,4,2,0,1,1,0,0,0,0,"810312,786","5831793,858","13,57749","52,54758",10010311.0,Landsberger Tor,7262.0,61.0
194098,11,4,,2019,4,8,2,3,2,6,0,0,1,0,0,0,0,1,"791241,468","5827470,591","13,29327","52,51935",4030415.0,Schloßgarten,3054.0,54.0
194099,11,2,,2019,4,18,2,2,6,4,0,0,1,1,0,0,0,0,"798611,6392","5825579,671","13,39987","52,49842",2010104.0,Wassertorplatz,4648.0,37.0
194100,11,9,,2019,4,18,2,2,5,3,0,1,1,0,0,0,0,0,"816911,788","5812168,967","13,65586","52,36793",9031202.0,Schmöckwitz/Rauchfangswerder,8410.0,65.0
194101,11,3,,2019,4,17,2,3,5,7,0,1,1,0,0,0,0,0,"795543,809","5835068,62","13,36325","52,58515",3040512.0,Wilhelmsruh,4073.0,63.0
194102,11,11,,2019,4,17,2,3,5,2,0,1,1,0,0,0,0,0,"803865,438","5826828,232","13,47817","52,50671",11040925.0,Victoriastadt,5750.0,59.0
194103,11,9,,2019,4,16,2,3,0,4,0,0,0,1,0,0,1,0,"804955,2088","5820711,685","13,48858","52,45128",9010302.0,Späthsfelde,5934.0,54.0
194104,11,3,,2019,4,16,2,3,1,5,0,1,1,0,0,0,0,0,"802399,2005","5831140,467","13,46055","52,54617",3050925.0,Komponistenviertel Weißensee,5562.0,61.0
194105,11,5,,2019,4,16,2,3,3,6,0,0,1,0,0,1,0,0,"784934,0731","5829388,15","13,20221","52,53988",5010314.0,Carl-Schurz-Straße,1660.0,30.0
194106,11,1,,2019,4,6,2,3,2,6,1,0,1,0,0,0,0,1,"795192,8587","5825865,055","13,34991","52,50283",7010102.0,Nollendorfplatz,3849.0,22.0
194107,11,8,,2019,4,7,2,3,5,3,0,0,1,0,0,0,0,1,"803803,4324","5821739,508","13,47262","52,46113",8010510.0,Gewerbegebiet Köllnische Heide,5637.0,57.0
194108,11,7,,2019,4,7,2,3,0,7,0,0,1,0,1,0,0,1,"793433,9737","5822274,186","13,32091","52,47159",7030301.0,Friedenau,3440.0,55.0
194109,11,3,,2019,4,8,2,3,6,4,0,0,1,1,0,0,0,1,"801170,2197","5832336,586","13,44357","52,55757",3050919.0,Gustav-Adolf-Straße,5265.0,58.0
194110,11,4,,2019,4,8,2,3,5,2,0,1,1,0,0,0,0,1,"793328,3693","5829772,175","13,32597","52,53887",4010102.0,Plötzensee,3560.0,52.0
194111,11,8,,2019,4,9,2,3,4,6,0,0,1,0,0,0,0,1,"801457,418","5823887,892","13,44014","52,48169",8010301.0,Reuterkiez,5243.0,34.0
194112,11,4,,2019,4,9,2,3,2,6,0,0,1,0,0,0,0,1,"790563,4161","5825415,56","13,28151","52,50129",4020314.0,Messegelände,2849.0,40.0
194113,11,2,,2019,4,9,2,3,6,4,0,0,1,1,0,0,0,1,"801491,1364","5828800,463","13,44508","52,5257",2040503.0,Richard-Sorge-Viertel,5256.0,48.0
194114,11,6,,2019,4,10,2,3,2,6,0,0,1,0,0,0,1,1,"792192,0885","5816617,198","13,29773","52,42154",6030607.0,Goerzwerke,3025.0,58.0
194115,11,12,,2019,4,10,2,3,2,1,0,0,1,0,0,0,0,1,"794990,3825","5833130,763","13,35339","52,56808",12103218.0,Teichstraße,3968.0,60.0
194116,11,12,,2019,4,10,2,2,5,2,0,0,1,0,0,0,0,1,"792353,6654","5834071,66","13,31542","52,57793",12304313.0,Borsigwalde,3371.0,40.0
194117,11,5,,2019,4,10,2,3,6,2,0,0,1,1,0,0,0,1,"782390,1614","5827029,101","13,16279","52,52005",5020523.0,Maulbeerallee,1054.0,55.0
194118,11,1,,2019,4,11,2,3,2,7,0,1,1,0,0,0,0,0,"796855,0637","5828221,086","13,37643","52,52305",1011301.0,Charitéviertel,4255.0,45.0
194119,11,2,,2019,4,13,2,3,5,3,0,1,1,0,0,0,0,1,"798823,744","5825589,569","13,403","52,49839",2010104.0,Wassertorplatz,4648.0,37.0
194120,11,10,,2019,4,13,2,3,0,4,0,0,1,1,0,0,0,0,"812225,3459","5830925,058","13,60479","52,5387",10020414.0,Helle Mitte,7660.0,47.0
194121,11,5,,2019,4,15,2,2,5,3,0,1,1,0,0,0,0,0,"782698,5198","5827487,572","13,16772","52,524",5020523.0,Maulbeerallee,1155.0,58.0
194122,11,10,,2019,4,15,2,2,6,7,0,0,1,1,0,0,0,0,"810181,9572","5833898,088","13,57754","52,56651",10010102.0,Havemannstraße,7268.0,62.0
194123,11,4,,2019,4,15,2,3,2,2,0,1,0,0,0,0,1,0,"788291,7877","5826880,581","13,2494","52,51563",4020204.0,Olympiagelände,2353.0,65.0
194124,11,9,,2019,4,16,2,3,5,7,0,0,1,0,0,0,0,0,"820737,7143","5819169,114","13,71857","52,42843",9051801.0,Rahnsdorf/Hessenwinkel,9327.0,65.0
194125,11,4,,2019,4,16,2,3,1,5,0,1,1,0,0,0,0,0,"793541,8764","5826333,133","13,32607","52,50792",4030623.0,Ernst-Reuter-Platz,3551.0,40.0
194126,11,1,,2019,4,8,2,3,1,5,0,1,0,0,0,1,0,1,"796859,8799","5831342,505","13,37929","52,55103",1033203.0,Humboldthain Nordwest,4263.0,51.0
194127,11,6,,2019,4,7,2,3,0,3,0,0,1,0,1,0,0,1,"790050,9157","5819428,511","13,26877","52,44789",6040808.0,Hüttenweg,2633.0,63.0
194128,11,12,,2019,4,6,2,3,2,2,1,0,1,0,1,0,0,1,"795781,2846","5832577,624","13,36453","52,56269",12103117.0,Letteplatz,4067.0,9.0
194129,11,4,,2019,4,9,2,2,8,1,0,1,0,0,0,0,0,1,"791441,9611","5826032,31","13,29495","52,50635",4030725.0,Amtsgerichtsplatz,3050.0,39.0
194130,11,2,,2019,4,8,2,3,0,1,0,0,0,0,1,0,0,1,"801281,5199","5828753,661","13,44196","52,5254",2040501.0,Barnimkiez,5256.0,48.0
194131,11,4,,2019,4,6,2,3,0,1,0,0,0,0,1,0,0,1,"794229,978","5825418,116","13,33537","52,49935",4051448.0,Schaperstraße,3648.0,35.0
194132,11,1,,2019,4,17,1,3,0,1,0,1,0,0,0,0,0,0,"798351,1314","5829393,416","13,39947","52,53274",1011402.0,Arkonaplatz,4558.0,14.0
194133,11,1,,2019,4,21,1,3,0,7,2,0,0,0,0,1,1,0,"795588,2816","5830805,847","13,36011","52,54691",1044201.0,Reinickendorfer Straße,4062.0,45.0
194134,11,1,,2019,4,23,1,3,5,2,2,1,1,0,0,0,0,0,"794568,984","5828331,74","13,34293","52,52528",1022106.0,Elberfelder Straße,3756.0,4.0
194135,11,11,,2019,4,18,1,3,1,5,0,1,1,0,0,0,0,0,"805558,2177","5825985,845","13,50226","52,49821",11041128.0,Sewanstraße,6148.0,63.0
194136,11,11,,2019,4,17,1,3,4,6,0,0,1,0,0,0,0,0,"806874,6864","5832658,617","13,52775","52,55728",11010205.0,Falkenberg West,6565.0,55.0
194137,11,2,,2019,4,16,1,3,5,3,0,0,1,0,0,0,0,0,"799552,814","5824898,452","13,41308","52,49179",2020206.0,Graefekiez,4746.0,53.0
194138,11,8,,2019,4,14,1,3,0,6,0,0,1,0,1,0,0,0,"802965,5705","5822502,309","13,46102","52,46843",8010510.0,Gewerbegebiet Köllnische Heide,5539.0,57.0
194139,11,11,,2019,4,13,1,3,5,2,0,1,0,0,0,0,1,0,"805154,7897","5831640,191","13,50152","52,54911",11020412.0,Hauptstraße,6163.0,63.0
194140,11,2,,2019,4,8,1,3,1,5,0,1,1,0,0,0,0,1,"800002,594","5825388,233","13,42013","52,49594",2020206.0,Graefekiez,4947.0,51.0
194141,11,2,,2019,4,11,1,3,5,2,0,0,1,0,0,0,0,0,"799220,3084","5825991,083","13,40918","52,50177",2010103.0,Moritzplatz,4749.0,23.0
194142,11,11,,2019,4,13,1,3,0,1,0,0,0,0,1,0,0,0,"803910,7516","5828363,453","13,48024","52,52044",11030721.0,Rüdigerstraße,5754.0,53.0
194143,11,2,,2019,4,17,7,3,5,7,0,1,1,0,0,0,0,0,"801108,7954","5825448,782","13,43643","52,49587",2030401.0,Reichenberger Straße,5147.0,55.0
194144,11,8,,2019,4,0,7,3,6,2,2,0,1,1,0,0,0,1,"801308,0781","5823824,726","13,43789","52,4812",8010303.0,Donaustraße,5143.0,6.0
194145,11,7,,2019,4,21,7,3,2,6,2,0,1,0,0,0,0,0,"798176,0185","5818951,46","13,38755","52,43924",7050502.0,Fritz-Werner-Straße,4430.0,31.0
194146,11,6,,2019,4,15,7,3,0,7,0,1,0,0,0,0,0,0,"789105,0675","5815565,294","13,25155","52,41375",6030502.0,Zehlendorf Süd,2323.0,65.0
194147,11,1,,2019,4,0,7,3,5,3,2,1,1,0,0,0,0,1,"799063,7938","5828982,661","13,40957","52,52867",1011302.0,Oranienburger Straße,4757.0,11.0
194148,11,4,,2019,4,16,7,3,3,6,0,1,1,0,0,0,0,0,"792920,0836","5825526,827","13,31623","52,50103",4030930.0,George-Grosz-Platz,3349.0,12.0
194149,11,1,,2019,4,15,7,3,5,3,0,1,0,0,0,0,0,0,"795046,8451","5829939,971","13,35138","52,53944",1044202.0,Sparrplatz,3860.0,55.0
194150,11,4,,2019,4,14,7,3,5,2,0,1,1,0,0,0,0,0,"792081,3667","5826801,406","13,30502","52,5129",4030622.0,Richard-Wagner-Straße,3152.0,19.0
194151,11,9,,2019,4,14,7,3,4,6,0,1,0,0,0,0,0,0,"810864,4215","5820305,408","13,57488","52,44431",9041501.0,Altstadt Kietz,7232.0,31.0
194152,11,5,,2019,4,13,7,3,2,6,0,0,1,0,0,0,0,0,"787500,9366","5829892,06","13,24039","52,54305",5030731.0,Gartenfelder Straße,2261.0,57.0
194153,11,3,,2019,4,13,7,3,5,2,0,1,0,0,0,0,1,0,"799212,7943","5831806,193","13,4143","52,5539",3061126.0,Arnimplatz,4864.0,14.0
194154,11,7,,2019,4,13,7,3,5,2,0,1,0,0,1,0,0,0,"797897,0474","5823993,004","13,38796","52,48458",7040401.0,Neu-Tempelhof,4444.0,62.0
194155,11,1,,2019,4,12,7,3,6,4,0,0,0,1,0,1,0,0,"794665,4198","5831462,944","13,34712","52,5533",1044101.0,Rehberge,3864.0,60.0
194156,11,8,,2019,4,11,7,3,0,2,0,1,1,0,0,0,0,0,"800657,3573","5824525,239","13,42897","52,48784",8010301.0,Reuterkiez,5045.0,46.0
194157,11,11,,2019,4,10,7,3,6,2,0,0,1,1,0,0,0,0,"805181,9179","5827914,561","13,4985","52,51571",11030721.0,Rüdigerstraße,6053.0,51.0
194158,11,12,,2019,4,8,7,2,3,6,0,1,0,0,0,0,0,0,"789581,8513","5839728,279","13,27958","52,63013",12231102.0,Frohnau,2886.0,60.0
194159,11,3,,2019,4,3,7,3,0,1,2,0,1,0,0,0,0,1,"802720,7701","5831745,098","13,46583","52,55141",3050925.0,Komponistenviertel Weißensee,5563.0,50.0
194160,11,11,,2019,4,23,7,3,0,1,2,1,0,0,0,0,0,0,"804212,5482","5829057,891","13,48531","52,5265",11030619.0,Fennpfuhl Ost,5856.0,52.0
194161,11,3,,2019,4,9,6,3,5,2,0,1,1,0,0,0,0,0,"799178,6146","5831110,502","13,41318","52,54768",3061131.0,Falkplatz,4762.0,48.0
194162,11,9,,2019,4,17,6,3,5,3,0,1,1,0,0,0,0,0,"804745,6067","5822303,526","13,48696","52,46566",9010301.0,Baumschulenstraße,5838.0,58.0
194163,11,1,,2019,4,23,6,3,5,2,2,1,0,0,1,0,0,0,"797688,1972","5829240,419","13,38958","52,53173",1011401.0,Invalidenstraße,4458.0,48.0
194164,11,2,,2019,4,20,6,3,5,2,1,1,1,0,0,0,0,0,"799990,1634","5826204,586","13,42068","52,50326",2030301.0,Oranienplatz,4949.0,42.0
194165,11,3,,2019,4,20,6,3,5,3,0,1,1,0,0,0,0,0,"797413,379","5833970,934","13,38978","52,57429",3040513.0,Schönholz,4470.0,56.0
194166,11,8,,2019,4,19,6,3,2,6,1,0,1,0,0,0,0,0,"801284,5059","5819668,198","13,43379","52,44396",8020622.0,Parchimer Allee,5132.0,38.0
194167,11,3,,2019,4,18,6,3,5,3,0,1,1,0,0,0,0,0,"799550,5591","5835429,366","13,42254","52,58619",3020210.0,Herthaplatz,4973.0,61.0
194168,11,6,,2019,4,18,6,3,5,5,0,1,1,0,0,0,0,0,"792374,891","5820852,956","13,30412","52,45942",6040810.0,Dahlem,3136.0,49.0
194169,11,12,,2019,4,22,6,3,1,5,2,0,1,0,0,0,0,0,"792324,9462","5837248,083","13,3178","52,60642",12301205.0,Waidmannslust,3379.0,65.0
194170,11,8,,2019,4,20,6,2,5,2,0,0,1,0,0,0,0,0,"802479,1545","5820699,096","13,45225","52,45254",8020619.0,Buschkrugallee Nord,5334.0,54.0
194171,11,4,,2019,4,9,6,3,5,3,0,1,1,0,0,0,0,0,"792400,8931","5825062,973","13,30819","52,49715",4051446.0,Preußenpark,3247.0,45.0
194172,11,7,,2019,4,8,6,3,0,7,0,0,1,0,0,0,1,0,"797451,8596","5820558,382","13,37836","52,45404",7040403.0,Manteuffelstraße,4235.0,48.0
194173,11,3,,2019,4,7,6,3,1,5,0,1,0,0,0,0,1,0,"800444,4647","5829725,867","13,43054","52,53457",3071638.0,Winsstraße,5058.0,45.0
194174,11,1,,2019,4,7,6,3,1,5,0,1,1,0,0,0,0,0,"796850,6254","5826159,049","13,37452","52,50457",1011105.0,Nördlicher Landwehrkanal,4250.0,52.0
194175,11,7,,2019,4,9,6,3,1,5,0,1,1,0,0,0,0,0,"796400,4461","5824750,77","13,36666","52,49219",7010104.0,Dennewitzplatz,4146.0,50.0
194176,11,1,,2019,4,10,6,3,3,6,0,0,1,0,0,1,0,0,"793948,0185","5830111,574","13,33538","52,54157",1044101.0,Rehberge,3660.0,50.0
194177,11,4,,2019,4,12,6,3,5,3,0,1,0,0,1,0,0,0,"791185,055","5826502,927","13,29159","52,51071",4030417.0,Schloßstraße,2951.0,33.0