OBJECTID,LAND,BEZ,LOR_ab_2021,UJAHR,UMONAT,USTUNDE,UWOCHENTAG,UKATEGORIE,UART,UTYP1,ULICHTVERH,IstRad,IstPKW,IstFuss,IstKrad,IstGkfz,IstSonstige,USTRZUSTAND,LINREFX,LINREFY,XGCSWGS84,YGCSWGS84,LOR,STRASSE,quadrant,quadrant_rank
194178,11,2,,2019,4,12,6,3,5,2,0,1,1,0,0,0,0,0,"803578,9822","5827251,877","13,47435","52,51066",2050801.0,Traveplatz,5751.0,57.0
194179,11,1,,2019,4,14,6,3,5,3,0,0,1,0,0,1,0,0,"797959,8412","5827080,318","13,39164","52,51222",1011203.0,Unter den Linden Süd,4452.0,21.0
194180,11,5,,2019,4,14,6,3,2,6,0,0,1,0,0,0,0,0,"786439,3415","5831084,346","13,2258","52,55429",5030730.0,Zitadellenweg,2064.0,55.0
194181,11,4,,2019,4,14,6,3,3,6,0,1,1,0,0,0,0,0,"789804,4801","5826344,368","13,27117","52,51002",4020311.0,Reichsstraße,2651.0,45.0
194182,11,4,,2019,4,14,6,3,3,6,0,1,1,0,0,0,0,0,"792146,214","5826474,891","13,30569","52,50994",4030827.0,Karl-August-Platz,3251.0,57.0
194183,11,10,,2019,4,15,6,3,2,6,0,0,1,0,0,0,0,0,"806289,7591","5830171,449","13,51686","52,53531",11030720.0,Herzbergstraße,6359.0,27.0
194184,11,1,,2019,4,17,6,3,1,5,0,1,1,0,0,0,0,0,"794260,5912","5828452,536","13,3385","52,52653",1022104.0,Emdener Straße,3656.0,44.0
194185,11,9,,2019,4,16,6,3,2,6,0,0,1,0,0,0,1,0,"810015,3674","5816020,722","13,55846","52,40639",9031001.0,Bohnsdorf,6921.0,65.0
194186,11,3,,2019,4,16,6,3,6,4,0,0,1,1,0,0,0,0,"799899,7069","5830608,422","13,42332","52,54278",3061332.0,Helmholtzplatz,4961.0,45.0
194187,11,6,,2019,4,16,6,3,5,3,0,1,1,0,0,0,0,0,"790839,9497","5817584,754","13,27875","52,43094",6030504.0,Teltower Damm,2828.0,57.0
194188,11,8,,2019,4,16,6,3,2,6,0,0,1,0,0,0,0,0,"800684,9757","5824989,945","13,42979","52,49199",8010301.0,Reuterkiez,5046.0,45.0
194189,11,6,,2019,4,17,6,3,2,6,0,0,1,0,1,0,0,0,"793299,1418","5818922,562","13,31599","52,44162",6030609.0,Augustaplatz,3331.0,61.0
194190,11,8,,2019,4,17,6,3,5,2,0,0,1,0,0,0,0,0,"800663,8472","5824386,211","13,42894","52,48659",8010301.0,Reuterkiez,5044.0,14.0
194191,11,7,,2019,4,13,6,3,1,5,0,0,1,0,0,0,0,0,"794540,318","5822679,555","13,33751","52,47463",7030301.0,Friedenau,3641.0,57.0
194192,11,10,,2019,4,11,5,3,5,3,0,1,1,0,0,0,0,0,"813472,0452","5824893,868","13,61743","52,48394",10040933.0,Mahlsdorf Süd,7844.0,65.0
194193,11,10,,2019,4,20,5,3,0,2,1,0,1,0,0,0,1,0,"812237,6057","5830686,518","13,60475","52,53655",10020414.0,Helle Mitte,7659.0,42.0
194194,11,7,,2019,4,12,5,3,5,3,0,1,1,0,0,0,0,0,"796576,6901","5824829,316","13,36932","52,4928",7010104.0,Dennewitzplatz,4146.0,50.0
194195,11,4,,2019,4,16,5,3,6,2,0,0,1,1,0,0,0,0,"789726,5398","5826409,797","13,27008","52,51065",4020311.0,Reichsstraße,2651.0,45.0
194196,11,4,,2019,4,18,5,3,3,6,0,0,1,0,0,1,0,0,"790411,0545","5825795,998","13,2796","52,50478",4020314.0,Messegelände,2850.0,46.0
194197,11,7,,2019,4,18,5,3,2,2,0,0,1,0,0,0,0,0,"796144,2381","5820776,295","13,35937","52,4567",7040402.0,Lindenhofsiedlung,3936.0,50.0
194198,11,8,,2019,4,17,5,3,2,6,0,0,1,0,1,0,0,0,"801602,1252","5817444,888","13,43644","52,42386",8020727.0,Buckow Mitte,5126.0,38.0
194199,11,7,,2019,4,7,5,3,6,4,0,0,1,1,0,0,0,0,"796015,2328","5825137,69","13,36134","52,49587",7010104.0,Dennewitzplatz,4047.0,22.0
194200,11,7,,2019,4,6,5,3,3,6,0,0,1,0,0,0,0,0,"798649,5398","5820508,38","13,39589","52,45294",7050503.0,Eisenacher Straße,4534.0,61.0
194201,11,3,,2019,4,17,5,3,1,5,0,1,1,0,0,0,0,0,"799327,0936","5830077,249","13,41443","52,53834",3071537.0,Kollwitzplatz,4859.0,52.0
194202,11,7,,2019,4,16,5,3,0,3,0,0,1,0,1,0,0,0,"796820,3246","5820139,648","13,36872","52,45063",7040404.0,Marienhöhe,4134.0,59.0
194203,11,5,,2019,4,16,5,3,0,3,0,0,1,0,0,0,1,0,"785563,3451","5826155,458","13,20868","52,51056",5020629.0,Börnicker Straße,1751.0,61.0
194204,11,2,,2019,4,16,5,3,5,1,0,0,1,0,1,0,0,0,"801458,406","5827274,313","13,44322","52,51204",2040703.0,Wriezener Bahnhof/Entwicklungsgebiet,5252.0,55.0
194205,11,9,,2019,4,16,5,2,5,3,0,1,1,0,0,0,0,0,"809656,3168","5821501,986","13,55827","52,45572",9051901.0,Dammvorstadt,6935.0,43.0
194206,11,4,,2019,4,16,5,3,0,4,0,1,0,1,0,0,0,0,"790788,1732","5824798,841","13,28427","52,49564",4041134.0,Bismarckallee,2847.0,41.0
194207,11,3,,2019,4,15,5,2,5,3,0,1,1,0,0,0,0,0,"800516,6052","5836163,158","13,43743","52,59223",3020307.0,Buchholz,5175.0,62.0
194208,11,4,,2019,4,16,5,3,2,6,0,0,1,0,0,0,0,0,"793930,953","5825041,733","13,33065","52,49613",4051448.0,Schaperstraße,3547.0,43.0
194209,11,6,,2019,4,15,5,3,5,2,0,1,1,0,0,0,0,0,"788224,898","5818882,666","13,24151","52,44396",6040804.0,Krumme Lanke,2232.0,63.0
194210,11,9,,2019,4,15,5,3,3,6,0,0,1,0,1,0,0,0,"810530,6137","5820315,245","13,57","52,44459",9020802.0,Köllnische Vorstadt,7132.0,48.0
194211,11,2,,2019,4,5,5,2,2,6,0,1,1,0,0,0,0,0,"801830,3115","5828987,959","13,45023","52,52719",2050601.0,Hausburgviertel,5356.0,13.0
194212,11,1,,2019,4,15,5,3,2,2,0,1,1,0,0,0,0,0,"799248,351","5828469,191","13,41182","52,52397",1011303.0,Alexanderplatzviertel,4755.0,4.0
194213,11,11,,2019,4,13,5,3,5,5,0,1,1,0,0,0,1,0,"803513,5106","5826456,442","13,47266","52,50357",11040925.0,Victoriastadt,5649.0,33.0
194214,11,9,,2019,4,12,5,2,5,3,0,1,1,0,0,0,0,0,"811636,2127","5820017,711","13,58593","52,44129",9041501.0,Altstadt Kietz,7331.0,39.0
194215,11,3,,2019,4,12,5,3,5,3,0,1,0,0,0,0,1,0,"801579,3545","5836356,045","13,45324","52,59337",3030711.0,Blankenburg,5376.0,65.0
194216,11,9,,2019,4,12,5,3,0,3,0,1,1,0,0,0,0,0,"811639,6673","5818610,11","13,58467","52,42868",9041301.0,Kietzer Feld/Nachtheide,7327.0,63.0
194217,11,5,,2019,4,12,5,3,5,3,0,0,1,0,1,0,0,0,"780885,8714","5829128,976","13,14246","52,53965",5020415.0,Isenburger Weg,760.0,65.0
194218,11,2,,2019,4,12,5,3,5,2,0,0,1,0,1,0,0,0,"801864,804","5828982,56","13,45074","52,52713",2050601.0,Hausburgviertel,5356.0,13.0
194219,11,7,,2019,4,11,5,3,5,3,0,1,1,0,0,0,0,0,"794736,482","5825538,538","13,34292","52,50015",7010101.0,Wittenbergplatz/Viktoria-Luise-Platz,3748.0,42.0
194220,11,3,,2019,4,10,5,3,3,6,0,1,1,0,0,0,0,0,"801269,9545","5831848,101","13,44459","52,55314",3050923.0,Weißenseer Spitze,5264.0,60.0
194221,11,9,,2019,4,9,5,3,5,2,0,1,0,0,0,1,0,0,"807686,6878","5817735,954","13,52591","52,42308",9030901.0,Dorf Altglienicke,6426.0,51.0
194222,11,8,,2019,4,9,5,3,1,5,0,1,1,0,0,0,0,0,"801498,0457","5824692,06","13,44146","52,48887",8010302.0,Bouchéstraße,5245.0,60.0
194223,11,12,,2019,4,9,5,3,0,6,0,0,0,0,0,0,1,0,"793465,3911","5836104,558","13,33358","52,59556",12301203.0,Wittenau Süd,3676.0,38.0
194224,11,3,,2019,4,9,5,3,5,2,0,1,1,0,0,0,0,0,"801855,7578","5832900,487","13,45416","52,56225",3050919.0,Gustav-Adolf-Straße,5466.0,58.0
194225,11,7,,2019,4,8,5,3,5,3,0,1,1,0,0,0,0,0,"795395,8201","5821210,634","13,34877","52,461",7030303.0,Grazer Platz,3837.0,64.0
194226,11,1,,2019,4,8,5,3,5,3,0,1,1,0,0,0,0,0,"798589,419","5829514,15","13,40308","52,5337",1011402.0,Arkonaplatz,4658.0,28.0
194227,11,2,,2019,4,13,5,3,1,7,0,0,1,0,0,0,0,0,"801001,6775","5825499,645","13,4349","52,49639",2030401.0,Reichenberger Straße,5147.0,55.0
194228,11,3,,2019,4,16,5,3,5,7,0,1,1,0,0,0,0,0,"801841,191","5830733,662","13,45198","52,54283",3061429.0,Greifswalder Straße,5361.0,59.0
194229,11,5,,2019,4,20,4,3,1,1,2,0,1,0,0,0,0,0,"786652,7915","5830453,765","13,2284","52,54853",5030730.0,Zitadellenweg,2062.0,63.0
194230,11,5,,2019,4,20,4,2,5,3,2,0,1,0,1,0,0,0,"782818,7088","5830395,794","13,17196","52,55001",5010209.0,An der Kappe,1263.0,61.0
194231,11,9,,2019,4,16,4,3,0,3,0,1,1,0,0,0,0,0,"820200,6077","5819629,404","13,71114","52,43287",9051801.0,Rahnsdorf/Hessenwinkel,9229.0,65.0
194232,11,2,,2019,4,22,4,3,6,2,2,0,1,1,0,0,0,0,"799599,2407","5825844,639","13,41462","52,50025",2010103.0,Moritzplatz,4848.0,3.0
194233,11,9,,2019,4,11,4,3,0,3,0,0,1,0,0,0,0,0,"809216,4716","5823033,017","13,55324","52,46969",9052001.0,Köpenick Nord,6839.0,56.0
194234,11,1,,2019,4,11,4,3,2,6,0,0,1,0,1,0,0,0,"796222,0713","5828479,488","13,36736","52,52571",1022206.0,Lüneburger Straße,4156.0,34.0
194235,11,1,,2019,4,20,4,3,5,3,2,0,1,0,0,0,1,0,"793686,5861","5832251,554","13,33343","52,5609",1044101.0,Rehberge,3666.0,49.0
194236,11,4,,2019,4,5,4,3,6,2,1,1,0,1,0,0,0,0,"792875,9004","5824340,117","13,31453","52,49041",4051446.0,Preußenpark,3345.0,42.0
194237,11,2,,2019,4,20,4,3,5,3,1,1,0,0,0,0,0,0,"797956,2256","5824572,259","13,38935","52,48974",2020205.0,Chamissokiez,4445.0,43.0
194238,11,7,,2019,4,22,4,3,3,6,2,0,1,0,0,0,0,0,"795859,9075","5823156,402","13,3573","52,47819",7020204.0,Schöneberger Insel,3942.0,35.0
194239,11,1,,2019,4,21,4,3,5,7,2,0,1,0,1,0,0,0,"794737,4757","5826038,095","13,34337","52,50463",1011101.0,Stülerstraße,3750.0,33.0
194240,11,4,,2019,4,20,4,3,5,3,1,1,1,0,0,0,0,0,"792956,8541","5825541,968","13,31678","52,50114",4030930.0,George-Grosz-Platz,3349.0,12.0
194241,11,6,,2019,4,18,4,3,3,6,0,1,1,0,0,0,0,0,"791446,323","5819340,096","13,28917","52,44635",6040809.0,Thielallee,2933.0,65.0
194242,11,7,,2019,4,18,4,3,0,6,0,1,0,0,0,0,1,0,"795851,7939","5822567,074","13,35666","52,47291",7030303.0,Grazer Platz,3940.0,61.0
194243,11,5,,2019,4,17,4,3,6,7,0,0,1,1,0,0,0,0,"784859,9298","5829533,696","13,20124","52,54122",5010313.0,Ackerstraße,1660.0,30.0
194244,11,6,,2019,4,20,4,3,1,1,1,0,1,0,0,0,0,0,"790476,5668","5817557,308","13,27339","52,43089",6030503.0,Zehlendorf Mitte,2728.0,63.0
194245,11,1,,2019,4,13,4,3,0,1,0,1,0,0,0,0,0,0,"795945,711","5825827,545","13,36094","52,50209",1011103.0,Lützowstraße,4049.0,39.0
194246,11,3,,2019,4,17,4,3,1,1,0,0,1,0,1,0,0,0,"800483,2138","5836390,306","13,43714","52,59429",3020307.0,Buchholz,5176.0,64.0
194247,11,7,,2019,4,17,4,3,2,6,0,0,1,0,0,0,0,0,"798893,7152","5821134,063","13,40003","52,45841",7040405.0,Rathaus Tempelhof,4636.0,53.0
194248,11,10,,2019,4,12,4,3,2,6,0,0,1,0,1,0,0,0,"812197,9682","5830919,895","13,60438","52,53867",10020414.0,Helle Mitte,7660.0,47.0
194249,11,2,,2019,4,12,4,3,2,7,0,0,1,0,0,0,1,0,"800984,3166","5828251,911","13,43714","52,52106",2040502.0,Friedenstraße,5154.0,55.0
194250,11,11,,2019,4,16,4,3,6,4,0,0,1,1,0,0,0,0,"804578,0699","5829087,519","13,4907","52,52656",11030720.0,Herzbergstraße,5956.0,61.0
194251,11,1,,2019,4,13,4,3,1,5,0,1,1,0,0,0,0,0,"798437,707","5829159,231","13,40053","52,5306",1011401.0,Invalidenstraße,4657.0,9.0
194252,11,2,,2019,4,13,4,3,5,2,0,1,1,0,0,0,0,0,"801765,0173","5826249,193","13,44679","52,50268",2040703.0,Wriezener Bahnhof/Entwicklungsgebiet,5249.0,5.0
194253,11,5,,2019,4,13,4,3,5,2,0,0,1,0,0,0,0,0,"784662,6664","5829704,043","13,19849","52,54285",5010313.0,Ackerstraße,1661.0,51.0
194254,11,1,,2019,4,15,4,3,5,3,0,1,1,0,0,0,0,0,"798582,1308","5829513,656","13,40297","52,5337",1011402.0,Arkonaplatz,4658.0,28.0
194255,11,1,,2019,4,15,4,3,5,2,0,1,1,0,0,0,0,0,"793952,8586","5830171,198","13,3355","52,54211",1044101.0,Rehberge,3661.0,43.0
194256,11,1,,2019,4,10,4,3,5,2,0,0,1,0,0,0,1,0,"798079,604","5829993,131","13,39601","52,53827",1033201.0,Brunnenstraße,4559.0,31.0
194257,11,11,,2019,4,10,4,3,2,2,0,1,0,0,0,0,1,0,"803334,8062","5826303,637","13,4699","52,5023",11051229.0,Rummelsburg,5649.0,33.0
194258,11,1,,2019,4,10,4,3,6,2,0,1,0,1,0,0,0,0,"797079,7622","5828184,997","13,3797","52,52261",1011301.0,Charitéviertel,4355.0,53.0
194259,11,5,,2019,4,9,4,3,2,6,0,0,1,0,0,0,0,0,"784586,6278","5829180,428","13,19692","52,5382",5010314.0,Carl-Schurz-Straße,1559.0,52.0
194260,11,10,,2019,4,8,4,3,5,2,0,1,1,0,0,0,0,0,"809117,8859","5829716,913","13,558","52,52964",10030724.0,Oberfeldstraße,6957.0,63.0
194261,11,3,,2019,4,6,4,3,2,2,0,0,1,0,0,0,0,0,"799387,9321","5835264,099","13,42","52,5848",3040614.0,Pankow Zentrum,4973.0,61.0
194262,11,8,,2019,4,17,4,3,1,2,0,0,1,1,0,0,1,0,"800479,9787","5823616,033","13,42554","52,47979",8010117.0,Schillerpromenade,4942.0,18.0
194263,11,7,,2019,4,14,3,3,5,2,0,1,1,0,0,0,0,0,"798730,812","5821869,15","13,3983","52,46509",7040405.0,Rathaus Tempelhof,4538.0,53.0
194264,11,3,,2019,4,21,3,3,6,4,2,1,1,1,0,0,0,0,"800914,8682","5830713,172","13,43834","52,54316",3061228.0,Erich-Weinert-Straße,5161.0,52.0
194265,11,12,,2019,4,21,3,3,2,2,2,0,1,0,0,0,0,0,"790731,0245","5835265,945","13,29259","52,58951",12304314.0,Ziekowstraße/Freie Scholle,3074.0,65.0
194266,11,1,,2019,4,21,3,3,0,7,2,0,0,0,1,0,0,0,"797927,969","5829908,712","13,39371","52,53759",1033202.0,Humboldthain Süd,4559.0,31.0
194267,11,11,,2019,4,10,3,3,5,2,0,0,1,0,1,0,0,0,"806095,1541","5834571,353","13,51805","52,57486",11010102.0,Dorf Wartenberg,6370.0,63.0
194268,11,4,,2019,4,10,3,3,5,3,0,1,1,0,0,0,0,0,"791665,3445","5830679,34","13,30231","52,54789",4010102.0,Plötzensee,3162.0,49.0
194269,11,9,,2019,4,20,3,3,5,2,2,0,1,0,0,0,0,0,"808977,0649","5818113,376","13,54518","52,42573",9020701.0,Adlershof West,6727.0,55.0
194270,11,12,,2019,4,10,3,3,2,2,0,0,1,0,0,0,0,0,"792927,309","5837087,05","13,32653","52,60466",12302211.0,Lübarser Straße,3579.0,64.0
194271,11,5,,2019,4,12,3,3,2,6,0,0,1,0,0,0,0,0,"784789,0412","5828838,99","13,1996","52,53503",5010314.0,Carl-Schurz-Straße,1658.0,8.0
194272,11,4,,2019,4,17,3,3,5,2,0,0,1,0,1,0,0,0,"792055,444","5822456,13","13,30083","52,47396",4041342.0,Schlangenbader Straße,3141.0,61.0
194273,11,5,,2019,4,10,3,3,8,1,0,0,1,0,0,0,0,0,"782120,7773","5827991,353","13,15965","52,52882",5020417.0,Staakener Straße,1057.0,65.0
194274,11,1,,2019,4,9,3,3,5,3,0,1,1,0,0,0,0,0,"796957,4239","5826860,907","13,37672","52,5108",1011201.0,Wilhelmstraße,4251.0,2.0
194275,11,7,,2019,4,9,3,3,0,2,0,0,1,0,0,0,1,0,"795525,365","5823858,672","13,35302","52,48467",7020203.0,Kaiser-Wilhelm-Platz,3944.0,21.0
194276,11,4,,2019,4,9,3,2,5,2,0,1,1,0,0,0,0,0,"794163,004","5826986,618","13,33577","52,51344",4030621.0,Spreestadt,3652.0,54.0
194277,11,3,,2019,4,8,3,3,5,2,0,0,1,0,0,0,0,0,"800221,7068","5831191,252","13,42858","52,54783",3061228.0,Erich-Weinert-Straße,5062.0,44.0
194278,11,3,,2019,4,9,3,3,2,6,0,0,0,0,1,0,1,0,"801741,4495","5830058,95","13,4499","52,53684",3061430.0,Volkspark Prenzlauer Berg,5359.0,51.0
194279,11,4,,2019,4,9,3,3,3,6,0,0,1,0,0,0,0,0,"794171,2948","5825334,072","13,33443","52,49863",4051448.0,Schaperstraße,3648.0,35.0
194280,11,3,,2019,4,8,3,3,5,3,0,0,1,0,0,0,0,0,"801991,3283","5832821,039","13,45609","52,56146",3050919.0,Gustav-Adolf-Straße,5466.0,58.0
194281,11,5,,2019,4,8,3,2,5,2,0,0,1,0,1,0,0,0,"780081,9237","5830182,741","13,13152","52,54952",5010205.0,An der Tränke,663.0,63.0
194282,11,5,,2019,4,8,3,3,5,7,0,0,1,0,1,0,0,0,"785448,3156","5828608,739","13,2091","52,53262",5010314.0,Carl-Schurz-Straße,1758.0,63.0
194283,11,1,,2019,4,8,3,2,5,3,0,1,1,0,0,0,0,0,"796541,3588","5829874,363","13,37329","52,53804",1033203.0,Humboldthain Nordwest,4259.0,40.0
194284,11,5,,2019,4,7,3,3,5,2,0,1,0,0,0,0,1,0,"784734,2423","5828588,874","13,19858","52,53281",5020625.0,Borkumer Straße,1658.0,8.0
194285,11,9,,2019,4,6,3,3,5,3,0,1,1,0,0,0,0,0,"805715,2015","5823995,11","13,50274","52,48028",9020501.0,Oberschöneweide West,6142.0,65.0
194286,11,2,,2019,4,11,3,2,2,6,0,0,1,0,1,0,0,0,"797373,2477","5824874,809","13,38105","52,49277",2020203.0,Viktoriapark,4346.0,53.0
194287,11,4,,2019,4,11,3,3,5,2,0,1,1,0,0,0,0,0,"792600,8069","5823072,879","13,30938","52,4792",4041239.0,Stadion Wilmersdorf,3242.0,39.0
194288,11,1,,2019,4,11,3,3,5,2,0,0,1,0,0,0,0,0,"794906,5318","5828293,701","13,34786","52,52476",1022204.0,Thomasiusstraße,3855.0,43.0
194289,11,5,,2019,4,12,3,3,2,7,0,1,1,0,0,0,0,0,"781715,5641","5829145,928","13,15467","52,53938",5020417.0,Staakener Straße,960.0,65.0
194290,11,8,,2019,4,12,3,3,0,7,0,0,1,0,0,0,0,0,"801181,5049","5820594,769","13,43311","52,45232",8020620.0,Tempelhofer Weg,5034.0,59.0
194291,11,12,,2019,4,12,3,3,2,6,0,0,1,0,0,0,0,0,"792067,133","5832942,138","13,31021","52,56796",12214422.0,Klixstraße,3268.0,42.0
194292,11,9,,2019,4,13,3,3,2,6,0,0,1,0,0,0,0,0,"809338,0593","5822682,147","13,5547","52,46648",9052001.0,Köpenick Nord,6938.0,65.0
194293,11,4,,2019,4,14,3,3,0,7,0,0,1,0,0,0,1,0,"793331,818","5824306,102","13,3212","52,48986",4051550.0,Leon-Jessel-Platz,3445.0,43.0
194294,11,7,,2019,4,13,3,3,2,6,0,0,1,0,0,0,1,0,"799059,6851","5819743,743","13,40122","52,44586",7050503.0,Eisenacher Straße,4632.0,59.0
194295,11,4,,2019,4,14,3,3,1,5,0,1,1,0,0,0,0,0,"792154,185","5827256,586","13,30649","52,51694",4030622.0,Richard-Wagner-Straße,3253.0,43.0
194296,11,8,,2019,4,14,3,3,0,6,0,0,1,0,1,0,0,0,"802520,0362","5823137,956","13,45506","52,47438",8010404.0,Rixdorf,5441.0,34.0
194297,11,5,,2019,4,15,3,3,2,6,0,0,1,0,0,0,0,0,"781126,8621","5820046,881","13,13833","52,45809",5040936.0,Jägerallee,736.0,65.0
194298,11,4,,2019,4,15,3,3,6,4,0,0,1,1,0,0,0,0,"793054,1234","5825234,726","13,31794","52,49834",4051446.0,Preußenpark,3348.0,36.0
194299,11,9,,2019,4,16,3,2,5,2,0,1,1,0,0,0,0,0,"814209,9275","5821928,129","13,62547","52,45694",9051702.0,Bölschestraße,7936.0,55.0
194300,11,1,,2019,4,16,3,3,5,3,0,1,1,0,0,0,0,0,"798658,8791","5828820,445","13,40348","52,52744",1011302.0,Oranienburger Straße,4656.0,41.0
194301,11,1,,2019,4,16,3,3,5,2,0,0,1,0,1,0,0,0,"794405,322","5827596,943","13,33987","52,51879",1022207.0,Hansaviertel,3754.0,59.0
194302,11,1,,2019,4,15,2,3,2,2,0,0,1,0,0,0,0,0,"794018,7826","5830174,786","13,33647","52,5421",1044101.0,Rehberge,3661.0,43.0
194303,11,8,,2019,4,14,2,3,5,2,0,1,1,0,0,0,0,0,"804702,8475","5817818,272","13,48224","52,42549",8030831.0,Gropiusstadt Ost,5826.0,49.0
194304,11,2,,2019,4,15,2,3,2,6,0,0,1,0,0,0,0,0,"798626,4927","5826386,806","13,40081","52,50564",2010102.0,Mehringplatz,4650.0,45.0
194305,11,1,,2019,4,22,2,3,1,5,2,0,1,0,1,0,0,0,"795871,8214","5831152,289","13,36459","52,54986",1044201.0,Reinickendorfer Straße,4063.0,55.0
194306,11,4,,2019,4,19,2,3,5,7,2,0,1,0,0,0,0,0,"790398,4917","5825655,644","13,27929","52,50353",4020314.0,Messegelände,2849.0,40.0
194307,11,1,,2019,4,0,2,3,2,6,2,0,1,0,0,0,0,0,"796633,8928","5829795,261","13,37458","52,53728",1033203.0,Humboldthain Nordwest,4259.0,40.0
194308,11,11,,2019,4,23,2,3,5,3,2,0,1,0,0,0,0,0,"805479,1079","5826709,051","13,50176","52,50474",11040926.0,Weitlingstraße,6150.0,65.0
194309,11,12,,2019,4,18,2,3,6,4,0,0,1,1,0,0,0,0,"789586,8102","5834345,239","13,27495","52,58186",12214527.0,Alt-Tegel,2772.0,65.0
194310,11,10,,2019,4,18,2,3,5,2,0,0,1,0,0,0,0,0,"809288,6192","5831671,631","13,56232","52,54706",10010207.0,Marzahner Promenade,7062.0,65.0
194311,11,9,,2019,4,18,2,2,0,1,0,0,0,0,1,0,0,0,"814778,0518","5818254,595","13,63034","52,42369",9041301.0,Kietzer Feld/Nachtheide,8026.0,65.0
194312,11,3,,2019,4,16,2,2,2,6,0,1,0,0,0,0,0,0,"801655,0986","5830131,325","13,4487","52,53754",3061429.0,Greifswalder Straße,5359.0,51.0
194313,11,9,,2019,4,14,2,3,0,7,0,1,0,1,0,0,0,0,"811239,5968","5820234,022","13,58032","52,44346",9041501.0,Altstadt Kietz,7232.0,31.0
194314,11,10,,2019,4,14,2,3,5,3,0,1,0,0,0,0,0,0,"814334,1088","5830073,418","13,63498","52,52986",10040931.0,Mahlsdorf Nord,8057.0,65.0
194315,11,9,,2019,4,14,2,2,4,1,0,0,1,0,0,0,0,0,"808012,3533","5819781,715","13,53257","52,44123",9020701.0,Adlershof West,6531.0,61.0
194316,11,9,,2019,4,13,2,3,0,2,0,0,1,0,0,0,1,0,"811334,4335","5815644,977","13,57744","52,40228",9031001.0,Bohnsdorf,7220.0,63.0
194317,11,8,,2019,4,13,2,3,2,6,0,1,1,0,0,0,0,0,"802511,0942","5817956,63","13,45023","52,42794",8030830.0,Gropiusstadt Süd,5327.0,45.0
194318,11,9,,2019,4,10,2,3,5,3,0,1,1,0,0,0,0,0,"816925,2586","5817159,654","13,66078","52,41264",9041601.0,Müggelheim,8423.0,59.0
194319,11,2,,2019,4,9,2,2,5,3,0,0,1,0,1,0,0,0,"797615,8904","5825532,086","13,38521","52,49853",2020202.0,Rathaus Yorckstraße,4348.0,45.0
194320,11,9,,2019,4,10,1,2,5,3,0,0,1,0,0,0,1,0,"807941,2417","5816571,334","13,52857","52,4125",9030901.0,Dorf Altglienicke,6523.0,59.0
194321,11,4,,2019,4,18,1,3,6,4,0,1,0,1,0,0,0,0,"791240,7003","5829696,332","13,29521","52,53931",4010101.0,Jungfernheide,3060.0,36.0
194322,11,7,,2019,4,16,1,3,5,3,0,1,1,0,0,0,0,0,"797858,3473","5815725,804","13,38002","52,4105",7060604.0,Marienfelde Süd,4322.0,52.0
194323,11,8,,2019,4,16,1,3,5,3,0,0,1,0,1,0,0,0,"799853,5367","5816513,466","13,40997","52,41647",8020726.0,Buckow West,4724.0,63.0
194324,11,9,,2019,4,16,1,3,6,7,0,1,0,1,0,0,0,0,"812159,8944","5819710,566","13,59333","52,43824",9041301.0,Kietzer Feld/Nachtheide,7430.0,57.0
194325,11,2,,2019,4,15,1,3,6,7,0,1,0,1,0,0,0,0,"800565,0628","5825807,808","13,42877","52,49939",2030302.0,Lausitzer Platz,5048.0,24.0
194326,11,3,,2019,4,11,1,3,5,7,0,1,1,0,0,0,0,0,"799219,868","5831773,706","13,41438","52,5536",3061126.0,Arnimplatz,4864.0,14.0
194327,11,10,,2019,4,17,1,2,1,5,0,1,1,0,0,0,0,0,"809827,7192","5832983,341","13,57147","52,55851",10010204.0,Wuhletalstraße,7165.0,65.0
194328,11,8,,2019,4,3,1,3,1,1,2,0,1,0,0,0,1,0,"801780,8785","5822803,604","13,4439","52,47179",8010404.0,Rixdorf,5240.0,57.0
194329,11,11,,2019,4,14,1,3,0,2,0,0,0,0,0,0,1,0,"806293,0676","5834079,293","13,52051","52,57033",11010206.0,Wartenberg Süd,6369.0,61.0
194330,11,3,,2019,4,16,1,3,1,1,0,0,1,0,1,0,0,0,"799131,3766","5830269,174","13,41172","52,54017",3071536.0,Teutoburger Platz,4760.0,20.0
194331,11,11,,2019,4,7,1,3,0,1,0,1,0,0,0,0,0,0,"803822,9132","5829137,841","13,47965","52,52743",11030619.0,Fennpfuhl Ost,5756.0,56.0
194332,11,1,,2019,4,15,1,3,5,2,0,0,1,0,0,0,1,0,"796447,1721","5831945,214","13,37376","52,55666",1044201.0,Reinickendorfer Straße,4265.0,5.0
194333,11,1,,2019,4,18,1,3,0,1,0,0,0,0,1,0,0,0,"797834,3294","5830450,071","13,39282","52,5425",1033201.0,Brunnenstraße,4461.0,54.0
194334,11,5,,2019,4,3,7,1,9,1,2,0,1,0,0,1,0,0,"784381,6805","5829957,697","13,19457","52,54527",5010313.0,Ackerstraße,1561.0,61.0
194335,11,3,,2019,4,17,7,3,5,2,0,1,1,0,0,0,0,0,"796558,2255","5840101,447","13,38269","52,62971",3020203.0,Blankenfelde,4386.0,61.0
194336,11,9,,2019,4,9,7,2,1,5,0,1,1,0,0,0,0,0,"814697,5324","5820825,206","13,63158","52,44678",9051702.0,Bölschestraße,8033.0,63.0
194337,11,7,,2019,4,14,7,3,1,5,0,1,1,0,0,0,0,0,"795538,8427","5815979,416","13,34624","52,41403",7060604.0,Marienfelde Süd,3823.0,52.0
194338,11,4,,2019,4,20,7,3,1,5,1,1,1,0,0,0,0,0,"792586,5383","5826114,097","13,31184","52,50647",4030827.0,Karl-August-Platz,3250.0,40.0