OBJECTID,LAND,BEZ,LOR_ab_2021,UJAHR,UMONAT,USTUNDE,UWOCHENTAG,UKATEGORIE,UART,UTYP1,ULICHTVERH,IstRad,IstPKW,IstFuss,IstKrad,IstGkfz,IstSonstige,USTRZUSTAND,LINREFX,LINREFY,XGCSWGS84,YGCSWGS84,LOR,STRASSE,quadrant,quadrant_rank
194339,11,2,,2019,4,18,7,3,5,2,0,1,1,0,0,0,0,0,"799065,5907","5825613,522","13,40657","52,49847",2010104.0,Wassertorplatz,4748.0,28.0
194340,11,8,,2019,4,15,7,3,3,6,0,1,1,0,0,0,0,0,"801701,5992","5822577,47","13,44254","52,46981",8010404.0,Rixdorf,5239.0,47.0
194341,11,9,,2019,4,15,7,3,6,4,0,0,1,1,0,0,0,0,"814202,5887","5821321,026","13,62479","52,4515",9051702.0,Bölschestraße,7934.0,54.0
194342,11,5,,2019,4,13,7,3,5,2,0,0,1,0,0,0,0,0,"782366,4659","5830501,279","13,1654","52,55119",5010206.0,Gütersloher Weg,1163.0,42.0
194343,11,6,,2019,4,13,7,3,0,7,0,1,0,0,0,0,0,0,"787534,9809","5817273,121","13,23","52,42989",6030501.0,Berlepschstraße,2028.0,63.0
194344,11,2,,2019,4,12,7,3,5,2,0,0,1,0,0,0,1,0,"797751,8312","5824596,901","13,38637","52,49008",2020203.0,Viktoriapark,4445.0,43.0
194345,11,8,,2019,4,11,7,3,2,2,0,0,0,0,1,0,1,0,"801302,133","5823988,251","13,43795","52,48267",8010301.0,Reuterkiez,5143.0,6.0
194346,11,7,,2019,4,1,7,3,0,3,2,0,1,0,0,0,1,0,"799428,2881","5813175,173","13,40075","52,38678",7070703.0,John-Locke-Straße,4615.0,51.0
194347,11,8,,2019,4,7,7,2,5,3,0,0,1,0,0,0,0,0,"805536,0028","5818566,233","13,49514","52,43173",8041037.0,Alt-Rudow,6028.0,49.0
194348,11,12,,2019,4,8,7,3,5,2,0,1,1,0,0,0,0,0,"793390,7319","5832515,873","13,32931","52,56343",12214424.0,Scharnweberstraße,3567.0,10.0
194349,11,6,,2019,4,9,7,3,5,3,0,1,1,0,0,0,0,0,"795532,0335","5819966,641","13,34967","52,44978",6010205.0,Südende,3834.0,50.0
194350,11,7,,2019,4,10,7,3,2,6,0,0,1,0,0,0,0,0,"799818,5648","5813186,494","13,40648","52,38667",7070703.0,John-Locke-Straße,4615.0,51.0
194351,11,6,,2019,4,10,7,2,6,2,0,0,1,1,0,0,0,0,"793275,4515","5819096,086","13,31579","52,44319",6030609.0,Augustaplatz,3332.0,58.0
194352,11,7,,2019,4,10,7,3,2,2,0,0,1,0,0,0,0,0,"798021,4115","5819648,762","13,38591","52,44557",7050501.0,Rathausstraße,4332.0,40.0
194353,11,2,,2019,4,5,7,2,5,3,2,0,1,0,0,0,1,0,"800718,317","5827875,86","13,43289","52,51784",2040701.0,Andreasviertel,5053.0,45.0
194354,11,11,,2019,5,14,5,3,5,7,0,1,1,0,0,0,0,1,"804688,929","5828427,135","13,49173","52,52058",11030721.0,Rüdigerstraße,5954.0,61.0
194355,11,1,,2019,5,14,5,3,0,6,0,1,1,0,0,0,0,0,"797433,396","5831263,498","13,38765","52,55001",1033102.0,Gesundbrunnen,4463.0,27.0
194356,11,6,,2019,5,17,5,3,1,5,0,1,1,0,0,0,0,0,"793963,3532","5820437,767","13,32706","52,45484",6010207.0,Mittelstraße,3535.0,50.0
194357,11,9,,2019,5,12,5,3,5,3,0,1,1,0,0,0,0,0,"808809,4645","5819002,117","13,54354","52,43379",9020701.0,Adlershof West,6729.0,59.0
194358,11,6,,2019,5,17,5,3,5,3,0,0,1,0,0,0,0,0,"796519,01","5817311,25","13,36179","52,42544",6020306.0,Lankwitz Süd,4026.0,63.0
194359,11,9,,2019,5,14,5,3,5,3,0,0,1,0,1,0,0,1,"804938,7156","5820712,241","13,48834","52,45129",9010302.0,Späthsfelde,5934.0,54.0
194360,11,4,,2019,5,13,5,3,1,5,0,1,1,0,0,0,0,1,"793062,9351","5826099,304","13,31883","52,50608",4030828.0,Savignyplatz,3350.0,22.0
194361,11,2,,2019,5,17,5,3,2,6,0,1,1,0,0,0,0,0,"801492,826","5827923,972","13,44431","52,51784",2040503.0,Richard-Sorge-Viertel,5253.0,35.0
194362,11,7,,2019,5,14,5,3,5,2,0,1,1,0,0,0,0,0,"794770,9525","5825692,85","13,34356","52,50152",7010101.0,Wittenbergplatz/Viktoria-Luise-Platz,3749.0,17.0
194363,11,11,,2019,5,17,5,3,5,2,0,1,1,0,0,0,0,0,"804587,552","5826362,866","13,48835","52,50213",11040926.0,Weitlingstraße,5949.0,55.0
194364,11,3,,2019,5,16,5,3,5,3,0,1,1,0,0,0,0,0,"798133,1058","5836522,369","13,40267","52,59676",3020209.0,Niederschönhausen,4677.0,63.0
194365,11,2,,2019,5,16,5,3,0,3,0,1,1,0,0,0,0,0,"800314,7511","5827618,16","13,42673","52,51575",2040701.0,Andreasviertel,5053.0,45.0
194366,11,12,,2019,5,16,5,3,2,6,0,0,1,0,0,1,0,0,"793590,8079","5832534,444","13,33227","52,56349",12103218.0,Teichstraße,3567.0,10.0
194367,11,9,,2019,5,5,5,2,4,6,1,0,0,0,0,0,1,1,"816844,0268","5812910,541","13,65557","52,37462",9031202.0,Schmöckwitz/Rauchfangswerder,8412.0,65.0
194368,11,9,,2019,5,9,5,2,6,3,0,0,1,1,0,0,0,0,"810989,9744","5820319,478","13,57674","52,44436",9041501.0,Altstadt Kietz,7232.0,31.0
194369,11,4,,2019,5,8,5,3,3,6,0,1,1,0,0,0,0,0,"793444,5305","5823962,165","13,32255","52,48672",4051652.0,Nikolsburger Platz,3444.0,24.0
194370,11,1,,2019,5,9,5,3,5,3,0,1,0,0,0,0,1,0,"799060,4355","5829007,208","13,40954","52,52889",1011302.0,Oranienburger Straße,4757.0,11.0
194371,11,8,,2019,5,7,5,3,2,3,0,1,0,0,0,0,0,0,"802163,9174","5823362,712","13,45003","52,47659",8010404.0,Rixdorf,5341.0,41.0
194372,11,2,,2019,5,7,5,3,5,2,0,1,1,0,0,0,0,1,"796768,6885","5826034,571","13,37321","52,5035",2020201.0,Gleisdreieck/Entwicklungsgebiet,4249.0,53.0
194373,11,10,,2019,5,7,5,3,5,3,0,1,1,0,0,0,0,0,"811153,5421","5828388,181","13,58667","52,51658",10020622.0,Kaulsdorf Nord I,7353.0,59.0
194374,11,2,,2019,5,7,5,3,5,2,0,1,0,0,0,0,1,1,"801865,7288","5828983,034","13,45075","52,52713",2050601.0,Hausburgviertel,5356.0,13.0
194375,11,12,,2019,5,7,5,3,5,2,0,1,0,0,0,0,1,0,"792304,4734","5833990,785","13,31463","52,57723",12214422.0,Klixstraße,3371.0,40.0
194376,11,10,,2019,5,14,5,3,5,2,0,0,0,0,1,0,1,1,"809629,5328","5828924,246","13,56478","52,52225",10030724.0,Oberfeldstraße,7055.0,62.0
194377,11,12,,2019,5,13,5,3,5,3,0,1,1,0,0,0,0,1,"796233,2757","5833661,649","13,37214","52,57216",12103115.0,Breitkopfbecken,4169.0,60.0
194378,11,2,,2019,5,13,5,2,4,6,0,0,1,0,0,1,0,1,"802126,3503","5828462,974","13,45411","52,52232",2050601.0,Hausburgviertel,5455.0,61.0
194379,11,5,,2019,5,13,5,2,5,2,0,0,1,0,0,0,0,0,"782379,9454","5827031,936","13,16265","52,52008",5020523.0,Maulbeerallee,1054.0,55.0
194380,11,9,,2019,5,12,5,3,5,2,0,1,0,0,0,0,0,0,"811182,7153","5822107,388","13,58123","52,46028",9052001.0,Köpenick Nord,7237.0,52.0
194381,11,1,,2019,5,11,5,2,5,3,0,0,1,0,0,0,0,0,"796437,2104","5826324,14","13,3686","52,50628",1011105.0,Nördlicher Landwehrkanal,4150.0,19.0
194382,11,4,,2019,5,10,5,3,5,2,0,0,1,0,0,0,0,0,"791265,9289","5823330,345","13,29001","52,48222",4041137.0,Flinsberger Platz,2943.0,55.0
194383,11,4,,2019,5,10,5,3,6,2,0,0,1,1,0,0,0,0,"786924,4429","5825820,218","13,2284","52,50684",4020208.0,Kranzallee,2050.0,58.0
194384,11,10,,2019,5,6,4,3,5,2,0,1,1,0,0,0,0,0,"812227,8769","5830702,522","13,60462","52,5367",10020414.0,Helle Mitte,7659.0,42.0
194385,11,11,,2019,5,10,4,3,3,6,0,0,0,0,1,0,1,0,"807091,4065","5825784,744","13,52459","52,49555",11041128.0,Sewanstraße,6447.0,54.0
194386,11,3,,2019,5,13,4,3,5,2,0,1,1,0,0,0,0,0,"799544,3764","5830089,096","13,41763","52,53832",3071537.0,Kollwitzplatz,4859.0,52.0
194387,11,5,,2019,5,10,4,3,2,6,0,0,1,0,0,0,0,0,"783940,223","5823367,917","13,18245","52,48642",5040934.0,Alt-Gatow,1344.0,62.0
194388,11,7,,2019,5,20,4,3,6,4,0,0,1,1,0,0,0,0,"795431,1577","5821687,531","13,34971","52,46526",7030303.0,Grazer Platz,3838.0,59.0
194389,11,5,,2019,5,18,4,3,5,3,0,0,1,0,0,0,0,0,"780053,1994","5819443,377","13,12207","52,45323",5040936.0,Jägerallee,435.0,65.0
194390,11,2,,2019,5,8,4,3,0,6,0,1,1,0,0,0,0,0,"802842,8777","5826587,4","13,46293","52,50512",2050802.0,Boxhagener Platz,5550.0,62.0
194391,11,11,,2019,5,7,4,2,6,4,0,0,0,1,0,0,1,0,"806602,1766","5827734,549","13,5192","52,5133",11041022.0,Rosenfelder Ring,6352.0,56.0
194392,11,5,,2019,5,21,4,3,5,3,2,1,1,0,0,0,0,0,"784421,2177","5831938,433","13,19685","52,56301",5010101.0,Hakenfelde Nord,1567.0,62.0
194393,11,3,,2019,5,20,4,2,5,2,1,1,1,0,0,0,0,0,"800192,7513","5830931,051","13,42792","52,54551",3061228.0,Erich-Weinert-Straße,5062.0,44.0
194394,11,10,,2019,5,16,4,3,5,3,0,1,1,0,0,0,0,0,"812640,3779","5825270,994","13,60558","52,4878",10040933.0,Mahlsdorf Süd,7645.0,61.0
194395,11,7,,2019,5,16,4,3,5,2,0,0,1,0,1,0,0,0,"795392,1195","5820977,953","13,34851","52,45892",7030303.0,Grazer Platz,3836.0,55.0
194396,11,8,,2019,5,15,4,3,5,3,0,1,1,0,0,0,0,0,"805190,1034","5816496,393","13,48818","52,41337",8041036.0,Zittauer Straße,5923.0,63.0
194397,11,1,,2019,5,15,4,3,2,2,0,1,1,0,0,0,0,0,"799109,5983","5828466,017","13,40978","52,52402",1011303.0,Alexanderplatzviertel,4755.0,4.0
194398,11,1,,2019,5,17,4,3,2,6,0,0,1,0,0,0,0,0,"795751,8283","5828194,682","13,36019","52,52341",1022206.0,Lüneburger Straße,4055.0,49.0
194399,11,4,,2019,5,17,4,3,5,3,0,0,1,0,0,0,0,0,"790361,6202","5827321,356","13,28021","52,51848",4020310.0,Park Ruhwald,2854.0,17.0
194400,11,1,,2019,5,16,4,3,2,6,0,0,1,0,1,0,0,0,"799567,6423","5828743,121","13,41676","52,52625",1011303.0,Alexanderplatzviertel,4856.0,19.0
194401,11,4,,2019,5,16,4,3,2,6,0,0,1,0,0,0,0,0,"792839,8313","5825503,3","13,31503","52,50086",4030930.0,George-Grosz-Platz,3348.0,36.0
194402,11,6,,2019,5,16,4,3,0,1,0,1,0,0,0,0,0,0,"789182,8873","5818567,649","13,25529","52,44063",6040805.0,Fischerhüttenstraße,2431.0,64.0
194403,11,7,,2019,5,15,4,3,2,6,0,0,1,0,0,0,0,0,"795437,6871","5821007,018","13,3492","52,45915",7030303.0,Grazer Platz,3836.0,55.0
194404,11,7,,2019,5,14,4,3,3,6,0,0,1,0,1,0,0,0,"797323,5431","5821806,776","13,37759","52,4653",7040403.0,Manteuffelstraße,4238.0,48.0
194405,11,5,,2019,5,7,4,2,5,3,0,1,1,0,0,0,0,0,"785933,2119","5831674,059","13,21887","52,55985",5010101.0,Hakenfelde Nord,1966.0,59.0
194406,11,2,,2019,5,13,4,3,0,2,0,1,0,0,0,0,1,0,"797034,962","5825879,766","13,37698","52,50197",2010101.0,Askanischer Platz,4249.0,53.0
194407,11,2,,2019,5,15,4,2,0,1,0,0,0,0,1,0,0,0,"803360,7658","5826703,563","13,47064","52,50587",2050801.0,Traveplatz,5650.0,43.0
194408,11,4,,2019,5,14,4,3,2,6,0,0,1,0,0,0,0,0,"791220,753","5830669,205","13,29577","52,54804",4010101.0,Jungfernheide,3062.0,44.0
194409,11,1,,2019,5,13,4,2,5,2,0,0,1,0,1,0,0,0,"794524,6174","5831566,174","13,34514","52,5543",1044101.0,Rehberge,3764.0,45.0
194410,11,9,,2019,5,13,4,3,2,6,0,0,1,0,0,0,0,0,"812118,4446","5819731,742","13,59274","52,43845",9041301.0,Kietzer Feld/Nachtheide,7430.0,57.0
194411,11,6,,2019,5,12,4,3,6,7,0,0,1,1,0,0,0,0,"789932,1301","5817661,168","13,2655","52,43211",6030503.0,Zehlendorf Mitte,2628.0,59.0
194412,11,8,,2019,5,12,4,3,6,7,0,0,1,1,0,0,0,0,"805724,102","5816948,163","13,49642","52,41712",8041037.0,Alt-Rudow,6024.0,50.0
194413,11,1,,2019,5,11,4,3,2,6,0,0,1,0,0,0,0,0,"799208,301","5828464,611","13,41123","52,52395",1011303.0,Alexanderplatzviertel,4755.0,4.0
194414,11,8,,2019,5,11,4,3,5,2,0,1,1,0,0,0,0,0,"801242,3411","5822469,041","13,4357","52,46909",8010213.0,Körnerpark,5139.0,41.0
194415,11,1,,2019,5,9,4,3,5,2,0,0,1,0,1,0,0,0,"798311,9975","5826963,785","13,39671","52,51099",1011204.0,Leipziger Straße,4551.0,40.0
194416,11,1,,2019,5,9,4,3,5,3,0,1,1,0,0,0,0,0,"796971,925","5830138,085","13,37986","52,54017",1033202.0,Humboldthain Süd,4360.0,52.0
194417,11,2,,2019,5,9,4,3,5,2,0,0,1,0,1,0,0,0,"801945,254","5825652,14","13,4489","52,49723",2030402.0,Wrangelkiez,5347.0,57.0
194418,11,8,,2019,5,9,4,3,0,1,0,0,0,0,1,0,0,0,"803825,4356","5822133,277","13,4733","52,46465",8010509.0,Schulenburgpark,5638.0,53.0
194419,11,4,,2019,5,9,4,2,2,6,0,0,1,0,0,0,0,0,"790856,9311","5824316,495","13,28486","52,49128",4041134.0,Bismarckallee,2846.0,54.0
194420,11,5,,2019,5,9,4,3,5,3,0,0,1,0,0,0,0,0,"783412,2115","5828627,715","13,17918","52,53385",5020417.0,Staakener Straße,1358.0,51.0
194421,11,9,,2019,5,9,4,3,5,3,0,0,1,0,0,0,0,0,"807416,0147","5818311,215","13,52247","52,42839",9020701.0,Adlershof West,6427.0,48.0
194422,11,3,,2019,5,8,4,3,2,2,0,0,1,0,0,0,0,0,"800276,0341","5831757,379","13,4299","52,55288",3040818.0,Pankow Süd,5064.0,24.0
194423,11,2,,2019,5,8,4,3,5,2,0,1,1,0,0,0,0,0,"800426,7408","5827979,713","13,4287","52,51893",2040701.0,Andreasviertel,5054.0,36.0
194424,11,11,,2019,5,8,4,3,0,2,0,0,0,0,0,1,1,0,"802985,7456","5830861,267","13,46892","52,54334",11020513.0,Orankesee,5661.0,61.0
194425,11,4,,2019,5,7,4,3,0,5,0,1,1,0,0,0,0,0,"793543,0094","5826368,36","13,32612","52,50824",4030828.0,Savignyplatz,3551.0,40.0
194426,11,1,,2019,5,6,4,3,5,2,0,0,1,0,1,0,0,0,"796305,05","5828920,954","13,36897","52,52962",1022202.0,Heidestraße,4157.0,57.0
194427,11,4,,2019,5,8,3,3,0,6,0,0,1,0,0,0,0,0,"789148,2701","5826072,509","13,26129","52,50793",4020311.0,Reichsstraße,2551.0,50.0
194428,11,1,,2019,5,19,3,3,0,3,0,0,1,0,1,0,0,0,"795314,6341","5826263,095","13,35205","52,50634",1011101.0,Stülerstraße,3850.0,33.0
194429,11,1,,2019,5,19,3,3,5,3,0,1,1,0,0,0,0,0,"795384,968","5826005,478","13,35286","52,50399",1011103.0,Lützowstraße,3949.0,53.0
194430,11,2,,2019,5,19,3,3,1,5,0,1,1,0,0,0,0,0,"801667,8082","5826285,162","13,4454","52,50306",2040703.0,Wriezener Bahnhof/Entwicklungsgebiet,5249.0,5.0
194431,11,2,,2019,5,22,3,3,1,5,2,1,1,0,0,0,0,0,"799612,2945","5826218,574","13,41514","52,50359",2030301.0,Oranienplatz,4849.0,28.0
194432,11,3,,2019,5,18,3,3,6,6,0,1,0,1,0,0,0,0,"801137,6586","5830739,437","13,44164","52,54328",3061429.0,Greifswalder Straße,5261.0,46.0
194433,11,12,,2019,5,18,3,3,5,2,0,0,1,0,1,0,0,0,"794338,8013","5835703,626","13,34608","52,59149",12302107.0,Schorfheidestraße,3875.0,59.0
194434,11,7,,2019,5,18,3,3,0,1,0,0,1,0,0,0,0,0,"799004,597","5819644,293","13,40032","52,445",7050503.0,Eisenacher Straße,4632.0,59.0
194435,11,11,,2019,5,13,3,3,2,6,0,0,1,0,0,0,0,0,"804498,2384","5830968,062","13,49125","52,54346",11020514.0,Große-Leege-Straße,5961.0,51.0
194436,11,8,,2019,5,17,3,3,5,2,0,0,1,0,1,0,0,0,"801679,8523","5822337,213","13,442","52,46767",8010214.0,Glasower Straße,5239.0,47.0
194437,11,9,,2019,5,17,3,2,0,1,0,1,1,0,0,0,0,0,"809143,0648","5819515,67","13,54891","52,43821",9020702.0,Adlershof Ost,6830.0,43.0
194438,11,3,,2019,5,17,3,3,4,5,0,0,1,0,0,0,1,0,"801387,7637","5831905,76","13,44638","52,55359",3050924.0,Behaimstraße,5264.0,60.0
194439,11,5,,2019,5,16,3,3,2,6,0,0,1,0,0,0,0,0,"785279,4718","5829297,366","13,20721","52,53888",5010314.0,Carl-Schurz-Straße,1760.0,43.0
194440,11,3,,2019,5,16,3,3,5,2,0,1,1,0,0,0,0,0,"800938,789","5831179,531","13,43912","52,54733",3061228.0,Erich-Weinert-Straße,5162.0,47.0
194441,11,5,,2019,5,15,3,3,2,6,0,0,1,0,1,0,0,0,"784645,6254","5829284,376","13,19788","52,5391",5010314.0,Carl-Schurz-Straße,1560.0,63.0
194442,11,4,,2019,5,16,3,2,6,7,0,0,1,1,0,0,0,0,"792023,8119","5827237,286","13,30456","52,51684",4030622.0,Richard-Wagner-Straße,3153.0,49.0
194443,11,2,,2019,5,15,3,2,3,6,0,1,1,0,0,0,0,0,"802483,9704","5827406,978","13,4584","52,51266",2050801.0,Traveplatz,5452.0,39.0
194444,11,2,,2019,5,15,3,3,2,6,0,0,1,0,0,0,0,0,"797826,775","5824903,963","13,38774","52,49279",2020203.0,Viktoriapark,4446.0,12.0
194445,11,2,,2019,5,12,3,3,1,5,0,1,1,0,0,0,0,0,"802214,33","5827126,509","13,45419","52,5103",2050802.0,Boxhagener Platz,5451.0,41.0
194446,11,4,,2019,5,11,3,3,4,6,0,0,1,0,0,1,0,0,"792003,4164","5828567,033","13,30543","52,52877",4030518.0,Tegeler Weg,3157.0,62.0
194447,11,1,,2019,5,10,3,3,3,6,0,1,1,0,0,0,0,0,"797360,28","5829277,149","13,3848","52,53224",1011401.0,Invalidenstraße,4358.0,45.0
194448,11,4,,2019,5,9,3,3,5,3,0,1,1,0,0,0,0,0,"792625,7998","5825458,587","13,31184","52,50057",4030929.0,Hindemithplatz,3248.0,24.0
194449,11,4,,2019,5,8,3,3,5,3,0,0,1,0,1,0,0,0,"792066,9018","5828230,815","13,30607","52,52573",4030519.0,Kaiserin-Augusta-Allee,3256.0,49.0
194450,11,12,,2019,5,8,3,3,2,2,0,0,1,0,0,0,1,0,"794382,21","5836232,761","13,34719","52,59621",12302107.0,Schorfheidestraße,3876.0,49.0
194451,11,1,,2019,5,7,3,3,1,5,0,1,1,0,0,0,0,0,"797309,0304","5827210,91","13,3822","52,51375",1011201.0,Wilhelmstraße,4352.0,37.0
194452,11,12,,2019,5,7,3,3,5,3,0,1,1,0,0,0,0,0,"791780,7795","5836929,471","13,30951","52,60386",12301205.0,Waidmannslust,3279.0,63.0
194453,11,1,,2019,5,7,3,3,3,6,0,0,1,0,0,0,0,0,"799589,1844","5828777,55","13,41711","52,52654",1011303.0,Alexanderplatzviertel,4856.0,19.0
194454,11,12,,2019,5,5,3,3,2,6,1,0,1,0,1,0,0,1,"793438,7793","5833416,061","13,33081","52,57147",12214421.0,Reinickes Hof,3569.0,53.0
194455,11,3,,2019,5,15,2,2,5,2,0,1,1,0,0,0,0,0,"798963,3807","5831449,056","13,41032","52,55083",3061126.0,Arnimplatz,4763.0,56.0
194456,11,6,,2019,5,10,2,3,1,5,0,0,1,0,0,0,0,0,"793893,1798","5817750,323","13,32367","52,43079",6020409.0,Königsberger Straße,3428.0,60.0
194457,11,1,,2019,5,16,2,3,2,2,0,0,1,0,0,0,1,0,"798699,8408","5827083,256","13,40252","52,51185",1011204.0,Leipziger Straße,4652.0,24.0
194458,11,1,,2019,5,22,2,3,5,3,2,1,1,0,0,0,0,0,"794558,808","5828452,024","13,34289","52,52637",1022104.0,Emdener Straße,3756.0,4.0
194459,11,4,,2019,5,20,2,2,6,4,2,0,1,1,0,0,0,0,"793201,119","5827792,842","13,32235","52,52119",4030621.0,Spreestadt,3454.0,49.0
194460,11,1,,2019,5,19,2,2,5,3,0,1,1,0,0,0,0,0,"799457,4152","5827067,357","13,41363","52,51129",1011305.0,Heine-Viertel West,4852.0,45.0
194461,11,1,,2019,5,19,2,3,2,6,2,0,1,0,0,0,0,0,"795770,2352","5825717,509","13,35826","52,5012",1011103.0,Lützowstraße,3949.0,53.0
194462,11,2,,2019,5,18,2,3,0,2,0,1,1,0,0,0,0,0,"797913,354","5825279,649","13,38935","52,49611",2020202.0,Rathaus Yorckstraße,4447.0,16.0
194463,11,6,,2019,5,18,2,3,2,6,0,0,1,0,0,0,0,1,"790162,74","5819744,332","13,27069","52,45066",6040808.0,Hüttenweg,2634.0,40.0
194464,11,7,,2019,5,17,2,2,2,6,0,0,1,0,1,0,0,0,"797256,1102","5820930,401","13,37582","52,45748",7040403.0,Manteuffelstraße,4236.0,55.0
194465,11,7,,2019,5,16,2,3,5,3,0,1,1,0,0,0,0,0,"795620,9184","5824477,768","13,35497","52,49017",7010103.0,Barbarossaplatz,3945.0,34.0
194466,11,11,,2019,5,17,2,3,5,3,0,0,1,0,0,0,0,0,"806390,923","5831399,427","13,51947","52,54626",11020412.0,Hauptstraße,6362.0,63.0
194467,11,6,,2019,5,16,2,3,1,5,0,1,1,0,0,0,0,0,"784491,9874","5816959,32","13,1851","52,42867",6040701.0,Wannsee,1427.0,63.0
194468,11,6,,2019,5,16,2,3,2,6,0,0,1,0,0,0,0,0,"792382,0905","5818469,596","13,30214","52,43805",6030610.0,Lichterfelde West,3130.0,63.0
194469,11,5,,2019,5,17,2,3,1,5,0,0,1,0,0,0,1,0,"787737,8261","5828231,447","13,24243","52,52803",5010339.0,Freiheit,2256.0,58.0
194470,11,3,,2019,5,16,2,3,5,2,0,1,1,0,0,0,0,0,"799215,0969","5831774,087","13,41431","52,55361",3061126.0,Arnimplatz,4864.0,14.0
194471,11,4,,2019,5,16,2,3,0,3,0,0,1,0,0,0,1,0,"793133,5202","5825589,392","13,31942","52,50147",4030930.0,George-Grosz-Platz,3449.0,40.0
194472,11,8,,2019,5,15,2,3,2,6,0,0,1,0,0,0,0,0,"803926,2493","5818240,965","13,47124","52,42971",8030831.0,Gropiusstadt Ost,5628.0,61.0
194473,11,1,,2019,5,15,2,3,1,5,0,1,1,0,0,0,1,0,"798120,5502","5827409,443","13,3943","52,51509",1011203.0,Unter den Linden Süd,4553.0,29.0
194474,11,3,,2019,5,14,2,3,1,5,0,1,1,0,0,0,0,0,"804085,3347","5840223,73","13,49368","52,62664",3010102.0,Buch,5985.0,65.0
194475,11,6,,2019,5,14,2,3,5,2,0,1,1,0,0,0,0,0,"791620,21","5820656,732","13,29287","52,45806",6040809.0,Thielallee,3036.0,63.0
194476,11,4,,2019,5,13,2,3,0,5,0,0,1,0,0,0,0,0,"793542,2895","5826345,978","13,32609","52,50804",4030623.0,Ernst-Reuter-Platz,3551.0,40.0
194477,11,9,,2019,5,13,2,3,5,3,0,1,1,0,0,0,0,0,"817518,8169","5818243,225","13,67051","52,42201",9041601.0,Müggelheim,8625.0,65.0
194478,11,12,,2019,5,16,2,3,5,3,0,1,1,0,0,0,0,0,"796310,0035","5833949,513","13,37353","52,5747",12103115.0,Breitkopfbecken,4270.0,63.0
194479,11,7,,2019,5,13,2,3,5,3,0,1,1,0,0,0,0,0,"797010,2559","5820402,42","13,37174","52,45288",7040404.0,Marienhöhe,4134.0,59.0
194480,11,6,,2019,5,12,2,3,1,5,0,0,1,0,0,0,0,0,"792494,8062","5817042,861","13,30254","52,4252",6030608.0,Schweizer Viertel,3126.0,63.0
194481,11,7,,2019,5,11,2,2,3,6,0,1,0,0,0,1,0,0,"798156,9645","5819022,544","13,38734","52,43989",7050502.0,Fritz-Werner-Straße,4431.0,51.0
194482,11,7,,2019,5,6,2,3,5,3,0,0,1,0,1,0,0,0,"800637,2129","5814907,274","13,42002","52,40164",7070702.0,Alt-Lichtenrade/Töpchiner Weg,4919.0,65.0
194483,11,10,,2019,5,7,2,3,6,2,0,0,1,1,0,0,0,0,"812420,0484","5830374,664","13,60714","52,53366",10020517.0,Adele-Sandrock-Straße,7658.0,55.0
194484,11,4,,2019,5,12,2,3,5,2,0,1,1,0,0,0,0,0,"791877,6547","5822388,264","13,29816","52,47345",4041241.0,Breite Straße,3040.0,60.0
194485,11,6,,2019,5,7,2,3,6,4,0,1,0,1,0,0,0,0,"790951,9943","5820700,806","13,2831","52,45881",6040810.0,Dahlem,2836.0,62.0
194486,11,8,,2019,5,6,2,3,5,3,0,0,1,0,1,0,0,0,"803863,6123","5821820,379","13,47358","52,46182",8010509.0,Schulenburgpark,5637.0,57.0
194487,11,3,,2019,5,6,2,3,5,3,0,0,1,0,1,0,0,0,"797866,2487","5835308,021","13,39765","52,58603",3020209.0,Niederschönhausen,4573.0,56.0
194488,11,6,,2019,5,7,2,3,5,7,0,1,1,0,0,0,0,0,"794848,6531","5817553,856","13,33751","52,42852",6020304.0,Kaiser-Wilhelm-Straße,3627.0,63.0
194489,11,5,,2019,5,7,2,3,5,2,0,0,1,0,0,0,0,0,"785604,077","5828574,33","13,21136","52,53223",5010314.0,Carl-Schurz-Straße,1758.0,63.0
194490,11,12,,2019,5,7,2,3,6,4,0,0,1,1,0,0,0,0,"794782,184","5836291,863","13,35313","52,59652",12302110.0,Dannenwalder Weg,3976.0,55.0
194491,11,7,,2019,5,8,2,2,5,3,0,0,1,0,0,0,0,0,"797688,6443","5823493,14","13,38445","52,48022",7040401.0,Neu-Tempelhof,4342.0,53.0
194492,11,6,,2019,5,8,2,3,0,3,0,0,1,0,1,0,0,0,"791348,9019","5816108,091","13,28492","52,41743",6030607.0,Goerzwerke,2824.0,63.0
194493,11,11,,2019,5,8,2,2,6,4,0,0,1,1,0,0,0,0,"806606,4847","5827753,215","13,51928","52,51346",11041022.0,Rosenfelder Ring,6352.0,56.0
194494,11,1,,2019,5,9,2,3,3,6,0,1,0,0,0,0,0,0,"798277,7946","5827479,54","13,39667","52,51563",1011203.0,Unter den Linden Süd,4553.0,29.0
194495,11,9,,2019,5,9,2,3,3,6,0,0,1,0,0,0,1,0,"808537,5568","5819110,451","13,53965","52,43492",9020701.0,Adlershof West,6629.0,41.0
194496,11,4,,2019,5,9,2,3,6,4,0,0,1,1,0,0,0,0,"794044,3734","5823103,788","13,3306","52,4787",4051655.0,Babelsberger Straße,3542.0,38.0
194497,11,6,,2019,5,10,2,3,5,2,0,0,1,0,0,0,0,0,"790148,897","5819770,493","13,27051","52,4509",6040810.0,Dahlem,2634.0,40.0
194498,11,1,,2019,5,10,2,3,5,3,0,1,0,0,0,0,1,0,"799687,8117","5827827,087","13,4177","52,51797",1011304.0,Karl-Marx-Allee,4853.0,18.0
194499,11,4,,2019,5,10,2,2,2,6,0,0,1,0,0,0,0,0,"788261,2005","5827800,388","13,24975","52,52389",4020310.0,Park Ruhwald,2355.0,58.0