OBJECTID,LAND,BEZ,LOR_ab_2021,UJAHR,UMONAT,USTUNDE,UWOCHENTAG,UKATEGORIE,UART,UTYP1,ULICHTVERH,IstRad,IstPKW,IstFuss,IstKrad,IstGkfz,IstSonstige,USTRZUSTAND,LINREFX,LINREFY,XGCSWGS84,YGCSWGS84,LOR,STRASSE,quadrant,quadrant_rank
194500,11,4,,2019,5,10,2,3,2,6,0,1,1,0,0,0,0,0,"792705,4296","5825893,894","13,31339","52,50443",4030929.0,Hindemithplatz,3350.0,22.0
194501,11,4,,2019,5,11,2,3,1,5,0,1,1,0,0,0,0,0,"792298,4509","5826012,903","13,30752","52,50572",4030827.0,Karl-August-Platz,3250.0,40.0
194502,11,9,,2019,5,11,2,3,5,2,0,1,1,0,0,0,0,0,"805903,9782","5821819,79","13,50352","52,46068",9020601.0,Schnellerstraße,6137.0,47.0
194503,11,12,,2019,5,11,2,3,6,4,0,0,1,1,0,0,0,0,"796727,9007","5833305,516","13,3791","52,5687",12103116.0,Hausotterplatz,4268.0,58.0
194504,11,5,,2019,5,11,2,3,5,2,0,1,1,0,0,0,0,0,"785077,1717","5829876,784","13,20473","52,54418",5010312.0,Kurstraße,1761.0,52.0
194505,11,9,,2019,5,12,2,3,0,1,0,1,0,0,0,0,0,0,"814202,1963","5821284,925","13,62475","52,45118",9051702.0,Bölschestraße,7934.0,54.0
194506,11,5,,2019,5,12,2,3,3,6,0,0,1,0,0,0,0,0,"783024,355","5828580,341","13,17344","52,53363",5020417.0,Staakener Straße,1258.0,63.0
194507,11,1,,2019,5,5,1,3,6,4,1,1,0,1,0,0,0,0,"797451,1788","5830054,635","13,38683","52,53916",1033202.0,Humboldthain Süd,4460.0,59.0
194508,11,1,,2019,5,15,1,3,5,2,0,1,1,0,0,0,0,0,"796960,8965","5826701,878","13,37663","52,50938",1011201.0,Wilhelmstraße,4251.0,2.0
194509,11,8,,2019,5,17,1,3,0,7,0,0,1,0,1,0,0,0,"802024,3567","5823487,484","13,4481","52,47779",8010404.0,Rixdorf,5342.0,38.0
194510,11,6,,2019,5,17,1,3,1,5,0,1,1,0,0,0,0,0,"795285,1301","5818576,985","13,34482","52,43745",6020303.0,Lankwitz Kirche,3730.0,44.0
194511,11,8,,2019,5,14,1,3,5,2,0,1,1,0,0,0,0,0,"800773,2206","5822754,829","13,42907","52,47191",8010118.0,Silbersteinstraße,5040.0,48.0
194512,11,3,,2019,5,14,1,3,6,4,0,1,0,1,0,0,0,0,"799854,3403","5829796,666","13,42192","52,53553",3071537.0,Kollwitzplatz,4959.0,58.0
194513,11,8,,2019,5,12,1,3,6,4,0,0,0,1,1,0,0,0,"800851,5144","5822529,81","13,43002","52,46985",8010118.0,Silbersteinstraße,5039.0,34.0
194514,11,2,,2019,5,14,1,2,6,4,0,1,0,1,0,0,0,0,"798715,6214","5825011,778","13,40089","52,49327",2020204.0,Urbanstraße,4646.0,50.0
194515,11,10,,2019,5,18,1,2,6,4,0,0,1,1,0,0,0,0,"811408,0764","5829835,227","13,59176","52,5294",10020621.0,Gelbes Viertel,7457.0,61.0
194516,11,8,,2019,5,20,1,2,5,3,1,0,1,0,0,0,0,0,"805316,4929","5817686,377","13,49112","52,42396",8041037.0,Alt-Rudow,5926.0,63.0
194517,11,2,,2019,5,11,1,2,6,4,0,0,1,1,0,0,0,0,"799701,9112","5825677,409","13,41597","52,49869",2010104.0,Wassertorplatz,4848.0,3.0
194518,11,8,,2019,5,9,1,3,5,3,0,0,1,0,1,0,0,0,"799852,9118","5816514,875","13,40996","52,41648",8020726.0,Buckow West,4724.0,63.0
194519,11,4,,2019,5,8,1,2,0,2,0,0,1,0,0,0,0,0,"792707,631","5825467,903","13,31305","52,50061",4030929.0,Hindemithplatz,3348.0,36.0
194520,11,12,,2019,5,3,1,2,1,5,2,0,1,0,0,0,0,0,"791625,9962","5836754,338","13,30708","52,60237",12301205.0,Waidmannslust,3278.0,65.0
194521,11,6,,2019,5,13,1,3,2,6,0,0,1,0,0,0,1,0,"793396,6998","5820359,578","13,31868","52,45445",6010101.0,Fichtenberg,3335.0,47.0
194522,11,12,,2019,5,14,1,3,5,2,0,0,1,0,0,0,0,0,"789903,1543","5835694,804","13,28078","52,59379",12214527.0,Alt-Tegel,2876.0,40.0
194523,11,7,,2019,5,16,7,2,6,2,0,0,0,1,0,0,1,0,"794963,4986","5824889,041","13,34568","52,49421",7010101.0,Wittenbergplatz/Viktoria-Luise-Platz,3747.0,53.0
194524,11,4,,2019,5,12,7,3,1,5,0,0,1,0,0,0,0,0,"794221,9305","5823923,713","13,33393","52,48596",4051655.0,Babelsberger Straße,3644.0,62.0
194525,11,3,,2019,5,19,7,3,5,2,1,1,1,0,0,0,0,0,"800025,0322","5834542,94","13,42872","52,57798",3040614.0,Pankow Zentrum,5071.0,60.0
194526,11,1,,2019,5,17,7,3,5,3,0,1,0,0,0,0,1,0,"798731,3362","5829568,325","13,40521","52,5341",1011402.0,Arkonaplatz,4658.0,28.0
194527,11,12,,2019,5,21,7,2,6,4,2,0,1,1,0,0,0,0,"793826,5854","5836350,248","13,33912","52,59757",12302108.0,Märkisches Zentrum,3677.0,61.0
194528,11,12,,2019,5,21,7,3,6,6,2,0,1,1,0,0,0,0,"793817,42","5836446,814","13,33907","52,59844",12302108.0,Märkisches Zentrum,3677.0,61.0
194529,11,1,,2019,5,19,7,3,5,2,0,1,1,0,0,0,0,0,"794526,2011","5831579,001","13,34518","52,55442",1044101.0,Rehberge,3764.0,45.0
194530,11,9,,2019,5,19,7,3,5,3,0,0,1,0,0,0,0,0,"810306,2572","5819727,921","13,56616","52,43945",9020802.0,Köllnische Vorstadt,7031.0,63.0
194531,11,7,,2019,5,17,7,3,5,2,0,0,1,0,1,0,0,0,"797213,3135","5819550,569","13,37396","52,44513",7050501.0,Rathausstraße,4232.0,61.0
194532,11,9,,2019,5,18,7,3,2,6,0,0,1,0,0,0,0,1,"811260,2851","5820195,324","13,58059","52,4431",9041501.0,Altstadt Kietz,7232.0,31.0
194533,11,10,,2019,5,18,7,2,1,5,0,0,1,0,1,0,0,0,"813910,8792","5825561,296","13,6245","52,48967",10040933.0,Mahlsdorf Süd,7945.0,65.0
194534,11,1,,2019,5,18,7,3,2,6,0,0,1,0,0,0,0,0,"795045,571","5830316,297","13,3517","52,54282",1044202.0,Sparrplatz,3861.0,37.0
194535,11,10,,2019,5,17,7,3,5,3,0,0,1,0,1,0,0,0,"812010,4312","5830589,805","13,60132","52,53582",10020413.0,Gut Hellersdorf,7559.0,63.0
194536,11,1,,2019,5,16,7,3,1,5,0,0,1,0,0,0,0,0,"799906,8773","5826955,879","13,42014","52,51004",1011306.0,Heine-Viertel Ost,4951.0,32.0
194537,11,2,,2019,5,1,7,3,5,3,2,0,1,0,0,0,0,1,"800871,0992","5825304,613","13,43281","52,49471",2030401.0,Reichenberger Straße,5047.0,51.0
194538,11,5,,2019,5,14,7,2,0,6,0,0,1,0,0,0,1,0,"782434,9399","5827016,673","13,16344","52,51991",5020523.0,Maulbeerallee,1054.0,55.0
194539,11,1,,2019,5,14,7,3,6,4,0,0,1,1,0,0,0,1,"794790,4156","5831159,972","13,34869","52,55052",1044101.0,Rehberge,3863.0,41.0
194540,11,10,,2019,5,13,7,2,0,1,0,1,0,0,0,0,0,0,"810968,6965","5830834,146","13,58624","52,5386",10020413.0,Gut Hellersdorf,7360.0,59.0
194541,11,8,,2019,5,13,7,3,5,2,0,1,1,0,0,0,0,0,"805807,5909","5816836,148","13,49754","52,41607",8041040.0,Waltersdorfer Chaussee Ost,6024.0,50.0
194542,11,12,,2019,5,12,7,3,5,3,0,1,1,0,0,0,0,0,"793791,716","5838387,289","13,34041","52,61584",12301206.0,Lübars,3782.0,63.0
194543,11,3,,2019,5,11,7,3,5,3,0,0,1,0,0,0,0,0,"802871,7582","5838290,452","13,47403","52,60999",3030406.0,Alt-Karow,5780.0,50.0
194544,11,6,,2019,5,10,7,3,0,1,0,0,1,0,0,0,0,0,"784608,7136","5816618,354","13,18652","52,42555",6040701.0,Wannsee,1426.0,65.0
194545,11,4,,2019,5,3,6,3,1,1,2,0,1,0,0,0,0,0,"793294,5183","5823078,694","13,31957","52,47888",4051551.0,Brabanter Platz,3442.0,43.0
194546,11,10,,2019,5,8,6,3,5,2,0,1,1,0,0,0,0,0,"813089,3001","5827106,998","13,61389","52,50399",10040933.0,Mahlsdorf Süd,7749.0,63.0
194547,11,9,,2019,5,12,6,3,6,7,0,0,1,1,0,0,0,0,"811036,5617","5821843,097","13,57884","52,45799",9051901.0,Dammvorstadt,7236.0,45.0
194548,11,5,,2019,5,14,6,3,6,6,0,0,1,1,0,0,0,0,"781031,1745","5819392,18","13,13638","52,45227",5040936.0,Jägerallee,634.0,63.0
194549,11,7,,2019,5,22,6,3,2,2,2,0,1,0,0,0,0,0,"794083,5444","5821722,798","13,32996","52,4663",7030301.0,Friedenau,3538.0,44.0
194550,11,7,,2019,5,6,6,3,3,6,0,0,1,0,0,0,1,0,"797300,836","5821360,397","13,37686","52,46131",7040403.0,Manteuffelstraße,4237.0,59.0
194551,11,2,,2019,5,21,6,3,6,4,2,1,0,1,0,0,0,0,"801475,9238","5825766,403","13,44211","52,49852",2030402.0,Wrangelkiez,5248.0,21.0
194552,11,8,,2019,5,19,6,3,1,5,0,1,1,0,0,0,1,0,"801422,6668","5823868,016","13,43961","52,48153",8010303.0,Donaustraße,5143.0,6.0
194553,11,8,,2019,5,7,6,3,5,3,0,0,1,0,0,0,0,0,"800566,6502","5825140,195","13,42819","52,4934",8010301.0,Reuterkiez,5046.0,45.0
194554,11,12,,2019,5,18,6,3,5,2,0,0,1,0,0,0,0,0,"795066,6558","5832467,641","13,35392","52,56209",12103219.0,Schäfersee,3966.0,55.0
194555,11,7,,2019,5,18,6,3,1,5,0,1,1,0,0,0,1,0,"796478,9357","5824878,982","13,36792","52,4933",7010104.0,Dennewitzplatz,4146.0,50.0
194556,11,11,,2019,5,7,6,3,1,1,0,0,1,0,0,1,0,0,"804591,1166","5832766,386","13,49427","52,55952",11020411.0,Malchower Weg,6066.0,60.0
194557,11,9,,2019,5,17,6,3,5,3,0,1,1,0,0,0,0,0,"807405,1348","5818330,199","13,52233","52,42856",9020701.0,Adlershof West,6427.0,48.0
194558,11,1,,2019,5,8,6,3,5,2,0,1,1,0,0,0,0,0,"799055,7572","5828996,62","13,40947","52,5288",1011302.0,Oranienburger Straße,4757.0,11.0
194559,11,1,,2019,5,8,6,3,1,5,0,1,1,0,0,0,0,0,"797320,9324","5827179,819","13,38234","52,51346",1011201.0,Wilhelmstraße,4352.0,37.0
194560,11,6,,2019,5,0,6,3,1,5,2,1,0,0,0,1,1,0,"781636,4579","5814901,696","13,14148","52,4117",6040701.0,Wannsee,722.0,65.0
194561,11,1,,2019,5,8,6,3,2,6,0,0,1,0,1,0,0,0,"796689,4316","5828765,441","13,37448","52,52802",1011301.0,Charitéviertel,4256.0,57.0
194562,11,5,,2019,5,9,6,2,6,4,0,0,1,1,0,0,0,0,"784637,7828","5827259,952","13,19603","52,52095",5020626.0,Adamstraße,1554.0,46.0
194563,11,7,,2019,5,9,6,2,6,4,0,0,1,1,0,0,0,0,"798082,9263","5815826,686","13,3834","52,41128",7060603.0,Marienfelde Nordost,4322.0,52.0
194564,11,1,,2019,5,9,6,3,5,5,0,0,1,0,1,0,0,0,"797954,8117","5826681,062","13,39121","52,50865",1011204.0,Leipziger Straße,4451.0,11.0
194565,11,1,,2019,5,10,6,3,1,5,0,0,1,0,1,0,0,0,"793890,4918","5827657,664","13,33236","52,51961",1022106.0,Elberfelder Straße,3554.0,52.0
194566,11,6,,2019,5,11,6,3,2,6,0,0,1,0,0,0,0,0,"794204,3995","5821446,042","13,33149","52,46375",6010209.0,Feuerbachstraße,3538.0,44.0
194567,11,5,,2019,5,12,6,3,2,6,0,0,1,0,0,0,0,0,"784791,3084","5828770,72","13,19958","52,53442",5020625.0,Borkumer Straße,1658.0,8.0
194568,11,8,,2019,5,12,6,3,5,2,0,1,0,0,0,0,1,0,"800975,2383","5824764,517","13,43385","52,48981",8010301.0,Reuterkiez,5145.0,46.0
194569,11,2,,2019,5,13,6,2,5,3,0,0,1,0,1,0,0,0,"798420,4282","5824745,839","13,39632","52,49105",2020204.0,Urbanstraße,4546.0,40.0
194570,11,6,,2019,5,13,6,3,5,7,0,1,1,0,0,0,0,0,"793077,4855","5820686,071","13,31428","52,45755",6010101.0,Fichtenberg,3336.0,54.0
194571,11,3,,2019,5,13,6,3,0,7,0,0,1,0,1,0,0,0,"800033,175","5830686,507","13,42536","52,54341",3061332.0,Helmholtzplatz,4961.0,45.0
194572,11,1,,2019,5,14,6,3,2,6,0,0,1,0,1,0,0,0,"797571,7037","5831890,308","13,39025","52,55555",1033102.0,Gesundbrunnen,4464.0,34.0
194573,11,2,,2019,5,15,6,3,5,7,0,0,1,0,1,0,0,0,"797032,9532","5824470,717","13,3757","52,48934",2020203.0,Viktoriapark,4245.0,40.0
194574,11,12,,2019,5,15,6,2,5,2,0,1,1,0,0,0,0,0,"793539,1536","5835464,04","13,3341","52,58978",12301203.0,Wittenau Süd,3674.0,59.0
194575,11,1,,2019,5,16,5,3,1,5,0,1,1,0,0,0,1,0,"797991,7643","5826838,456","13,3919","52,51004",1011204.0,Leipziger Straße,4451.0,11.0
194576,11,3,,2019,5,8,5,3,5,3,0,1,1,0,0,0,0,0,"801415,9424","5830909,621","13,44589","52,54465",3061429.0,Greifswalder Straße,5261.0,46.0
194577,11,8,,2019,5,6,5,2,2,7,0,0,1,0,1,0,0,0,"803600,451","5821923,667","13,46981","52,4629",8010510.0,Gewerbegebiet Köllnische Heide,5637.0,57.0
194578,11,1,,2019,5,11,5,3,6,2,0,0,1,1,0,0,0,0,"797913,3963","5827274,605","13,39113","52,51399",1011203.0,Unter den Linden Süd,4452.0,21.0
194579,11,9,,2019,5,18,5,3,5,2,0,1,1,0,0,0,0,0,"808974,666","5818112,353","13,54514","52,42573",9020701.0,Adlershof West,6727.0,55.0
194580,11,1,,2019,5,18,5,3,0,3,0,1,1,0,0,0,0,0,"799126,1116","5827120,575","13,40881","52,51195",1011305.0,Heine-Viertel West,4752.0,45.0
194581,11,1,,2019,5,8,5,3,5,3,0,1,1,0,0,0,0,0,"799898,9024","5826523,844","13,41963","52,50617",1011306.0,Heine-Viertel Ost,4850.0,38.0
194582,11,12,,2019,5,16,5,3,5,2,0,1,1,0,0,0,0,0,"792217,2608","5833939,835","13,3133","52,57682",12214422.0,Klixstraße,3371.0,40.0
194583,11,4,,2019,5,15,5,3,1,5,0,0,1,0,1,0,0,0,"793503,6914","5827893,08","13,32689","52,52193",4030621.0,Spreestadt,3555.0,16.0
194584,11,2,,2019,5,14,5,3,5,5,0,1,1,0,0,0,0,0,"799564,6194","5826307,676","13,41452","52,50442",2010103.0,Moritzplatz,4850.0,38.0
194585,11,8,,2019,5,15,5,2,5,2,0,0,1,0,0,0,0,0,"802294,9254","5817848,234","13,44697","52,42709",8030830.0,Gropiusstadt Süd,5327.0,45.0
194586,11,12,,2019,5,15,5,3,2,6,0,0,1,0,0,0,0,0,"792548,31","5834467,682","13,31864","52,58138",12301203.0,Wittenau Süd,3372.0,65.0
194587,11,3,,2019,5,15,5,2,5,2,0,0,1,0,1,0,0,0,"803342,4377","5831580,71","13,47482","52,54959",3051022.0,Hansastraße,5763.0,63.0
194588,11,6,,2019,5,9,5,2,5,3,0,1,1,0,0,0,0,0,"792711,912","5821670,605","13,30978","52,46657",6010101.0,Fichtenberg,3238.0,58.0
194589,11,5,,2019,5,12,5,3,5,3,0,0,0,0,1,0,1,0,"786106,7127","5829356,904","13,21942","52,53898",5030730.0,Zitadellenweg,1960.0,63.0
194590,11,1,,2019,5,12,5,3,5,2,0,1,0,0,0,1,0,0,"793500,9477","5829389,725","13,32817","52,53534",1022103.0,Westhafen,3559.0,22.0
194591,11,4,,2019,5,11,5,3,5,3,0,0,1,0,0,0,0,0,"791292,4732","5826060,761","13,29278","52,50669",4030725.0,Amtsgerichtsplatz,3050.0,39.0
194592,11,6,,2019,5,15,5,3,6,7,0,0,1,1,0,0,0,0,"793520,2365","5820658,453","13,32076","52,45706",6010102.0,Schloßstraße,3436.0,49.0
194593,11,9,,2019,5,15,5,3,6,7,0,0,1,1,0,0,0,0,"808749,8299","5815317,378","13,53927","52,4008",9030903.0,Kölner Viertel,6619.0,65.0
194594,11,7,,2019,5,10,5,3,5,3,0,1,1,0,0,0,0,0,"796364,5711","5825091,324","13,36643","52,49526",7010104.0,Dennewitzplatz,4147.0,61.0
194595,11,2,,2019,5,10,5,3,5,2,0,0,1,0,0,0,1,0,"802950,2125","5826077,699","13,46404","52,50049",2050803.0,Stralauer Kiez,5548.0,37.0
194596,11,7,,2019,5,8,5,3,2,6,0,0,1,0,0,0,1,0,"795332,6233","5821559,26","13,34815","52,46416",7030303.0,Grazer Platz,3838.0,59.0
194597,11,1,,2019,5,8,5,3,3,6,0,0,0,0,0,0,1,0,"799113,834","5828309,341","13,4097","52,52261",1011303.0,Alexanderplatzviertel,4755.0,4.0
194598,11,2,,2019,5,8,5,2,0,1,0,0,0,0,1,0,0,0,"798433,2438","5826505,333","13,39808","52,50681",2010102.0,Mehringplatz,4550.0,26.0
194599,11,2,,2019,5,0,5,3,1,5,2,1,1,0,0,0,0,0,"800645,1725","5827393,033","13,43138","52,51355",2040701.0,Andreasviertel,5052.0,43.0
194600,11,7,,2019,5,8,5,3,0,1,0,1,0,0,0,0,0,0,"797284,0038","5821143,507","13,37642","52,45938",7040403.0,Manteuffelstraße,4236.0,55.0
194601,11,2,,2019,5,16,4,3,6,2,0,1,0,1,0,0,0,0,"800921,742","5826861,776","13,43496","52,50864",2040703.0,Wriezener Bahnhof/Entwicklungsgebiet,5151.0,39.0
194602,11,6,,2019,5,19,4,3,5,2,0,0,1,0,0,0,0,0,"792938,7022","5817767,983","13,30969","52,43146",6030610.0,Lichterfelde West,3228.0,32.0
194603,11,8,,2019,5,19,4,2,3,6,0,0,1,0,0,0,0,0,"801027,423","5823894,033","13,43383","52,48198",8010303.0,Donaustraße,5143.0,6.0
194604,11,2,,2019,5,22,4,3,6,4,2,1,0,1,0,0,0,0,"800480,428","5825761,597","13,42748","52,49902",2030401.0,Reichenberger Straße,5048.0,24.0
194605,11,3,,2019,5,12,4,3,5,2,0,1,1,0,0,0,0,0,"803366,1508","5833523,539","13,47695","52,56699",3030716.0,Märchenland,5768.0,60.0
194606,11,5,,2019,5,21,4,2,2,6,2,0,1,0,1,0,0,0,"784391,5608","5828680,705","13,19362","52,53382",5020625.0,Borkumer Straße,1558.0,34.0
194607,11,12,,2019,5,19,4,3,5,2,0,0,1,0,1,0,0,0,"794339,284","5835706,267","13,34609","52,59152",12302107.0,Schorfheidestraße,3875.0,59.0
194608,11,2,,2019,5,18,4,3,6,7,0,0,1,1,0,0,0,0,"801071,1201","5827121,581","13,43739","52,51089",2040701.0,Andreasviertel,5151.0,39.0
194609,11,9,,2019,5,18,4,3,6,2,0,0,1,1,0,0,0,0,"802309,9897","5825530,661","13,45414","52,49594",9010101.0,Elsenstraße,5447.0,55.0
194610,11,7,,2019,5,14,4,3,6,7,0,1,0,1,0,0,0,0,"797855,0421","5821652,03","13,38525","52,46362",7040403.0,Manteuffelstraße,4338.0,47.0
194611,11,4,,2019,5,13,4,3,5,2,0,0,1,0,1,0,0,0,"791577,9677","5824878,875","13,29594","52,49594",4031032.0,Halensee,3047.0,56.0
194612,11,6,,2019,5,13,4,3,1,5,0,1,1,0,0,0,1,0,"792269,5007","5820610,285","13,30236","52,4573",6040809.0,Thielallee,3136.0,49.0
194613,11,5,,2019,5,12,4,3,2,2,0,0,1,0,1,0,0,0,"787665,0754","5829975,328","13,24287","52,54371",5030731.0,Gartenfelder Straße,2261.0,57.0
194614,11,4,,2019,5,12,4,3,3,6,0,1,1,0,0,0,0,0,"792661,1466","5827139,968","13,31384","52,51563",4030620.0,Alt-Lietzow,3353.0,38.0
194615,11,2,,2019,5,17,4,3,5,2,0,0,1,0,1,0,0,0,"798718,12","5825880,516","13,40171","52,50105",2010103.0,Moritzplatz,4649.0,53.0
194616,11,8,,2019,5,12,4,3,5,3,0,0,1,0,0,0,0,0,"801478,55","5817971,456","13,43511","52,42865",8020625.0,Handwerker-Siedlung,5127.0,55.0
194617,11,12,,2019,5,12,4,3,5,3,0,1,1,0,0,0,0,0,"790579,008","5839713,713","13,29426","52,62946",12231102.0,Frohnau,3086.0,61.0
194618,11,4,,2019,5,15,4,3,0,2,0,0,1,0,0,0,1,0,"793503,5733","5825309,422","13,32461","52,49876",4051448.0,Schaperstraße,3448.0,49.0
194619,11,4,,2019,5,15,4,3,0,6,0,1,1,0,0,0,0,0,"793303,0783","5823754,17","13,32029","52,48493",4051549.0,Rathaus Wilmersdorf,3444.0,24.0
194620,11,10,,2019,5,16,4,3,2,1,0,0,1,0,0,0,0,0,"810512,3879","5827974,251","13,57686","52,51323",10020622.0,Kaulsdorf Nord I,7252.0,60.0
194621,11,2,,2019,5,10,4,3,0,1,0,0,0,0,1,0,0,1,"799282,541","5826219,366","13,4103","52,50378",2010103.0,Moritzplatz,4749.0,23.0
194622,11,12,,2019,4,17,3,3,5,3,0,1,1,0,0,0,0,0,"790967,1499","5834529,37","13,29542","52,58278",12304313.0,Borsigwalde,3072.0,57.0
194623,11,7,,2019,4,6,3,2,5,3,0,0,1,0,1,0,0,0,"796332,2021","5825092,714","13,36596","52,49529",7010104.0,Dennewitzplatz,4047.0,22.0
194624,11,1,,2019,4,9,3,3,2,2,0,0,1,0,0,0,0,0,"797179,4009","5831917,919","13,3845","52,55601",1033102.0,Gesundbrunnen,4365.0,7.0
194625,11,9,,2019,4,15,3,3,6,6,0,1,0,1,0,0,0,0,"808562,4573","5819104,777","13,54001","52,43485",9020701.0,Adlershof West,6629.0,41.0
194626,11,2,,2019,4,17,3,3,1,5,0,0,1,0,1,0,0,0,"799852,1146","5825823,338","13,41831","52,49992",2030301.0,Oranienplatz,4848.0,3.0
194627,11,1,,2019,4,7,3,3,2,6,1,0,1,0,0,0,0,0,"793878,0004","5830231,523","13,33445","52,54269",1044101.0,Rehberge,3661.0,43.0
194628,11,9,,2019,4,23,3,3,5,3,2,0,1,0,1,0,0,0,"807417,0875","5818311,38","13,52249","52,42839",9020701.0,Adlershof West,6427.0,48.0
194629,11,1,,2019,4,15,3,2,5,2,0,0,0,0,1,0,1,0,"796634,192","5829789,723","13,37458","52,53723",1033203.0,Humboldthain Nordwest,4259.0,40.0
194630,11,1,,2019,4,15,3,3,3,6,0,1,1,0,0,0,0,0,"796919,9784","5831542,388","13,38035","52,55279",1044201.0,Reinickendorfer Straße,4364.0,39.0
194631,11,9,,2019,4,15,3,3,5,3,0,1,1,0,0,0,0,0,"806015,4078","5820102,357","13,50358","52,44523",9010401.0,Johannisthal West,6132.0,56.0
194632,11,7,,2019,4,15,3,3,5,3,0,1,0,0,0,0,1,0,"797146,8825","5823822,619","13,37679","52,48347",7040401.0,Neu-Tempelhof,4243.0,50.0
194633,11,7,,2019,4,15,3,3,5,3,0,1,1,0,0,0,0,0,"793747,1463","5821713,614","13,32501","52,4664",7030301.0,Friedenau,3438.0,56.0
194634,11,4,,2019,4,15,3,2,5,7,0,1,1,0,0,0,0,0,"790410,8026","5825382,653","13,27924","52,50108",4020314.0,Messegelände,2849.0,40.0
194635,11,2,,2019,4,15,3,2,5,2,0,1,1,0,0,0,0,0,"798680,0182","5826445,145","13,40165","52,50614",2010102.0,Mehringplatz,4650.0,45.0
194636,11,1,,2019,4,15,3,2,5,7,0,0,1,0,1,0,0,0,"794854,6689","5828992,144","13,34771","52,53105",1022201.0,Stephankiez,3857.0,60.0
194637,11,2,,2019,4,14,3,3,5,3,0,1,1,0,0,0,0,0,"798514,8682","5826169,425","13,39898","52,50376",2010102.0,Mehringplatz,4549.0,56.0
194638,11,1,,2019,4,14,3,3,5,2,0,1,0,0,0,1,0,0,"793408,2861","5829078,436","13,32653","52,5326",1022101.0,Huttenkiez,3558.0,50.0
194639,11,10,,2019,4,14,3,3,3,6,0,1,0,0,0,0,1,0,"813212,9248","5825316,6","13,61403","52,48788",10040933.0,Mahlsdorf Süd,7745.0,65.0
194640,11,4,,2019,4,15,3,3,1,5,0,0,1,0,0,0,0,0,"791051,6605","5826351,101","13,2895","52,50942",4030724.0,Lietzensee,2951.0,33.0
194641,11,7,,2019,4,13,3,3,5,7,0,1,1,0,0,0,0,0,"795707,2049","5824041,262","13,35585","52,48621",7020203.0,Kaiser-Wilhelm-Platz,3944.0,21.0
194642,11,4,,2019,4,11,3,3,5,2,0,1,1,0,0,0,0,0,"792891,6925","5824757,108","13,31513","52,49414",4051446.0,Preußenpark,3347.0,62.0
194643,11,9,,2019,4,6,3,3,5,7,0,0,1,0,0,1,0,0,"806236,026","5822494,019","13,50901","52,46654",9020501.0,Oberschöneweide West,6238.0,43.0
194644,11,3,,2019,5,18,5,3,2,6,0,0,1,0,0,0,0,0,"800925,6469","5831198,171","13,43894","52,5475",3061228.0,Erich-Weinert-Straße,5162.0,47.0
194645,11,10,,2019,4,6,3,3,1,5,0,0,1,0,0,1,0,0,"807447,0093","5830728,883","13,53438","52,53966",10010203.0,Gewerbegebiet Bitterfelder Straße,6660.0,39.0
194646,11,5,,2019,4,6,3,3,5,3,0,0,1,0,0,0,0,0,"787269,2566","5830242,612","13,23728","52,54631",5030731.0,Gartenfelder Straße,2162.0,63.0
194647,11,7,,2019,5,18,5,3,5,3,0,0,1,0,0,0,0,0,"797929,7911","5818556,127","13,38359","52,43583",7050502.0,Fritz-Werner-Straße,4329.0,59.0
194648,11,3,,2019,5,14,5,3,5,3,0,1,0,0,0,0,0,1,"798836,0454","5831456,127","13,40845","52,55097",3061126.0,Arnimplatz,4763.0,56.0
194649,11,1,,2019,4,6,3,3,2,6,0,0,1,0,0,0,0,0,"796543,9255","5831927,801","13,37516","52,55645",1044201.0,Reinickendorfer Straße,4265.0,5.0
194650,11,10,,2019,5,14,5,2,2,6,0,0,1,0,0,0,0,1,"809588,09","5828534,085","13,5638","52,51878",10030724.0,Oberfeldstraße,7054.0,53.0
194651,11,11,,2019,5,14,5,3,5,3,0,1,1,0,0,0,0,1,"806449,4155","5826869,53","13,51616","52,50563",11040926.0,Weitlingstraße,6350.0,50.0
194652,11,6,,2019,5,16,6,3,1,5,0,1,1,0,0,0,0,0,"793574,2415","5820963,488","13,32182","52,45977",6010102.0,Schloßstraße,3436.0,49.0
194653,11,11,,2019,5,16,6,3,2,2,0,0,0,0,1,0,1,0,"802427,995","5828890,968","13,45893","52,52599",11030618.0,Fennpfuhl West,5456.0,61.0
194654,11,2,,2019,5,16,6,3,2,6,0,0,1,0,1,0,0,0,"800168,844","5827328,842","13,42432","52,51324",2040701.0,Andreasviertel,4952.0,44.0
194655,11,12,,2019,5,15,6,2,2,6,0,0,1,0,0,0,0,0,"791191,5785","5830904,403","13,29554","52,55016",12214125.0,Waldidyll/Flughafensee,3063.0,49.0
194656,11,1,,2019,5,15,6,3,1,5,0,1,1,0,0,0,0,0,"797040,0027","5828398,904","13,37931","52,52455",1011301.0,Charitéviertel,4255.0,45.0
194657,11,5,,2019,5,15,6,3,5,2,0,0,1,0,1,0,0,0,"783507,6076","5822041,799","13,17497","52,47475",5040934.0,Alt-Gatow,1241.0,65.0
194658,11,2,,2019,5,15,6,3,2,6,0,0,1,0,0,0,1,0,"798083,0715","5826489,931","13,39292","52,50686",2010102.0,Mehringplatz,4450.0,25.0
194659,11,11,,2019,5,13,6,3,5,2,0,0,0,0,0,1,1,0,"803007,8226","5830784,44","13,46918","52,54264",11020513.0,Orankesee,5661.0,61.0
194660,11,4,,2019,5,13,6,2,5,2,0,1,1,0,0,0,0,0,"793633,6498","5824865,512","13,32612","52,49472",4051448.0,Schaperstraße,3547.0,43.0