OBJECTID,LAND,BEZ,LOR_ab_2021,UJAHR,UMONAT,USTUNDE,UWOCHENTAG,UKATEGORIE,UART,UTYP1,ULICHTVERH,IstRad,IstPKW,IstFuss,IstKrad,IstGkfz,IstSonstige,USTRZUSTAND,LINREFX,LINREFY,XGCSWGS84,YGCSWGS84,LOR,STRASSE,quadrant,quadrant_rank
194823,11,6,,2019,5,12,1,3,1,7,0,1,1,0,0,0,0,0,"793062,9022","5818173,343","13,31186","52,43503",6030609.0,Augustaplatz,3229.0,58.0
194824,11,10,,2019,5,15,1,3,5,2,0,0,1,0,0,0,0,0,"812579,558","5830318,931","13,60943","52,53306",10020517.0,Adele-Sandrock-Straße,7758.0,62.0
194825,11,9,,2019,5,14,1,3,3,6,0,0,1,0,0,0,0,0,"811720,8954","5823293,614","13,59023","52,4706",9052001.0,Köpenick Nord,7440.0,65.0
194826,11,3,,2019,5,12,1,3,0,3,0,1,1,0,0,0,0,0,"801627,5346","5836352,235","13,45395","52,59331",3030711.0,Blankenburg,5476.0,61.0
194827,11,8,,2019,5,16,1,3,3,6,0,1,1,0,0,0,0,0,"801054,0061","5824921,287","13,43515","52,49117",8010301.0,Reuterkiez,5146.0,51.0
194828,11,1,,2019,5,11,1,2,5,7,0,0,1,0,1,0,0,0,"793541,0291","5829060,08","13,32846","52,53237",1022102.0,Beusselkiez,3558.0,50.0
194829,11,2,,2019,5,9,1,3,4,6,0,1,0,0,0,0,0,0,"797613,1853","5824984,564","13,38468","52,49363",2020203.0,Viktoriapark,4346.0,53.0
194830,11,4,,2019,5,10,1,2,5,2,0,0,1,0,0,0,0,0,"790387,6752","5825674,979","13,27915","52,50371",4020314.0,Messegelände,2849.0,40.0
194831,11,2,,2019,5,13,1,3,6,4,0,1,0,1,0,0,0,0,"800201,2074","5824411,83","13,42217","52,48708",2020206.0,Graefekiez,4944.0,25.0
194832,11,1,,2019,5,13,1,3,2,2,0,1,1,0,0,0,0,0,"797590,3553","5828353,179","13,38735","52,52384",1011301.0,Charitéviertel,4455.0,27.0
194833,11,9,,2019,5,10,1,3,5,2,0,0,1,0,0,0,1,0,"809391,89","5821482,711","13,55438","52,4557",9020502.0,Oberschöneweide Ost,6835.0,61.0
194834,11,8,,2019,5,4,1,3,5,7,1,0,1,0,0,0,0,1,"800675,026","5824113,057","13,42885","52,48414",8010303.0,Donaustraße,5044.0,14.0
194835,11,9,,2019,5,20,1,3,0,7,0,0,1,0,0,0,0,0,"802657,2975","5824431,568","13,45825","52,4859",9010101.0,Elsenstraße,5444.0,54.0
194836,11,12,,2019,5,19,1,2,5,3,0,0,1,0,0,0,0,0,"795259,8949","5836637,935","13,36048","52,59937",12302109.0,Treuenbrietzener Straße,4077.0,58.0
194837,11,7,,2019,5,12,7,3,5,3,0,1,0,0,0,0,1,0,"795000,7494","5823312,432","13,34483","52,48006",7020202.0,Volkspark (Rudolf-Wilde-Park),3742.0,48.0
194838,11,5,,2019,5,18,1,3,5,3,0,0,1,0,1,0,0,0,"781738,1891","5828424,998","13,15439","52,5329",5020419.0,Magistratsweg,958.0,48.0
194839,11,1,,2019,5,14,7,3,6,2,0,0,1,1,0,0,0,0,"794612,8561","5831374,565","13,34627","52,55254",1044101.0,Rehberge,3864.0,60.0
194840,11,4,,2019,5,18,1,2,2,6,0,0,1,0,0,0,0,0,"794205,5548","5826084,382","13,3356","52,50533",4030931.0,Breitscheidplatz,3650.0,32.0
194841,11,5,,2019,5,17,1,2,6,4,0,0,1,1,0,0,0,0,"785595,3343","5832202,449","13,21435","52,56476",5010101.0,Hakenfelde Nord,1867.0,58.0
194842,11,1,,2019,5,11,7,3,3,6,0,1,0,0,0,0,0,0,"794318,0025","5828450,573","13,33935","52,52648",1022104.0,Emdener Straße,3756.0,4.0
194843,11,4,,2019,5,16,1,3,1,5,0,0,1,0,0,0,0,0,"790964,741","5823218,889","13,28549","52,48138",4041137.0,Flinsberger Platz,2943.0,55.0
194844,11,1,,2019,5,17,1,2,5,2,0,0,1,0,0,0,1,0,"795663,6242","5829738,909","13,36027","52,53731",1022202.0,Heidestraße,4059.0,30.0
194845,11,5,,2019,5,12,7,3,2,7,0,0,1,0,0,0,0,0,"784573,7714","5828437,344","13,19609","52,53154",5020625.0,Borkumer Straße,1557.0,28.0
194846,11,8,,2019,5,16,1,3,0,1,0,0,0,0,1,0,0,1,"800881,7321","5824265,286","13,43203","52,48539",8010301.0,Reuterkiez,5044.0,14.0
194847,11,11,,2019,5,17,7,2,0,1,0,0,0,0,1,0,0,1,"803239,8134","5829620,784","13,47153","52,53208",11030618.0,Fennpfuhl West,5658.0,55.0
194848,11,9,,2019,5,16,1,2,5,3,0,1,1,0,0,0,0,0,"818930,6181","5820234,175","13,6931","52,43903",9051801.0,Rahnsdorf/Hessenwinkel,8930.0,65.0
194849,11,1,,2019,5,16,1,3,3,6,0,1,1,0,0,0,0,0,"798211,6395","5829356,587","13,39738","52,53249",1011401.0,Invalidenstraße,4558.0,14.0
194850,11,6,,2019,5,23,7,3,5,2,2,0,1,0,0,0,0,0,"794871,372","5817933,697","13,33818","52,43191",6020304.0,Kaiser-Wilhelm-Straße,3628.0,54.0
194851,11,5,,2019,5,19,7,3,5,2,0,0,1,0,0,0,0,1,"784356,7062","5830003,074","13,19424","52,54569",5010313.0,Ackerstraße,1562.0,57.0
194852,11,6,,2019,5,16,1,3,0,1,0,0,1,0,1,0,0,1,"795155,4358","5818833,071","13,34314","52,43982",6020302.0,Komponistenviertel Lankwitz,3731.0,60.0
194853,11,1,,2019,5,15,1,3,5,2,0,1,1,0,0,0,0,0,"795703,8228","5828178,073","13,35947","52,52329",1022206.0,Lüneburger Straße,4055.0,49.0
194854,11,5,,2019,5,18,7,3,5,3,1,0,1,0,0,0,0,1,"782606,1708","5827484,517","13,16636","52,52402",5020523.0,Maulbeerallee,1155.0,58.0
194855,11,6,,2019,5,13,1,3,1,5,0,1,1,0,0,0,0,0,"786758,5891","5817508,623","13,21881","52,43241",6040703.0,Nikolassee,1928.0,56.0
194856,11,2,,2019,5,18,7,3,5,2,0,1,1,0,0,0,0,1,"800634,9945","5825676,122","13,42968","52,49817",2030401.0,Reichenberger Straße,5048.0,24.0
194857,11,3,,2019,5,12,7,3,5,3,0,1,1,0,0,0,0,0,"799917,928","5837070,13","13,42944","52,60069",3020307.0,Buchholz,5078.0,61.0
194858,11,6,,2019,5,13,1,3,0,3,0,0,1,0,1,0,0,0,"782753,228","5815836,286","13,15864","52,4195",6040701.0,Wannsee,1025.0,59.0
194859,11,5,,2019,5,12,1,3,0,2,0,0,1,0,1,0,0,0,"782360,4733","5830492,369","13,1653","52,55112",5010206.0,Gütersloher Weg,1163.0,42.0
194860,11,5,,2019,5,11,7,3,5,2,0,0,1,0,0,0,0,0,"783575,2","5830201,053","13,18292","52,54787",5010207.0,Darbystraße,1362.0,55.0
194861,11,1,,2019,5,11,1,3,2,6,0,0,1,0,0,0,0,0,"796631,4743","5826181,262","13,37132","52,50489",1011104.0,Körnerstraße,4150.0,19.0
194862,11,4,,2019,5,12,7,3,5,2,0,1,1,0,0,0,0,0,"790488,5731","5826704,84","13,28153","52,51289",4020313.0,Königin-Elisabeth-Straße,2852.0,40.0
194863,11,3,,2019,5,11,1,2,1,5,0,1,1,0,0,0,0,0,"803031,6796","5838268,828","13,47637","52,60971",3030406.0,Alt-Karow,5780.0,50.0
194864,11,4,,2019,5,20,7,3,5,2,0,0,1,0,1,0,0,1,"793485,8797","5827580,173","13,32635","52,51913",4030621.0,Spreestadt,3554.0,52.0
194865,11,4,,2019,5,9,1,3,5,2,0,1,1,0,0,0,0,0,"792719,6214","5826110,195","13,31379","52,50636",4030827.0,Karl-August-Platz,3350.0,22.0
194866,11,6,,2019,5,13,7,3,5,3,0,1,0,0,0,0,0,0,"793245,6077","5817229,265","13,31372","52,42647",6020409.0,Königsberger Straße,3327.0,59.0
194867,11,1,,2019,5,1,1,3,0,7,2,1,1,0,0,0,0,1,"795997,3409","5828697,642","13,36425","52,52779",1022205.0,Zillesiedlung,4056.0,47.0
194868,11,4,,2019,5,15,7,3,1,5,0,1,1,0,0,0,0,1,"792131,812","5822350,51","13,30186","52,47297",4041342.0,Schlangenbader Straße,3140.0,61.0
194869,11,4,,2019,5,10,7,3,0,7,0,1,0,0,0,0,0,0,"790746,0208","5822639,186","13,28177","52,4763",4041240.0,Messelpark,2841.0,54.0
194870,11,6,,2019,5,15,7,3,5,3,0,1,1,0,0,0,0,1,"794581,2149","5818532,314","13,33445","52,43743",6020302.0,Komponistenviertel Lankwitz,3630.0,64.0
194871,11,1,,2019,5,23,7,3,5,2,2,1,1,0,0,0,0,0,"796253,7912","5825960,454","13,36558","52,50311",1011104.0,Körnerstraße,4049.0,39.0
194872,11,2,,2019,5,16,7,3,5,3,0,1,1,0,0,0,0,1,"800613,4675","5827116,752","13,43066","52,51109",2040701.0,Andreasviertel,5051.0,33.0
194873,11,6,,2019,5,9,7,3,1,5,0,1,1,0,0,0,0,0,"791806,6711","5818880,989","13,29406","52,44204",6030610.0,Lichterfelde West,3031.0,57.0
194874,11,10,,2019,5,9,7,3,5,3,0,0,1,0,0,0,0,0,"809115,4543","5829717,028","13,55796","52,52965",10030724.0,Oberfeldstraße,6957.0,63.0
194875,11,1,,2019,5,17,7,3,1,5,0,0,1,0,0,0,0,1,"799133,031","5827816,055","13,40954","52,51818",1011303.0,Alexanderplatzviertel,4754.0,20.0
194876,11,10,,2019,5,9,7,3,5,3,0,1,1,0,0,0,0,0,"810697,9725","5832013,543","13,58336","52,54933",10010311.0,Landsberger Tor,7363.0,56.0
194877,11,10,,2019,5,11,7,3,5,2,0,1,1,0,0,0,0,0,"810681,0042","5832016,168","13,58311","52,54936",10010205.0,Marzahn Ost,7363.0,56.0
194878,11,9,,2019,5,5,7,3,0,7,0,1,0,0,0,0,0,0,"802024,2654","5824662,166","13,44916","52,48831",9010101.0,Elsenstraße,5345.0,59.0
194879,11,9,,2019,5,1,7,3,1,5,2,1,1,0,0,0,0,0,"806261,7387","5819264,546","13,50642","52,43758",9010402.0,Johannisthal Ost,6130.0,56.0
194880,11,12,,2019,5,17,7,3,5,3,0,0,1,0,0,0,0,1,"786547,8451","5833207,975","13,22923","52,57328",12224229.0,Konradshöhe/Tegelort,2070.0,65.0
194881,11,9,,2019,5,20,7,3,6,4,0,0,1,1,0,0,0,0,"804383,7433","5820898,263","13,48037","52,45327",9010302.0,Späthsfelde,5735.0,60.0
194882,11,1,,2019,5,15,7,3,0,1,0,0,0,0,1,0,0,1,"797002,835","5828944,464","13,37925","52,52946",1011301.0,Charitéviertel,4257.0,20.0
194883,11,10,,2019,5,19,7,2,0,1,0,1,0,0,0,0,0,0,"811446,3376","5828143,649","13,59074","52,51422",10040828.0,Kaulsdorf Nord,7452.0,59.0
194884,11,1,,2019,5,11,7,3,6,4,0,1,0,1,0,0,0,0,"797199,3445","5831985,216","13,38486","52,55661",1033101.0,Soldiner Straße,4365.0,7.0
194885,11,5,,2019,5,18,7,3,5,2,0,0,1,0,0,0,0,0,"784452,915","5828671,699","13,19452","52,5337",5020625.0,Borkumer Straße,1558.0,34.0
194886,11,10,,2019,5,4,7,3,5,3,1,0,1,0,0,0,0,0,"810060,348","5832630,419","13,57456","52,55522",10010204.0,Wuhletalstraße,7164.0,58.0
194887,11,1,,2019,5,8,7,3,5,2,0,1,1,0,0,0,0,0,"799434,6834","5826506,279","13,41279","52,50627",1011305.0,Heine-Viertel West,4750.0,40.0
194888,11,10,,2019,5,18,7,3,2,7,0,0,1,0,0,0,0,0,"809586,2961","5824129,283","13,55968","52,4793",10030727.0,Biesdorf Süd,6942.0,65.0
194889,11,2,,2019,5,15,6,3,3,6,0,1,0,0,0,0,0,0,"797740,9873","5825304,328","13,38684","52,49642",2020202.0,Rathaus Yorckstraße,4447.0,16.0
194890,11,8,,2019,5,8,6,3,5,7,0,0,1,0,0,0,0,0,"801458,8432","5820198,823","13,43683","52,44862",8020622.0,Parchimer Allee,5133.0,32.0
194891,11,1,,2019,5,10,7,3,2,6,0,0,1,0,0,0,0,0,"793894,3131","5831930,032","13,3362","52,5579",1044101.0,Rehberge,3665.0,54.0
194892,11,7,,2019,5,7,6,3,6,2,0,0,1,1,0,0,0,0,"799597,71","5813174,918","13,40323","52,38668",7070703.0,John-Locke-Straße,4615.0,51.0
194893,11,5,,2019,5,10,7,2,2,7,0,0,1,0,1,0,0,0,"788010,961","5829392,7","13,24745","52,5383",5030731.0,Gartenfelder Straße,2359.0,44.0
194894,11,3,,2019,5,7,6,3,5,3,0,1,1,0,0,0,0,1,"802811,0918","5838572,483","13,4734","52,61255",3030406.0,Alt-Karow,5681.0,64.0
194895,11,1,,2019,5,11,7,3,1,5,0,1,1,0,0,0,0,0,"798437,2547","5829160,005","13,40052","52,5306",1011401.0,Invalidenstraße,4657.0,9.0
194896,11,5,,2019,5,11,7,2,6,2,0,0,1,1,0,0,0,0,"784354,0571","5828103,753","13,19258","52,52866",5020625.0,Borkumer Straße,1557.0,28.0
194897,11,8,,2019,5,7,6,3,0,7,0,1,0,0,0,0,1,1,"801336,6489","5824528,31","13,43894","52,48749",8010301.0,Reuterkiez,5145.0,46.0
194898,11,3,,2019,5,7,6,3,0,3,0,1,1,0,0,0,0,1,"799695,2847","5837327,334","13,42639","52,60312",3020307.0,Buchholz,4978.0,64.0
194899,11,3,,2019,5,12,7,3,2,6,0,0,1,0,1,0,0,0,"803418,5177","5831717,759","13,47607","52,55078",3051022.0,Hansastraße,5763.0,63.0
194900,11,5,,2019,5,12,7,1,2,6,0,0,1,0,0,0,0,0,"785221,9711","5831811,814","13,20852","52,56146",5010101.0,Hakenfelde Nord,1766.0,46.0
194901,11,8,,2019,5,6,6,3,5,2,1,0,1,0,0,0,0,0,"803748,3054","5818747,774","13,46909","52,43435",8040933.0,Vogelviertel Süd,5629.0,61.0
194902,11,4,,2019,5,12,7,3,2,6,0,0,1,0,0,0,0,0,"788158,5609","5827234,726","13,24775","52,51887",4020205.0,Siedlung Ruhleben,2354.0,65.0
194903,11,11,,2019,5,5,6,3,5,3,0,1,1,0,0,0,0,1,"804938,3843","5833108,856","13,49969","52,5624",11020411.0,Malchower Weg,6066.0,60.0
194904,11,4,,2019,5,13,7,3,5,2,0,0,1,0,0,0,1,0,"793352,206","5829681,351","13,32624","52,53804",4010102.0,Plötzensee,3559.0,22.0
194905,11,1,,2019,5,12,7,3,2,6,0,0,1,0,0,0,1,0,"793898,2723","5830072,062","13,33461","52,54125",1044101.0,Rehberge,3660.0,50.0
194906,11,9,,2019,5,5,6,3,5,3,0,1,1,0,0,0,0,0,"811143,8069","5822084,988","13,58064","52,4601",9052001.0,Köpenick Nord,7237.0,52.0
194907,11,10,,2019,5,13,7,3,2,7,0,0,1,0,0,0,1,0,"811156,8458","5829120,943","13,5874","52,52314",10020622.0,Kaulsdorf Nord I,7355.0,51.0
194908,11,3,,2019,5,5,6,3,1,5,0,1,1,0,0,0,0,1,"800365,9092","5831838,285","13,43129","52,55355",3050923.0,Weißenseer Spitze,5064.0,24.0
194909,11,5,,2019,5,14,7,2,1,5,0,0,1,0,1,0,0,0,"787284,7207","5828331,371","13,23586","52,52917",5010339.0,Freiheit,2157.0,65.0
194910,11,2,,2019,5,21,6,2,5,3,2,1,1,0,0,0,0,0,"800146,1304","5827337,053","13,42399","52,51333",2040701.0,Andreasviertel,4952.0,44.0
194911,11,6,,2019,5,14,7,3,5,3,0,0,1,0,0,0,0,0,"792501,2981","5817473,166","13,30301","52,42905",6030608.0,Schweizer Viertel,3127.0,61.0
194912,11,1,,2019,5,18,6,3,1,5,0,1,1,0,0,0,1,0,"798756,4545","5828241,172","13,40439","52,52219",1011303.0,Alexanderplatzviertel,4655.0,41.0
194913,11,3,,2019,5,15,7,3,5,3,0,1,1,0,0,0,0,0,"802580,1589","5833492,771","13,46536","52,56715",3030716.0,Märchenland,5568.0,65.0
194914,11,7,,2019,5,15,7,3,2,6,0,0,1,0,0,0,0,0,"795255,5938","5824956,696","13,35003","52,49466",7010102.0,Nollendorfplatz,3847.0,40.0
194915,11,4,,2019,5,17,6,3,5,3,0,0,1,0,0,0,0,0,"791777,4225","5827470,973","13,30114","52,51907",4030620.0,Alt-Lietzow,3154.0,20.0
194916,11,9,,2019,5,17,6,2,6,4,0,0,1,1,0,0,0,0,"809742,5999","5815209,602","13,55371","52,39928",9031001.0,Bohnsdorf,6819.0,63.0
194917,11,4,,2019,5,15,7,3,2,6,0,0,1,0,0,0,1,0,"791749,7278","5827305,286","13,30059","52,5176",4030417.0,Schloßstraße,3153.0,49.0
194918,11,2,,2019,5,17,7,2,3,2,0,1,1,0,0,0,0,0,"797667,7742","5826292,497","13,38665","52,50532",2010101.0,Askanischer Platz,4450.0,25.0
194919,11,10,,2019,5,17,6,2,5,3,0,0,1,0,0,0,1,0,"811407,8664","5827590,8","13,58966","52,50929",10040829.0,Alt-Kaulsdorf,7451.0,65.0
194920,11,9,,2019,5,22,7,3,5,2,2,0,1,0,1,0,0,0,"806064,7276","5818827,917","13,50313","52,43378",9010402.0,Johannisthal Ost,6129.0,63.0
194921,11,2,,2019,5,16,6,3,2,6,0,0,1,0,0,0,0,0,"797601,5705","5825939,344","13,38536","52,50219",2010101.0,Askanischer Platz,4349.0,61.0
194922,11,3,,2019,5,7,6,3,5,3,0,1,1,0,0,0,0,0,"802447,0882","5832660,97","13,46264","52,55977",3051017.0,Rennbahnstraße,5566.0,61.0
194923,11,7,,2019,5,15,6,3,3,6,0,0,1,0,1,1,0,0,"797850,1659","5820787,365","13,38441","52,45587",7040405.0,Rathaus Tempelhof,4335.0,53.0
194924,11,11,,2019,5,14,6,2,5,2,0,0,1,0,0,0,1,0,"807283,2944","5825410,58","13,52706","52,49209",11051330.0,Karlshorst West,6446.0,50.0
194925,11,1,,2019,5,13,6,3,5,3,0,0,1,0,1,0,0,0,"797880,979","5827169,725","13,39056","52,51307",1011203.0,Unter den Linden Süd,4452.0,21.0
194926,11,10,,2019,5,17,6,3,1,6,0,1,1,0,0,0,0,0,"810130,0452","5827932,772","13,57121","52,51308",10030725.0,Buckower Ring,7152.0,63.0
194927,11,10,,2019,5,14,6,2,6,4,0,0,1,1,0,0,0,0,"813446,589","5830082,558","13,62194","52,53045",10020517.0,Adele-Sandrock-Straße,7957.0,59.0
194928,11,2,,2019,5,0,6,3,0,1,2,1,0,0,0,0,0,1,"797751,7086","5826074,807","13,38769","52,50332",2010101.0,Askanischer Platz,4449.0,28.0
194929,11,1,,2019,5,14,6,2,6,4,0,0,0,1,0,0,1,0,"797594,2033","5828462,034","13,38751","52,52481",1011301.0,Charitéviertel,4455.0,27.0
194930,11,12,,2019,5,11,6,3,5,3,0,1,1,0,0,0,0,0,"791765,3947","5838949,581","13,31107","52,62198",12231101.0,Hermsdorf,3284.0,61.0
194931,11,5,,2019,5,13,6,3,2,6,0,0,1,0,0,0,0,0,"783652,4794","5829475,511","13,18344","52,54133",5010314.0,Carl-Schurz-Straße,1360.0,64.0
194932,11,5,,2019,5,11,6,3,2,6,0,0,1,0,0,0,0,0,"789604,4688","5829289,775","13,27079","52,53653",5030832.0,Rohrdamm,2659.0,45.0
194933,11,8,,2019,5,19,6,3,1,5,0,0,1,0,0,0,0,0,"801825,2115","5823845,623","13,4455","52,48111",8010405.0,Hertzbergplatz,5243.0,34.0
194934,11,1,,2019,5,13,6,3,6,4,0,0,1,1,0,0,0,0,"797134,2339","5831887,179","13,38381","52,55576",1044201.0,Reinickendorfer Straße,4365.0,7.0
194935,11,11,,2019,5,22,6,2,6,2,2,0,0,1,0,0,1,0,"804807,5071","5827484,63","13,49261","52,51206",11030721.0,Rüdigerstraße,5952.0,37.0
194936,11,7,,2019,5,14,6,3,2,2,0,0,1,0,0,0,0,0,"800102,2095","5821437,796","13,41804","52,46047",7040406.0,Germaniagarten,4837.0,50.0
194937,11,6,,2019,5,20,6,3,1,5,0,0,1,0,1,0,0,0,"789631,992","5818562,356","13,26187","52,44034",6040807.0,Zehlendorf Eiche,2531.0,61.0
194938,11,8,,2019,5,12,6,2,6,4,0,0,0,1,0,0,1,0,"801033,9277","5822165,315","13,43237","52,46648",8010214.0,Glasower Straße,5038.0,31.0
194939,11,3,,2019,5,19,6,3,5,2,0,0,1,0,0,0,0,0,"799680,937","5831267,785","13,4207","52,54881",3061227.0,Humannplatz,4963.0,59.0
194940,11,9,,2019,5,19,6,3,2,6,0,0,1,0,0,0,0,0,"812628,3076","5819457,585","13,59996","52,43571",9041301.0,Kietzer Feld/Nachtheide,7529.0,64.0
194941,11,8,,2019,5,11,6,3,1,5,0,0,1,0,0,0,1,0,"801472,0629","5820191,605","13,43701","52,44855",8020622.0,Parchimer Allee,5133.0,32.0
194942,11,2,,2019,5,10,6,3,5,3,0,1,1,0,0,0,0,0,"797768,9764","5824598,139","13,38662","52,49008",2020203.0,Viktoriapark,4445.0,43.0
194943,11,1,,2019,5,18,6,3,0,2,0,1,1,0,0,0,0,0,"796661,6214","5829006,56","13,37429","52,5302",1011301.0,Charitéviertel,4257.0,20.0
194944,11,2,,2019,5,18,6,3,3,6,0,1,1,0,0,0,0,0,"803224,8942","5827326,276","13,46921","52,51153",2050801.0,Traveplatz,5652.0,13.0
194945,11,1,,2019,5,0,6,3,0,2,2,1,1,0,0,0,0,0,"797013,799","5828942,3","13,37941","52,52943",1011301.0,Charitéviertel,4257.0,20.0
194946,11,12,,2019,5,17,6,3,5,2,0,0,1,0,0,0,0,0,"791681,8037","5838148,221","13,30913","52,61484",12231101.0,Hermsdorf,3282.0,63.0
194947,11,5,,2019,5,13,5,3,5,7,0,1,1,0,0,0,0,0,"784159,2716","5829360,171","13,19079","52,54003",5010314.0,Carl-Schurz-Straße,1460.0,65.0
194948,11,4,,2019,5,17,6,3,3,6,0,1,1,0,0,0,0,0,"793214,5304","5825402,099","13,32044","52,49975",4030930.0,George-Grosz-Platz,3448.0,49.0
194949,11,11,,2019,5,17,6,2,5,2,0,1,0,0,0,0,1,0,"804957,777","5825153,846","13,49268","52,49109",11051229.0,Rummelsburg,5946.0,61.0
194950,11,9,,2019,5,12,5,2,5,3,0,1,0,0,0,0,0,0,"813761,7326","5821406,951","13,61841","52,45253",9051702.0,Bölschestraße,7834.0,65.0
194951,11,9,,2019,5,17,6,3,2,6,0,0,1,0,0,0,0,0,"807862,773","5818113,753","13,52884","52,42637",9020701.0,Adlershof West,6527.0,56.0
194952,11,4,,2019,5,9,6,3,0,6,0,0,0,0,1,0,1,0,"793267,1238","5823077,71","13,31917","52,47889",4051551.0,Brabanter Platz,3442.0,43.0
194953,11,3,,2019,5,6,5,3,6,4,0,1,0,1,0,0,0,0,"800821,4757","5829579,394","13,43594","52,53305",3071639.0,Bötzowstraße,5158.0,55.0
194954,11,3,,2019,5,9,6,3,1,5,0,1,1,0,0,0,0,0,"799971,5485","5829009,52","13,42294","52,52841",3071638.0,Winsstraße,4957.0,49.0
194955,11,12,,2019,5,9,6,3,4,7,0,0,1,0,0,0,0,0,"790622,9454","5837362,098","13,29284","52,60836",12231101.0,Hermsdorf,3080.0,65.0
194956,11,7,,2019,5,18,5,3,5,3,0,1,1,0,0,0,0,0,"794933,9657","5824599,751","13,34499","52,49163",7020201.0,Bayerischer Platz,3746.0,57.0
194957,11,12,,2019,5,16,6,3,5,2,0,1,1,0,0,0,0,0,"794737,0227","5838696,47","13,35461","52,6181",12301206.0,Lübars,3983.0,63.0
194958,11,5,,2019,5,13,5,3,1,5,0,0,1,0,0,0,1,0,"781324,9228","5828392,789","13,14829","52,53283",5020419.0,Magistratsweg,858.0,60.0
194959,11,3,,2019,5,8,6,3,5,3,0,0,1,0,0,0,0,0,"800112,7011","5831694,542","13,42744","52,5524",3061227.0,Humannplatz,5064.0,24.0
194960,11,5,,2019,5,12,5,3,0,1,0,0,1,0,1,0,0,1,"784317,7052","5828922,032","13,19274","52,53602",5010314.0,Carl-Schurz-Straße,1559.0,52.0
194961,11,3,,2019,5,9,6,3,1,5,0,1,0,0,0,0,1,0,"799180,9002","5829462,542","13,41172","52,53291",3071536.0,Teutoburger Platz,4758.0,63.0
194962,11,5,,2019,5,5,5,2,5,3,0,0,1,0,0,0,0,1,"781726,1239","5828529,553","13,1543","52,53385",5020417.0,Staakener Straße,958.0,48.0
194963,11,4,,2019,5,16,6,3,5,3,0,1,0,0,0,0,1,0,"790862,9042","5824695,216","13,28528","52,49467",4041134.0,Bismarckallee,2847.0,41.0
194964,11,3,,2019,5,10,6,2,6,2,0,0,1,1,0,0,0,0,"802320,1908","5831349,597","13,45958","52,54809",3050925.0,Komponistenviertel Weißensee,5462.0,60.0
194965,11,2,,2019,5,21,5,3,5,3,2,1,1,0,0,0,0,1,"802715,687","5826048,933","13,46057","52,50036",2050803.0,Stralauer Kiez,5548.0,37.0
194966,11,2,,2019,5,20,5,3,1,5,1,1,1,0,0,0,1,1,"800973,4979","5826772,877","13,43564","52,50781",2040703.0,Wriezener Bahnhof/Entwicklungsgebiet,5151.0,39.0
194967,11,3,,2019,5,8,6,3,3,6,0,1,1,0,0,0,0,0,"804070,1346","5841245,894","13,49439","52,63581",3010102.0,Buch,6088.0,54.0
194968,11,3,,2019,5,8,6,2,2,6,0,0,1,0,0,0,0,0,"799795,6774","5829593,967","13,42088","52,53375",3071537.0,Kollwitzplatz,4958.0,60.0
194969,11,12,,2019,5,19,5,2,5,3,0,0,1,0,1,0,0,0,"794711,2205","5834897,639","13,35085","52,58407",12103218.0,Teichstraße,3873.0,65.0
194970,11,3,,2019,5,8,6,3,2,6,0,0,1,0,0,0,1,0,"800401,0593","5829064,265","13,4293","52,52867",3071639.0,Bötzowstraße,5057.0,58.0
194971,11,1,,2019,5,19,5,3,1,5,0,1,1,0,0,0,0,0,"800191,5123","5826762,78","13,42414","52,50815",1011306.0,Heine-Viertel Ost,4951.0,32.0
194972,11,3,,2019,5,8,6,3,5,2,0,0,1,0,0,1,0,0,"800127,2602","5833864,297","13,42961","52,57184",3030715.0,Heinersdorf,5069.0,51.0
194973,11,6,,2019,5,16,5,3,1,6,0,1,1,0,0,0,0,0,"793245,471","5821587,344","13,31754","52,46554",6010103.0,Markelstraße,3338.0,53.0
194974,11,5,,2019,5,7,6,3,5,3,0,1,1,0,0,0,0,0,"784686,6859","5829337,549","13,19853","52,53955",5010314.0,Carl-Schurz-Straße,1660.0,30.0
194975,11,8,,2019,5,16,5,3,0,5,0,0,1,0,0,0,1,0,"803346,9891","5822593,117","13,4667","52,46904",8010509.0,Schulenburgpark,5539.0,57.0
194976,11,3,,2019,5,21,6,3,5,2,2,0,1,0,1,0,0,0,"801904,6774","5830332,404","13,45255","52,5392",3061429.0,Greifswalder Straße,5360.0,62.0
194977,11,3,,2019,5,18,6,3,5,3,0,0,1,0,0,0,0,0,"802909,8067","5828625,565","13,46577","52,52335",3061441.0,Eldenaer Straße,5555.0,53.0
194978,11,10,,2019,5,15,5,3,5,2,0,1,1,0,0,0,0,1,"812391,4439","5824301,726","13,60102","52,47925",10040933.0,Mahlsdorf Süd,7542.0,53.0
194979,11,1,,2019,5,15,5,3,5,3,0,0,1,0,0,0,0,0,"798241,4122","5829624,14","13,39806","52,53487",1011402.0,Arkonaplatz,4558.0,14.0
194980,11,6,,2019,5,16,6,2,5,3,0,1,1,0,0,0,0,0,"789317,3247","5815691,724","13,25478","52,41477",6030502.0,Zehlendorf Süd,2423.0,65.0
194981,11,5,,2019,5,15,5,3,2,6,0,0,1,0,0,0,0,0,"789773,6498","5829265,461","13,27326","52,53622",5030832.0,Rohrdamm,2759.0,59.0
194982,11,12,,2019,5,16,3,2,1,5,0,1,1,0,0,0,0,0,"796733,4497","5833361,312","13,37923","52,56919",12103116.0,Hausotterplatz,4268.0,58.0
194983,11,8,,2019,5,16,3,3,0,1,0,0,0,0,1,0,0,0,"806901,3494","5817785,599","13,51444","52,42397",8041037.0,Alt-Rudow,6326.0,65.0