OBJECTID,LAND,BEZ,LOR_ab_2021,UJAHR,UMONAT,USTUNDE,UWOCHENTAG,UKATEGORIE,UART,UTYP1,ULICHTVERH,IstRad,IstPKW,IstFuss,IstKrad,IstGkfz,IstSonstige,USTRZUSTAND,LINREFX,LINREFY,XGCSWGS84,YGCSWGS84,LOR,STRASSE,quadrant,quadrant_rank
194984,11,7,,2019,5,16,3,2,0,7,0,0,0,0,1,0,0,0,"795995,0407","5824293,699","13,3603","52,48831",7020203.0,Kaiser-Wilhelm-Platz,4045.0,42.0
194985,11,4,,2019,5,17,3,3,0,3,0,0,1,0,1,0,0,0,"789992,273","5826317,665","13,2739","52,50968",4020311.0,Reichsstraße,2751.0,29.0
194986,11,3,,2019,5,17,3,3,5,3,0,1,1,0,0,0,0,0,"797412,6341","5833971,338","13,38977","52,57429",3040513.0,Schönholz,4470.0,56.0
194987,11,4,,2019,5,11,3,3,6,4,0,0,1,1,0,0,0,0,"793184,4468","5827779,432","13,32209","52,52108",4030621.0,Spreestadt,3454.0,49.0
194988,11,5,,2019,5,11,3,3,5,3,0,1,1,0,0,0,0,0,"783795,2782","5826000,909","13,18257","52,5101",5020629.0,Börnicker Straße,1351.0,65.0
194989,11,7,,2019,5,18,3,3,6,2,0,0,1,1,0,0,0,0,"794963,2181","5824888,28","13,34567","52,4942",7010101.0,Wittenbergplatz/Viktoria-Luise-Platz,3747.0,53.0
194990,11,5,,2019,5,18,3,3,4,6,0,1,0,0,0,0,0,0,"785721,4158","5832286,295","13,21628","52,56545",5010101.0,Hakenfelde Nord,1867.0,58.0
194991,11,5,,2019,5,21,3,3,5,3,2,1,1,0,0,0,0,0,"785711,7941","5829289,68","13,21356","52,53859",5030730.0,Zitadellenweg,1860.0,58.0
194992,11,7,,2019,5,17,3,3,5,3,0,0,1,0,0,0,0,0,"794938,7897","5824457,994","13,34493","52,49036",7020201.0,Bayerischer Platz,3745.0,36.0
194993,11,2,,2019,5,19,3,3,0,6,0,1,1,0,0,0,0,0,"798359,8869","5825516,686","13,39612","52,49799",2010102.0,Mehringplatz,4548.0,24.0
194994,11,9,,2019,5,18,3,1,0,1,0,1,0,0,0,0,0,0,"818774,4206","5812579,517","13,68352","52,37053",9031202.0,Schmöckwitz/Rauchfangswerder,8810.0,62.0
194995,11,3,,2019,5,18,2,3,5,2,0,1,1,0,0,0,0,0,"801129,8586","5830744,457","13,44153","52,54333",3061429.0,Greifswalder Straße,5261.0,46.0
194996,11,6,,2019,5,11,2,3,5,3,0,0,1,0,0,0,0,0,"791193,3734","5819179,764","13,28532","52,44505",6040809.0,Thielallee,2832.0,63.0
194997,11,4,,2019,5,20,2,3,5,7,2,0,1,0,0,0,0,0,"791769,6074","5825166,573","13,29901","52,49841",4031032.0,Halensee,3148.0,24.0
194998,11,4,,2019,5,19,2,3,6,7,0,0,1,1,0,0,0,0,"790079,0683","5826150,271","13,27503","52,50813",4020313.0,Königin-Elisabeth-Straße,2751.0,29.0
194999,11,7,,2019,5,19,2,3,2,6,0,0,1,0,0,0,1,1,"799065,8081","5819071,614","13,40071","52,43983",7050505.0,Hundsteinweg,4631.0,55.0
195000,11,1,,2019,5,18,2,2,1,5,0,1,0,0,0,0,1,0,"799907,1804","5826955,77","13,42014","52,51004",1011306.0,Heine-Viertel Ost,4951.0,32.0
195001,11,2,,2019,5,17,2,3,5,2,0,1,1,0,0,0,0,0,"799907,155","5824470,972","13,4179","52,48777",2020206.0,Graefekiez,4845.0,36.0
195002,11,3,,2019,5,18,2,3,0,1,0,1,0,0,0,0,0,1,"801683,7889","5831794,279","13,45063","52,55243",3050920.0,Weißer See,5364.0,58.0
195003,11,10,,2019,5,18,2,3,0,1,0,0,0,0,1,0,0,1,"812480,2949","5830372,265","13,60802","52,5336",10020517.0,Adele-Sandrock-Straße,7658.0,55.0
195004,11,7,,2019,5,7,2,3,5,3,0,1,1,0,0,0,0,0,"798994,2511","5814277,024","13,39538","52,39689",7070703.0,John-Locke-Straße,4518.0,52.0
195005,11,8,,2019,5,7,2,3,5,2,0,1,1,0,0,0,0,0,"800897,6386","5822374,821","13,43055","52,46843",8010118.0,Silbersteinstraße,5039.0,34.0
195006,11,12,,2019,5,8,2,3,2,6,0,0,1,0,0,0,0,0,"790205,7672","5835859,767","13,28538","52,59511",12304314.0,Ziekowstraße/Freie Scholle,2876.0,40.0
195007,11,5,,2019,5,10,2,3,6,7,0,0,1,1,0,0,0,0,"784468,694","5828145,57","13,1943","52,52898",5020625.0,Borkumer Straße,1557.0,28.0
195008,11,10,,2019,5,10,2,3,6,4,0,0,1,1,0,0,0,0,"810447,5091","5830952,436","13,57869","52,53996",10010311.0,Landsberger Tor,7260.0,59.0
195009,11,12,,2019,5,18,2,3,2,6,0,0,1,0,0,0,0,0,"796643,4763","5832435,278","13,37708","52,56094",12103117.0,Letteplatz,4266.0,52.0
195010,11,12,,2019,5,10,2,3,5,2,0,1,0,0,0,1,0,0,"792996,3794","5835636,922","13,32627","52,59162",12301203.0,Wittenau Süd,3575.0,59.0
195011,11,1,,2019,5,10,2,3,5,2,0,1,1,0,0,0,0,0,"797159,0977","5831919,401","13,3842","52,55604",1033102.0,Gesundbrunnen,4365.0,7.0
195012,11,4,,2019,5,18,2,3,5,2,0,1,1,0,0,0,0,0,"793957,4572","5824711,292","13,33074","52,49316",4051653.0,Prager Platz,3546.0,33.0
195013,11,8,,2019,5,11,2,2,6,4,0,0,1,1,0,0,0,0,"801742,1883","5823676,731","13,44413","52,47964",8010404.0,Rixdorf,5242.0,49.0
195014,11,1,,2019,5,12,2,2,2,6,0,0,1,0,0,0,0,0,"793718,3377","5828117,162","13,33024","52,52382",1022106.0,Elberfelder Straße,3555.0,16.0
195015,11,2,,2019,5,18,2,3,6,4,0,0,1,1,1,0,0,0,"801448,5897","5826026,302","13,44194","52,50086",2030302.0,Lausitzer Platz,5248.0,21.0
195016,11,7,,2019,5,13,2,3,2,6,0,0,1,0,0,0,0,0,"796439,4907","5819785,785","13,36282","52,44766",7040404.0,Marienhöhe,4033.0,40.0
195017,11,10,,2019,5,15,2,3,2,6,0,0,1,0,0,0,0,0,"812927,6411","5827912,95","13,61228","52,51131",10040932.0,Alt-Mahlsdorf,7752.0,58.0
195018,11,9,,2019,5,17,2,3,6,2,0,0,1,1,0,0,0,0,"810554,2398","5816698,482","13,56698","52,41216",9031001.0,Bohnsdorf,7023.0,65.0
195019,11,12,,2019,5,10,2,3,0,1,0,1,0,0,0,0,0,0,"790166,0827","5839979,374","13,28841","52,63207",12231102.0,Frohnau,2987.0,52.0
195020,11,6,,2019,5,16,2,3,2,6,0,0,1,0,0,0,0,0,"794533,2881","5819142,248","13,33429","52,44292",6020302.0,Komponistenviertel Lankwitz,3632.0,57.0
195021,11,1,,2019,5,16,2,3,2,6,0,0,1,0,0,0,0,0,"794409,0772","5828450,388","13,34068","52,52643",1022104.0,Emdener Straße,3756.0,4.0
195022,11,2,,2019,5,15,2,3,5,3,0,1,1,0,0,0,0,0,"800147,1936","5825071,241","13,42197","52,49302",2020206.0,Graefekiez,4946.0,51.0
195023,11,2,,2019,5,15,2,3,2,7,0,1,1,0,0,0,0,0,"798242,1693","5824523,57","13,3935","52,48915",2020205.0,Chamissokiez,4545.0,52.0
195024,11,12,,2019,5,12,2,3,5,5,0,1,1,0,0,0,0,0,"790455,1482","5834889,623","13,2882","52,58628",12214527.0,Alt-Tegel,2973.0,44.0
195025,11,3,,2019,5,18,2,3,2,6,0,0,1,0,0,0,1,1,"799262,0536","5831802,491","13,41503","52,55384",3061227.0,Humannplatz,4864.0,14.0
195026,11,11,,2019,5,13,1,2,5,3,0,1,1,0,0,0,0,0,"805042,4287","5833528,237","13,50161","52,5661",11010309.0,Zingster Straße West,6168.0,60.0
195027,11,12,,2019,5,13,1,3,0,5,0,1,1,0,0,0,0,0,"785959,6269","5839260,577","13,22581","52,62785",12224230.0,Heiligensee,2086.0,65.0
195028,11,7,,2019,5,14,1,3,5,3,0,0,1,0,0,0,0,0,"793977,7483","5822276,43","13,3289","52,47132",7030301.0,Friedenau,3540.0,51.0
195029,11,9,,2019,5,9,1,3,1,5,0,1,1,0,0,0,1,0,"810281,4797","5819711,382","13,56578","52,43932",9020802.0,Köllnische Vorstadt,7031.0,63.0
195030,11,2,,2019,5,9,1,3,5,3,0,0,1,0,0,0,0,0,"799908,1898","5825974,643","13,41927","52,50125",2030301.0,Oranienplatz,4849.0,28.0
195031,11,2,,2019,5,12,1,3,2,2,0,1,1,0,0,0,0,0,"799085,5509","5825615,001","13,40686","52,49847",2010104.0,Wassertorplatz,4748.0,28.0
195032,11,4,,2019,5,14,1,3,6,4,0,1,0,1,0,0,0,0,"793693,4687","5824912,319","13,32704","52,4951",4051448.0,Schaperstraße,3547.0,43.0
195033,11,3,,2019,5,14,1,3,2,6,0,0,1,0,1,0,0,0,"800068,9307","5835830,91","13,43054","52,5895",3020210.0,Herthaplatz,5074.0,56.0
195034,11,1,,2019,5,17,1,2,5,3,0,1,0,0,0,0,0,0,"799744,6594","5828647,151","13,41928","52,52529",1011303.0,Alexanderplatzviertel,4856.0,19.0
195035,11,9,,2019,5,18,1,3,6,4,0,0,0,1,0,0,1,0,"805698,0366","5820151,187","13,49897","52,44584",9010401.0,Johannisthal West,6032.0,65.0
195036,11,2,,2019,5,6,1,3,1,5,0,0,1,0,0,0,0,0,"801154,5657","5825113,516","13,4368","52,49284",2030401.0,Reichenberger Straße,5146.0,51.0
195037,11,11,,2019,5,3,1,3,5,3,2,0,1,0,0,0,1,0,"803823,9929","5829051,083","13,47959","52,52665",11030619.0,Fennpfuhl Ost,5756.0,56.0
195038,11,5,,2019,5,13,1,3,2,6,0,0,1,0,0,0,0,0,"780652,9209","5827524,464","13,13767","52,52539",5020521.0,Döberitzer Weg,756.0,63.0
195039,11,6,,2019,5,1,1,2,1,5,2,0,1,0,0,0,0,0,"793342,7694","5817703,402","13,31556","52,43067",6020409.0,Königsberger Straße,3328.0,59.0
195040,11,4,,2019,5,13,1,3,0,7,0,1,0,0,0,0,0,0,"792008,4605","5827371,882","13,30445","52,51806",4030620.0,Alt-Lietzow,3154.0,20.0
195041,11,1,,2019,5,22,1,3,6,4,2,1,0,1,0,0,0,0,"797205,3726","5827479,96","13,38091","52,51622",1011202.0,Unter den Linden Nord,4353.0,37.0
195042,11,1,,2019,5,23,1,3,3,6,2,0,1,0,0,0,1,0,"797408,1847","5831901,115","13,38785","52,55574",1033102.0,Gesundbrunnen,4465.0,63.0
195043,11,8,,2019,5,22,1,3,3,6,2,1,1,0,0,0,0,0,"800452,2186","5823679,595","13,42519","52,48037",8010211.0,Flughafenstraße,4943.0,45.0
195044,11,3,,2019,5,20,1,3,0,1,0,1,0,0,0,0,0,0,"799647,0554","5831207,767","13,42015","52,5483",3061227.0,Humannplatz,4962.0,45.0
195045,11,11,,2019,5,17,7,3,3,6,0,0,1,0,0,0,0,0,"805325,554","5833257,683","13,50552","52,56351",11010310.0,Mühlengrund,6167.0,41.0
195046,11,8,,2019,5,22,7,3,2,5,2,1,1,0,0,0,0,0,"801922,565","5823547,775","13,44666","52,47838",8010404.0,Rixdorf,5242.0,49.0
195047,11,3,,2019,5,11,7,3,2,6,0,0,1,0,0,1,0,0,"799688,0636","5835436,344","13,42457","52,58618",3040614.0,Pankow Zentrum,4973.0,61.0
195048,11,1,,2019,5,16,7,3,6,6,0,0,0,1,0,0,1,0,"793609,0663","5828135,069","13,32865","52,52404",1022101.0,Huttenkiez,3555.0,16.0
195049,11,2,,2019,5,15,7,3,1,5,0,0,1,0,1,0,0,0,"800956,2249","5827735,18","13,43626","52,51645",2040701.0,Andreasviertel,5153.0,47.0
195050,11,2,,2019,5,16,7,3,5,7,0,0,1,0,1,0,0,0,"803150,3747","5825734,411","13,46667","52,4973",2050804.0,Stralauer Halbinsel,5547.0,53.0
195051,11,8,,2019,5,22,7,3,1,5,2,0,1,0,1,0,0,0,"801965,3738","5823307,655","13,44707","52,47621",8010404.0,Rixdorf,5341.0,41.0
195052,11,5,,2019,5,23,7,3,2,6,2,0,1,0,0,0,0,0,"784717,8555","5828569,968","13,19833","52,53265",5020625.0,Borkumer Straße,1658.0,8.0
195053,11,2,,2019,5,13,7,3,5,3,0,1,1,0,0,0,0,0,"802813,1362","5827293,458","13,46314","52,51146",2050801.0,Traveplatz,5552.0,49.0
195054,11,2,,2019,5,13,7,3,5,7,0,1,1,0,0,0,0,0,"801591,1146","5825953,052","13,44397","52,50012",2030402.0,Wrangelkiez,5248.0,21.0
195055,11,2,,2019,5,13,7,3,3,6,0,0,1,0,0,0,0,0,"802769,085","5826120,186","13,46142","52,50097",2050803.0,Stralauer Kiez,5549.0,59.0
195056,11,10,,2019,5,11,7,3,5,2,0,1,1,0,0,0,0,0,"812533,1242","5825006,755","13,60376","52,48549",10040933.0,Mahlsdorf Süd,7644.0,55.0
195057,11,4,,2019,5,10,7,3,2,6,0,0,1,0,0,0,0,0,"792974,327","5825562,937","13,31705","52,50132",4030930.0,George-Grosz-Platz,3349.0,12.0
195058,11,2,,2019,5,10,7,3,6,4,0,1,0,1,0,0,0,0,"801916,653","5827101,831","13,44979","52,51024",2040702.0,Weberwiese,5351.0,36.0
195059,11,7,,2019,5,9,7,3,6,4,0,0,1,1,0,0,0,0,"797022,517","5823342,145","13,37454","52,47923",7040401.0,Neu-Tempelhof,4242.0,52.0
195060,11,7,,2019,5,10,7,3,5,2,0,0,1,0,0,0,0,0,"796914,5626","5822289,425","13,37202","52,46985",7040403.0,Manteuffelstraße,4139.0,53.0
195061,11,6,,2019,5,11,7,3,5,3,0,0,1,0,0,0,0,0,"794600,511","5817730,272","13,33403","52,43023",6020304.0,Kaiser-Wilhelm-Straße,3628.0,54.0
195062,11,4,,2019,5,11,7,2,5,5,0,0,1,0,1,0,0,0,"794544,5123","5825991,551","13,3405","52,50432",4030931.0,Breitscheidplatz,3750.0,33.0
195063,11,1,,2019,5,21,7,3,3,6,2,0,1,0,1,0,0,0,"796037,2618","5828541,61","13,3647","52,52637",1022205.0,Zillesiedlung,4056.0,47.0
195064,11,1,,2019,5,20,7,3,0,7,0,0,1,0,0,0,0,0,"795711,9082","5830584,61","13,36173","52,54486",1044202.0,Sparrplatz,4061.0,48.0
195065,11,3,,2019,5,20,7,3,5,2,0,1,1,0,0,0,0,0,"798417,536","5831797,421","13,4026","52,55426",3061126.0,Arnimplatz,4664.0,42.0
195066,11,12,,2019,5,19,7,3,1,5,0,1,1,0,0,0,0,0,"790370,5357","5840109,321","13,29154","52,63312",12231102.0,Frohnau,2987.0,52.0
195067,11,1,,2019,5,19,7,3,2,6,0,0,1,0,0,0,0,0,"797920,0834","5828871,13","13,39266","52,5283",1011302.0,Oranienburger Straße,4457.0,55.0
195068,11,3,,2019,5,19,7,3,5,7,0,1,1,0,0,0,0,0,"799055,8067","5830171,953","13,41052","52,53934",3071536.0,Teutoburger Platz,4760.0,20.0
195069,11,11,,2019,5,19,7,3,5,3,0,1,0,0,0,0,0,0,"804933,6423","5828166,667","13,49509","52,51811",11030721.0,Rüdigerstraße,6054.0,60.0
195070,11,8,,2019,5,18,7,3,5,2,0,0,1,0,0,0,1,0,"802539,1967","5822977,212","13,45519","52,47293",8010404.0,Rixdorf,5440.0,58.0
195071,11,7,,2019,5,17,7,3,5,3,0,1,1,0,0,0,0,0,"796594,6817","5823923,579","13,36877","52,48467",7020204.0,Schöneberger Insel,4144.0,57.0
195072,11,7,,2019,5,17,7,3,2,6,0,0,1,0,1,0,0,0,"799945,0273","5814578,095","13,40958","52,39907",7070702.0,Alt-Lichtenrade/Töpchiner Weg,4719.0,56.0
195073,11,11,,2019,5,17,7,3,5,3,0,0,1,0,0,0,0,0,"807677,8027","5824533,403","13,53204","52,484",11051331.0,Karlshorst Nord,6544.0,55.0
195074,11,8,,2019,5,16,7,3,1,5,0,1,1,0,0,0,1,0,"802363,0193","5820217,517","13,45011","52,44829",8020622.0,Parchimer Allee,5333.0,65.0
195075,11,6,,2019,5,23,7,3,0,1,2,1,0,0,0,0,0,0,"793485,2932","5820199,963","13,31984","52,45297",6010207.0,Mittelstraße,3434.0,57.0
195076,11,12,,2019,5,15,7,3,2,6,0,0,1,0,0,0,1,0,"793246,1308","5832513,798","13,32718","52,56349",12214424.0,Scharnweberstraße,3567.0,10.0
195077,11,8,,2019,5,15,7,3,2,6,0,0,1,0,1,0,0,0,"801801,041","5821981,015","13,44346","52,46441",8010214.0,Glasower Straße,5238.0,46.0
195078,11,9,,2019,5,14,7,3,5,3,0,0,1,0,0,0,0,0,"804928,6515","5822553,322","13,48987","52,4678",9010301.0,Baumschulenstraße,5939.0,38.0
195079,11,4,,2019,5,14,7,3,5,2,0,0,1,0,0,0,0,0,"792407,3209","5824952,922","13,30819","52,49616",4051446.0,Preußenpark,3247.0,45.0
195080,11,12,,2019,5,14,7,2,5,2,0,0,0,0,1,1,0,0,"793423,7824","5836090,167","13,33296","52,59545",12301203.0,Wittenau Süd,3676.0,38.0
195081,11,7,,2019,5,13,7,2,1,5,0,0,1,0,0,0,0,0,"797376,0435","5818673,678","13,37557","52,43719",7050501.0,Rathausstraße,4230.0,54.0
195082,11,6,,2019,5,17,7,3,0,5,0,0,1,0,1,0,0,0,"784501,3803","5817251,528","13,18548","52,43128",6040703.0,Nikolassee,1428.0,65.0
195083,11,3,,2019,5,22,6,3,5,3,2,0,1,0,0,0,0,0,"797904,7327","5835174,888","13,39809","52,58481",3020209.0,Niederschönhausen,4573.0,56.0
195084,11,10,,2019,5,20,6,3,2,6,0,0,1,0,1,0,0,0,"809581,4176","5824962,3","13,56039","52,48677",10030727.0,Biesdorf Süd,6944.0,62.0
195085,11,3,,2019,5,18,6,3,6,4,0,1,0,1,0,0,0,0,"802303,2841","5829213,752","13,45739","52,52896",3061430.0,Volkspark Prenzlauer Berg,5457.0,20.0
195086,11,8,,2019,5,19,6,3,2,2,1,0,1,0,1,0,0,0,"802682,9982","5820805,763","13,45533","52,45338",8020619.0,Buschkrugallee Nord,5435.0,61.0
195087,11,2,,2019,5,12,6,3,5,3,0,1,0,0,0,0,0,0,"798664,8359","5825569,378","13,40064","52,49829",2010104.0,Wassertorplatz,4648.0,37.0
195088,11,7,,2019,5,11,6,3,5,2,0,0,1,0,1,0,0,0,"795022,4572","5825424,543","13,34702","52,49898",7010102.0,Nollendorfplatz,3848.0,36.0
195089,11,1,,2019,5,10,6,3,5,3,0,0,1,0,0,0,0,0,"796676,6965","5831912,555","13,3771","52,55624",1044201.0,Reinickendorfer Straße,4265.0,5.0
195090,11,8,,2019,5,10,6,3,5,2,0,1,1,0,0,0,0,0,"801044,8315","5824192,076","13,43435","52,48464",8010301.0,Reuterkiez,5144.0,42.0
195091,11,12,,2019,5,9,6,3,0,3,0,0,1,0,1,0,0,0,"795635,339","5833005,716","13,36276","52,5666",12103219.0,Schäfersee,4068.0,46.0
195092,11,4,,2019,5,7,6,3,5,2,0,0,1,0,1,0,0,0,"789835,8862","5827385,457","13,27254","52,51934",4020310.0,Park Ruhwald,2754.0,42.0
195093,11,1,,2019,5,8,6,3,5,2,0,1,1,0,0,0,0,0,"797091,2736","5828086,576","13,37978","52,52172",1011301.0,Charitéviertel,4355.0,53.0
195094,11,4,,2019,5,7,6,3,0,1,0,1,1,0,0,0,0,0,"792727,8912","5826154,675","13,31395","52,50676",4030827.0,Karl-August-Platz,3350.0,22.0
195095,11,7,,2019,5,6,6,3,5,2,0,0,1,0,0,0,0,0,"799188,5337","5821729,352","13,40489","52,46359",7040405.0,Rathaus Tempelhof,4638.0,48.0
195096,11,10,,2019,5,9,6,3,5,3,0,0,1,0,0,0,0,0,"812203,7654","5830920,95","13,60447","52,53868",10020414.0,Helle Mitte,7660.0,47.0
195097,11,2,,2019,5,8,6,3,2,6,0,0,1,0,0,0,0,0,"800684,9507","5828487,468","13,43295","52,52334",2040502.0,Friedenstraße,5055.0,41.0
195098,11,2,,2019,5,11,6,2,2,6,0,0,0,0,0,1,0,0,"798616,4909","5825580,039","13,39994","52,49842",2010104.0,Wassertorplatz,4648.0,37.0
195099,11,5,,2019,5,13,6,3,6,2,0,0,1,1,0,0,0,0,"784770,4113","5827278,681","13,19799","52,52105",5020626.0,Adamstraße,1654.0,65.0
195100,11,4,,2019,5,14,6,3,6,4,0,0,1,1,0,0,0,0,"794533,8584","5825973,011","13,34033","52,50416",4030931.0,Breitscheidplatz,3749.0,17.0
195101,11,4,,2019,5,14,6,3,5,3,0,1,1,0,0,0,0,0,"791286,7756","5822041,28","13,28919","52,47065",4041241.0,Breite Straße,2940.0,57.0
195102,11,4,,2019,5,15,6,3,5,2,0,1,1,0,0,0,0,0,"792635,769","5827081,702","13,31342","52,51512",4030620.0,Alt-Lietzow,3353.0,38.0
195103,11,5,,2019,5,14,6,3,1,5,0,0,0,0,1,0,1,0,"784457,3127","5827729,483","13,19378","52,52525",5020626.0,Adamstraße,1556.0,46.0
195104,11,1,,2019,5,15,6,3,3,6,0,1,1,0,0,0,0,0,"795088,6116","5829212,164","13,35135","52,5329",1022201.0,Stephankiez,3858.0,57.0
195105,11,6,,2019,5,15,6,3,5,3,0,0,1,0,0,0,0,0,"794444,1102","5818850,351","13,33272","52,44036",6020302.0,Komponistenviertel Lankwitz,3631.0,63.0
195106,11,1,,2019,5,16,6,3,5,2,0,1,1,0,0,0,0,0,"795256,98","5826619,461","13,35152","52,50956",1011101.0,Stülerstraße,3851.0,47.0
195107,11,1,,2019,5,16,6,3,5,3,0,1,0,0,0,0,1,0,"795878,7812","5831961,412","13,36541","52,55711",1044203.0,Leopoldplatz,4065.0,7.0
195108,11,4,,2019,5,16,6,3,5,2,0,1,1,0,0,0,0,0,"792914,3567","5824391,903","13,31514","52,49086",4051446.0,Preußenpark,3346.0,47.0
195109,11,10,,2019,5,17,6,3,5,3,0,0,1,0,0,0,0,0,"807795,406","5830767,254","13,53954","52,53981",10010310.0,Alt-Marzahn,6660.0,39.0
195110,11,3,,2019,5,17,6,3,2,6,0,0,1,0,0,0,1,0,"800159,5052","5838188,034","13,43401","52,61058",3020307.0,Buchholz,5181.0,61.0
195111,11,7,,2019,5,17,6,3,5,3,0,0,1,0,0,0,0,0,"795811,9702","5816032,84","13,35029","52,41436",7060604.0,Marienfelde Süd,3823.0,52.0
195112,11,12,,2019,5,17,6,3,5,7,0,0,1,0,1,0,0,0,"795362,2366","5833345,167","13,35905","52,5698",12103218.0,Teichstraße,3969.0,65.0
195113,11,7,,2019,5,17,6,3,0,2,0,1,1,0,0,0,0,0,"797101,9851","5819466,509","13,37226","52,44444",7050501.0,Rathausstraße,4132.0,61.0
195114,11,9,,2019,5,16,6,2,5,3,0,1,1,0,0,0,0,0,"820540,9574","5820238,253","13,71671","52,43812",9051801.0,Rahnsdorf/Hessenwinkel,9330.0,65.0
195115,11,2,,2019,5,16,6,3,1,5,0,1,1,0,0,0,0,0,"799966,4567","5826136,889","13,42027","52,50267",2030301.0,Oranienplatz,4949.0,42.0
195116,11,5,,2019,5,18,6,3,2,2,0,1,1,0,0,0,0,0,"783904,9479","5831564,69","13,18893","52,55993",5010103.0,Amorbacher Weg,1466.0,65.0
195117,11,2,,2019,5,15,6,3,3,6,0,1,0,0,0,0,0,0,"802191,4045","5827533,842","13,45422","52,51396",2050801.0,Traveplatz,5452.0,39.0
195118,11,3,,2019,5,15,5,3,3,6,0,1,1,0,0,0,0,0,"797388,5311","5835020,781","13,39036","52,58371",3020209.0,Niederschönhausen,4473.0,61.0
195119,11,2,,2019,5,15,5,3,6,4,0,1,0,1,0,0,0,0,"798689,4145","5825124,687","13,40061","52,4943",2020204.0,Urbanstraße,4647.0,52.0
195120,11,12,,2019,5,8,5,3,1,5,0,0,1,0,0,0,1,0,"795092,616","5834845,067","13,35642","52,58339",12103218.0,Teichstraße,3973.0,63.0
195121,11,10,,2019,5,6,5,3,5,2,0,1,1,0,0,0,0,0,"811339,7545","5831835,777","13,59263","52,54737",10020412.0,Alte Hellersdorfer Straße,7462.0,45.0
195122,11,11,,2019,5,18,5,3,2,3,0,1,1,0,0,0,0,0,"805362,98","5833283,513","13,5061","52,56373",11010310.0,Mühlengrund,6167.0,41.0
195123,11,1,,2019,5,17,5,3,2,6,0,0,0,0,1,0,1,0,"796652,3115","5831081,169","13,376","52,5488",1033203.0,Humboldthain Nordwest,4263.0,51.0
195124,11,3,,2019,5,15,5,3,3,2,0,1,1,0,0,0,0,0,"800865,3729","5832082,763","13,43886","52,55547",3050923.0,Weißenseer Spitze,5164.0,53.0
195125,11,2,,2019,5,23,5,3,2,6,2,0,1,0,0,0,0,0,"798492,7363","5825554,579","13,3981","52,49826",2010102.0,Mehringplatz,4548.0,24.0
195126,11,3,,2019,5,8,5,3,2,6,0,0,1,0,0,0,0,0,"800095,1856","5835999,105","13,43107","52,59099",3020210.0,Herthaplatz,5075.0,61.0
195127,11,4,,2019,5,11,5,3,5,3,0,0,1,0,0,0,0,0,"793356,8495","5822575,996","13,32004","52,47434",4041344.0,Rüdesheimer Platz,3441.0,51.0
195128,11,9,,2019,5,8,5,3,6,2,0,0,1,1,0,0,0,0,"808030,0699","5816810,613","13,53009","52,41459",9030901.0,Dorf Altglienicke,6523.0,59.0
195129,11,9,,2019,5,11,5,3,5,2,0,0,1,0,0,0,0,0,"811356,8138","5820043,17","13,58186","52,44168",9041501.0,Altstadt Kietz,7331.0,39.0
195130,11,10,,2019,5,9,5,3,3,6,0,0,1,0,1,0,0,0,"806287,3904","5830171,049","13,51682","52,53531",11030720.0,Herzbergstraße,6359.0,27.0
195131,11,2,,2019,5,11,5,3,2,6,0,0,1,0,1,0,0,0,"797276,694","5825534,052","13,38023","52,49874",2020202.0,Rathaus Yorckstraße,4348.0,45.0
195132,11,11,,2019,5,9,5,3,5,3,0,1,1,0,0,0,0,0,"803878,685","5828207,966","13,47962","52,51907",11030721.0,Rüdigerstraße,5754.0,53.0
195133,11,2,,2019,5,13,5,3,3,6,0,1,0,0,0,0,0,0,"801279,79","5828680,159","13,44187","52,52474",2040502.0,Friedenstraße,5255.0,60.0
195134,11,9,,2019,5,9,5,2,5,2,0,1,0,0,0,1,0,0,"804112,8254","5823601,66","13,47886","52,47765",9010202.0,Köpenicker Landstraße,5742.0,57.0
195135,11,4,,2019,5,13,5,2,2,7,0,0,1,0,1,0,0,0,"791608,2553","5830690,191","13,30148","52,54802",4010102.0,Plötzensee,3162.0,49.0
195136,11,4,,2019,5,13,5,3,0,1,0,1,0,0,0,0,0,0,"793606,0572","5825771,728","13,32652","52,50285",4030931.0,Breitscheidplatz,3549.0,24.0
195137,11,9,,2019,5,9,5,2,6,4,0,0,1,1,0,0,0,0,"809160,4166","5819527,885","13,54917","52,43831",9020702.0,Adlershof Ost,6830.0,43.0
195138,11,1,,2019,5,9,5,3,2,6,0,0,1,0,0,0,1,0,"798673,9192","5828695,005","13,40358","52,52631",1011302.0,Oranienburger Straße,4656.0,41.0
195139,11,2,,2019,5,22,5,3,5,3,2,1,1,0,0,0,0,0,"800679,3079","5825791,206","13,43043","52,49918",2030302.0,Lausitzer Platz,5048.0,24.0
195140,11,2,,2019,5,21,5,3,5,3,2,0,1,0,0,0,0,0,"798585,383","5825563,875","13,39947","52,49829",2010104.0,Wassertorplatz,4548.0,24.0
195141,11,3,,2019,5,21,5,3,0,7,2,0,1,0,0,0,0,0,"799066,3919","5830051,8","13,41057","52,53825",3071536.0,Teutoburger Platz,4759.0,53.0
195142,11,1,,2019,5,20,5,3,5,2,0,0,1,0,0,0,1,0,"796994,1055","5831497,681","13,3814","52,55235",1033102.0,Gesundbrunnen,4364.0,39.0
195143,11,4,,2019,5,18,5,3,3,6,0,1,1,0,0,0,0,0,"791868,1203","5826504,184","13,30163","52,51035",4030725.0,Amtsgerichtsplatz,3151.0,40.0
195144,11,11,,2019,5,17,5,3,5,2,0,1,1,0,0,0,1,0,"804671,4536","5831135,931","13,49395","52,54487",11020514.0,Große-Leege-Straße,6061.0,59.0