OBJECTID,LAND,BEZ,LOR_ab_2021,UJAHR,UMONAT,USTUNDE,UWOCHENTAG,UKATEGORIE,UART,UTYP1,ULICHTVERH,IstRad,IstPKW,IstFuss,IstKrad,IstGkfz,IstSonstige,USTRZUSTAND,LINREFX,LINREFY,XGCSWGS84,YGCSWGS84,LOR,STRASSE,quadrant,quadrant_rank
195789,11,4,,2019,6,5,4,3,0,3,0,0,1,0,1,0,0,1,"793355,9089","5822576,2","13,32003","52,47434",4041344.0,Rüdesheimer Platz,3441.0,51.0
195790,11,1,,2019,6,6,4,3,5,3,0,0,1,0,0,0,0,1,"797959,9349","5827080,333","13,39164","52,51222",1011203.0,Unter den Linden Süd,4452.0,21.0
195791,11,9,,2019,6,6,4,3,5,3,0,0,1,0,0,0,0,0,"807026,6737","5822418,551","13,52054","52,46542",9020502.0,Oberschöneweide Ost,6338.0,60.0
195792,11,10,,2019,6,10,4,3,5,3,0,1,1,0,0,0,0,0,"806466,208","5830189,797","13,51947","52,53538",10010308.0,Marzahner Chaussee,6359.0,27.0
195793,11,4,,2019,6,6,4,3,2,7,0,0,0,0,1,1,0,1,"793558,9085","5827755,268","13,32758","52,52066",4030621.0,Spreestadt,3554.0,52.0
195794,11,4,,2019,6,7,4,3,5,7,0,0,1,0,0,0,0,0,"792443,672","5824097,216","13,30797","52,48847",4051445.0,Eisenzahnstraße,3245.0,33.0
195795,11,11,,2019,6,7,4,3,5,2,0,1,1,0,0,0,0,0,"803973,8845","5829075,174","13,48181","52,52679",11030619.0,Fennpfuhl Ost,5856.0,52.0
195796,11,5,,2019,6,8,4,3,5,2,0,1,1,0,0,0,0,1,"782287,0798","5827413,014","13,1616","52,52354",5020522.0,Pillnitzer Weg,1055.0,59.0
195797,11,2,,2019,6,9,4,3,3,6,0,1,0,0,0,0,0,0,"798125,518","5825283,641","13,39247","52,49603",2020204.0,Urbanstraße,4447.0,16.0
195798,11,1,,2019,6,9,4,3,5,2,0,1,1,0,0,0,0,0,"799107,7908","5828466,068","13,40975","52,52402",1011303.0,Alexanderplatzviertel,4755.0,4.0
195799,11,9,,2019,6,9,4,3,2,6,0,0,1,0,0,1,0,0,"811250,131","5820228,506","13,58047","52,4434",9041501.0,Altstadt Kietz,7232.0,31.0
195800,11,2,,2019,6,9,4,3,5,2,0,0,1,0,1,0,0,0,"800080,396","5825641,056","13,4215","52,49816",2030301.0,Oranienplatz,4948.0,23.0
195801,11,6,,2019,6,8,4,3,5,3,0,1,1,0,0,0,0,0,"791767,8694","5819273,967","13,29383","52,44559",6030605.0,Botanischer Garten,3032.0,48.0
195802,11,4,,2019,6,9,4,3,6,4,0,0,1,1,0,0,0,0,"792064,0486","5828315,791","13,3061","52,52649",4030519.0,Kaiserin-Augusta-Allee,3256.0,49.0
195803,11,3,,2019,6,8,4,3,1,5,0,0,1,0,0,0,0,0,"803018,9307","5828592,455","13,46734","52,52299",3061441.0,Eldenaer Straße,5655.0,61.0
195804,11,3,,2019,6,9,4,3,2,6,0,1,0,0,0,0,1,0,"800378,9307","5831547,391","13,43122","52,55094",3061228.0,Erich-Weinert-Straße,5063.0,29.0
195805,11,7,,2019,6,8,4,3,6,4,0,1,0,1,0,0,0,0,"797285,4013","5820652,56","13,376","52,45497",7040404.0,Marienhöhe,4235.0,48.0
195806,11,12,,2019,6,8,4,3,5,3,0,0,1,0,0,0,1,0,"793960,5279","5836628,458","13,34134","52,59999",12302108.0,Märkisches Zentrum,3777.0,62.0
195807,11,4,,2019,6,8,4,3,0,1,0,0,0,0,1,0,0,0,"792362,8208","5825380,274","13,30791","52,50001",4030929.0,Hindemithplatz,3248.0,24.0
195808,11,3,,2019,6,15,3,3,2,6,0,0,1,0,0,0,0,0,"796783,2187","5835811,127","13,38216","52,59113",3040512.0,Wilhelmsruh,4375.0,52.0
195809,11,1,,2019,6,18,3,3,2,6,0,1,1,0,0,0,0,0,"796853,464","5831545,802","13,37938","52,55286",1044201.0,Reinickendorfer Straße,4264.0,38.0
195810,11,1,,2019,6,14,3,3,6,7,0,1,0,1,0,0,0,0,"797575,6596","5831644,311","13,39008","52,55334",1033102.0,Gesundbrunnen,4464.0,34.0
195811,11,8,,2019,6,14,3,3,2,6,0,0,1,0,0,0,0,0,"801411,203","5824757,381","13,44024","52,48951",8010302.0,Bouchéstraße,5245.0,60.0
195812,11,1,,2019,6,12,3,3,6,7,0,1,0,1,0,0,0,0,"796844,3881","5827831,729","13,37592","52,51957",1011102.0,Großer Tiergarten,4254.0,60.0
195813,11,5,,2019,6,19,3,3,5,3,0,0,1,0,0,0,0,0,"783195,1955","5827093,798","13,17468","52,52021",5020523.0,Maulbeerallee,1254.0,63.0
195814,11,1,,2019,6,18,3,3,2,6,0,1,1,0,0,0,0,0,"797900,3201","5826589,912","13,39033","52,50786",1011204.0,Leipziger Straße,4451.0,11.0
195815,11,3,,2019,6,17,3,3,2,6,0,0,0,0,1,1,0,0,"799197,2725","5831774,778","13,41405","52,55363",3061126.0,Arnimplatz,4864.0,14.0
195816,11,1,,2019,6,18,3,3,0,7,0,0,1,0,0,0,1,0,"795010,5105","5830118,168","13,351","52,54106",1044202.0,Sparrplatz,3860.0,55.0
195817,11,5,,2019,6,18,3,3,2,6,0,0,1,0,0,0,0,0,"785673,4113","5828035,441","13,21192","52,52736",5020627.0,Tiefwerder,1856.0,55.0
195818,11,2,,2019,6,18,3,3,5,3,0,0,1,0,0,0,0,0,"801692,8906","5827209,464","13,4466","52,51133",2040702.0,Weberwiese,5252.0,55.0
195819,11,4,,2019,6,18,3,3,6,2,0,0,1,1,0,0,0,0,"792840,4625","5825525,391","13,31505","52,50106",4030930.0,George-Grosz-Platz,3349.0,12.0
195820,11,11,,2019,6,17,3,2,5,3,0,1,0,0,0,0,0,0,"806719,1922","5826792,695","13,52005","52,50479",11041128.0,Sewanstraße,6350.0,50.0
195821,11,3,,2019,6,17,3,3,6,4,0,1,0,1,0,0,0,0,"798932,8972","5831058,934","13,40952","52,54735",3061131.0,Falkplatz,4762.0,48.0
195822,11,1,,2019,6,17,3,3,5,2,0,1,1,0,0,0,0,0,"795768,64","5826683,928","13,3591","52,50986",1011105.0,Nördlicher Landwehrkanal,3951.0,58.0
195823,11,1,,2019,6,17,3,3,2,6,0,0,1,0,0,0,0,0,"796684,5093","5830138,275","13,37563","52,54033",1033203.0,Humboldthain Nordwest,4260.0,59.0
195824,11,11,,2019,6,16,3,3,6,7,0,1,0,1,0,0,0,0,"807313,9746","5824881,731","13,52702","52,48733",11051331.0,Karlshorst Nord,6445.0,63.0
195825,11,9,,2019,6,15,3,3,5,2,0,0,1,0,1,0,0,0,"811143,1605","5821575,203","13,58015","52,45553",9051901.0,Dammvorstadt,7235.0,47.0
195826,11,8,,2019,6,15,3,3,2,7,0,0,1,0,1,0,0,0,"800356,061","5824216,003","13,42426","52,48524",8010211.0,Flughafenstraße,4944.0,25.0
195827,11,7,,2019,6,10,2,2,8,1,0,0,1,0,0,0,0,0,"796416,5495","5816591,13","13,35965","52,41904",7060601.0,Marienfelder Allee Nordwest,4025.0,60.0
195828,11,4,,2019,6,15,3,3,2,6,0,0,1,0,0,0,0,0,"793964,8353","5824913,94","13,33103","52,49497",4051653.0,Prager Platz,3547.0,43.0
195829,11,11,,2019,6,8,2,3,0,7,0,0,0,0,1,1,0,1,"805242,2613","5826268,277","13,49788","52,50092",11040926.0,Weitlingstraße,6049.0,61.0
195830,11,12,,2019,6,14,3,3,1,5,0,1,1,0,0,0,1,0,"793175,5019","5832628,33","13,32624","52,56455",12214424.0,Scharnweberstraße,3567.0,10.0
195831,11,3,,2019,6,10,2,3,0,1,0,1,0,0,0,0,0,0,"799393,2568","5833497,771","13,41848","52,56896",3040818.0,Pankow Süd,4868.0,52.0
195832,11,9,,2019,6,14,3,3,5,2,0,0,1,0,0,0,0,0,"804392,0667","5821738,632","13,48126","52,4608",9010301.0,Baumschulenstraße,5837.0,51.0
195833,11,2,,2019,6,19,2,3,5,2,0,1,1,0,0,0,0,0,"798295,5952","5825328,039","13,39501","52,49633",2020204.0,Urbanstraße,4547.0,11.0
195834,11,5,,2019,6,19,2,3,2,7,0,0,0,0,1,0,1,0,"781092,3282","5828603,198","13,14505","52,53483",5020418.0,Spandauer Straße,858.0,60.0
195835,11,5,,2019,6,14,3,3,1,5,0,1,1,0,0,0,0,0,"787276,4277","5829779,866","13,23699","52,54216",5030731.0,Gartenfelder Straße,2161.0,59.0
195836,11,12,,2019,6,13,3,3,3,6,0,0,1,0,1,0,0,0,"793482,3701","5837003,29","13,33463","52,60361",12302211.0,Lübarser Straße,3679.0,62.0
195837,11,1,,2019,6,19,2,3,5,2,0,1,1,0,0,0,0,0,"796204,1673","5831516,889","13,3698","52,55295",1044201.0,Reinickendorfer Straße,4164.0,52.0
195838,11,2,,2019,6,21,2,2,9,1,1,0,0,0,1,0,0,0,"800370,4598","5827871,597","13,42777","52,51799",2040701.0,Andreasviertel,5054.0,36.0
195839,11,11,,2019,6,17,3,3,8,1,0,0,1,0,0,0,0,0,"805115,8068","5834607,679","13,50368","52,57573",11010207.0,Wartenberg Nord,6170.0,58.0
195840,11,3,,2019,6,18,2,2,0,1,0,0,0,0,1,0,0,0,"798866,1188","5830435,524","13,40797","52,5418",3061131.0,Falkplatz,4760.0,20.0
195841,11,1,,2019,6,9,3,3,3,6,0,1,0,0,0,0,1,0,"794563,4151","5826098,673","13,34087","52,50527",1011101.0,Stülerstraße,3750.0,33.0
195842,11,10,,2019,6,18,2,3,5,3,0,0,1,0,0,0,1,0,"813028,1536","5827272,349","13,61315","52,50551",10040932.0,Alt-Mahlsdorf,7750.0,57.0
195843,11,6,,2019,6,18,2,3,5,3,0,1,1,0,0,0,0,0,"790992,1676","5817440,521","13,28085","52,42956",6030608.0,Schweizer Viertel,2828.0,57.0
195844,11,2,,2019,6,17,2,3,5,3,0,0,1,0,0,1,0,0,"801765,0695","5828662,158","13,44898","52,52431",2050601.0,Hausburgviertel,5355.0,51.0
195845,11,1,,2019,6,10,3,3,2,6,0,1,1,0,0,0,0,0,"794573,3123","5828555,621","13,34319","52,52729",1022104.0,Emdener Straße,3756.0,4.0
195846,11,1,,2019,6,17,2,3,5,7,0,0,1,0,1,0,0,0,"793383,2748","5829578,194","13,3266","52,5371",1022103.0,Westhafen,3559.0,22.0
195847,11,4,,2019,6,10,3,3,0,6,0,0,1,0,0,0,1,0,"792570,1239","5822973,067","13,30884","52,47832",4041343.0,Binger Straße,3242.0,39.0
195848,11,2,,2019,6,18,2,3,5,2,0,1,1,0,0,0,0,0,"797941,7363","5825259,281","13,38975","52,49591",2020202.0,Rathaus Yorckstraße,4447.0,16.0
195849,11,9,,2019,6,16,2,3,2,2,0,0,1,0,0,0,0,0,"808486,1726","5819040,702","13,53884","52,43432",9020701.0,Adlershof West,6629.0,41.0
195850,11,1,,2019,6,10,3,3,8,1,0,1,1,0,0,0,0,0,"797729,6156","5827644,573","13,38877","52,51741",1011202.0,Unter den Linden Nord,4453.0,15.0
195851,11,12,,2019,6,16,2,3,5,2,0,1,0,0,0,0,1,0,"795344,3929","5833841,037","13,35923","52,57425",12103115.0,Breitkopfbecken,3970.0,41.0
195852,11,7,,2019,6,17,2,3,8,1,0,0,1,0,0,0,0,0,"800646,7637","5814141,465","13,41947","52,39477",7070704.0,Nahariyastraße,4817.0,59.0
195853,11,9,,2019,6,11,3,3,0,2,0,1,0,0,0,0,0,0,"812040,6431","5821394,944","13,59315","52,4534",9051901.0,Dammvorstadt,7435.0,58.0
195854,11,5,,2019,6,7,2,2,6,4,0,0,1,1,0,0,0,0,"780337,7013","5827869,123","13,13333","52,52864",5020521.0,Döberitzer Weg,657.0,63.0
195855,11,5,,2019,6,13,3,3,5,3,0,0,1,0,0,0,0,0,"782657,166","5829427,986","13,16876","52,54142",5010209.0,An der Kappe,1160.0,63.0
195856,11,12,,2019,6,7,2,3,0,2,0,1,0,0,0,1,0,0,"793930,2741","5835301,5","13,33971","52,58811",12301203.0,Wittenau Süd,3774.0,53.0
195857,11,1,,2019,6,7,2,2,5,3,0,0,1,0,1,0,0,0,"797870,6152","5826767,855","13,39005","52,50947",1011204.0,Leipziger Straße,4451.0,11.0
195858,11,7,,2019,6,11,3,3,0,7,0,0,0,0,1,0,0,1,"795714,0347","5824031,102","13,35594","52,48611",7020203.0,Kaiser-Wilhelm-Platz,3944.0,21.0
195859,11,6,,2019,6,12,3,2,2,2,0,0,1,0,1,0,0,0,"794746,8352","5816900,964","13,33544","52,42272",6020410.0,Oberhofer Platz,3626.0,64.0
195860,11,10,,2019,6,7,2,3,5,2,0,0,1,0,1,0,0,0,"809594,9618","5830266,068","13,56552","52,53429",10030724.0,Oberfeldstraße,7058.0,63.0
195861,11,3,,2019,6,7,2,3,2,6,0,0,1,0,0,0,0,0,"803319,0468","5842608,878","13,48458","52,64845",3010101.0,Bucher Forst,5892.0,63.0
195862,11,11,,2019,6,10,3,2,2,7,0,0,1,0,0,0,0,0,"805938,769","5833721,745","13,51497","52,56733",11010205.0,Falkenberg West,6368.0,50.0
195863,11,6,,2019,6,6,2,3,5,3,0,1,1,0,0,0,0,0,"793746,5104","5821052,637","13,32442","52,46047",6010102.0,Schloßstraße,3437.0,57.0
195864,11,9,,2019,6,9,3,2,5,2,0,1,1,0,0,0,0,0,"809421,4432","5818429,531","13,55198","52,42832",9020701.0,Adlershof West,6827.0,50.0
195865,11,12,,2019,6,5,2,3,5,3,0,0,1,0,0,0,0,0,"795347,0539","5836375,503","13,36152","52,59697",12302110.0,Dannenwalder Weg,4077.0,58.0
195866,11,3,,2019,6,9,3,3,9,1,0,0,1,0,0,0,0,0,"796317,2137","5835023,394","13,3746","52,58432",3040512.0,Wilhelmsruh,4273.0,62.0
195867,11,2,,2019,6,3,2,3,0,1,2,1,0,0,0,0,0,0,"802449,163","5827058,911","13,45758","52,50956",2050802.0,Boxhagener Platz,5451.0,41.0
195868,11,12,,2019,6,19,3,3,0,4,1,0,0,1,0,0,1,0,"793236,5624","5832494,666","13,32702","52,56332",12214424.0,Scharnweberstraße,3567.0,10.0
195869,11,8,,2019,6,10,2,3,5,3,0,0,1,0,0,0,0,0,"802031,4461","5824297,417","13,44894","52,48504",8010406.0,Treptower Straße Nord,5344.0,56.0
195870,11,4,,2019,6,10,2,3,2,6,0,0,1,0,0,0,0,0,"791462,7244","5828267,8","13,29722","52,52638",4030518.0,Tegeler Weg,3056.0,54.0
195871,11,4,,2019,6,22,3,3,2,6,2,0,1,0,0,0,0,1,"790846,0042","5824725,064","13,28506","52,49495",4041134.0,Bismarckallee,2847.0,41.0
195872,11,2,,2019,6,8,3,3,1,5,0,1,1,0,0,0,0,0,"801244,833","5825286,716","13,43828","52,49434",2030401.0,Reichenberger Straße,5147.0,55.0
195873,11,9,,2019,6,10,2,3,5,3,0,1,1,0,0,0,0,0,"812235,2417","5817032,001","13,59193","52,41419",9041302.0,Wendenschloß,7423.0,65.0
195874,11,12,,2019,6,9,3,3,1,5,0,1,1,0,0,0,0,0,"796650,9657","5832516,834","13,37727","52,56167",12103117.0,Letteplatz,4266.0,52.0
195875,11,11,,2019,6,9,2,3,1,5,0,0,1,0,0,0,0,0,"803025,8216","5829186,346","13,46798","52,52831",11030618.0,Fennpfuhl West,5657.0,53.0
195876,11,8,,2019,6,9,3,3,5,3,0,0,1,0,1,0,0,0,"800787,6176","5821355,117","13,42802","52,45936",8020620.0,Tempelhofer Weg,5036.0,65.0
195877,11,6,,2019,6,9,2,3,5,7,0,0,1,0,0,0,0,0,"793474,176","5817729,811","13,31751","52,43083",6020409.0,Königsberger Straße,3328.0,59.0
195878,11,1,,2019,6,8,3,2,3,6,0,1,0,0,0,1,0,0,"795475,8914","5826646,412","13,35476","52,50969",1011105.0,Nördlicher Landwehrkanal,3951.0,58.0
195879,11,9,,2019,6,9,2,2,5,2,0,0,1,0,0,0,1,0,"806241,5718","5822170,747","13,50879","52,46364",9020501.0,Oberschöneweide West,6238.0,43.0
195880,11,3,,2019,6,6,3,3,2,6,0,0,1,0,0,0,0,0,"801093,5437","5833203,299","13,44323","52,56538",3030715.0,Heinersdorf,5267.0,58.0
195881,11,6,,2019,6,8,2,3,5,3,0,0,1,0,1,0,0,0,"790251,612","5820067,251","13,27227","52,45351",6040810.0,Dahlem,2735.0,58.0
195882,11,7,,2019,6,9,2,3,5,2,0,1,0,0,0,0,1,0,"796229,5231","5824934,162","13,36431","52,49393",7010104.0,Dennewitzplatz,4046.0,41.0
195883,11,5,,2019,6,4,3,3,2,2,1,0,1,0,0,0,0,1,"787973,3764","5830562,178","13,24791","52,5488",5030832.0,Rohrdamm,2363.0,61.0
195884,11,11,,2019,6,8,2,3,5,3,0,1,1,0,0,0,0,1,"805892,941","5826556,828","13,5077","52,50314",11040926.0,Weitlingstraße,6249.0,59.0
195885,11,2,,2019,6,8,3,3,0,1,0,0,0,0,1,0,0,0,"799994,2381","5826215,782","13,42075","52,50336",2030301.0,Oranienplatz,4949.0,42.0
195886,11,12,,2019,6,16,2,3,0,2,0,0,1,0,0,0,1,0,"793399,5406","5833163,71","13,33001","52,56923",12214421.0,Reinickes Hof,3568.0,52.0
195887,11,11,,2019,6,16,2,3,5,7,0,0,0,0,1,0,1,0,"804212,1971","5828214,884","13,48453","52,51894",11030721.0,Rüdigerstraße,5854.0,49.0
195888,11,7,,2019,6,8,3,3,0,7,0,1,0,0,0,0,0,0,"796956,6719","5820516,854","13,37106","52,45394",7040404.0,Marienhöhe,4135.0,49.0
195889,11,1,,2019,6,11,2,3,5,2,0,1,0,0,0,0,1,0,"799727,011","5827763,959","13,41822","52,51738",1011304.0,Karl-Marx-Allee,4853.0,18.0
195890,11,4,,2019,6,15,2,3,2,6,0,0,1,0,0,0,0,0,"791315,9653","5821990,191","13,28957","52,47018",4041241.0,Breite Straße,2940.0,57.0
195891,11,1,,2019,6,11,2,2,5,3,0,1,1,0,0,0,0,0,"793513,2085","5829336,887","13,3283","52,53486",1022103.0,Westhafen,3558.0,50.0
195892,11,1,,2019,6,17,2,3,0,5,0,0,1,0,0,0,1,0,"794881,6638","5831061,355","13,34995","52,54958",1044103.0,Westliche Müllerstraße,3863.0,41.0
195893,11,2,,2019,6,11,2,3,5,2,0,0,1,0,0,0,0,0,"799071,6281","5825610,148","13,40666","52,49844",2010104.0,Wassertorplatz,4748.0,28.0
195894,11,7,,2019,6,16,2,2,5,2,0,0,1,0,0,0,1,0,"799250,9593","5816260,563","13,40091","52,41453",7070701.0,Kettinger Straße/Schillerstraße,4623.0,43.0
195895,11,6,,2019,6,11,2,3,5,2,0,1,1,0,0,0,0,0,"790244,2017","5820078,824","13,27217","52,45361",6040810.0,Dahlem,2735.0,58.0
195896,11,3,,2019,6,12,2,3,2,2,0,0,1,0,0,0,0,0,"800081,2921","5833883,299","13,42895","52,57204",3040818.0,Pankow Süd,5069.0,51.0
195897,11,8,,2019,6,16,2,3,5,2,0,1,1,0,0,0,0,0,"802019,4284","5823518,721","13,44805","52,47807",8010405.0,Hertzbergplatz,5342.0,38.0
195898,11,10,,2019,6,16,2,3,4,6,0,1,0,0,0,0,0,0,"812353,1455","5830455,076","13,60623","52,53441",10020517.0,Adele-Sandrock-Straße,7658.0,55.0
195899,11,5,,2019,6,16,2,3,6,7,0,0,1,1,0,0,0,0,"782540,3533","5820579,045","13,15953","52,46214",5040935.0,Groß-Glienicker Weg,1037.0,63.0
195900,11,8,,2019,6,14,2,3,2,6,0,0,1,0,0,0,0,0,"800976,2206","5822150,409","13,4315","52,46638",8010118.0,Silbersteinstraße,5038.0,31.0
195901,11,7,,2019,6,13,2,2,5,3,0,1,0,0,0,0,0,0,"799654,3503","5820996,973","13,41107","52,45677",7040405.0,Rathaus Tempelhof,4736.0,65.0
195902,11,4,,2019,6,13,2,3,5,3,0,0,1,0,0,0,0,0,"793356,3935","5822837,394","13,32027","52,47668",4041344.0,Rüdesheimer Platz,3441.0,51.0
195903,11,3,,2019,6,14,2,3,1,5,0,1,1,0,0,0,0,0,"801561,2824","5830196,969","13,44738","52,53818",3061429.0,Greifswalder Straße,5359.0,51.0
195904,11,3,,2019,6,14,2,2,0,7,0,0,0,0,1,0,0,1,"800092,7813","5831674,038","13,42713","52,55223",3061227.0,Humannplatz,5064.0,24.0
195905,11,4,,2019,6,16,2,3,5,3,0,0,1,0,0,0,0,0,"791573,8597","5826553,988","13,29735","52,51096",4030417.0,Schloßstraße,3051.0,26.0
195906,11,11,,2019,6,14,2,3,5,3,0,1,1,0,0,0,0,0,"803665,2424","5830091,983","13,47821","52,53607",11020515.0,Landsberger Allee,5759.0,55.0
195907,11,2,,2019,6,17,2,3,5,2,0,0,1,0,1,0,0,0,"799744,2315","5824761,613","13,41577","52,49046",2020206.0,Graefekiez,4845.0,36.0
195908,11,12,,2019,6,15,2,3,2,6,0,0,1,0,1,0,0,0,"792506,3936","5832839,599","13,31658","52,56681",12214424.0,Scharnweberstraße,3368.0,49.0
195909,11,3,,2019,6,22,2,3,5,3,2,0,1,0,0,1,0,0,"795960,9648","5835559,62","13,36983","52,58932",3040512.0,Wilhelmsruh,4174.0,59.0
195910,11,8,,2019,6,14,2,3,6,7,0,0,1,1,0,0,0,0,"801184,2821","5823544,282","13,43582","52,47876",8010212.0,Rollberg,5142.0,45.0
195911,11,10,,2019,6,19,2,3,5,3,0,0,1,0,0,0,0,0,"811122,3001","5828405,043","13,58622","52,51675",10020622.0,Kaulsdorf Nord I,7353.0,59.0
195912,11,8,,2019,6,15,2,3,0,2,0,0,1,0,1,0,0,0,"803992,4813","5819117,525","13,47301","52,43753",8041035.0,Blumenviertel,5630.0,63.0
195913,11,3,,2019,6,19,2,2,0,3,0,1,0,0,0,0,0,0,"800291,8626","5830298,368","13,42881","52,53979",3071633.0,Thälmannpark,5060.0,65.0
195914,11,10,,2019,6,15,2,3,0,2,0,1,0,0,0,0,1,0,"806582,2249","5828262,491","13,51939","52,51804",10010308.0,Marzahner Chaussee,6354.0,63.0
195915,11,7,,2019,6,15,2,3,6,4,0,0,0,1,0,0,1,0,"796573,7026","5816232,443","13,36164","52,41574",7060601.0,Marienfelder Allee Nordwest,4024.0,62.0
195916,11,5,,2019,6,18,2,3,0,5,0,0,1,0,1,0,0,0,"784707,3218","5828447,565","13,19807","52,53156",5020625.0,Borkumer Straße,1657.0,58.0
195917,11,4,,2019,6,15,2,3,5,3,0,1,1,0,0,0,0,0,"792466,7973","5828126,514","13,31185","52,52458",4030519.0,Kaiserin-Augusta-Allee,3255.0,52.0
195918,11,5,,2019,6,16,2,2,5,2,0,0,1,0,1,0,0,0,"783803,6412","5828689,079","13,18499","52,5342",5020625.0,Borkumer Straße,1458.0,51.0
195919,11,8,,2019,6,14,2,3,5,2,0,1,1,0,0,0,0,0,"801568,6792","5822302,961","13,44034","52,46742",8010214.0,Glasower Straße,5239.0,47.0
195920,11,7,,2019,6,11,2,3,0,1,0,1,0,0,0,0,0,0,"797099,4136","5815597,55","13,36878","52,40976",7060604.0,Marienfelde Süd,4122.0,63.0
195921,11,5,,2019,6,14,2,3,0,3,0,0,1,0,0,0,0,0,"783797,6709","5826294,098","13,18285","52,51273",5020524.0,Weinmeisterhornweg,1352.0,65.0
195922,11,8,,2019,6,7,2,3,0,1,0,0,0,0,1,0,0,1,"801715,4246","5824253,304","13,44426","52,48482",8010301.0,Reuterkiez,5244.0,47.0
195923,11,8,,2019,6,15,2,3,5,3,0,0,1,0,0,0,0,0,"805737,6919","5818436,982","13,49798","52,43045",8041037.0,Alt-Rudow,6028.0,49.0
195924,11,4,,2019,6,14,2,3,1,5,0,1,1,0,0,0,0,0,"793425,2013","5821768,781","13,32034","52,46707",7030301.0,Friedenau,3439.0,54.0
195925,11,2,,2019,6,0,2,3,5,3,2,1,1,0,0,0,0,0,"798830,4469","5825095,505","13,40265","52,49396",2020204.0,Urbanstraße,4646.0,50.0
195926,11,4,,2019,6,0,2,3,3,6,2,1,1,0,0,0,0,0,"789703,9189","5830105,559","13,27297","52,54379",4010101.0,Jungfernheide,2761.0,65.0
195927,11,12,,2019,6,15,2,3,5,3,0,1,1,0,0,0,0,0,"790313,9744","5835443,836","13,28661","52,59133",12214527.0,Alt-Tegel,2975.0,54.0
195928,11,1,,2019,6,16,1,3,3,6,0,0,1,0,0,0,0,0,"797596,5515","5830884,903","13,38971","52,54653",1033201.0,Brunnenstraße,4462.0,55.0
195929,11,9,,2019,6,10,1,3,5,2,0,0,1,0,1,0,0,0,"804392,9391","5821739,983","13,48127","52,46081",9010301.0,Baumschulenstraße,5837.0,51.0
195930,11,11,,2019,6,14,1,3,2,2,0,0,1,0,0,0,0,0,"805957,0257","5833700,227","13,51522","52,56713",11010205.0,Falkenberg West,6368.0,50.0
195931,11,1,,2019,6,4,1,3,9,1,1,0,1,0,0,0,0,0,"794815,3085","5831322,62","13,3492","52,55196",1044101.0,Rehberge,3863.0,41.0
195932,11,3,,2019,6,20,1,3,0,7,0,0,1,0,1,0,0,0,"799409,0944","5834088,732","13,41925","52,57425",3040614.0,Pankow Zentrum,4870.0,61.0
195933,11,2,,2019,6,19,1,3,5,3,0,1,1,0,0,0,0,0,"803338,9211","5826745,558","13,47036","52,50626",2050801.0,Traveplatz,5650.0,43.0
195934,11,3,,2019,6,13,1,3,1,5,0,1,1,0,0,0,0,0,"798544,5872","5835292,876","13,40762","52,58552",3020210.0,Herthaplatz,4773.0,65.0
195935,11,8,,2019,6,18,1,3,5,2,0,0,1,0,0,0,0,0,"801415,4361","5820228,506","13,43622","52,44891",8020622.0,Parchimer Allee,5133.0,32.0
195936,11,2,,2019,6,18,1,3,5,7,0,1,1,0,0,0,0,0,"800053,4693","5825651,867","13,42111","52,49827",2030301.0,Oranienplatz,4948.0,23.0
195937,11,4,,2019,6,14,1,3,1,5,0,1,1,0,0,0,0,0,"793084,8246","5823917,693","13,31723","52,48651",4051549.0,Rathaus Wilmersdorf,3344.0,61.0
195938,11,3,,2019,6,17,1,3,3,6,0,1,1,0,0,0,0,0,"798865,956","5829830,819","13,40743","52,53638",3071536.0,Teutoburger Platz,4759.0,53.0
195939,11,6,,2019,6,16,1,3,2,7,0,0,1,0,1,0,0,0,"793326,7249","5818151,208","13,31571","52,43469",6030606.0,Hindenburgdamm,3329.0,57.0
195940,11,11,,2019,6,17,1,3,2,6,0,0,1,0,1,0,0,0,"803945,8758","5826406,29","13,47897","52,50288",11040925.0,Victoriastadt,5749.0,42.0
195941,11,8,,2019,6,16,1,3,6,7,0,1,0,1,0,0,0,0,"800646,2154","5823012,886","13,42744","52,47429",8010117.0,Schillerpromenade,5041.0,31.0
195942,11,1,,2019,6,17,1,3,5,2,0,1,0,0,1,0,0,0,"795402,2182","5825828,114","13,35295","52,50239",1011103.0,Lützowstraße,3949.0,53.0
195943,11,5,,2019,6,16,1,3,0,1,0,1,1,0,0,0,0,0,"784989,9803","5830012,555","13,20356","52,54545",5010312.0,Kurstraße,1662.0,57.0
195944,11,12,,2019,6,14,1,2,6,4,0,0,1,1,0,0,0,0,"795226,8975","5833265,446","13,35698","52,56915",12103218.0,Teichstraße,3968.0,60.0
195945,11,4,,2019,6,16,1,2,1,5,0,0,1,0,1,0,0,0,"790485,5185","5829020,083","13,28351","52,53365",4010101.0,Jungfernheide,2858.0,52.0
195946,11,7,,2019,6,16,1,3,3,6,0,1,1,0,0,0,0,0,"799633,8758","5813176,424","13,40377","52,38668",7070703.0,John-Locke-Straße,4615.0,51.0
195947,11,4,,2019,6,12,1,2,5,2,0,1,1,0,0,0,0,0,"791583,3583","5825102,294","13,29622","52,49794",4031032.0,Halensee,3048.0,43.0
195948,11,5,,2019,6,11,1,2,6,4,0,0,1,1,0,0,0,0,"784771,9729","5826336,498","13,19721","52,5126",5020629.0,Börnicker Straße,1552.0,61.0
195949,11,1,,2019,6,16,1,3,1,5,0,1,1,0,0,0,0,0,"797024,9494","5830889,135","13,38131","52,54688",1033203.0,Humboldthain Nordwest,4362.0,59.0