OBJECTID,LAND,BEZ,LOR_ab_2021,UJAHR,UMONAT,USTUNDE,UWOCHENTAG,UKATEGORIE,UART,UTYP1,ULICHTVERH,IstRad,IstPKW,IstFuss,IstKrad,IstGkfz,IstSonstige,USTRZUSTAND,LINREFX,LINREFY,XGCSWGS84,YGCSWGS84,LOR,STRASSE,quadrant,quadrant_rank
195950,11,9,,2019,6,15,1,3,5,2,0,1,1,0,0,0,0,0,"809409,8774","5818440,892","13,55182","52,42843",9020701.0,Adlershof West,6827.0,50.0
195951,11,8,,2019,6,15,1,3,5,2,0,0,1,0,0,0,0,0,"800848,8701","5824299,267","13,43157","52,48571",8010301.0,Reuterkiez,5044.0,14.0
195952,11,5,,2019,6,14,1,3,2,6,0,0,1,0,0,0,0,0,"782728,4605","5820907,909","13,16257","52,46499",5040935.0,Groß-Glienicker Weg,1038.0,65.0
195953,11,12,,2019,6,11,1,2,5,2,0,0,1,0,0,0,0,0,"795779,571","5832576,86","13,3645","52,56268",12103117.0,Letteplatz,4067.0,9.0
195954,11,9,,2019,6,14,1,3,0,1,0,1,0,0,0,0,0,0,"809180,5951","5819542,05","13,54948","52,43842",9020702.0,Adlershof Ost,6830.0,43.0
195955,11,7,,2019,6,14,1,2,3,1,0,1,1,0,0,0,0,0,"794736,2923","5824888,347","13,34234","52,49433",7010101.0,Wittenbergplatz/Viktoria-Luise-Platz,3747.0,53.0
195956,11,1,,2019,6,5,1,3,0,1,0,1,0,0,0,0,0,0,"798313,425","5829376,361","13,3989","52,53261",1011401.0,Invalidenstraße,4558.0,14.0
195957,11,3,,2019,6,13,1,2,1,5,0,1,1,0,0,0,0,0,"798969,6151","5832774,003","13,4116","52,56271",3040818.0,Pankow Süd,4767.0,50.0
195958,11,6,,2019,6,12,1,3,0,1,0,0,0,0,1,0,0,0,"788902,2094","5816174,338","13,24911","52,41932",6030504.0,Teltower Damm,2325.0,54.0
195959,11,6,,2019,6,16,1,3,0,1,0,1,0,0,0,0,0,0,"786914,9652","5818472,433","13,22194","52,44097",6040804.0,Krumme Lanke,1931.0,65.0
195960,11,12,,2019,6,10,1,2,5,3,0,0,1,0,0,0,0,0,"793943,4341","5836625,497","13,34108","52,59997",12302108.0,Märkisches Zentrum,3777.0,62.0
195961,11,8,,2019,6,1,1,3,5,3,2,1,1,0,0,0,0,0,"800762,3742","5824348,134","13,43035","52,4862",8010301.0,Reuterkiez,5044.0,14.0
195962,11,2,,2019,6,2,1,2,0,1,2,0,0,0,1,0,0,0,"797260,3192","5825365,868","13,37983","52,49724",2020202.0,Rathaus Yorckstraße,4347.0,52.0
195963,11,2,,2019,6,1,1,3,2,6,2,1,1,0,0,0,0,0,"799429,8995","5824542,614","13,41096","52,48867",2020206.0,Graefekiez,4745.0,46.0
195964,11,6,,2019,6,21,1,3,0,4,2,0,0,1,0,0,1,0,"795310,3023","5818401,184","13,34503","52,43586",6020303.0,Lankwitz Kirche,3729.0,56.0
195965,11,6,,2019,6,18,1,3,5,3,0,0,1,0,1,0,0,0,"793185,478","5820116,887","13,31537","52,45239",6010207.0,Mittelstraße,3334.0,60.0
195966,11,8,,2019,6,1,1,3,5,2,2,1,1,0,0,0,0,0,"801489,2124","5823934,21","13,44065","52,48209",8010301.0,Reuterkiez,5243.0,34.0
195967,11,4,,2019,6,1,1,3,0,1,2,1,0,0,0,0,0,0,"791210,3223","5829055,684","13,2942","52,53358",4010103.0,Paul-Hertz-Siedlung,3058.0,38.0
195968,11,8,,2019,6,3,7,3,6,4,2,0,0,1,1,0,0,0,"801171,1119","5824102,461","13,43613","52,48377",8010301.0,Reuterkiez,5143.0,6.0
195969,11,4,,2019,6,12,7,3,2,6,0,0,1,0,0,0,0,0,"791682,2454","5827485,681","13,29976","52,51925",4030417.0,Schloßstraße,3154.0,20.0
195970,11,11,,2019,6,10,7,3,6,4,0,0,1,1,0,0,0,0,"804702,6973","5831230,654","13,4945","52,5457",11020513.0,Orankesee,6062.0,52.0
195971,11,10,,2019,6,9,7,3,5,2,0,1,1,0,0,0,0,0,"812385,8102","5824295,841","13,60093","52,4792",10040933.0,Mahlsdorf Süd,7542.0,53.0
195972,11,2,,2019,6,15,7,3,1,5,0,1,0,0,0,0,0,0,"799034,2033","5825517,323","13,40602","52,49763",2010104.0,Wassertorplatz,4648.0,37.0
195973,11,3,,2019,6,19,7,3,2,6,0,0,1,0,0,0,0,0,"800129,8583","5831648,191","13,42765","52,55198",3061227.0,Humannplatz,5063.0,29.0
195974,11,8,,2019,6,16,7,3,5,2,0,0,1,0,1,0,0,0,"800357,4973","5824320,63","13,42438","52,48617",8010303.0,Donaustraße,4944.0,25.0
195975,11,1,,2019,6,16,7,3,2,2,0,1,1,0,0,0,0,0,"799368,1162","5826341,3","13,41167","52,50483",2010103.0,Moritzplatz,4750.0,40.0
195976,11,3,,2019,6,14,7,3,5,3,0,1,0,0,0,0,0,0,"801598,6602","5831580,69","13,44918","52,55056",3050924.0,Behaimstraße,5363.0,56.0
195977,11,2,,2019,6,14,7,3,5,3,0,1,1,0,0,0,0,0,"800573,422","5827017,064","13,42998","52,51022",2040701.0,Andreasviertel,5051.0,33.0
195978,11,3,,2019,6,13,7,3,6,7,0,1,0,1,0,0,0,0,"797933,138","5832881,588","13,39645","52,56424",3040614.0,Pankow Zentrum,4567.0,50.0
195979,11,10,,2019,6,15,7,3,2,7,0,0,1,0,0,0,0,0,"809167,4124","5833283,251","13,56204","52,56158",10010204.0,Wuhletalstraße,7066.0,62.0
195980,11,8,,2019,6,12,7,3,3,6,0,1,1,0,0,0,0,0,"801099,2498","5824904,995","13,4358","52,491",8010301.0,Reuterkiez,5146.0,51.0
195981,11,7,,2019,6,15,7,3,0,3,0,0,0,0,1,0,1,0,"797371,5841","5820512,95","13,37714","52,45368",7040404.0,Marienhöhe,4235.0,48.0
195982,11,9,,2019,6,12,7,3,6,4,0,0,1,1,0,0,0,0,"811167,2081","5821738,858","13,58066","52,45698",9051901.0,Dammvorstadt,7236.0,45.0
195983,11,4,,2019,6,15,7,3,5,3,0,1,1,0,0,0,0,0,"793938,1862","5825810,732","13,33143","52,50302",4030931.0,Breitscheidplatz,3549.0,24.0
195984,11,12,,2019,6,12,7,3,5,7,0,0,1,0,0,0,0,0,"790297,6364","5834598,858","13,28563","52,58376",12214527.0,Alt-Tegel,2973.0,44.0
195985,11,12,,2019,6,17,7,3,0,7,0,0,1,0,0,0,0,0,"790030,3714","5836201,334","13,2831","52,59827",12304314.0,Ziekowstraße/Freie Scholle,2877.0,60.0
195986,11,4,,2019,6,18,7,3,1,5,0,1,1,0,0,0,0,0,"791006,7179","5826540,588","13,289","52,51114",4030417.0,Schloßstraße,2952.0,50.0
195987,11,4,,2019,6,9,7,3,5,3,0,1,1,0,0,0,0,0,"793655,4439","5825258,56","13,32679","52,49823",4051448.0,Schaperstraße,3548.0,45.0
195988,11,10,,2019,6,18,7,3,0,1,0,0,0,0,1,0,0,0,"812227,366","5824567,24","13,59886","52,48172",10040933.0,Mahlsdorf Süd,7543.0,63.0
195989,11,9,,2019,6,14,7,3,0,1,0,1,0,0,0,0,0,0,"805974,9383","5819890,365","13,50279","52,44335",9010401.0,Johannisthal West,6132.0,56.0
195990,11,7,,2019,6,21,7,2,9,1,0,0,0,0,1,0,0,0,"795411,7678","5821010,042","13,34882","52,45919",7030303.0,Grazer Platz,3836.0,55.0
195991,11,4,,2019,6,20,7,3,5,2,0,0,1,0,1,0,0,0,"791634,266","5824512,515","13,29645","52,49262",4031032.0,Halensee,3046.0,37.0
195992,11,2,,2019,6,13,7,2,6,7,0,0,1,1,0,0,0,0,"797690,6301","5826000,877","13,38672","52,50269",2010101.0,Askanischer Platz,4449.0,28.0
195993,11,5,,2019,6,18,7,2,2,6,0,0,1,0,1,0,0,0,"784992,099","5828458,301","13,20226","52,53151",5020627.0,Tiefwerder,1657.0,58.0
195994,11,1,,2019,6,13,7,3,0,1,0,1,0,0,0,0,0,0,"797673,9612","5829618,595","13,38971","52,53513",1033202.0,Humboldthain Süd,4459.0,28.0
195995,11,7,,2019,6,7,7,3,2,2,0,1,0,0,0,0,0,0,"795723,8852","5824490,059","13,35649","52,49022",7020203.0,Kaiser-Wilhelm-Platz,3945.0,34.0
195996,11,2,,2019,6,15,7,2,5,2,0,1,0,0,0,0,1,0,"802079,7237","5827361,478","13,45242","52,51248",2050802.0,Boxhagener Platz,5352.0,35.0
195997,11,4,,2019,6,3,7,3,1,5,2,0,1,0,1,0,0,0,"793784,846","5826615,788","13,32989","52,51032",4030623.0,Ernst-Reuter-Platz,3551.0,40.0
195998,11,12,,2019,6,11,7,3,0,2,0,0,1,0,0,0,1,0,"794856,3217","5833052,878","13,35134","52,56745",12103218.0,Teichstraße,3868.0,48.0
195999,11,8,,2019,6,13,7,3,5,3,0,0,1,0,1,0,0,0,"802314,8527","5817143,618","13,44662","52,42076",8020728.0,Buckow Ost,5225.0,64.0
196000,11,12,,2019,6,12,7,2,5,3,0,1,1,0,0,0,0,0,"792931,4039","5835312,942","13,32502","52,58875",12301203.0,Wittenau Süd,3474.0,49.0
196001,11,12,,2019,6,11,7,2,0,7,0,0,1,0,0,0,1,0,"795118,0713","5836341,82","13,35812","52,59679",12302110.0,Dannenwalder Weg,3977.0,59.0
196002,11,11,,2019,6,11,7,3,0,7,0,1,0,0,0,0,0,0,"805424,8438","5830023,491","13,50401","52,53447",11030720.0,Herzbergstraße,6158.0,57.0
196003,11,9,,2019,6,12,7,3,0,7,0,1,0,0,0,0,0,0,"812489,7193","5821265,912","13,59962","52,45199",9051701.0,Hirschgarten,7534.0,61.0
196004,11,4,,2019,6,3,7,3,5,3,1,0,1,0,1,0,0,0,"792286,4811","5825467,625","13,30687","52,50084",4030726.0,Droysenstraße,3248.0,24.0
196005,11,9,,2019,6,11,7,3,5,2,0,1,1,0,0,0,0,0,"809404,156","5818446,512","13,55175","52,42848",9020701.0,Adlershof West,6827.0,50.0
196006,11,6,,2019,6,21,7,3,5,3,2,0,1,0,0,0,0,0,"789852,4479","5818776,96","13,2653","52,44215",6040807.0,Zehlendorf Eiche,2631.0,63.0
196007,11,3,,2019,6,11,7,3,5,2,0,1,1,0,0,0,0,0,"799183,6005","5831223,943","13,41335","52,5487",3061131.0,Falkplatz,4862.0,43.0
196008,11,3,,2019,6,9,7,3,0,1,0,1,0,0,0,0,0,0,"797564,5689","5833279,25","13,39139","52,56801",3040614.0,Pankow Zentrum,4468.0,63.0
196009,11,6,,2019,6,20,7,3,1,5,0,1,1,0,0,0,0,0,"795834,2906","5819062,839","13,3533","52,44151",6020301.0,Alt-Lankwitz,3931.0,63.0
196010,11,10,,2019,6,20,7,3,2,2,0,1,1,0,0,0,0,0,"810420,9078","5825090,945","13,57283","52,48745",10040830.0,Kaulsdorf Süd,7145.0,65.0
196011,11,12,,2019,6,10,7,3,2,3,0,0,1,0,0,0,0,0,"786700,5623","5837661,209","13,23534","52,61312",12224230.0,Heiligensee,2181.0,63.0
196012,11,7,,2019,6,10,7,3,7,7,0,1,0,0,0,0,1,0,"795510,5668","5825542,12","13,35429","52,49977",7010102.0,Nollendorfplatz,3948.0,43.0
196013,11,2,,2019,6,19,7,3,2,6,0,0,1,0,0,0,0,0,"799688,669","5824489,659","13,41471","52,48806",2020206.0,Graefekiez,4845.0,36.0
196014,11,6,,2019,6,2,7,3,0,1,2,1,0,0,0,0,0,0,"795363,8465","5819975,487","13,34721","52,44995",6010205.0,Südende,3834.0,50.0
196015,11,4,,2019,6,11,7,3,1,5,0,1,1,0,0,0,0,0,"790770,4461","5823532,202","13,28291","52,48429",4041134.0,Bismarckallee,2844.0,55.0
196016,11,1,,2019,6,16,6,3,0,1,0,1,0,0,0,0,0,0,"796907,6167","5828126,641","13,37712","52,52218",1011301.0,Charitéviertel,4255.0,45.0
196017,11,6,,2019,6,15,6,3,0,1,0,0,0,0,1,0,0,0,"793639,2256","5821079,302","13,32287","52,46077",6010102.0,Schloßstraße,3437.0,57.0
196018,11,5,,2019,6,19,7,2,6,4,0,0,1,1,0,0,0,0,"781781,1144","5828430,033","13,15503","52,53293",5020419.0,Magistratsweg,958.0,48.0
196019,11,4,,2019,6,9,6,3,5,3,0,0,1,0,1,0,0,0,"789055,2407","5826997,448","13,26073","52,51627",4020311.0,Reichsstraße,2553.0,40.0
196020,11,9,,2019,6,19,7,3,5,3,0,1,1,0,0,0,0,0,"810878,6281","5820660,767","13,57542","52,44749",9041501.0,Altstadt Kietz,7233.0,59.0
196021,11,9,,2019,6,15,6,2,5,3,0,0,1,0,1,0,0,0,"805870,9398","5821259,364","13,50252","52,45568",9010401.0,Johannisthal West,6135.0,63.0
196022,11,3,,2019,6,18,7,2,5,3,0,0,1,0,0,0,0,0,"799879,9166","5831734,796","13,42405","52,55289",3061227.0,Humannplatz,4964.0,49.0
196023,11,4,,2019,6,15,6,3,2,6,0,0,1,0,0,0,0,0,"789162,477","5826895,477","13,26221","52,5153",4020311.0,Reichsstraße,2553.0,40.0
196024,11,4,,2019,6,18,7,3,5,2,0,1,1,0,0,0,0,0,"794004,2382","5824258,593","13,33103","52,48908",4051653.0,Prager Platz,3545.0,51.0
196025,11,5,,2019,6,14,6,3,2,6,0,0,1,0,0,0,0,0,"786453,4933","5829186,232","13,22437","52,53727",5030730.0,Zitadellenweg,1959.0,49.0
196026,11,7,,2019,6,14,6,3,0,6,0,0,1,0,1,0,0,0,"795252,1074","5822139,745","13,34748","52,46941",7030303.0,Grazer Platz,3839.0,63.0
196027,11,5,,2019,6,17,7,3,2,6,0,0,1,0,1,0,0,0,"785358,709","5832589,902","13,2112","52,56836",5010101.0,Hakenfelde Nord,1768.0,63.0
196028,11,6,,2019,6,17,7,3,5,3,0,1,1,0,0,0,0,0,"793382,6023","5820367,727","13,31848","52,45453",6010101.0,Fichtenberg,3335.0,47.0
196029,11,4,,2019,6,13,6,2,5,3,0,0,1,0,0,0,1,0,"792806,3943","5821859,738","13,31133","52,46821",4041344.0,Rüdesheimer Platz,3239.0,57.0
196030,11,1,,2019,6,9,6,3,6,4,0,0,1,1,0,0,0,0,"799723,66","5827462,378","13,4179","52,51468",1011303.0,Alexanderplatzviertel,4853.0,18.0
196031,11,1,,2019,6,19,7,3,2,6,0,0,1,0,1,0,0,0,"797466,635","5831098,464","13,38799","52,54851",1033201.0,Brunnenstraße,4462.0,55.0
196032,11,9,,2019,6,12,6,3,5,3,0,1,1,0,0,0,0,0,"812998,4052","5820006,8","13,6059","52,44042",9041403.0,Allende II,7631.0,65.0
196033,11,3,,2019,6,16,7,3,5,2,0,0,1,0,0,0,0,0,"801044,3849","5833835,646","13,44308","52,57108",3030715.0,Heinersdorf,5269.0,57.0
196034,11,1,,2019,6,14,6,3,2,6,0,0,1,0,0,0,0,0,"794440,3329","5828436,667","13,34113","52,52629",1022104.0,Emdener Straße,3756.0,4.0
196035,11,2,,2019,6,16,7,3,1,5,0,1,1,0,0,0,0,0,"802328,4432","5827471,481","13,45618","52,51333",2050801.0,Traveplatz,5452.0,39.0
196036,11,1,,2019,6,16,6,3,4,6,0,1,0,0,0,0,0,0,"799287,8883","5828108,544","13,41208","52,52071",1011303.0,Alexanderplatzviertel,4754.0,20.0
196037,11,5,,2019,6,9,6,2,6,7,0,0,0,1,0,0,1,0,"785020,0726","5829094,617","13,20322","52,5372",5010314.0,Carl-Schurz-Straße,1659.0,46.0
196038,11,9,,2019,6,15,6,3,2,6,0,0,1,0,0,0,0,0,"810645,713","5821063,027","13,57238","52,45122",9051901.0,Dammvorstadt,7134.0,43.0
196039,11,4,,2019,6,9,6,3,1,5,0,0,1,0,0,1,0,0,"791522,5774","5824029,213","13,29439","52,48835",4041137.0,Flinsberger Platz,3045.0,61.0
196040,11,5,,2019,6,16,6,3,0,1,0,1,0,0,0,0,0,0,"786156,5704","5830484,251","13,22113","52,54906",5010311.0,Eiswerder,1963.0,63.0
196041,11,12,,2019,6,17,6,3,2,5,0,0,1,0,1,0,0,0,"792467,8448","5832861,597","13,31604","52,56702",12214424.0,Scharnweberstraße,3368.0,49.0
196042,11,9,,2019,6,9,6,3,5,3,0,1,1,0,0,0,0,0,"811910,1131","5817897,505","13,58797","52,42214",9041301.0,Kietzer Feld/Nachtheide,7325.0,65.0
196043,11,1,,2019,6,8,6,3,5,2,0,1,0,0,0,0,1,0,"798131,474","5828444,262","13,39539","52,52436",1011302.0,Oranienburger Straße,4555.0,52.0
196044,11,1,,2019,6,9,6,3,5,2,0,1,1,0,0,0,0,0,"799726,7969","5827764,924","13,41822","52,51739",1011304.0,Karl-Marx-Allee,4853.0,18.0
196045,11,5,,2019,6,8,6,3,2,6,0,0,1,0,0,0,0,0,"784148,9657","5830052,495","13,19123","52,54624",5010208.0,Germersheimer Platz,1462.0,37.0
196046,11,7,,2019,6,11,6,3,6,4,0,1,0,1,0,0,0,0,"798174,6541","5821908,313","13,39017","52,46575",7040405.0,Rathaus Tempelhof,4438.0,62.0
196047,11,1,,2019,6,8,6,3,5,3,0,1,1,0,0,0,0,0,"795020,9372","5830107,059","13,35115","52,54095",1044202.0,Sparrplatz,3860.0,55.0
196048,11,7,,2019,6,19,6,3,5,7,0,0,1,0,1,0,0,0,"794778,6242","5825692,749","13,34367","52,50151",7010101.0,Wittenbergplatz/Viktoria-Luise-Platz,3749.0,17.0
196049,11,3,,2019,6,8,6,3,6,7,0,0,1,1,0,0,0,0,"801985,7871","5829703,369","13,45317","52,53352",3061430.0,Volkspark Prenzlauer Berg,5358.0,56.0
196050,11,2,,2019,6,18,6,3,5,3,0,1,1,0,0,0,0,0,"797810,7721","5824934,53","13,38753","52,49307",2020203.0,Viktoriapark,4446.0,12.0
196051,11,7,,2019,6,8,6,3,5,3,0,0,1,0,1,0,0,0,"798051,5519","5816719,985","13,38374","52,41931",7060603.0,Marienfelde Nordost,4325.0,61.0
196052,11,6,,2019,6,7,6,3,5,2,0,0,1,0,1,0,0,0,"792226,0834","5820532,067","13,30165","52,45662",6040809.0,Thielallee,3136.0,49.0
196053,11,12,,2019,6,17,6,3,2,2,0,0,1,0,0,0,0,0,"791188,7422","5830906,307","13,2955","52,55018",12214125.0,Waldidyll/Flughafensee,3063.0,49.0
196054,11,9,,2019,6,17,6,3,5,2,0,1,1,0,0,0,0,0,"807811,9852","5818556,036","13,5285","52,43036",9020701.0,Adlershof West,6528.0,60.0
196055,11,6,,2019,6,5,6,3,2,6,1,0,1,0,0,1,0,0,"788066,2409","5818623,272","13,23896","52,44172",6040804.0,Krumme Lanke,2231.0,64.0
196056,11,8,,2019,6,23,6,3,1,5,2,1,1,0,0,0,0,0,"801267,9055","5823819,425","13,43729","52,48118",8010303.0,Donaustraße,5143.0,6.0
196057,11,3,,2019,6,8,6,3,6,2,0,0,1,1,0,0,0,0,"798594,7018","5833050,082","13,40633","52,56539",3040614.0,Pankow Zentrum,4667.0,58.0
196058,11,1,,2019,6,21,6,3,6,4,1,0,1,1,0,0,0,0,"799270,3715","5828501,482","13,41217","52,52425",1011303.0,Alexanderplatzviertel,4755.0,4.0
196059,11,4,,2019,6,8,6,3,5,2,0,0,1,0,0,0,0,0,"790210,2683","5826040,525","13,27687","52,50708",4020313.0,Königin-Elisabeth-Straße,2750.0,55.0
196060,11,1,,2019,6,20,6,3,5,2,1,0,1,0,0,0,0,0,"799242,9516","5828468,574","13,41174","52,52397",1011303.0,Alexanderplatzviertel,4755.0,4.0
196061,11,2,,2019,6,1,6,2,5,3,2,1,1,0,0,0,0,0,"797814,7878","5824933,508","13,38759","52,49306",2020203.0,Viktoriapark,4446.0,12.0
196062,11,4,,2019,6,8,6,3,5,2,0,1,1,0,0,0,0,0,"790220,0386","5826436,092","13,27735","52,51062",4020311.0,Reichsstraße,2751.0,29.0
196063,11,1,,2019,6,0,6,3,5,3,2,1,1,0,0,0,0,0,"797587,3122","5826522,387","13,38567","52,50743",1011201.0,Wilhelmstraße,4350.0,52.0
196064,11,1,,2019,6,18,6,2,0,7,0,1,0,0,0,0,0,0,"797777,9177","5828812,525","13,39052","52,52785",1011302.0,Oranienburger Straße,4456.0,28.0
196065,11,10,,2019,6,7,6,3,5,3,0,1,1,0,0,0,0,0,"807826,8034","5830174,684","13,53945","52,53448",10010309.0,Springpfuhl,6658.0,51.0
196066,11,1,,2019,6,18,6,3,6,4,0,0,1,1,0,0,0,0,"799688,5395","5827847,177","13,41773","52,51815",1011304.0,Karl-Marx-Allee,4854.0,36.0
196067,11,11,,2019,6,18,6,3,5,2,0,1,1,0,0,0,0,0,"804083,1975","5825984,516","13,4806","52,49902",11051229.0,Rummelsburg,5848.0,53.0
196068,11,5,,2019,6,7,6,3,3,6,0,0,1,0,1,0,0,0,"781901,739","5827169,857","13,15573","52,52156",5020522.0,Pillnitzer Weg,955.0,60.0
196069,11,7,,2019,6,18,6,3,5,2,0,1,1,0,0,0,0,0,"797598,0063","5815556,343","13,37605","52,40912",7060604.0,Marienfelde Süd,4222.0,53.0
196070,11,1,,2019,6,6,6,3,5,2,0,1,1,0,0,0,0,0,"797204,0024","5827496,82","13,38091","52,51637",1011202.0,Unter den Linden Nord,4353.0,37.0
196071,11,1,,2019,6,17,6,2,3,6,0,0,1,0,1,0,0,0,"794606,7096","5829862,108","13,34484","52,53898",1022103.0,Westhafen,3760.0,45.0
196072,11,2,,2019,6,3,6,3,1,5,2,1,1,0,0,0,0,0,"802688,1482","5826982,62","13,46102","52,50875",2050802.0,Boxhagener Platz,5551.0,40.0
196073,11,2,,2019,6,18,6,3,2,6,0,1,1,0,0,0,0,0,"803176,406","5827273,126","13,46845","52,51108",2050801.0,Traveplatz,5651.0,53.0
196074,11,8,,2019,6,17,6,3,1,5,0,1,1,0,0,0,1,0,"802640,7788","5823050,129","13,45675","52,47352",8010510.0,Gewerbegebiet Köllnische Heide,5441.0,34.0
196075,11,2,,2019,6,17,6,3,5,2,0,1,1,0,0,0,0,0,"799443,8727","5825667,332","13,41217","52,49875",2010104.0,Wassertorplatz,4748.0,28.0
196076,11,12,,2019,6,17,6,3,2,6,0,0,1,0,0,0,0,0,"791117,7185","5838216,224","13,30088","52,61575",12231101.0,Hermsdorf,3182.0,65.0
196077,11,5,,2019,6,19,6,3,5,3,0,0,1,0,0,0,0,0,"784464,9664","5830252,731","13,19605","52,54787",5010313.0,Ackerstraße,1562.0,57.0
196078,11,3,,2019,6,7,6,3,5,3,0,0,1,1,0,0,0,0,"800127,0951","5838393,371","13,43371","52,61244",3020307.0,Buchholz,5181.0,61.0
196079,11,7,,2019,6,18,6,3,8,1,0,1,0,0,0,0,0,0,"800889,6214","5814179,307","13,42306","52,39498",7070704.0,Nahariyastraße,4918.0,59.0
196080,11,1,,2019,6,9,6,3,3,6,0,1,0,0,0,1,0,0,"797694,5379","5832873,169","13,39293","52,56429",1033101.0,Soldiner Straße,4467.0,55.0
196081,11,7,,2019,6,8,6,3,5,3,0,0,1,0,0,0,1,0,"797626,4255","5819188,068","13,3797","52,44166",7050501.0,Rathausstraße,4331.0,54.0
196082,11,1,,2019,6,17,5,2,2,6,0,1,0,0,0,0,0,0,"797458,8939","5829358,004","13,38632","52,53291",1011401.0,Invalidenstraße,4458.0,48.0
196083,11,6,,2019,6,22,6,3,1,1,2,0,1,0,0,0,0,0,"789369,9158","5819784,569","13,25909","52,45144",6040806.0,Fischtal,2534.0,59.0
196084,11,3,,2019,6,8,5,3,5,3,0,1,1,0,0,0,0,0,"799979,6171","5831084,82","13,42493","52,54701",3061227.0,Humannplatz,4962.0,45.0
196085,11,1,,2019,6,21,6,2,5,2,0,1,1,0,0,0,0,0,"793677,3866","5828111,168","13,32963","52,52379",1022106.0,Elberfelder Straße,3555.0,16.0
196086,11,6,,2019,6,17,5,2,5,3,0,0,1,0,0,0,0,0,"784844,9681","5817637,543","13,19085","52,43457",6040703.0,Nikolassee,1429.0,63.0
196087,11,12,,2019,6,20,6,2,5,3,0,0,1,0,1,0,0,0,"792179,331","5832939,686","13,31186","52,56788",12214422.0,Klixstraße,3268.0,42.0
196088,11,7,,2019,6,17,5,3,0,6,0,0,1,0,1,0,0,0,"797319,6897","5822213,205","13,37789","52,46894",7040403.0,Manteuffelstraße,4239.0,42.0
196089,11,10,,2019,6,17,5,3,6,4,0,0,1,1,0,0,0,0,"811666,7278","5829777,461","13,59551","52,52874",10020621.0,Gelbes Viertel,7557.0,60.0
196090,11,2,,2019,6,18,6,2,6,4,0,1,0,1,0,0,0,0,"799560,0778","5825641,268","13,41386","52,49845",2010104.0,Wassertorplatz,4848.0,3.0
196091,11,8,,2019,6,13,6,3,6,4,0,0,0,1,0,1,0,0,"801098,4716","5824025,187","13,43499","52,48312",8010303.0,Donaustraße,5143.0,6.0
196092,11,1,,2019,6,13,1,3,1,5,0,1,1,0,0,0,0,0,"794019,0199","5831277,951","13,33745","52,55199",1044101.0,Rehberge,3663.0,65.0
196093,11,8,,2019,6,12,1,3,3,6,0,1,1,0,0,0,0,0,"800543,9811","5823346,857","13,42624","52,47734",8010117.0,Schillerpromenade,4942.0,18.0
196094,11,6,,2019,6,18,1,3,2,6,0,0,1,0,0,0,0,0,"788514,1907","5821515,899","13,24803","52,46741",6040808.0,Hüttenweg,2339.0,63.0
196095,11,5,,2019,6,21,1,2,8,1,1,0,1,0,0,0,0,0,"784753,3385","5828581,715","13,19886","52,53274",5020625.0,Borkumer Straße,1658.0,8.0
196096,11,1,,2019,6,18,1,3,0,1,0,0,0,0,1,0,0,0,"798758,7928","5829624,01","13,40567","52,53459",1011402.0,Arkonaplatz,4658.0,28.0
196097,11,11,,2019,6,20,7,3,0,7,0,1,0,0,0,0,0,0,"807329,7314","5825201,54","13,52755","52,49019",11051330.0,Karlshorst West,6445.0,63.0
196098,11,10,,2019,6,15,7,3,0,1,0,0,0,0,1,0,0,0,"814892,8074","5830051,045","13,64316","52,52933",10040931.0,Mahlsdorf Nord,8257.0,65.0
196099,11,6,,2019,6,12,7,3,1,7,0,0,1,0,0,0,0,0,"786468,744","5818208,959","13,21516","52,43884",6040703.0,Nikolassee,1830.0,65.0
196100,11,4,,2019,6,19,7,3,2,2,0,0,1,0,0,0,1,0,"789926,1556","5826699,838","13,27327","52,51314",4020311.0,Reichsstraße,2752.0,59.0
196101,11,8,,2019,6,15,7,3,5,2,0,0,1,0,0,0,0,0,"803662,6822","5822280,206","13,47105","52,46606",8010509.0,Schulenburgpark,5638.0,53.0
196102,11,2,,2019,6,15,7,3,5,3,0,0,1,0,0,0,0,0,"797716,289","5826179,602","13,38726","52,50428",2010101.0,Askanischer Platz,4449.0,28.0
196103,11,8,,2019,6,15,7,3,5,3,0,0,1,0,1,0,0,0,"800794,3418","5820562,893","13,42741","52,45225",8020620.0,Tempelhofer Weg,5034.0,59.0
196104,11,7,,2019,6,16,7,3,5,2,0,0,1,0,1,0,0,0,"798989,1417","5819646,353","13,4001","52,44503",7050503.0,Eisenacher Straße,4632.0,59.0
196105,11,11,,2019,6,16,7,3,3,6,0,1,1,0,0,0,0,0,"803577,0645","5826408,68","13,47355","52,50311",11040925.0,Victoriastadt,5649.0,33.0
196106,11,3,,2019,6,17,7,3,5,3,0,1,1,0,0,0,0,0,"800077,0339","5832605,305","13,42774","52,56059",3040818.0,Pankow Süd,5066.0,56.0
196107,11,8,,2019,6,17,7,3,2,6,0,0,1,0,0,0,0,0,"801371,2548","5820107,426","13,43546","52,44785",8020622.0,Parchimer Allee,5133.0,32.0
196108,11,7,,2019,6,19,7,3,5,3,0,1,1,0,0,0,0,0,"794779,9884","5825688,517","13,34369","52,50148",7010101.0,Wittenbergplatz/Viktoria-Luise-Platz,3749.0,17.0
196109,11,4,,2019,6,20,7,3,2,6,0,0,1,0,0,0,0,0,"793692,6992","5825808,045","13,32782","52,50313",4030931.0,Breitscheidplatz,3549.0,24.0
196110,11,11,,2019,6,20,7,3,5,3,0,1,0,0,0,0,1,0,"803849,6161","5828641,286","13,47959","52,52297",11030721.0,Rüdigerstraße,5755.0,49.0
196111,11,11,,2019,6,21,7,3,0,1,1,1,1,0,0,0,0,0,"803438,3148","5826586,783","13,47168","52,50478",11040925.0,Victoriastadt,5650.0,43.0