OBJECTID,LAND,BEZ,LOR_ab_2021,UJAHR,UMONAT,USTUNDE,UWOCHENTAG,UKATEGORIE,UART,UTYP1,ULICHTVERH,IstRad,IstPKW,IstFuss,IstKrad,IstGkfz,IstSonstige,USTRZUSTAND,LINREFX,LINREFY,XGCSWGS84,YGCSWGS84,LOR,STRASSE,quadrant,quadrant_rank
196112,11,2,,2019,6,21,7,3,2,6,1,0,1,0,1,0,0,0,"799790,8183","5825718,222","13,41732","52,49901",2010104.0,Wassertorplatz,4848.0,3.0
196113,11,1,,2019,6,14,7,3,5,3,0,1,1,0,0,0,0,0,"798137,0135","5828442,249","13,39547","52,52433",1011302.0,Oranienburger Straße,4555.0,52.0
196114,11,12,,2019,6,12,7,3,1,1,0,0,1,0,0,0,0,0,"788529,5317","5832712,046","13,25796","52,56778",12214125.0,Waldidyll/Flughafensee,2468.0,65.0
196115,11,10,,2019,6,11,7,3,5,3,0,0,1,0,0,0,0,0,"808747,2662","5828182,196","13,55113","52,5161",10030724.0,Oberfeldstraße,6853.0,64.0
196116,11,4,,2019,6,11,7,3,0,5,0,0,1,0,0,0,1,0,"791909,2331","5825218,881","13,30111","52,49881",4031032.0,Halensee,3148.0,24.0
196117,11,6,,2019,6,10,7,3,5,3,0,0,1,0,0,1,0,0,"788256,8152","5816714,181","13,24011","52,4245",6030501.0,Berlepschstraße,2226.0,65.0
196118,11,11,,2019,6,16,7,3,5,2,0,0,0,0,0,0,1,0,"807284,6831","5825416,928","13,52709","52,49214",11051330.0,Karlshorst West,6446.0,50.0
196119,11,9,,2019,6,10,7,3,5,3,0,0,1,0,1,0,0,0,"809500,1362","5815220,251","13,55017","52,39951",9031001.0,Bohnsdorf,6819.0,63.0
196120,11,11,,2019,6,9,7,3,5,3,0,1,1,0,0,0,0,0,"806127,402","5826692,213","13,51127","52,50422",11040926.0,Weitlingstraße,6249.0,59.0
196121,11,1,,2019,6,2,7,3,6,4,2,0,0,1,0,0,1,0,"797448,7295","5831118,995","13,38775","52,5487",1033201.0,Brunnenstraße,4462.0,55.0
196122,11,10,,2019,6,15,6,3,2,6,0,0,1,0,0,0,1,0,"809414,5211","5832696,553","13,56513","52,55618",10010204.0,Wuhletalstraße,7065.0,59.0
196123,11,3,,2019,6,18,6,3,0,7,0,1,0,0,0,0,1,0,"798529,6238","5834865,875","13,40701","52,5817",3020209.0,Niederschönhausen,4772.0,55.0
196124,11,8,,2019,6,14,6,3,2,2,0,1,1,0,0,0,0,0,"801451,1579","5823884,106","13,44004","52,48166",8010301.0,Reuterkiez,5143.0,6.0
196125,11,11,,2019,6,14,6,3,3,6,0,0,1,0,0,1,0,0,"803747,3472","5826219,156","13,47588","52,50131",11051229.0,Rummelsburg,5749.0,42.0
196126,11,5,,2019,6,17,6,3,5,3,0,1,1,0,0,0,0,0,"785974,282","5831370,339","13,21921","52,5571",5010101.0,Hakenfelde Nord,1965.0,61.0
196127,11,5,,2019,6,16,6,2,1,5,0,1,1,0,0,0,0,0,"785391,9325","5830557,463","13,20994","52,55012",5010311.0,Eiswerder,1763.0,57.0
196128,11,5,,2019,6,16,6,3,2,6,0,0,1,0,0,1,0,0,"781674,1502","5828417,981","13,15345","52,53287",5020419.0,Magistratsweg,958.0,48.0
196129,11,6,,2019,6,16,6,2,3,6,0,1,1,0,0,0,0,0,"794258,7934","5820834,525","13,33175","52,45824",6010208.0,Bergstraße,3536.0,43.0
196130,11,2,,2019,6,15,6,3,2,6,0,1,1,0,0,0,0,0,"803095,5944","5826046,294","13,46615","52,50013",2050803.0,Stralauer Kiez,5548.0,37.0
196131,11,3,,2019,6,13,6,3,1,5,0,1,1,0,0,0,0,0,"802425,4349","5832979,443","13,46261","52,56264",3051017.0,Rennbahnstraße,5567.0,63.0
196132,11,1,,2019,6,13,6,3,2,6,0,1,0,0,0,0,0,0,"799723,777","5827470,28","13,41791","52,51475",1011303.0,Alexanderplatzviertel,4853.0,18.0
196133,11,7,,2019,6,13,6,3,5,2,0,0,1,0,0,0,0,0,"795238,5269","5822271,521","13,3474","52,4706",7030303.0,Grazer Platz,3840.0,51.0
196134,11,3,,2019,6,13,6,3,0,7,0,1,0,0,0,0,0,0,"802840,5611","5832671,611","13,46844","52,55965",3051021.0,Buschallee,5666.0,59.0
196135,11,8,,2019,6,18,6,3,5,2,0,0,1,0,0,0,0,0,"800716,043","5823421,96","13,42883","52,47792",8010212.0,Rollberg,5042.0,54.0
196136,11,1,,2019,6,13,6,3,5,2,0,0,1,0,1,0,0,0,"794051,376","5828458,812","13,33543","52,5267",1022104.0,Emdener Straße,3656.0,44.0
196137,11,4,,2019,6,13,6,3,2,6,0,0,1,0,0,0,0,0,"793253,59","5826900,807","13,32233","52,51317",4030623.0,Ernst-Reuter-Platz,3452.0,33.0
196138,11,2,,2019,6,14,6,3,0,1,0,0,0,0,1,0,0,0,"800393,4203","5827136,074","13,42745","52,51139",2040701.0,Andreasviertel,5052.0,43.0
196139,11,11,,2019,6,15,6,3,2,6,0,0,1,0,0,0,1,0,"805834,7317","5833784,124","13,5135","52,56795",11010206.0,Wartenberg Süd,6268.0,60.0
196140,11,1,,2019,6,13,6,3,5,2,0,0,1,0,0,0,0,0,"799732,0611","5827555,884","13,41811","52,51552",1011304.0,Karl-Marx-Allee,4853.0,18.0
196141,11,11,,2019,6,13,6,3,0,7,0,0,0,0,1,0,0,1,"803909,5861","5826114,748","13,47817","52,50029",11051229.0,Rummelsburg,5748.0,59.0
196142,11,2,,2019,6,20,6,3,1,5,1,1,1,0,0,0,1,0,"800113,392","5827272,813","13,42346","52,51277",2040701.0,Andreasviertel,4952.0,44.0
196143,11,9,,2019,6,19,6,3,3,6,0,1,0,0,0,0,1,0,"811977,8239","5819600,797","13,59055","52,43736",9041301.0,Kietzer Feld/Nachtheide,7430.0,57.0
196144,11,10,,2019,6,19,6,2,5,3,0,1,1,0,0,0,0,0,"812477,9364","5830550,681","13,60815","52,5352",10020517.0,Adele-Sandrock-Straße,7659.0,42.0
196145,11,4,,2019,6,19,6,3,1,5,0,1,0,0,0,1,0,0,"792402,3929","5825024,343","13,30818","52,4968",4051446.0,Preußenpark,3247.0,45.0
196146,11,8,,2019,6,19,6,3,2,2,0,0,1,0,0,0,0,0,"800906,8327","5822387,926","13,4307","52,46855",8010118.0,Silbersteinstraße,5039.0,34.0
196147,11,1,,2019,6,19,6,3,5,2,0,1,0,0,0,0,1,0,"798507,8682","5830233,012","13,40252","52,54018",1033201.0,Brunnenstraße,4660.0,51.0
196148,11,2,,2019,6,19,6,3,0,7,0,0,1,0,0,0,1,0,"801284,1838","5826172,47","13,43966","52,50226",2030302.0,Lausitzer Platz,5149.0,46.0
196149,11,2,,2019,6,7,6,3,1,5,0,1,1,0,0,0,1,0,"800173,1678","5824913,474","13,42221","52,49159",2020206.0,Graefekiez,4946.0,51.0
196150,11,2,,2019,6,23,6,2,0,1,2,1,0,0,0,0,1,0,"802082,435","5827156,891","13,45228","52,51064",2050802.0,Boxhagener Platz,5351.0,36.0
196151,11,11,,2019,6,7,6,2,5,2,0,1,1,0,0,0,0,0,"805039,4318","5831492,936","13,49969","52,54786",11020412.0,Hauptstraße,6062.0,52.0
196152,11,9,,2019,6,6,6,3,6,4,0,1,0,1,0,0,0,0,"807422,2715","5820375,443","13,52446","52,44688",9020602.0,Oberspree,6433.0,65.0
196153,11,12,,2019,6,5,6,3,5,3,0,0,1,0,0,0,0,0,"792366,4402","5832894,671","13,31457","52,56737",12214424.0,Scharnweberstraße,3368.0,49.0
196154,11,8,,2019,6,13,6,3,5,3,0,1,1,0,0,0,0,0,"803760,7238","5821804,904","13,47205","52,46174",8010510.0,Gewerbegebiet Köllnische Heide,5637.0,57.0
196155,11,1,,2019,6,13,6,3,2,2,0,0,1,0,0,0,1,0,"794893,9524","5829531,041","13,34877","52,53586",1022103.0,Westhafen,3859.0,62.0
196156,11,1,,2019,6,9,6,3,1,5,0,1,1,0,0,0,1,0,"799127,6154","5828535,426","13,41011","52,52463",1011303.0,Alexanderplatzviertel,4755.0,4.0
196157,11,6,,2019,6,12,6,3,5,3,0,1,1,0,0,0,0,0,"790291,6775","5814814,205","13,2683","52,40639",6030502.0,Zehlendorf Süd,2621.0,57.0
196158,11,5,,2019,6,10,6,3,4,6,0,1,1,0,0,0,0,0,"780565,0735","5819431,543","13,12957","52,45287",5040936.0,Jägerallee,534.0,65.0
196159,11,1,,2019,6,11,6,3,6,4,0,1,0,1,0,0,0,0,"796759,35","5829658,327","13,37631","52,53599",1011301.0,Charitéviertel,4259.0,40.0
196160,11,6,,2019,6,10,6,3,5,3,0,0,1,0,0,0,0,0,"796249,1228","5818266,885","13,35868","52,43415",6020301.0,Alt-Lankwitz,3929.0,55.0
196161,11,10,,2019,6,9,6,3,5,3,0,1,1,0,0,0,0,0,"812639,5978","5825271,268","13,60557","52,4878",10040933.0,Mahlsdorf Süd,7645.0,61.0
196162,11,9,,2019,6,10,6,2,5,2,0,1,0,0,0,1,0,0,"811359,0494","5820147,027","13,58199","52,44261",9041501.0,Altstadt Kietz,7331.0,39.0
196163,11,10,,2019,6,9,6,3,5,3,0,1,1,0,0,0,0,0,"812397,9908","5824300,815","13,60111","52,47924",10040933.0,Mahlsdorf Süd,7542.0,53.0
196164,11,1,,2019,6,10,6,3,2,6,0,0,1,0,0,0,0,0,"795431,9458","5826136,18","13,35366","52,50514",1011103.0,Lützowstraße,3950.0,58.0
196165,11,8,,2019,6,3,6,3,3,6,2,0,1,0,1,0,0,1,"800554,0583","5823317,972","13,42636","52,47708",8010117.0,Schillerpromenade,4942.0,18.0
196166,11,2,,2019,6,0,6,3,6,4,2,0,1,1,0,0,0,1,"802300,848","5826853,551","13,45521","52,5078",2050802.0,Boxhagener Platz,5451.0,41.0
196167,11,1,,2019,6,11,6,2,1,5,0,1,1,0,0,0,1,0,"795008,2986","5828190,565","13,34926","52,52378",1022204.0,Thomasiusstraße,3855.0,43.0
196168,11,7,,2019,6,21,5,3,3,6,2,0,1,0,0,0,0,0,"797229,1153","5820686,625","13,37521","52,45531",7040403.0,Manteuffelstraße,4235.0,48.0
196169,11,7,,2019,6,13,5,3,4,6,0,1,1,0,0,0,0,0,"794010,7499","5822557,936","13,32963","52,47383",7030301.0,Friedenau,3541.0,57.0
196170,11,1,,2019,6,9,5,3,0,2,0,1,0,0,0,1,0,1,"794582,0687","5826069,829","13,34112","52,505",1011101.0,Stülerstraße,3750.0,33.0
196171,11,1,,2019,6,9,5,3,0,1,0,1,0,0,0,0,0,1,"795100,871","5828490,344","13,35089","52,52642",1022203.0,Lübecker Straße,3856.0,49.0
196172,11,4,,2019,6,8,5,3,2,2,0,1,1,0,0,0,0,1,"790788,3612",5827382,"13,28653","52,5188",4030415.0,Schloßgarten,2954.0,41.0
196173,11,3,,2019,6,21,5,3,5,3,2,0,1,0,0,0,0,1,"795959,0921","5835566,649","13,36981","52,58938",3040512.0,Wilhelmsruh,4174.0,59.0
196174,11,2,,2019,6,22,5,3,1,1,2,1,1,0,0,0,0,0,"800942,249","5827121,251","13,4355","52,51095",2040701.0,Andreasviertel,5151.0,39.0
196175,11,2,,2019,6,23,5,3,0,3,1,1,0,0,1,0,0,0,"799216,292","5824569,704","13,40785","52,48903",2020206.0,Graefekiez,4745.0,46.0
196176,11,8,,2019,6,7,5,3,5,3,0,1,1,0,0,0,0,0,"803817,2599","5818828,564","13,47018","52,43503",8041035.0,Blumenviertel,5629.0,61.0
196177,11,3,,2019,6,7,5,3,2,6,0,0,1,0,0,0,0,0,"800047,0644","5831277,186","13,42609","52,5487",3061227.0,Humannplatz,4962.0,45.0
196178,11,1,,2019,6,7,5,3,5,2,0,1,1,0,0,0,0,0,"796894,1706","5828896,359","13,37761","52,52908",1011301.0,Charitéviertel,4257.0,20.0
196179,11,9,,2019,6,6,5,3,5,3,0,1,1,0,0,0,0,0,"808808,9339","5819002,66","13,54353","52,4338",9020701.0,Adlershof West,6729.0,59.0
196180,11,9,,2019,6,0,5,3,0,1,2,0,1,0,1,0,0,0,"811902,3621","5821592,221","13,59131","52,45525",9051901.0,Dammvorstadt,7435.0,58.0
196181,11,6,,2019,6,23,5,1,0,1,2,1,0,0,0,0,0,0,"789975,5042","5819789,372","13,26798","52,45116",6040808.0,Hüttenweg,2634.0,40.0
196182,11,4,,2019,6,8,5,3,6,4,0,0,1,1,0,0,0,1,"793443,0739","5824197,879","13,32274","52,48883",4051652.0,Nikolsburger Platz,3445.0,43.0
196183,11,1,,2019,6,8,5,3,5,3,0,1,1,0,0,0,0,1,"795057,5563","5831479,296","13,35291","52,55323",1044102.0,Schillerpark,3964.0,39.0
196184,11,9,,2019,6,8,5,2,5,2,0,1,1,0,0,0,0,1,"807681,3886","5817730,987","13,52583","52,42304",9030901.0,Dorf Altglienicke,6426.0,51.0
196185,11,6,,2019,6,2,5,3,1,1,2,0,1,0,0,0,0,1,"793245,7142","5817228,686","13,31372","52,42646",6020409.0,Königsberger Straße,3327.0,59.0
196186,11,2,,2019,6,2,5,3,0,1,2,1,0,0,0,0,0,1,"801122,4259","5826607,599","13,43768","52,50625",2040703.0,Wriezener Bahnhof/Entwicklungsgebiet,5150.0,59.0
196187,11,1,,2019,6,20,5,2,6,4,0,0,1,1,0,0,0,0,"799498,019","5828344,449","13,41538","52,52271",1011303.0,Alexanderplatzviertel,4855.0,25.0
196188,11,9,,2019,6,7,5,3,5,3,0,1,1,0,0,0,0,0,"806066,3474","5823414,898","13,50736","52,47489",9020501.0,Oberschöneweide West,6141.0,65.0
196189,11,4,,2019,6,13,5,3,5,7,0,1,1,0,0,0,0,0,"790828,8834","5826359,841","13,28623","52,50961",4030724.0,Lietzensee,2951.0,33.0
196190,11,2,,2019,6,7,5,3,5,2,0,1,0,0,0,0,1,0,"798127,4916","5824542,844","13,39183","52,48939",2020205.0,Chamissokiez,4445.0,43.0
196191,11,7,,2019,6,13,5,3,5,3,0,0,1,0,0,0,1,0,"797288,6397","5821211,93","13,37655","52,45999",7040403.0,Manteuffelstraße,4237.0,59.0
196192,11,1,,2019,6,0,5,3,1,7,2,0,1,0,0,0,1,0,"794687,3573","5829769,919","13,34594","52,53811",1022103.0,Westhafen,3759.0,54.0
196193,11,2,,2019,6,17,5,3,5,5,0,1,1,0,0,0,0,0,"801442,4418","5826397,186","13,44219","52,50419",2040703.0,Wriezener Bahnhof/Entwicklungsgebiet,5249.0,5.0
196194,11,8,,2019,6,14,5,3,1,5,0,0,1,0,0,0,0,0,"801533,4904","5820711,273","13,43838","52,45317",8020619.0,Buschkrugallee Nord,5135.0,57.0
196195,11,6,,2019,6,16,5,3,2,6,0,0,1,0,1,0,0,0,"794221,3344","5817537,85","13,3283","52,42871",6020410.0,Oberhofer Platz,3527.0,52.0
196196,11,3,,2019,6,15,5,3,5,3,0,1,1,0,0,0,0,0,"804139,263","5841911,784","13,49603","52,64174",3010101.0,Bucher Forst,6090.0,65.0
196197,11,4,,2019,6,16,5,3,1,5,0,1,1,0,0,0,0,0,"794498,7549","5825888,791","13,33974","52,50342",4030931.0,Breitscheidplatz,3749.0,17.0
196198,11,4,,2019,6,13,5,3,3,6,0,0,1,0,1,0,0,0,"791763,7553","5824823,547","13,29862","52,49534",4031032.0,Halensee,3047.0,56.0
196199,11,12,,2019,6,12,5,3,5,3,0,0,1,0,1,0,0,0,"787552,434","5837345,792","13,24761","52,60984",12224230.0,Heiligensee,2380.0,65.0
196200,11,6,,2019,6,16,5,3,5,2,0,0,1,0,0,0,0,0,"793923,2296","5815474,628","13,32211","52,41037",6020411.0,Schütte-Lanz-Straße,3422.0,64.0
196201,11,9,,2019,6,16,5,3,5,3,0,1,1,0,0,0,0,0,"807922,3341","5819889,065","13,53135","52,44224",9020701.0,Adlershof West,6531.0,61.0
196202,11,2,,2019,6,11,5,3,5,3,0,0,1,0,0,0,0,0,"799718,5267","5826304,694","13,41678","52,50431",2030301.0,Oranienplatz,4850.0,38.0
196203,11,5,,2019,6,15,5,3,5,2,0,1,1,0,0,0,0,0,"784453,4907","5828664,903","13,19452","52,53364",5020625.0,Borkumer Straße,1558.0,34.0
196204,11,9,,2019,6,12,5,2,5,3,0,0,1,0,1,0,0,0,"814256,0662","5818409,294","13,62284","52,42538",9041301.0,Kietzer Feld/Nachtheide,7926.0,65.0
196205,11,4,,2019,6,19,5,3,6,4,0,0,1,1,0,0,0,0,"792837,5394","5825442,086","13,31494","52,50031",4030930.0,George-Grosz-Platz,3348.0,36.0
196206,11,5,,2019,6,11,5,3,5,7,0,0,1,0,1,0,0,0,"788745,393","5830467,918","13,25919","52,54755",5030832.0,Rohrdamm,2562.0,63.0
196207,11,8,,2019,6,15,5,3,5,3,0,1,1,0,0,0,0,0,"801999,3857","5823303,605","13,44756","52,47615",8010404.0,Rixdorf,5341.0,41.0
196208,11,2,,2019,6,19,5,3,2,5,0,1,1,0,0,0,0,0,"800303,845","5825827,901","13,42495","52,49971",2030302.0,Lausitzer Platz,4948.0,23.0
196209,11,11,,2019,6,11,4,3,5,2,0,1,1,0,0,0,0,0,"807271,3787","5825411,435","13,52689","52,4921",11051330.0,Karlshorst West,6446.0,50.0
196210,11,8,,2019,6,8,4,3,1,5,0,1,1,0,0,0,0,0,"802000,8727","5823314,615","13,4476","52,47625",8010404.0,Rixdorf,5341.0,41.0
196211,11,8,,2019,6,11,5,3,5,3,0,0,1,0,0,0,0,1,"801510,2358","5820188,838","13,43757","52,4485",8020622.0,Parchimer Allee,5133.0,32.0
196212,11,4,,2019,6,11,5,3,6,4,0,0,1,1,0,0,0,1,"792027,3718","5824089,229","13,30185","52,48862",4051445.0,Eisenzahnstraße,3145.0,38.0
196213,11,2,,2019,6,13,4,3,6,4,0,0,1,1,0,0,0,0,"797897,933","5826459,693","13,39018","52,50669",2010102.0,Mehringplatz,4450.0,25.0
196214,11,8,,2019,6,18,5,2,6,4,0,0,1,1,0,0,0,0,"801426,2378","5820256,923","13,4364","52,44916",8020622.0,Parchimer Allee,5133.0,32.0
196215,11,4,,2019,6,16,4,3,6,4,0,1,0,1,0,0,0,0,"790784,2734","5826169,737","13,28541","52,50793",4030724.0,Lietzensee,2851.0,8.0
196216,11,1,,2019,6,10,5,3,3,6,0,1,1,0,0,0,0,0,"797023,4843","5831466,969","13,38181","52,55206",1033102.0,Gesundbrunnen,4363.0,22.0
196217,11,7,,2019,6,15,4,3,3,2,0,0,1,0,1,0,0,0,"793943,1746","5822260,038","13,32837","52,47119",7030301.0,Friedenau,3540.0,51.0
196218,11,2,,2019,6,7,5,3,0,6,0,1,0,0,0,1,0,0,"801963,6592","5825636,33","13,44915","52,49708",2030402.0,Wrangelkiez,5347.0,57.0
196219,11,3,,2019,6,15,4,2,1,5,0,1,1,0,0,0,0,0,"798867,4946","5832398,711","13,40976","52,5594",3040818.0,Pankow Süd,4766.0,48.0
196220,11,7,,2019,6,15,4,3,5,2,0,0,1,0,0,0,0,0,"794241,6791","5822036,555","13,33256","52,46903",7030301.0,Friedenau,3639.0,45.0
196221,11,6,,2019,6,10,5,3,5,2,0,1,1,0,0,0,0,0,"792176,1778","5820442,719","13,30084","52,45585",6040809.0,Thielallee,3135.0,63.0
196222,11,1,,2019,6,15,4,3,3,6,0,0,1,0,1,0,0,0,"798427,42","5829045,267","13,40028","52,52958",1011302.0,Oranienburger Straße,4657.0,9.0
196223,11,1,,2019,6,9,5,2,6,4,0,0,1,1,0,0,0,1,"795217,972","5828240,532","13,35239","52,52412",1022204.0,Thomasiusstraße,3855.0,43.0
196224,11,1,,2019,6,14,4,3,2,6,0,1,0,0,0,0,1,0,"798345,6463","5827453,853","13,39765","52,51536",1011204.0,Leipziger Straße,4553.0,29.0
196225,11,7,,2019,6,18,5,3,2,2,0,0,1,0,0,0,0,0,"797861,339","5821928,636","13,38559","52,4661",7040403.0,Manteuffelstraße,4338.0,47.0
196226,11,4,,2019,6,14,4,3,5,2,0,1,1,0,0,0,0,0,"792222,6675","5828623,635","13,3087","52,52916",4030519.0,Kaiserin-Augusta-Allee,3257.0,57.0
196227,11,7,,2019,6,17,5,3,2,6,0,0,1,0,0,0,0,0,"794990,2762","5823578,844","13,34491","52,48245",7020202.0,Volkspark (Rudolf-Wilde-Park),3743.0,63.0
196228,11,4,,2019,6,13,4,3,5,5,0,1,1,0,0,0,0,0,"793449,0679","5824323,281","13,32294","52,48995",4051652.0,Nikolsburger Platz,3445.0,43.0
196229,11,1,,2019,6,13,4,2,0,2,0,1,1,0,0,0,0,0,"798305,4323","5829373,286","13,39878","52,53259",1011401.0,Invalidenstraße,4558.0,14.0
196230,11,1,,2019,6,18,5,3,5,3,0,0,1,0,0,0,0,0,"796690,7013","5831748,868","13,37716","52,55476",1044201.0,Reinickendorfer Straße,4264.0,38.0
196231,11,2,,2019,6,17,5,3,5,2,0,1,0,0,0,0,1,0,"799704,0752","5826013,821","13,41631","52,50171",2030301.0,Oranienplatz,4849.0,28.0
196232,11,2,,2019,6,13,4,3,6,4,0,0,1,1,0,0,0,0,"803019,4482","5827018,88","13,46592","52,50889",2050801.0,Traveplatz,5551.0,40.0
196233,11,1,,2019,6,13,4,3,5,2,0,0,1,0,0,0,0,0,"795678,6581","5830932,866","13,36155","52,548",1044201.0,Reinickendorfer Straße,4062.0,45.0
196234,11,1,,2019,6,17,5,3,2,2,0,0,1,0,1,0,0,0,"794008,0072","5830202,144","13,33634","52,54235",1044101.0,Rehberge,3661.0,43.0
196235,11,1,,2019,6,12,4,3,5,5,0,0,1,0,1,0,0,0,"797641,3366","5828756,827","13,38846","52,52743",1011302.0,Oranienburger Straße,4456.0,28.0
196236,11,7,,2019,6,12,4,3,5,2,0,1,1,0,0,0,0,0,"794985,0787","5824900,244","13,346","52,4943",7010101.0,Wittenbergplatz/Viktoria-Luise-Platz,3847.0,40.0
196237,11,4,,2019,6,18,5,2,6,4,0,0,1,1,0,0,0,0,"790674,9891","5829758,731","13,28694","52,54017",4010101.0,Jungfernheide,2960.0,63.0
196238,11,1,,2019,6,9,5,3,0,6,0,0,1,0,1,0,0,0,"793418,647","5829470,748","13,32703","52,53611",1022103.0,Westhafen,3559.0,22.0
196239,11,4,,2019,6,22,4,3,6,4,2,0,0,1,1,0,0,0,"794032,7402","5826209,647","13,33317","52,50655",4030931.0,Breitscheidplatz,3650.0,32.0
196240,11,4,,2019,6,16,5,3,5,7,0,0,1,0,1,0,0,0,"793252,6105","5830068,649","13,32511","52,54156",4010102.0,Plötzensee,3460.0,57.0
196241,11,12,,2019,6,22,4,3,1,5,2,0,1,0,0,0,0,0,"792916,4273","5836689,176","13,32602","52,60109",12301204.0,Wittenau Nord,3578.0,61.0
196242,11,2,,2019,6,9,5,3,3,6,0,0,1,0,0,0,1,1,"802502,3945","5826219,904","13,4576","52,50201",2050803.0,Stralauer Kiez,5449.0,56.0
196243,11,9,,2019,6,21,4,3,5,3,1,0,1,0,1,0,0,0,"813764,0433","5818822,444","13,61601","52,42936",9041301.0,Kietzer Feld/Nachtheide,7828.0,64.0
196244,11,7,,2019,6,9,5,3,0,4,0,0,0,1,0,0,1,0,"797610,531","5823891,366","13,38366","52,48383",7040401.0,Neu-Tempelhof,4344.0,28.0
196245,11,1,,2019,6,20,4,3,3,6,1,1,1,0,0,0,0,0,"798647,9889","5828488,561","13,40302","52,52447",1011302.0,Oranienburger Straße,4655.0,41.0
196246,11,4,,2019,6,19,4,3,5,3,0,0,1,0,0,0,0,0,"791285,631","5830682,739","13,29673","52,54812",4010101.0,Jungfernheide,3062.0,44.0
196247,11,9,,2019,6,9,5,3,1,1,0,1,1,0,0,0,0,1,"810749,8831","5821396,986","13,57422","52,45416",9051901.0,Dammvorstadt,7135.0,62.0
196248,11,2,,2019,6,19,4,3,5,2,0,1,1,0,0,0,0,0,"798713,3573","5826435,194","13,40213","52,50603",2010102.0,Mehringplatz,4650.0,45.0
196249,11,1,,2019,6,8,5,3,0,2,0,0,1,0,1,0,0,1,"797363,2471","5831193,192","13,38656","52,54942",1033102.0,Gesundbrunnen,4463.0,27.0
196250,11,4,,2019,6,18,4,3,6,4,0,1,0,1,0,0,0,0,"791083,3915","5824929,304","13,28872","52,49665",4031032.0,Halensee,2947.0,18.0
196251,11,9,,2019,6,17,5,3,5,2,0,1,1,0,0,0,0,0,"805833,5457","5821886,401","13,50254","52,46132",9020601.0,Schnellerstraße,6137.0,47.0
196252,11,5,,2019,6,17,4,3,2,6,0,0,1,0,0,0,0,0,"785879,4213","5831725,117","13,21812","52,56033",5010101.0,Hakenfelde Nord,1866.0,59.0
196253,11,1,,2019,6,10,5,3,0,1,0,0,0,0,1,0,0,1,"796728,0277","5830461,229","13,37656","52,5432",1033203.0,Humboldthain Nordwest,4261.0,37.0
196254,11,6,,2019,6,17,4,3,5,2,0,1,1,0,0,0,0,0,"790152,1911","5819783,649","13,27057","52,45102",6040810.0,Dahlem,2634.0,40.0
196255,11,1,,2019,6,17,4,3,1,5,0,1,1,0,0,0,0,0,"797113,2349","5829247,211","13,38114","52,53211",1011301.0,Charitéviertel,4358.0,45.0
196256,11,3,,2019,6,16,5,3,4,1,0,0,1,0,0,0,0,1,"798878,8259","5830381,999","13,40811","52,54132",3061131.0,Falkplatz,4760.0,20.0
196257,11,4,,2019,6,15,5,3,3,6,0,0,1,0,0,0,0,0,"791203,9276","5829151,275","13,29419","52,53444",4010103.0,Paul-Hertz-Siedlung,3058.0,38.0
196258,11,10,,2019,6,10,4,3,0,2,0,0,1,0,1,0,0,0,"806333,3389","5830184,991","13,51751","52,53541",10010308.0,Marzahner Chaussee,6359.0,27.0
196259,11,2,,2019,6,10,4,3,2,6,0,0,1,0,1,0,0,0,"801560,0203","5828840,491","13,44613","52,52602",2040503.0,Richard-Sorge-Viertel,5256.0,48.0
196260,11,1,,2019,6,15,5,3,6,4,0,0,1,1,0,0,0,0,"799480,0961","5828849,4","13,41557","52,52725",1011303.0,Alexanderplatzviertel,4856.0,19.0
196261,11,9,,2019,6,9,4,3,2,6,0,1,1,0,0,0,0,0,"802242,9308","5825199,27","13,45286","52,49301",9010101.0,Elsenstraße,5346.0,61.0
196262,11,4,,2019,6,15,5,3,0,2,0,1,1,0,0,0,0,0,"788245,9272","5827790,604","13,24952","52,52381",4020310.0,Park Ruhwald,2355.0,58.0
196263,11,6,,2019,6,9,4,3,6,2,0,0,1,1,0,0,0,0,"794733,0789","5817795,511","13,33603","52,43074",6020304.0,Kaiser-Wilhelm-Straße,3628.0,54.0
196264,11,3,,2019,6,8,4,3,1,1,0,0,1,0,0,0,1,0,"798740,3538","5833135,11","13,40855","52,56607",3040614.0,Pankow Zentrum,4768.0,57.0
196265,11,2,,2019,6,8,4,3,2,6,0,1,0,0,0,0,0,0,"801069,5916","5826326,356","13,43665","52,50376",2030302.0,Lausitzer Platz,5149.0,46.0
196266,11,3,,2019,6,8,5,3,0,1,0,1,0,0,0,0,0,1,"801913,4694","5830916,313","13,45321","52,54443",3061429.0,Greifswalder Straße,5361.0,59.0
196267,11,1,,2019,6,8,4,3,5,2,0,1,1,0,0,0,0,0,"799235,8031","5828467,756","13,41164","52,52396",1011303.0,Alexanderplatzviertel,4755.0,4.0
196268,11,1,,2019,6,18,4,2,5,3,0,0,1,0,0,0,0,0,"798084,3445","5829984,001","13,39607","52,53818",1033201.0,Brunnenstraße,4559.0,31.0
196269,11,11,,2019,6,8,4,3,2,6,0,0,1,0,0,0,0,0,"804435,7686","5829898,21","13,48936","52,5339",11030720.0,Herzbergstraße,5958.0,60.0
196270,11,3,,2019,6,8,4,3,5,3,0,1,1,0,0,0,0,0,"804063,8289","5839911,95","13,49307","52,62386",3010102.0,Buch,5984.0,65.0
196271,11,2,,2019,6,14,4,3,0,3,0,1,0,0,0,0,0,1,"799632,4793","5825054,91","13,41439","52,49315",2020206.0,Graefekiez,4846.0,41.0
196272,11,10,,2019,6,7,4,3,2,6,0,0,1,0,0,0,0,0,"811289,8831","5831966,889","13,59202","52,54857",10020412.0,Alte Hellersdorfer Straße,7462.0,45.0