OBJECTID,LAND,BEZ,LOR_ab_2021,UJAHR,UMONAT,USTUNDE,UWOCHENTAG,UKATEGORIE,UART,UTYP1,ULICHTVERH,IstRad,IstPKW,IstFuss,IstKrad,IstGkfz,IstSonstige,USTRZUSTAND,LINREFX,LINREFY,XGCSWGS84,YGCSWGS84,LOR,STRASSE,quadrant,quadrant_rank
196273,11,1,,2019,6,7,4,3,1,5,0,1,1,0,0,0,0,0,"797039,33","5828402,712","13,3793","52,52458",1011301.0,Charitéviertel,4255.0,45.0
196274,11,4,,2019,6,23,4,3,0,1,2,0,1,0,1,0,0,0,"792185,4665","5827963,933","13,30757","52,52327",4030519.0,Kaiserin-Augusta-Allee,3255.0,52.0
196275,11,7,,2019,6,7,4,3,2,6,0,0,1,0,0,0,0,0,"798974,1798","5817309,404","13,39779","52,42409",7050505.0,Hundsteinweg,4526.0,46.0
196276,11,7,,2019,6,21,4,3,6,4,0,0,0,1,0,0,1,0,"798509,097","5819046,321","13,39252","52,43991",7050505.0,Hundsteinweg,4431.0,51.0
196277,11,3,,2019,6,6,4,3,6,4,0,1,0,1,0,0,0,0,"801953,9555","5829749,805","13,45274","52,53395",3061430.0,Volkspark Prenzlauer Berg,5358.0,56.0
196278,11,2,,2019,6,4,4,3,3,6,1,0,1,0,0,0,0,0,"797749,0954","5824294,587","13,38606","52,48737",2020203.0,Viktoriapark,4345.0,48.0
196279,11,8,,2019,6,20,4,3,5,3,0,0,1,0,0,0,0,0,"803432,0017","5822935,222","13,46826","52,47206",8010508.0,Weiße Siedlung,5640.0,62.0
196280,11,12,,2019,6,19,4,3,5,3,0,0,1,0,1,0,0,0,"789711,3505","5834707,826","13,2771","52,58505",12214527.0,Alt-Tegel,2773.0,65.0
196281,11,7,,2019,6,12,4,2,5,3,0,1,0,0,0,0,1,0,"798863,1603","5821766,238","13,40015","52,4641",7040405.0,Rathaus Tempelhof,4638.0,48.0
196282,11,3,,2019,6,11,4,3,0,2,0,0,1,0,1,0,0,0,"796539,4217","5834273,802","13,3772","52,57748",3040513.0,Schönholz,4271.0,64.0
196283,11,1,,2019,6,18,4,3,1,5,0,1,1,0,0,0,0,0,"795662,4248","5830548,304","13,36097","52,54456",1044202.0,Sparrplatz,4061.0,48.0
196284,11,1,,2019,6,11,4,3,6,7,0,0,0,1,0,0,1,0,"800092,0892","5826414,991","13,42237","52,50509",1011306.0,Heine-Viertel Ost,4950.0,49.0
196285,11,10,,2019,6,17,4,3,5,3,0,1,1,0,0,0,0,0,"810056,4193","5832605,828","13,57448","52,555",10010204.0,Wuhletalstraße,7164.0,58.0
196286,11,2,,2019,6,10,4,3,3,6,0,1,0,0,0,0,0,0,"797149,6371","5826435,473","13,37916","52,50689",2010101.0,Askanischer Platz,4250.0,52.0
196287,11,1,,2019,6,22,4,3,0,2,2,0,1,0,0,0,1,0,"796115,1037","5828431,086","13,36574","52,52534",1022206.0,Lüneburger Straße,4056.0,47.0
196288,11,10,,2019,6,10,4,3,0,2,0,0,1,0,0,0,1,0,"809129,0323","5830468,046","13,55886","52,53637",10010310.0,Alt-Marzahn,6959.0,61.0
196289,11,1,,2019,6,9,4,3,5,2,0,0,1,0,0,0,0,0,"798699,3097","5827083,718","13,40251","52,51185",1011204.0,Leipziger Straße,4652.0,24.0
196290,11,4,,2019,6,10,4,3,5,3,0,1,0,0,0,0,0,0,"791946,6451","5824178,495","13,30074","52,48946",4051445.0,Eisenzahnstraße,3145.0,38.0
196291,11,6,,2019,6,13,4,3,5,3,0,0,1,0,0,0,1,0,"793312,0413","5820739,027","13,31777","52,4579",6010101.0,Fichtenberg,3336.0,54.0
196292,11,5,,2019,6,9,4,2,5,2,0,0,1,0,0,0,0,0,"783862,0486","5827897,751","13,18517","52,52707",5020625.0,Borkumer Straße,1456.0,61.0
196293,11,1,,2019,6,18,4,3,0,7,0,1,0,0,0,0,0,0,"799550,2668","5828083,718","13,41591","52,52035",1011304.0,Karl-Marx-Allee,4854.0,36.0
196294,11,1,,2019,6,11,3,3,3,6,0,0,0,0,1,0,1,0,"793655,2031","5828118,928","13,32931","52,52387",1022101.0,Huttenkiez,3555.0,16.0
196295,11,1,,2019,6,9,4,3,2,6,0,0,1,0,0,0,0,0,"796750,1651","5831913,295","13,37818","52,55621",1044201.0,Reinickendorfer Straße,4265.0,5.0
196296,11,1,,2019,6,10,3,3,5,2,0,1,1,0,0,0,0,0,"795041,1803","5829166,323","13,35061","52,53251",1022201.0,Stephankiez,3858.0,57.0
196297,11,5,,2019,6,8,4,3,5,2,0,1,1,0,0,0,0,0,"789404,391","5828683,603","13,26732","52,5312",5030833.0,Motardstraße,2657.0,65.0
196298,11,8,,2019,6,21,3,3,1,5,0,1,1,0,0,0,0,0,"801446,1814","5823761,021","13,43986","52,48056",8010404.0,Rixdorf,5143.0,6.0
196299,11,7,,2019,6,7,4,3,1,5,0,1,1,0,0,0,0,0,"795745,5602","5815157,115","13,34855","52,40655",7060604.0,Marienfelde Süd,3821.0,61.0
196300,11,2,,2019,6,20,3,3,2,6,0,0,1,0,0,0,0,0,"802036,7038","5827168,082","13,45162","52,51077",2050802.0,Boxhagener Platz,5351.0,36.0
196301,11,6,,2019,6,7,4,3,1,5,0,0,0,0,1,0,1,0,"793726,2642","5821460,653","13,32449","52,46414",6010103.0,Markelstraße,3438.0,56.0
196302,11,4,,2019,6,13,3,3,2,6,0,0,0,0,1,1,0,0,"791411,1408","5830685,449","13,29858","52,54808",4010101.0,Jungfernheide,3062.0,44.0
196303,11,7,,2019,6,13,3,3,5,2,0,1,1,0,0,0,0,0,"800641,2479","5814140,639","13,41939","52,39477",7070704.0,Nahariyastraße,4817.0,59.0
196304,11,10,,2019,6,7,4,3,5,3,0,1,1,0,0,0,0,0,"813174,7641","5825652,483","13,61378","52,49091",10040933.0,Mahlsdorf Süd,7746.0,63.0
196305,11,2,,2019,6,10,3,3,3,6,0,0,1,0,0,0,1,0,"800692,5516","5827569,598","13,43223","52,51511",2040701.0,Andreasviertel,5053.0,45.0
196306,11,6,,2019,6,7,4,3,5,3,0,1,0,0,0,0,0,0,"788927,5468","5819640,604","13,25247","52,45038",6040806.0,Fischtal,2434.0,65.0
196307,11,12,,2019,6,13,3,3,5,3,0,1,1,0,0,0,0,0,"795925,5955","5832888,91","13,36693","52,5654",12103117.0,Letteplatz,4167.0,59.0
196308,11,5,,2019,6,12,3,3,5,2,0,1,0,0,0,1,0,0,"782825,6295","5828572,342","13,17051","52,53366",5020417.0,Staakener Straße,1158.0,56.0
196309,11,9,,2019,6,7,4,2,5,2,0,1,1,0,0,0,0,0,"810166,8813","5819568,605","13,56397","52,4381",9020802.0,Köllnische Vorstadt,7030.0,52.0
196310,11,2,,2019,6,11,3,3,3,6,0,0,1,0,0,0,1,0,"803020,4986","5825763,363","13,46479","52,49763",2050803.0,Stralauer Kiez,5548.0,37.0
196311,11,2,,2019,6,6,4,3,5,2,0,0,1,0,0,0,0,0,"801476,9449","5827258,571","13,44347","52,51189",2040703.0,Wriezener Bahnhof/Entwicklungsgebiet,5252.0,55.0
196312,11,10,,2019,6,11,3,2,3,6,0,1,0,0,0,0,1,0,"810691,379","5827997,283","13,57951","52,51334",10020622.0,Kaulsdorf Nord I,7252.0,60.0
196313,11,7,,2019,6,1,4,3,2,6,2,1,1,0,0,0,0,0,"797306,9864","5823476,706","13,37883","52,48028",7040401.0,Neu-Tempelhof,4242.0,52.0
196314,11,1,,2019,6,10,3,2,5,5,0,0,1,0,1,0,0,0,"794733,8245","5830405,047","13,34719","52,54378",1044103.0,Westliche Müllerstraße,3861.0,37.0
196315,11,3,,2019,6,7,4,3,0,7,0,1,0,0,0,0,0,0,"802933,6883","5832275,027","13,46945","52,55604",3051021.0,Buschallee,5665.0,61.0
196316,11,1,,2019,6,10,3,3,2,6,0,0,1,0,0,0,0,0,"798462,3493","5830198,647","13,40182","52,5399",1033201.0,Brunnenstraße,4660.0,51.0
196317,11,4,,2019,6,19,3,3,4,2,0,0,1,0,0,0,0,0,"790565,9197","5827336,214","13,28322","52,51851",4020310.0,Park Ruhwald,2854.0,17.0
196318,11,8,,2019,6,16,4,3,5,2,0,1,0,0,0,0,1,0,"801545,417","5819189,846","13,43719","52,43953",8020625.0,Handwerker-Siedlung,5131.0,45.0
196319,11,2,,2019,6,16,4,3,5,3,0,1,1,0,0,0,0,0,"799402,3208","5825915,846","13,41179","52,501",2010103.0,Moritzplatz,4749.0,23.0
196320,11,2,,2019,6,8,3,3,5,2,0,1,1,0,0,0,0,0,"798490,6547","5825224,92","13,39778","52,4953",2020204.0,Urbanstraße,4547.0,11.0
196321,11,7,,2019,6,15,4,3,1,5,0,1,1,0,0,0,0,0,"794566,9344","5823418,705","13,33855","52,48124",7020202.0,Volkspark (Rudolf-Wilde-Park),3643.0,61.0
196322,11,3,,2019,6,8,3,3,5,3,0,1,1,0,0,0,0,0,"802037,8121","5832161,649","13,45617","52,55552",3050920.0,Weißer See,5464.0,62.0
196323,11,11,,2019,6,13,4,3,6,4,0,0,0,1,0,0,1,0,"804948,4479","5831404,184","13,49827","52,54711",11020412.0,Hauptstraße,6062.0,52.0
196324,11,2,,2019,6,8,3,3,5,2,0,1,0,0,0,0,0,0,"798500,5236","5824510,45","13,39728","52,48889",2020205.0,Chamissokiez,4545.0,52.0
196325,11,12,,2019,6,15,4,3,5,2,0,0,1,0,0,0,0,0,"795565,6586","5833227,065","13,36193","52,56863",12103219.0,Schäfersee,4068.0,46.0
196326,11,1,,2019,6,19,3,3,5,2,0,1,1,0,0,0,0,0,"799989,895","5828081,402","13,42237","52,52008",1011304.0,Karl-Marx-Allee,4954.0,49.0
196327,11,1,,2019,6,8,3,3,0,1,0,1,0,0,0,0,0,0,"798324,646","5829352,359","13,39904","52,53239",1011401.0,Invalidenstraße,4558.0,14.0
196328,11,1,,2019,6,15,4,3,1,5,0,1,1,0,0,0,0,0,"797252,0062","5831542,797","13,38523","52,55261",1033102.0,Gesundbrunnen,4364.0,39.0
196329,11,6,,2019,6,8,3,2,5,7,0,0,1,0,0,0,0,0,"794792,1005","5817998,57","13,33707","52,43253",6020304.0,Kaiser-Wilhelm-Straße,3629.0,62.0
196330,11,1,,2019,6,14,4,2,5,2,0,0,1,0,1,0,0,0,"798074,378","5829990,292","13,39593","52,53825",1033201.0,Brunnenstraße,4559.0,31.0
196331,11,1,,2019,6,8,3,3,0,1,0,1,0,0,0,0,0,0,"798325,3261","5829351,2","13,39905","52,53238",1011401.0,Invalidenstraße,4558.0,14.0
196332,11,8,,2019,6,11,4,3,3,2,0,1,1,0,0,0,0,0,"800593,9436","5821187,163","13,42503","52,45796",8020620.0,Tempelhofer Weg,4936.0,65.0
196333,11,8,,2019,6,18,3,3,5,2,0,1,0,0,0,0,1,0,"802460,6095","5820696,871","13,45197","52,45253",8020619.0,Buschkrugallee Nord,5334.0,54.0
196334,11,4,,2019,6,12,4,3,2,6,0,1,1,0,0,0,0,0,"793920,6279","5825688,625","13,33107","52,50194",4030931.0,Breitscheidplatz,3549.0,24.0
196335,11,2,,2019,6,18,3,3,5,2,0,1,1,0,0,0,0,0,"798179,9327","5826506,461","13,39436","52,50696",2010102.0,Mehringplatz,4550.0,26.0
196336,11,9,,2019,6,18,3,3,5,2,0,0,1,0,1,0,0,0,"804941,2614","5820716,285","13,48838","52,45133",9010302.0,Späthsfelde,5934.0,54.0
196337,11,8,,2019,6,11,4,2,5,2,0,0,1,0,1,0,0,0,"800848,8582","5822527,558","13,42998","52,46983",8010118.0,Silbersteinstraße,5039.0,34.0
196338,11,2,,2019,6,18,3,3,5,2,0,1,0,0,0,1,0,0,"801247,5829","5827816,857","13,44061","52,51702",2040502.0,Friedenstraße,5253.0,35.0
196339,11,9,,2019,6,11,4,3,2,6,0,0,1,0,0,0,0,0,"810037,9566","5820439,564","13,56289","52,44598",9020802.0,Köllnische Vorstadt,7032.0,50.0
196340,11,9,,2019,6,18,3,2,5,2,0,1,1,0,0,0,0,0,"806880,0161","5821188,45","13,51726","52,45447",9020601.0,Schnellerstraße,6335.0,57.0
196341,11,9,,2019,6,10,4,3,5,3,0,1,1,0,0,0,0,0,"808401,6536","5820867,723","13,53928","52,45074",9020602.0,Oberspree,6634.0,61.0
196342,11,1,,2019,6,17,3,2,5,7,0,1,1,0,0,0,0,0,"797608,0418","5827117,875","13,38651","52,51275",1011203.0,Unter den Linden Süd,4452.0,21.0
196343,11,4,,2019,6,10,4,3,2,6,0,0,1,0,0,0,1,0,"790216,7937","5830655,042","13,28099","52,54845",4010101.0,Jungfernheide,2862.0,65.0
196344,11,10,,2019,6,13,3,3,5,3,0,1,1,0,0,0,0,0,"809663,6249","5829684,518","13,56599","52,52904",10030724.0,Oberfeldstraße,7057.0,55.0
196345,11,5,,2019,6,15,3,3,6,2,0,0,1,1,0,0,0,0,"787069,8944","5829480,015","13,23369","52,53958",5030731.0,Gartenfelder Straße,2160.0,45.0
196346,11,6,,2019,6,10,4,3,5,3,0,0,1,0,1,0,0,0,"794957,0477","5815655,303","13,33743","52,41144",6020411.0,Schütte-Lanz-Straße,3622.0,63.0
196347,11,7,,2019,6,10,4,3,0,5,0,0,1,0,0,0,0,0,"797908,3226","5822208,274","13,38653","52,46858",7040405.0,Rathaus Tempelhof,4439.0,53.0
196348,11,9,,2019,6,16,3,2,5,3,0,1,0,0,0,1,0,0,"812470,0516","5819772,416","13,59793","52,43862",9041403.0,Allende II,7530.0,63.0
196349,11,6,,2019,6,16,3,3,2,6,0,0,1,0,0,1,0,0,"795338,1906","5818430,521","13,34546","52,43611",6020303.0,Lankwitz Kirche,3730.0,44.0
196350,11,1,,2019,6,9,4,3,5,3,0,1,0,0,1,0,0,0,"800083,4125","5826461,503","13,42228","52,50551",1011306.0,Heine-Viertel Ost,4950.0,49.0
196351,11,2,,2019,6,16,3,3,2,2,0,0,1,0,0,0,0,0,"798290,1729","5825307,501","13,39491","52,49615",2020204.0,Urbanstraße,4547.0,11.0
196352,11,8,,2019,6,13,3,3,2,6,0,0,1,0,0,0,0,0,"803873,1451","5818180,005","13,47041","52,42919",8030831.0,Gropiusstadt Ost,5628.0,61.0
196353,11,7,,2019,6,16,3,3,0,2,0,1,1,0,0,0,0,0,"797313,522","5822178,051","13,37777","52,46863",7040403.0,Manteuffelstraße,4239.0,42.0
196354,11,3,,2019,6,15,3,2,0,1,0,1,0,0,0,0,0,0,"798517,0511","5831468,954","13,40377","52,55126",3061126.0,Arnimplatz,4663.0,62.0
196355,11,3,,2019,6,10,3,3,5,3,0,1,1,0,0,0,0,0,"798851,9797","5834892,114","13,41178","52,58176",3040614.0,Pankow Zentrum,4772.0,55.0
196356,11,7,,2019,6,15,3,2,3,6,0,0,0,0,1,1,0,0,"796394,0927","5820707,916","13,36297","52,45595",7040402.0,Lindenhofsiedlung,4035.0,64.0
196357,11,4,,2019,6,15,3,3,5,2,0,0,1,0,0,0,0,0,"792725,1354","5826104,009","13,31387","52,50631",4030827.0,Karl-August-Platz,3350.0,22.0
196358,11,2,,2019,6,16,3,3,6,7,0,1,0,1,0,0,0,0,"798999,9975","5825433,209","13,40545","52,49689",2010104.0,Wassertorplatz,4647.0,52.0
196359,11,5,,2019,6,14,3,3,5,3,0,1,1,0,0,0,0,0,"784441,0796","5828682,406","13,19435","52,53381",5020625.0,Borkumer Straße,1558.0,34.0
196360,11,7,,2019,6,11,3,3,1,5,0,1,1,0,0,0,0,0,"798010,1863","5821324,224","13,38724","52,4606",7040405.0,Rathaus Tempelhof,4437.0,60.0
196361,11,1,,2019,6,8,3,3,0,5,0,0,1,0,1,0,0,0,"799474,7414","5827098,931","13,41392","52,51156",1011305.0,Heine-Viertel West,4852.0,45.0
196362,11,4,,2019,6,7,3,2,1,5,0,1,1,0,0,0,0,0,"793541,9053","5826334,032","13,32607","52,50793",4030623.0,Ernst-Reuter-Platz,3551.0,40.0
196363,11,4,,2019,6,0,3,3,1,1,2,0,1,0,0,0,0,0,"791525,8828","5828095,782","13,298","52,5248",4030518.0,Tegeler Weg,3055.0,62.0
196364,11,11,,2019,6,6,3,3,2,6,0,0,1,0,0,1,0,0,"802909,7786","5831180,951","13,4681","52,54625",11020513.0,Orankesee,5662.0,47.0
196365,11,2,,2019,6,18,3,3,5,2,0,1,1,0,0,0,0,0,"799233,6531","5826240,415","13,4096","52,504",2010103.0,Moritzplatz,4749.0,23.0
196366,11,1,,2019,6,1,3,3,0,1,2,0,0,0,0,0,1,0,"798219,8821","5829697,156","13,39781","52,53554",1011402.0,Arkonaplatz,4559.0,31.0
196367,11,2,,2019,6,19,2,3,5,2,0,1,0,0,1,0,0,0,"799331,0758","5826223,943","13,41102","52,5038",2010103.0,Moritzplatz,4749.0,23.0
196368,11,3,,2019,6,3,3,3,0,1,2,0,0,0,1,0,0,0,"795698,4478","5834920,169","13,3654","52,58373",3040512.0,Wilhelmsruh,4073.0,63.0
196369,11,4,,2019,6,15,3,3,0,4,0,1,0,1,0,0,0,0,"794149,17","5825692,267","13,33443","52,50185",4030931.0,Breitscheidplatz,3649.0,23.0
196370,11,8,,2019,6,11,2,3,2,6,0,0,1,0,0,1,0,0,"802108,2299","5821999,076","13,44798","52,4644",8010214.0,Glasower Straße,5338.0,54.0
196371,11,1,,2019,6,19,2,3,5,3,0,0,1,0,0,0,1,0,"798781,5854","5828021,163","13,40456","52,52021",1011303.0,Alexanderplatzviertel,4654.0,10.0
196372,11,4,,2019,6,9,3,3,5,3,0,1,0,0,0,0,0,0,"793939,6625","5823394,215","13,32932","52,48136",4051655.0,Babelsberger Straße,3543.0,59.0
196373,11,4,,2019,6,15,2,3,3,2,0,1,0,0,0,0,1,0,"792532,8085","5826371,279","13,31128","52,50881",4030827.0,Karl-August-Platz,3251.0,57.0
196374,11,3,,2019,6,15,3,3,6,4,0,1,0,1,0,0,0,0,"800192,7476","5831612,991","13,42854","52,55163",3061227.0,Humannplatz,5063.0,29.0
196375,11,1,,2019,6,18,2,3,6,4,0,1,0,1,0,0,0,0,"795409,1368","5830588,371","13,35728","52,54506",1044202.0,Sparrplatz,3961.0,48.0
196376,11,6,,2019,6,18,2,3,5,2,0,1,1,0,0,0,0,0,"794546,1698","5820084,092","13,3353","52,45136",6010206.0,Stadtpark,3634.0,50.0
196377,11,1,,2019,6,15,3,3,2,6,0,0,1,0,0,0,0,0,"799660,683","5827084,612","13,41663","52,51133",1011305.0,Heine-Viertel West,4852.0,45.0
196378,11,12,,2019,6,14,2,3,5,3,0,1,0,0,0,0,1,0,"793845,0796","5838392,601","13,3412","52,61586",12301206.0,Lübars,3782.0,63.0
196379,11,5,,2019,6,16,2,3,5,3,0,1,1,0,0,0,0,0,"784401,435","5831930,035","13,19655","52,56295",5010101.0,Hakenfelde Nord,1567.0,62.0
196380,11,8,,2019,6,20,3,3,1,5,1,1,1,0,0,0,0,0,"801491,6164","5823429,722","13,44022","52,47756",8010404.0,Rixdorf,5242.0,49.0
196381,11,3,,2019,6,16,2,2,5,3,0,1,0,0,0,0,0,0,"804457,0452","5838459,256","13,49753","52,61062",3030405.0,Karow Nord,6081.0,65.0
196382,11,8,,2019,6,16,3,3,5,3,0,0,1,0,0,0,0,0,"801422,879","5822255,102","13,43815","52,46707",8010214.0,Glasower Straße,5139.0,41.0
196383,11,2,,2019,6,20,2,3,3,6,0,0,1,0,0,0,0,0,"800303,915","5824575,473","13,42382","52,48849",2020206.0,Graefekiez,4945.0,47.0
196384,11,1,,2019,6,17,2,3,5,2,0,1,1,0,0,0,0,0,"794021,4369","5830177,358","13,33651","52,54212",1044101.0,Rehberge,3661.0,43.0
196385,11,6,,2019,6,16,3,3,5,7,0,1,0,0,0,0,0,0,"795583,1429","5817599,582","13,34832","52,42853",6020305.0,Gemeindepark Lankwitz,3827.0,59.0
196386,11,1,,2019,6,16,3,3,6,4,0,0,0,1,0,0,1,0,"795591,1168","5831745,433","13,36099","52,55533",1044203.0,Leopoldplatz,4064.0,52.0
196387,11,7,,2019,6,18,2,3,5,5,0,1,1,0,0,0,0,0,"798101,3212","5814239,286","13,38226","52,39704",7070705.0,Franziusweg/Rohrbachstraße,4318.0,65.0
196388,11,10,,2019,6,17,2,3,4,6,0,1,0,0,0,0,0,0,"809461,9812","5831454,051","13,56467","52,54502",10010207.0,Marzahner Promenade,7061.0,57.0
196389,11,1,,2019,6,16,3,3,0,6,0,1,0,0,0,0,1,0,"795994,3719","5828615,528","13,36413","52,52706",1022205.0,Zillesiedlung,4056.0,47.0
196390,11,4,,2019,6,17,2,3,5,3,0,0,1,0,0,0,0,0,"792735,2686","5826109,727","13,31402","52,50635",4030827.0,Karl-August-Platz,3350.0,22.0
196391,11,11,,2019,6,15,3,3,3,6,0,1,1,0,0,0,0,0,"804315,4737","5830621,774","13,48825","52,54046",11020514.0,Große-Leege-Straße,5960.0,57.0
196392,11,1,,2019,6,17,2,3,2,6,0,0,1,0,1,0,0,0,"794555,6083","5829055,256","13,34337","52,53178",1022104.0,Emdener Straße,3758.0,50.0
196393,11,7,,2019,6,16,2,3,3,6,0,0,1,0,1,0,0,0,"794969,9526","5825669,679","13,34646","52,5012",7010102.0,Nollendorfplatz,3849.0,22.0
196394,11,4,,2019,6,10,2,3,5,2,0,0,1,0,1,0,0,0,"792961,2852","5825693,653","13,31698","52,5025",4030930.0,George-Grosz-Platz,3349.0,12.0
196395,11,7,,2019,6,14,3,3,5,2,0,0,1,0,1,0,0,0,"797613,124","5815560,394","13,37628","52,40915",7060604.0,Marienfelde Süd,4222.0,53.0
196396,11,7,,2019,6,9,2,3,5,3,0,0,1,0,0,0,0,0,"797578,9496","5823507,492","13,38285","52,48041",7040401.0,Neu-Tempelhof,4343.0,38.0
196397,11,8,,2019,6,15,3,3,5,7,0,0,1,0,0,0,1,0,"801279,2331","5821471,903","13,43534","52,46013",8020619.0,Buschkrugallee Nord,5137.0,55.0
196398,11,2,,2019,6,18,2,2,2,6,0,0,1,0,1,0,0,0,"799484,244","5824520,697","13,41174","52,48845",2020206.0,Graefekiez,4745.0,46.0
196399,11,3,,2019,6,15,3,3,6,4,0,0,1,1,0,0,0,0,"800476,1224","5829083,905","13,43042","52,5288",3071639.0,Bötzowstraße,5057.0,58.0
196400,11,1,,2019,6,8,2,3,5,2,0,1,0,0,0,0,1,0,"795524,0115","5830731,603","13,3591","52,54628",1044202.0,Sparrplatz,3962.0,49.0
196401,11,10,,2019,6,15,3,3,5,2,0,1,1,0,0,0,0,0,"809226,209","5827219,354","13,55727","52,5072",10030726.0,Alt-Biesdorf,6950.0,63.0
196402,11,1,,2019,6,17,2,2,6,4,0,0,1,1,0,0,0,0,"797283,3041","5831280,165","13,38546","52,55024",1033102.0,Gesundbrunnen,4363.0,22.0
196403,11,7,,2019,6,15,3,3,2,6,0,0,0,0,1,0,1,0,"797242,2319","5820731,908","13,37544","52,45571",7040403.0,Manteuffelstraße,4235.0,48.0
196404,11,4,,2019,6,18,2,3,2,6,0,0,1,0,0,0,0,0,"792514,6077","5826100,887","13,31077","52,50639",4030827.0,Karl-August-Platz,3250.0,40.0
196405,11,1,,2019,6,15,3,2,0,1,0,1,0,0,0,0,0,0,"797735,4481","5831867,135","13,39263","52,55525",1033102.0,Gesundbrunnen,4464.0,34.0
196406,11,5,,2019,6,18,2,3,5,3,0,0,1,0,0,0,0,0,"784753,4558","5827199,641","13,19768","52,52035",5020626.0,Adamstraße,1554.0,46.0
196407,11,9,,2019,6,16,2,3,5,2,0,0,0,0,1,0,1,0,"804610,8816","5820174,78","13,48304","52,44666",9010302.0,Späthsfelde,5833.0,63.0
196408,11,4,,2019,6,16,3,3,6,7,0,0,1,1,0,0,0,0,"793169,7845","5825624,075","13,31998","52,50176",4030930.0,George-Grosz-Platz,3449.0,40.0
196409,11,7,,2019,6,18,2,3,2,6,0,0,1,0,0,0,0,0,"797302,0786","5823160,709","13,37848","52,47745",7040401.0,Neu-Tempelhof,4242.0,52.0
196410,11,1,,2019,6,11,3,3,6,4,0,0,1,1,0,0,0,0,"797905,5497","5826558,77","13,39038","52,50758",2010102.0,Mehringplatz,4450.0,25.0
196411,11,12,,2019,6,15,2,2,1,5,0,0,1,0,0,0,0,0,"791236,3706","5836415,069","13,30104","52,59954",12304314.0,Ziekowstraße/Freie Scholle,3177.0,62.0
196412,11,1,,2019,6,15,2,3,5,2,0,1,1,0,0,0,0,0,"799687,1707","5827210,076","13,41714","52,51244",1011305.0,Heine-Viertel West,4852.0,45.0
196413,11,7,,2019,6,13,3,3,1,7,0,0,1,0,0,0,0,0,"799452,2415","5815074,68","13,4028","52,40379",7070701.0,Kettinger Straße/Schillerstraße,4620.0,65.0
196414,11,6,,2019,6,15,2,3,5,2,0,0,1,0,0,0,0,0,"790156,4915","5819781,138","13,27063","52,45099",6040810.0,Dahlem,2634.0,40.0
196415,11,7,,2019,6,12,3,3,5,3,0,0,1,0,0,0,0,0,"796061,1581","5822858,306","13,35999","52,47541",7030303.0,Grazer Platz,4041.0,37.0
196416,11,12,,2019,6,8,2,3,5,2,0,1,1,0,0,0,0,0,"793019,0701","5833869,434","13,32504","52,57576",12214421.0,Reinickes Hof,3470.0,55.0
196417,11,9,,2019,6,12,3,3,5,2,0,0,1,0,1,0,0,0,"811064,1462","5818017,816","13,57568","52,4237",9031101.0,Grünau,7226.0,60.0
196418,11,7,,2019,6,10,2,3,5,2,0,0,1,0,1,0,0,0,"793926,5698","5822508,88","13,32835","52,47343",7030301.0,Friedenau,3540.0,51.0
196419,11,2,,2019,6,12,3,3,5,3,0,0,1,0,1,0,0,0,"800748,0776","5826523,079","13,4321","52,5057",2030302.0,Lausitzer Platz,5050.0,37.0
196420,11,4,,2019,6,15,2,3,5,7,0,0,1,0,0,0,0,0,"792952,0172","5825414,338","13,3166","52,5",4030930.0,George-Grosz-Platz,3348.0,36.0
196421,11,7,,2019,6,15,2,3,5,3,0,0,1,0,0,0,0,0,"794870,5834","5825571,573","13,34492","52,50038",7010101.0,Wittenbergplatz/Viktoria-Luise-Platz,3748.0,42.0
196422,11,10,,2019,6,12,3,3,0,7,0,0,1,0,0,0,0,0,"809555,2665","5826585,643","13,56151","52,50133",10030727.0,Biesdorf Süd,7049.0,63.0
196423,11,12,,2019,6,12,3,3,5,3,0,0,1,0,0,0,0,0,"793944,419","5836640,616","13,34111","52,6001",12302108.0,Märkisches Zentrum,3778.0,60.0
196424,11,7,,2019,6,15,2,3,2,6,0,0,1,0,0,0,1,0,"797199,09","5820701,35","13,37478","52,45546",7040403.0,Manteuffelstraße,4235.0,48.0
196425,11,10,,2019,6,11,3,3,5,5,0,0,1,0,0,0,0,0,"809597,9526","5834296,712","13,56932","52,57041",10010102.0,Havemannstraße,7169.0,62.0
196426,11,2,,2019,6,6,2,3,2,7,0,0,1,0,1,0,0,0,"803066,9162","5827813,361","13,46734","52,51598",2050602.0,Samariterviertel,5653.0,57.0
196427,11,9,,2019,6,21,3,3,6,2,2,0,1,1,0,0,0,0,"805013,875","5822699,212","13,49126","52,46906",9010301.0,Baumschulenstraße,5939.0,38.0
196428,11,3,,2019,6,6,2,3,5,2,0,1,0,0,0,0,1,0,"801861,0983","5832889,949","13,45423","52,56215",3050919.0,Gustav-Adolf-Straße,5466.0,58.0
196429,11,3,,2019,6,7,2,3,2,7,0,1,0,0,0,0,1,0,"800022,6212","5830693,078","13,42521","52,54348",3061332.0,Helmholtzplatz,4961.0,45.0
196430,11,11,,2019,6,19,3,3,5,3,0,1,0,0,0,0,0,0,"803154,3449","5829566,188","13,47022","52,53164",11030618.0,Fennpfuhl West,5657.0,53.0
196431,11,2,,2019,6,18,3,3,2,6,0,1,1,0,0,0,0,0,"799506,2926","5826130,621","13,41351","52,50286",2010103.0,Moritzplatz,4849.0,28.0
196432,11,4,,2019,6,14,2,3,5,2,0,0,1,0,0,0,0,0,"791794,0085","5827482,429","13,3014","52,51916",4030620.0,Alt-Lietzow,3154.0,20.0
196433,11,7,,2019,6,16,2,3,2,6,0,0,1,0,0,0,1,0,"798537,5148","5820615,065","13,39434","52,45396",7040405.0,Rathaus Tempelhof,4535.0,59.0