OBJECTID,LAND,BEZ,LOR_ab_2021,UJAHR,UMONAT,USTUNDE,UWOCHENTAG,UKATEGORIE,UART,UTYP1,ULICHTVERH,IstRad,IstPKW,IstFuss,IstKrad,IstGkfz,IstSonstige,USTRZUSTAND,LINREFX,LINREFY,XGCSWGS84,YGCSWGS84,LOR,STRASSE,quadrant,quadrant_rank
196434,11,8,,2019,6,19,3,3,0,6,0,0,1,0,0,0,1,0,"800990,0965","5822194,578","13,43175","52,46677",8010118.0,Silbersteinstraße,5039.0,34.0
196435,11,6,,2019,6,14,2,3,3,6,0,0,1,0,1,0,0,0,"790248,2793","5820032,773","13,27219","52,4532",6040810.0,Dahlem,2735.0,58.0
196436,11,8,,2019,6,19,3,2,6,4,0,0,1,1,0,0,0,0,"799878,5908","5823646,986","13,41674","52,4804",8010115.0,Hasenheide,4843.0,62.0
196437,11,2,,2019,6,13,2,3,6,7,0,0,0,1,0,0,1,0,"800172,7082","5824423,593","13,42176","52,4872",2020206.0,Graefekiez,4945.0,47.0
196438,11,12,,2019,6,12,2,3,0,2,0,0,1,0,1,0,0,0,"790698,5851","5835383,738","13,29222","52,59058",12304314.0,Ziekowstraße/Freie Scholle,3075.0,58.0
196439,11,4,,2019,6,18,3,3,5,2,0,0,1,0,0,0,0,0,"792526,692","5822912,069","13,30815","52,4778",4041342.0,Schlangenbader Straße,3242.0,39.0
196440,11,3,,2019,6,11,2,3,3,6,0,0,1,0,0,0,0,0,"800889,5662","5838793,767","13,44531","52,6156",3010104.0,Lietzengraben,5282.0,56.0
196441,11,5,,2019,6,18,3,3,3,6,0,0,1,0,0,0,0,0,"782403,7727","5828519,675","13,16426","52,53341",5020417.0,Staakener Straße,1058.0,58.0
196442,11,1,,2019,6,23,2,2,6,2,2,0,1,1,0,0,0,0,"797936,329","5828424,181","13,3925","52,52428",1011302.0,Oranienburger Straße,4455.0,27.0
196443,11,12,,2019,6,18,3,3,2,2,0,1,1,0,0,0,0,0,"789906,282","5835707,892","13,28084","52,59391",12214527.0,Alt-Tegel,2876.0,40.0
196444,11,8,,2019,6,21,2,3,3,6,2,1,1,0,0,0,0,0,"800611,513","5825122,352","13,42883","52,49322",8010301.0,Reuterkiez,5046.0,45.0
196445,11,8,,2019,6,11,3,3,2,6,0,0,1,0,0,0,0,0,"802472,2616","5822573,559","13,45384","52,46935",8010510.0,Gewerbegebiet Köllnische Heide,5439.0,56.0
196446,11,3,,2019,6,11,2,3,5,3,0,1,1,0,0,0,0,0,"798043,869","5833451,403","13,39859","52,56929",3040614.0,Pankow Zentrum,4569.0,47.0
196447,11,11,,2019,6,10,2,3,5,2,0,0,1,0,0,0,1,0,"807307,329","5824799,114","13,52685","52,48659",11051331.0,Karlshorst Nord,6444.0,53.0
196448,11,1,,2019,6,17,3,3,5,3,0,1,0,0,0,0,0,0,"794544,9314","5828182,34","13,34244","52,52396",1022204.0,Thomasiusstraße,3755.0,63.0
196449,11,6,,2019,6,11,3,3,5,3,0,1,1,0,0,0,0,0,"787672,6609","5819217,977","13,23369","52,44726",6040804.0,Krumme Lanke,2133.0,65.0
196450,11,1,,2019,6,21,2,2,6,4,1,0,0,1,0,0,1,0,"800058,4458","5828482,361","13,42374","52,52364",1011304.0,Karl-Marx-Allee,4955.0,53.0
196451,11,9,,2019,6,10,2,3,5,3,0,1,1,0,0,0,0,0,"811761,802","5819770,843","13,58754","52,43901",9041301.0,Kietzer Feld/Nachtheide,7330.0,61.0
196452,11,1,,2019,6,10,3,3,2,6,0,0,1,0,0,0,0,0,"799825,7636","5827506,975","13,41944","52,51503",1011304.0,Karl-Marx-Allee,4853.0,18.0
196453,11,4,,2019,6,10,2,3,6,4,0,0,1,1,0,0,0,0,"793676,9709","5827047,651","13,32869","52,51425",4030623.0,Ernst-Reuter-Platz,3552.0,52.0
196454,11,12,,2019,6,17,3,3,2,6,0,0,1,0,0,0,0,0,"794503,64","5834271,74","13,34724","52,57857",12103218.0,Teichstraße,3871.0,53.0
196455,11,7,,2019,6,10,2,3,1,5,0,1,1,0,0,0,0,0,"797685,1938","5821869,442","13,38295","52,46566",7040403.0,Manteuffelstraße,4338.0,47.0
196456,11,4,,2019,6,16,3,3,2,6,0,0,1,0,1,0,0,0,"793965,7278","5824603,09","13,33077","52,49218",4051653.0,Prager Platz,3546.0,33.0
196457,11,1,,2019,6,20,2,2,5,2,0,0,1,0,0,0,1,0,"795419,4449","5825816,725","13,3532","52,50228",1011103.0,Lützowstraße,3949.0,53.0
196458,11,4,,2019,6,10,3,3,1,5,0,1,1,0,0,0,0,0,"794386,2436","5825702,206","13,33792","52,50181",4030931.0,Breitscheidplatz,3649.0,23.0
196459,11,4,,2019,6,17,2,3,0,7,0,0,0,0,1,0,0,1,"792185,834","5827306,159","13,307","52,51737",4030620.0,Alt-Lietzow,3253.0,43.0
196460,11,1,,2019,6,9,3,3,5,3,0,0,1,0,0,0,0,0,"797683,2879","5831306,969","13,39136","52,55026",1033102.0,Gesundbrunnen,4463.0,27.0
196461,11,6,,2019,6,9,2,3,5,2,0,0,1,0,0,0,0,0,"793275,0325","5816908,498","13,31387","52,42358",6020409.0,Königsberger Straße,3326.0,55.0
196462,11,2,,2019,6,9,3,3,3,6,0,1,0,0,1,0,0,0,"797616,3747","5826425,903","13,38601","52,50655",2010101.0,Askanischer Platz,4350.0,52.0
196463,11,5,,2019,6,9,2,3,5,3,0,0,1,0,0,0,0,0,"781904,26","5827178,518","13,15578","52,52164",5020522.0,Pillnitzer Weg,955.0,60.0
196464,11,11,,2019,6,9,2,3,6,4,0,0,0,1,1,0,0,0,"805232,3594","5826135,383","13,49761","52,49973",11041128.0,Sewanstraße,6048.0,59.0
196465,11,1,,2019,6,16,3,3,2,6,0,0,1,0,1,0,0,0,"793878,4651","5830057,743","13,33431","52,54113",1044101.0,Rehberge,3660.0,50.0
196466,11,1,,2019,6,9,2,2,5,2,0,1,1,0,0,0,0,0,"794911,45","5832042,045","13,35126","52,55836",1044102.0,Schillerpark,3865.0,47.0
196467,11,12,,2019,6,9,3,3,5,2,0,1,1,0,0,0,0,0,"792598,2661","5837379,876","13,32195","52,60746",12302212.0,Rollbergesiedlung,3480.0,38.0
196468,11,11,,2019,6,9,2,3,5,3,0,0,1,0,1,0,0,0,"804959,755","5826465,777","13,49391","52,50285",11040926.0,Weitlingstraße,5949.0,55.0
196469,11,11,,2019,6,16,3,3,3,6,0,0,1,0,0,1,0,0,"803188,2372","5830342,353","13,47143","52,53858",11020513.0,Orankesee,5660.0,65.0
196470,11,9,,2019,6,8,2,2,5,2,0,1,1,0,0,0,0,0,"811159,9841","5821574,045","13,5804","52,45551",9051901.0,Dammvorstadt,7235.0,47.0
196471,11,10,,2019,6,16,3,3,5,3,0,1,1,0,0,0,0,0,"810980,5632","5824874,626","13,58084","52,48519",10040830.0,Kaulsdorf Süd,7244.0,65.0
196472,11,9,,2019,6,8,2,3,0,6,0,1,0,0,0,1,0,0,"806246,7166","5822191,783","13,50889","52,46382",9020501.0,Oberschöneweide West,6238.0,43.0
196473,11,7,,2019,6,8,2,3,2,6,0,0,1,0,0,0,0,0,"798047,9285","5819470,125","13,38613","52,44396",7050501.0,Rathausstraße,4332.0,40.0
196474,11,1,,2019,6,9,3,3,2,6,0,0,1,0,0,0,0,0,"794542,3316","5829091,053","13,34321","52,5321",1022104.0,Emdener Straße,3758.0,50.0
196475,11,1,,2019,6,16,3,3,3,6,0,1,1,0,0,0,0,0,"800057,9585","5826900,76","13,42231","52,50946",1011306.0,Heine-Viertel Ost,4951.0,32.0
196476,11,10,,2019,6,8,2,3,5,2,0,0,1,0,0,0,0,0,"809645,771","5829689,142","13,56573","52,5291",10030724.0,Oberfeldstraße,7057.0,55.0
196477,11,4,,2019,6,18,2,3,2,6,0,0,1,0,0,0,1,0,"791926,9483","5827422,397","13,3033","52,51855",4030620.0,Alt-Lietzow,3154.0,20.0
196478,11,2,,2019,6,9,3,3,5,2,0,1,1,0,0,0,0,0,"797226,4179","5826349,09","13,38021","52,50607",2010101.0,Askanischer Platz,4350.0,52.0
196479,11,4,,2019,6,9,1,3,5,2,0,1,1,0,0,0,0,0,"791635,0307","5824511,708","13,29646","52,49262",4031032.0,Halensee,3046.0,37.0
196480,11,9,,2019,6,16,3,3,1,5,0,1,1,0,0,0,1,0,"811301,9172","5820201,614","13,5812","52,44313",9041501.0,Altstadt Kietz,7232.0,31.0
196481,11,11,,2019,6,0,1,3,5,3,2,0,1,0,0,0,0,0,"807547,6965","5824813,491","13,53039","52,48659",11051331.0,Karlshorst Nord,6544.0,55.0
196482,11,5,,2019,6,1,1,2,0,1,2,0,1,0,1,0,0,0,"786899,221","5830076,968","13,2317","52,54502",5030730.0,Zitadellenweg,2161.0,59.0
196483,11,1,,2019,6,8,3,3,5,3,0,0,1,0,1,0,0,0,"795051,5033","5827187,049","13,34901","52,51476",1011102.0,Großer Tiergarten,3853.0,44.0
196484,11,1,,2019,6,9,1,3,2,6,0,0,1,0,0,0,1,0,"795059,2596","5830339,12","13,35192","52,54301",1044202.0,Sparrplatz,3861.0,37.0
196485,11,12,,2019,6,9,1,3,5,3,0,0,1,0,0,0,0,0,"791190,4184","5837723,563","13,30152","52,61129",12231101.0,Hermsdorf,3181.0,65.0
196486,11,2,,2019,6,8,3,3,5,2,0,1,0,0,0,0,1,0,"799328,0174","5826226,817","13,41098","52,50382",2010103.0,Moritzplatz,4749.0,23.0
196487,11,9,,2019,6,11,1,3,0,2,0,0,1,0,1,0,0,0,"807686,343","5819179,038","13,52723","52,43601",9020701.0,Adlershof West,6430.0,58.0
196488,11,8,,2019,6,22,1,3,1,5,1,1,1,0,0,0,0,0,"801648,5582","5824159,047","13,44319","52,48401",8010301.0,Reuterkiez,5244.0,47.0
196489,11,5,,2019,6,7,3,3,3,6,0,0,1,0,1,0,0,0,"784791,2496","5828848,614","13,19964","52,53511",5010314.0,Carl-Schurz-Straße,1659.0,46.0
196490,11,1,,2019,6,21,1,2,5,3,1,0,1,0,1,0,0,0,"797703,9044","5829237,567","13,38981","52,5317",1011401.0,Invalidenstraße,4458.0,48.0
196491,11,1,,2019,6,8,3,3,5,2,0,1,1,0,0,0,0,0,"793687,6773","5828003,362","13,32969","52,52282",1022106.0,Elberfelder Straße,3555.0,16.0
196492,11,1,,2019,6,21,1,3,1,5,1,1,1,0,0,0,1,0,"793826,042","5830715,717","13,33412","52,54706",1044101.0,Rehberge,3662.0,65.0
196493,11,5,,2019,6,6,3,3,2,2,0,0,1,0,1,0,0,0,"786617,0512","5829251,101","13,22684","52,53777",5030730.0,Zitadellenweg,2059.0,42.0
196494,11,1,,2019,6,20,1,2,2,6,0,0,1,0,1,0,0,0,"797156,331","5829196,916","13,38173","52,53164",1011301.0,Charitéviertel,4357.0,21.0
196495,11,1,,2019,6,8,3,3,5,2,0,0,1,0,0,0,1,0,"797699,0669","5830682,026","13,39104","52,54465",1033201.0,Brunnenstraße,4461.0,54.0
196496,11,10,,2019,6,19,1,3,5,7,0,1,1,0,0,0,0,0,"809029,6722","5828440,77","13,55551","52,51826",10030724.0,Oberfeldstraße,6954.0,63.0
196497,11,10,,2019,6,19,1,3,5,3,0,0,1,0,1,0,0,0,"812399,4366","5824300,614","13,60113","52,47924",10040933.0,Mahlsdorf Süd,7542.0,53.0
196498,11,9,,2019,6,7,3,3,5,3,0,1,1,0,0,0,0,0,"811766,9243","5818272,864","13,58622","52,42558",9041301.0,Kietzer Feld/Nachtheide,7326.0,60.0
196499,11,12,,2019,6,7,3,3,5,2,0,0,1,0,1,0,0,0,"793420,353","5836088,487","13,33291","52,59544",12301203.0,Wittenau Süd,3676.0,38.0
196500,11,7,,2019,6,17,1,3,1,5,0,1,1,0,0,0,0,0,"796303,0781","5824279,819","13,36481","52,48802",7020204.0,Schöneberger Insel,4045.0,42.0
196501,11,7,,2019,6,17,1,3,1,5,0,1,1,0,0,0,0,0,"797207,536","5822598,731","13,37659","52,47246",7040401.0,Neu-Tempelhof,4240.0,51.0
196502,11,3,,2019,6,7,3,3,5,2,0,1,1,0,0,0,0,0,"801604,5702","5836127,615","13,45341","52,59131",3030711.0,Blankenburg,5375.0,58.0
196503,11,8,,2019,6,17,1,3,0,6,0,0,1,0,1,0,0,0,"801744,1602","5822065,453","13,4427","52,46519",8010214.0,Glasower Straße,5238.0,46.0
196504,11,5,,2019,6,6,3,3,5,3,0,1,1,0,0,0,0,0,"784584,5525","5830691,056","13,19818","52,55174",5010310.0,Eckschanze,1663.0,55.0
196505,11,6,,2019,6,14,1,3,5,3,0,0,1,0,0,0,0,0,"791141,2356","5819257,726","13,28462","52,44578",6040809.0,Thielallee,2832.0,63.0
196506,11,1,,2019,6,14,2,3,6,4,0,0,1,1,0,0,0,0,"796978,8241","5827022,72","13,37718","52,51224",1011201.0,Wilhelmstraße,4252.0,53.0
196507,11,3,,2019,6,14,1,3,5,2,0,0,1,0,0,0,0,0,"797770,2066","5835761,244","13,39664","52,59014",3020209.0,Niederschönhausen,4575.0,58.0
196508,11,1,,2019,6,17,2,3,5,7,0,0,1,0,0,0,0,0,"798432,9003","5829046,054","13,40036","52,52959",1011302.0,Oranienburger Straße,4657.0,9.0
196509,11,9,,2019,6,14,1,3,2,7,0,1,1,0,0,0,0,0,"802292,3094","5825488,591","13,45385","52,49557",9010101.0,Elsenstraße,5447.0,55.0
196510,11,6,,2019,6,14,1,3,5,3,0,1,1,0,0,0,0,0,"785886,5933","5817772,064","13,20625","52,43523",6040703.0,Nikolassee,1729.0,63.0
196511,11,4,,2019,6,12,2,3,5,2,0,0,1,0,1,0,0,0,"790646,8038","5826703,353","13,28386","52,51279",4020313.0,Königin-Elisabeth-Straße,2852.0,40.0
196512,11,5,,2019,7,19,5,3,6,6,0,0,1,1,0,0,0,0,"781052,8685","5829607,482","13,14532","52,54386",5020416.0,Am Heideberg,861.0,63.0
196513,11,2,,2019,7,19,5,2,5,2,0,1,1,0,0,0,0,0,"798697,5747","5824672,444","13,40032","52,49024",2020204.0,Urbanstraße,4645.0,45.0
196514,11,1,,2019,7,18,5,3,6,7,0,1,0,1,0,0,0,0,"794529,1173","5831556,882","13,3452","52,55422",1044101.0,Rehberge,3764.0,45.0
196515,11,1,,2019,7,17,5,2,5,2,0,0,1,0,1,0,0,0,"797014,18","5826726,159","13,37743","52,50956",1011201.0,Wilhelmstraße,4251.0,2.0
196516,11,9,,2019,7,17,5,2,5,3,0,1,1,0,0,0,0,0,"814606,3219","5821936,317","13,63129","52,45678",9051702.0,Bölschestraße,8036.0,63.0
196517,11,8,,2019,7,17,5,3,5,2,0,0,1,0,0,0,0,0,"801004,9172","5822159,522","13,43193","52,46645",8010118.0,Silbersteinstraße,5038.0,31.0
196518,11,2,,2019,7,17,5,3,5,2,0,1,1,0,0,0,0,0,"801431,1335","5826069,115","13,44172","52,50125",2030302.0,Lausitzer Platz,5249.0,5.0
196519,11,1,,2019,7,16,5,2,0,4,0,1,0,1,0,0,0,0,"798204,9621","5828918,517","13,39689","52,52857",1011302.0,Oranienburger Straße,4557.0,40.0
196520,11,4,,2019,7,15,5,3,0,7,0,0,0,0,1,0,1,1,"793319,9969","5823569,565","13,32038","52,48327",4051551.0,Brabanter Platz,3443.0,52.0
196521,11,5,,2019,7,16,5,2,6,4,0,0,1,1,0,0,0,0,"784468,4291","5828145,473","13,1943","52,52898",5020625.0,Borkumer Straße,1557.0,28.0
196522,11,3,,2019,7,16,5,2,5,3,0,1,1,0,0,0,0,0,"804507,7048","5841274,482","13,50087","52,63582",3010102.0,Buch,6188.0,57.0
196523,11,8,,2019,7,14,5,2,5,3,0,0,1,0,1,0,0,0,"802812,2565","5820793,171","13,45722","52,4532",8020619.0,Buschkrugallee Nord,5435.0,61.0
196524,11,10,,2019,7,13,5,3,1,5,0,1,1,0,0,0,0,0,"809296,2736","5826661,709","13,55778","52,50216",10030727.0,Biesdorf Süd,6949.0,65.0
196525,11,2,,2019,7,13,5,3,1,5,0,0,1,0,1,0,1,0,"802266,6017","5826861,362","13,45471","52,50789",2050802.0,Boxhagener Platz,5451.0,41.0
196526,11,4,,2019,7,13,5,2,6,4,0,0,1,1,0,0,0,0,"791950,2519","5825252,124","13,30174","52,49908",4030726.0,Droysenstraße,3148.0,24.0
196527,11,9,,2019,7,12,5,3,5,3,0,0,0,0,0,1,1,0,"808641,7035","5819167,114","13,54123","52,43537",9020701.0,Adlershof West,6729.0,59.0
196528,11,8,,2019,7,9,5,3,2,6,0,0,1,0,0,0,0,0,"802250,6569","5819588,73","13,44789","52,44272",8020622.0,Parchimer Allee,5331.0,63.0
196529,11,2,,2019,7,8,5,2,5,3,0,1,1,0,0,0,0,0,"800294,3344","5827628,217","13,42643","52,51585",2040701.0,Andreasviertel,4953.0,49.0
196530,11,1,,2019,7,7,5,3,6,4,0,0,0,1,0,1,0,0,"796677,3951","5831904,39","13,37711","52,55617",1044201.0,Reinickendorfer Straße,4265.0,5.0
196531,11,1,,2019,7,7,5,3,5,2,0,1,1,0,0,0,0,0,"800020,2375","5826468,064","13,42136","52,50561",1011306.0,Heine-Viertel Ost,4950.0,49.0
196532,11,4,,2019,7,7,5,3,5,3,0,1,1,0,0,0,0,0,"791180,4039","5824998,36","13,29021","52,49722",4031032.0,Halensee,2947.0,18.0
196533,11,5,,2019,7,7,5,3,2,6,0,0,1,0,0,0,0,0,"782859,4086","5826898,866","13,16958","52,51864",5020523.0,Maulbeerallee,1154.0,55.0
196534,11,1,,2019,7,7,5,3,3,6,0,1,1,0,0,0,0,0,"797934,0859","5827934,106","13,39203","52,51989",1011202.0,Unter den Linden Nord,4454.0,36.0
196535,11,11,,2019,7,1,5,3,6,4,2,0,1,1,0,0,0,0,"805194,9684","5829080,317","13,49976","52,52615",11030720.0,Herzbergstraße,6056.0,54.0
196536,11,4,,2019,7,9,4,3,6,7,0,1,0,0,0,0,1,0,"793700,1306","5826365,047","13,32842","52,50812",4030623.0,Ernst-Reuter-Platz,3551.0,40.0
196537,11,3,,2019,7,22,4,3,0,3,2,0,1,0,1,0,0,0,"799358,4667","5829198,784","13,4141","52,53045",3071537.0,Kollwitzplatz,4857.0,54.0
196538,11,3,,2019,7,20,4,3,6,7,0,1,0,1,0,0,0,0,"803951,168","5841333,789","13,49272","52,63667",3010101.0,Bucher Forst,5988.0,63.0
196539,11,2,,2019,7,19,4,2,5,3,0,1,1,0,0,0,0,0,"800771,8041","5825611,272","13,43163","52,49751",2030401.0,Reichenberger Straße,5048.0,24.0
196540,11,1,,2019,7,17,4,3,5,2,0,1,1,0,0,0,0,0,"798770,3467","5827484,833","13,40391","52,51541",1011204.0,Leipziger Straße,4653.0,53.0
196541,11,1,,2019,7,17,4,3,5,2,0,1,1,0,0,0,0,0,"799646,4127","5827049,332","13,41639","52,51102",1011305.0,Heine-Viertel West,4851.0,50.0
196542,11,6,,2019,7,16,4,3,9,1,0,0,1,0,0,0,0,0,"784216,3624","5816204,38","13,18041","52,42204",6040701.0,Wannsee,1325.0,65.0
196543,11,8,,2019,7,16,4,3,1,1,0,0,1,0,1,0,0,0,"801612,0852","5821692,496","13,44042","52,46192",8020619.0,Buschkrugallee Nord,5237.0,45.0
196544,11,2,,2019,7,16,4,3,3,6,0,1,1,0,0,0,0,0,"800639,7013","5827357,64","13,43126","52,51324",2040701.0,Andreasviertel,5052.0,43.0
196545,11,4,,2019,7,15,4,2,0,1,0,1,0,0,0,0,0,0,"789228,0211","5824032,093","13,26069","52,4896",4020209.0,Eichkamp,2545.0,65.0
196546,11,10,,2019,7,14,4,3,5,2,0,1,0,0,0,0,1,0,"806629,2438","5830238,623","13,52191","52,53573",10010308.0,Marzahner Chaussee,6459.0,59.0
196547,11,5,,2019,7,23,4,2,7,7,2,0,0,0,0,0,1,0,"781976,5014","5830602,308","13,15974","52,5523",5010206.0,Gütersloher Weg,1064.0,63.0
196548,11,7,,2019,7,22,4,3,0,3,2,0,1,0,0,0,1,0,"798279,5596","5820992,99","13,39089","52,45748",7040405.0,Rathaus Tempelhof,4436.0,56.0
196549,11,4,,2019,7,20,4,3,1,5,0,0,1,0,0,0,1,0,"792325,3987","5825514,588","13,30748","52,50124",4030929.0,Hindemithplatz,3249.0,57.0
196550,11,1,,2019,7,13,4,3,1,7,0,0,1,0,1,0,0,0,"794213,9265","5828585,722","13,33794","52,52775",1022104.0,Emdener Straße,3656.0,44.0
196551,11,8,,2019,7,13,4,3,0,2,0,0,0,0,1,0,1,0,"804137,9434","5817801,69","13,47395","52,42565",8030831.0,Gropiusstadt Ost,5727.0,61.0
196552,11,9,,2019,7,9,4,3,2,6,0,1,0,0,0,0,0,0,"819343,831","5818461,071","13,69746","52,4229",9041601.0,Müggelheim,9026.0,65.0
196553,11,7,,2019,7,12,4,3,5,7,0,0,1,0,1,0,0,0,"798480,5521","5820974,851","13,39383","52,45721",7040405.0,Rathaus Tempelhof,4536.0,56.0
196554,11,2,,2019,7,11,4,3,2,6,0,0,1,0,0,0,0,0,"799832,5564","5825751,192","13,41796","52,49928",2010103.0,Moritzplatz,4848.0,3.0
196555,11,4,,2019,7,11,4,3,5,5,0,1,1,0,0,0,0,0,"793913,867","5825509,13","13,33081","52,50033",4030931.0,Breitscheidplatz,3548.0,45.0
196556,11,1,,2019,7,10,4,3,5,2,0,1,1,0,0,0,0,0,"797304,0478","5827235,514","13,38215","52,51397",1011201.0,Wilhelmstraße,4352.0,37.0
196557,11,1,,2019,7,7,4,3,1,5,0,1,1,0,0,0,0,0,"797087,4865","5831427,362","13,38271","52,55167",1033102.0,Gesundbrunnen,4363.0,22.0
196558,11,2,,2019,7,9,4,3,6,7,0,1,0,1,0,0,0,0,"797213,8106","5826363,235","13,38004","52,5062",2010101.0,Askanischer Platz,4350.0,52.0
196559,11,1,,2019,7,9,4,3,5,3,0,1,0,0,0,1,0,0,"796934,9393","5830171,942","13,37935","52,5405",1033203.0,Humboldthain Nordwest,4260.0,59.0
196560,11,9,,2019,7,9,4,3,0,1,0,1,0,0,0,0,0,0,"804146,0077","5822931,722","13,47873","52,47163",9010202.0,Köpenicker Landstraße,5740.0,54.0
196561,11,5,,2019,7,9,4,3,0,3,0,0,1,0,1,0,0,0,"784733,0857","5831859,369","13,20137","52,56214",5010103.0,Amorbacher Weg,1666.0,63.0
196562,11,12,,2019,7,16,4,3,9,1,0,0,1,0,0,0,0,0,"795662,2396","5832966,598","13,36312","52,56624",12103219.0,Schäfersee,4068.0,46.0
196563,11,11,,2019,7,9,4,3,5,2,0,1,1,0,0,0,0,0,"804149,5249","5830425,119","13,48563","52,53879",11020514.0,Große-Leege-Straße,5860.0,62.0
196564,11,12,,2019,7,15,4,2,1,7,0,0,1,0,0,0,1,0,"794130,688","5833595,52","13,34115","52,57271",12103220.0,Humboldtstraße,3770.0,57.0
196565,11,4,,2019,7,15,4,3,0,1,0,0,0,0,1,0,0,0,"792085,2567","5825779,57","13,30418","52,50374",4030726.0,Droysenstraße,3149.0,47.0
196566,11,11,,2019,7,15,4,3,1,5,0,1,1,0,0,0,0,0,"804218,087","5828419,924","13,4848","52,52078",11030721.0,Rüdigerstraße,5854.0,49.0
196567,11,10,,2019,7,15,4,2,5,2,0,0,0,0,1,0,1,0,"810012,8894","5832313,045","13,57357","52,5524",10010206.0,Ringkolonnaden,7164.0,58.0
196568,11,5,,2019,7,15,4,3,0,2,0,1,1,0,0,0,0,0,"783579,2577","5830206,824","13,18298","52,54792",5010207.0,Darbystraße,1362.0,55.0
196569,11,4,,2019,7,14,4,3,2,7,0,0,1,0,0,0,0,0,"793010,2666","5825555,513","13,31758","52,50124",4030930.0,George-Grosz-Platz,3349.0,12.0
196570,11,4,,2019,7,14,4,3,5,2,0,1,1,0,0,0,0,0,"793918,8992","5825642,459","13,331","52,50153",4030931.0,Breitscheidplatz,3549.0,24.0
196571,11,9,,2019,7,8,4,3,5,2,0,1,1,0,0,0,0,0,"807684,3758","5817719,645","13,52586","52,42293",9030901.0,Dorf Altglienicke,6426.0,51.0
196572,11,3,,2019,7,7,4,3,0,1,0,1,0,0,0,0,0,0,"800084,5108","5837521,357","13,4323","52,60464",3020307.0,Buchholz,5079.0,56.0
196573,11,9,,2019,7,7,4,3,5,3,0,1,0,0,1,0,0,0,"808503,4308","5818725,839","13,5388","52,43149",9020701.0,Adlershof West,6628.0,57.0
196574,11,4,,2019,7,0,4,3,7,7,2,0,1,0,0,0,0,0,"789433,4678","5830626,72","13,26944","52,54861",5030832.0,Rohrdamm,2662.0,61.0
196575,11,6,,2019,7,14,4,3,5,3,0,1,1,0,0,0,0,0,"790189,1772","5815243,828","13,26717","52,4103",6030504.0,Teltower Damm,2622.0,54.0
196576,11,7,,2019,7,14,4,2,2,6,0,0,1,0,0,0,1,0,"796473,968","5819817,563","13,36335","52,44793",7040404.0,Marienhöhe,4033.0,40.0
196577,11,9,,2019,7,13,4,3,4,6,0,0,1,0,0,0,0,0,"803795,083","5821086,965","13,4719","52,45529",9010302.0,Späthsfelde,5635.0,63.0
196578,11,2,,2019,7,15,4,3,3,6,0,1,1,0,0,0,0,0,"801457,0986","5828047,338","13,4439","52,51897",2040503.0,Richard-Sorge-Viertel,5254.0,63.0
196579,11,1,,2019,7,13,4,3,1,5,0,1,1,0,0,0,0,0,"797041,1687","5828391,83","13,37932","52,52448",1011301.0,Charitéviertel,4255.0,45.0
196580,11,4,,2019,7,13,4,3,5,7,0,1,1,0,0,0,0,0,"792219,4072","5826491,161","13,30678","52,51005",4030827.0,Karl-August-Platz,3251.0,57.0
196581,11,4,,2019,7,12,4,3,3,6,0,1,1,0,0,0,0,0,"792727,8354","5826153,624","13,31395","52,50675",4030827.0,Karl-August-Platz,3350.0,22.0
196582,11,1,,2019,7,19,3,3,0,6,0,0,1,0,1,0,0,0,"798081,0325","5830001,803","13,39604","52,53834",1033201.0,Brunnenstraße,4559.0,31.0
196583,11,8,,2019,7,13,3,3,0,6,0,0,1,0,0,0,1,0,"802140,0243","5822692,274","13,44908","52,47059",8010404.0,Rixdorf,5340.0,54.0
196584,11,4,,2019,7,8,3,3,0,7,0,1,0,0,0,0,0,1,"792813,0537","5824367,052","13,31363","52,49069",4051446.0,Preußenpark,3346.0,47.0
196585,11,11,,2019,7,19,3,3,5,3,0,1,0,0,0,0,1,0,"807974,2171","5823866,32","13,53578","52,47786",11051331.0,Karlshorst Nord,6642.0,65.0
196586,11,7,,2019,7,22,3,3,0,7,2,0,0,0,1,0,0,0,"795926,5481","5825376,805","13,36025","52,49806",7010102.0,Nollendorfplatz,4048.0,46.0
196587,11,4,,2019,7,15,3,3,5,3,0,1,1,0,0,0,0,0,"792901,3879","5826967,897","13,31722","52,51396",4030623.0,Ernst-Reuter-Platz,3352.0,26.0
196588,11,3,,2019,7,15,3,3,2,6,0,0,1,0,1,0,0,0,"799192,1965","5831774,975","13,41397","52,55363",3061126.0,Arnimplatz,4864.0,14.0
196589,11,9,,2019,7,14,3,3,5,2,0,0,1,0,0,0,1,0,"807790,9388","5817234,083","13,52698","52,41852",9030901.0,Dorf Altglienicke,6424.0,65.0
196590,11,1,,2019,7,16,3,3,2,2,0,0,1,0,0,0,0,0,"796582,875","5826871,072","13,37123","52,5111",1011105.0,Nördlicher Landwehrkanal,4151.0,37.0
196591,11,7,,2019,7,14,3,2,5,7,0,0,1,0,1,0,0,0,"795484,7982","5825579,028","13,35395","52,50011",7010102.0,Nollendorfplatz,3948.0,43.0
196592,11,4,,2019,7,14,3,3,6,7,0,1,0,1,0,0,0,0,"793786,8387","5825471,707","13,32891","52,50007",4051448.0,Schaperstraße,3548.0,45.0
196593,11,2,,2019,7,22,3,3,2,6,2,0,1,0,1,0,0,0,"799043,2528","5825050,903","13,40574","52,49344",2020204.0,Urbanstraße,4646.0,50.0
196594,11,4,,2019,7,21,3,3,5,2,0,0,1,0,1,0,0,0,"791026,2155","5826041,636","13,28885","52,50666",4030724.0,Lietzensee,2950.0,60.0