OBJECTID,LAND,BEZ,LOR_ab_2021,UJAHR,UMONAT,USTUNDE,UWOCHENTAG,UKATEGORIE,UART,UTYP1,ULICHTVERH,IstRad,IstPKW,IstFuss,IstKrad,IstGkfz,IstSonstige,USTRZUSTAND,LINREFX,LINREFY,XGCSWGS84,YGCSWGS84,LOR,STRASSE,quadrant,quadrant_rank
196595,11,5,,2019,7,20,3,3,2,6,1,0,1,0,0,0,0,0,"783692,6209","5830033,716","13,1845","52,54631",5010207.0,Darbystraße,1362.0,55.0
196596,11,1,,2019,7,13,3,2,5,7,0,0,1,0,1,0,0,0,"796261,7769","5832173,799","13,37123","52,55881",1033101.0,Soldiner Straße,4165.0,55.0
196597,11,4,,2019,7,12,3,3,2,6,0,0,1,0,1,0,0,0,"794133,687","5825463,783","13,334","52,49981",4051448.0,Schaperstraße,3648.0,35.0
196598,11,1,,2019,7,19,3,3,3,6,0,1,0,1,0,0,1,0,"797375,4716","5828942,172","13,38472","52,52923",1011301.0,Charitéviertel,4357.0,21.0
196599,11,6,,2019,7,18,3,3,5,3,0,1,1,0,0,0,0,0,"785940,9215","5817242,414","13,20659","52,43045",6040703.0,Nikolassee,1728.0,61.0
196600,11,7,,2019,7,18,3,2,0,7,0,1,0,1,0,0,0,0,"796554,6112","5824856,564","13,36902","52,49306",7010104.0,Dennewitzplatz,4146.0,50.0
196601,11,2,,2019,7,12,3,3,6,4,0,1,0,1,0,0,0,0,"801208,0931","5827484,466","13,43973","52,51406",2040701.0,Andreasviertel,5152.0,56.0
196602,11,2,,2019,7,18,3,3,0,6,0,0,0,0,0,0,1,0,"799786,0339","5824820,622","13,41644","52,49097",2020206.0,Graefekiez,4846.0,41.0
196603,11,8,,2019,7,17,3,3,0,3,0,1,1,0,0,0,0,0,"802275,8121","5816644,396","13,4456","52,41631",8020728.0,Buckow Ost,5224.0,60.0
196604,11,9,,2019,7,17,3,3,0,1,0,1,1,0,0,0,0,0,"806478,4345","5821587,403","13,51173","52,45828",9020601.0,Schnellerstraße,6236.0,62.0
196605,11,7,,2019,7,17,3,3,2,6,0,0,1,0,1,0,0,0,"798476,2166","5821921,287","13,39461","52,4657",7040405.0,Rathaus Tempelhof,4538.0,53.0
196606,11,6,,2019,7,17,3,2,1,5,0,1,0,0,0,0,1,0,"789956,3449","5819061,721","13,26707","52,44465",6040807.0,Zehlendorf Eiche,2632.0,59.0
196607,11,4,,2019,7,17,3,3,5,3,0,1,1,0,0,0,0,0,"790738,3293","5822655,659","13,28167","52,47645",4041240.0,Messelpark,2841.0,54.0
196608,11,11,,2019,7,15,3,3,6,4,0,1,0,1,0,0,0,0,"804348,3128","5830822,158","13,48892","52,54223",11020514.0,Große-Leege-Straße,5961.0,51.0
196609,11,11,,2019,7,10,3,3,5,3,0,0,1,0,0,0,0,0,"807665,8299","5824538,78","13,53187","52,48406",11051331.0,Karlshorst Nord,6544.0,55.0
196610,11,2,,2019,7,16,3,3,5,2,0,1,1,0,0,0,0,0,"802037,559","5826153,006","13,45071","52,50167",2050803.0,Stralauer Kiez,5349.0,29.0
196611,11,8,,2019,7,16,3,3,5,3,0,1,1,0,0,0,0,0,"802968,2058","5818341,672","13,45728","52,43114",8030829.0,Gropiusstadt Nord,5428.0,49.0
196612,11,1,,2019,7,16,3,3,1,5,0,1,1,0,0,0,0,0,"798013,91","5831379,05","13,39629","52,55073",1033102.0,Gesundbrunnen,4563.0,65.0
196613,11,1,,2019,7,16,3,3,5,3,0,1,1,0,0,0,0,0,"794748,182","5830415,036","13,34741","52,54386",1044103.0,Westliche Müllerstraße,3861.0,37.0
196614,11,9,,2019,7,15,3,3,5,2,0,0,1,0,0,0,1,0,"809401,4666","5821504,76","13,55454","52,45589",9020502.0,Oberschöneweide Ost,6935.0,43.0
196615,11,11,,2019,7,15,3,2,2,6,0,0,1,0,0,0,0,0,"804605,9656","5827491,135","13,48965","52,51224",11030721.0,Rüdigerstraße,5952.0,37.0
196616,11,5,,2019,7,15,3,3,6,4,0,0,1,1,0,0,0,0,"784794,1179","5828779,66","13,19963","52,53449",5010314.0,Carl-Schurz-Straße,1658.0,8.0
196617,11,7,,2019,7,10,3,2,5,2,0,0,1,0,0,0,0,0,"797613,9733","5815560,661","13,37629","52,40915",7060604.0,Marienfelde Süd,4222.0,53.0
196618,11,4,,2019,7,10,3,3,5,2,0,1,1,0,0,0,0,0,"792849,3247","5824354,897","13,31416","52,49056",4051446.0,Preußenpark,3345.0,42.0
196619,11,8,,2019,7,10,3,3,5,2,0,1,1,0,0,0,0,0,"801385,4097","5819265,642","13,43491","52,4403",8020625.0,Handwerker-Siedlung,5131.0,45.0
196620,11,12,,2019,7,7,4,2,2,6,0,1,1,0,0,0,0,0,"794365,3097","5833745,401","13,34474","52,57392",12103220.0,Humboldtstraße,3770.0,57.0
196621,11,1,,2019,7,9,3,3,5,7,0,1,1,0,0,0,0,0,"796261,974","5825958,406","13,3657","52,50309",1011104.0,Körnerstraße,4049.0,39.0
196622,11,7,,2019,7,9,3,3,5,2,0,0,1,0,1,0,0,0,"797845,401","5822205,329","13,3856","52,46859",7040403.0,Manteuffelstraße,4339.0,29.0
196623,11,4,,2019,7,16,4,3,6,4,0,0,1,1,0,0,0,0,"791449,8971","5824359,279","13,29361","52,49135",4041137.0,Flinsberger Platz,3046.0,37.0
196624,11,10,,2019,7,7,4,2,5,3,0,1,1,0,0,0,0,0,"809546,6389","5827716,505","13,56244","52,51147",10030726.0,Alt-Biesdorf,7052.0,57.0
196625,11,9,,2019,7,6,3,3,5,2,0,0,1,0,0,0,0,0,"806212,3325","5820262,215","13,50661","52,44655",9010401.0,Johannisthal West,6133.0,57.0
196626,11,1,,2019,7,6,3,3,2,2,0,0,1,0,0,0,0,0,"795576,1503","5830791,659","13,35992","52,54679",1044201.0,Reinickendorfer Straße,4062.0,45.0
196627,11,4,,2019,7,16,4,3,2,6,0,0,1,0,0,0,0,0,"792572,2517","5825446,294","13,31105","52,50049",4030929.0,Hindemithplatz,3248.0,24.0
196628,11,12,,2019,7,6,3,3,5,3,0,1,1,0,0,0,0,0,"790795,4894","5834062,953","13,29249","52,57869",12214126.0,Tegel Süd,3071.0,39.0
196629,11,4,,2019,7,18,4,3,5,3,0,0,1,0,0,0,0,0,"793162,5557","5826882,531","13,32098","52,51305",4030623.0,Ernst-Reuter-Platz,3452.0,33.0
196630,11,1,,2019,7,4,3,2,5,3,1,0,1,0,0,0,0,0,"794493,3483","5830684,018","13,3439","52,54641",1044103.0,Westliche Müllerstraße,3762.0,55.0
196631,11,10,,2019,7,1,3,3,5,2,2,0,1,0,0,0,1,0,"806320,389","5830210,046","13,51734","52,53564",11020516.0,Weiße Taube,6359.0,27.0
196632,11,6,,2019,7,16,4,3,6,4,0,0,1,1,0,0,0,0,"793406,1999","5820902,203","13,3193","52,45931",6010102.0,Schloßstraße,3436.0,49.0
196633,11,8,,2019,7,0,3,2,6,4,2,0,1,1,0,0,0,0,"801425,0982","5818738,67","13,43501","52,43555",8020625.0,Handwerker-Siedlung,5129.0,63.0
196634,11,8,,2019,7,15,4,2,5,2,0,1,1,0,0,0,0,0,"800175,464","5823650,664","13,4211","52,48027",8010117.0,Schillerpromenade,4942.0,18.0
196635,11,7,,2019,7,6,3,3,5,3,0,0,0,0,0,0,1,0,"794238,3016","5822030,514","13,3325","52,46898",7030301.0,Friedenau,3539.0,53.0
196636,11,6,,2019,7,8,4,3,0,1,0,0,0,0,1,0,0,0,"790379,6579","5815129,967","13,26986","52,40917",6030504.0,Teltower Damm,2622.0,54.0
196637,11,4,,2019,7,9,4,3,2,6,0,0,1,0,0,0,0,0,"790158,365","5827328,973","13,27723","52,51866",4020310.0,Park Ruhwald,2754.0,42.0
196638,11,1,,2019,7,15,2,3,6,4,0,1,0,1,0,0,0,0,"797836,5496","5826975,183","13,38974","52,51135",1011204.0,Leipziger Straße,4452.0,21.0
196639,11,7,,2019,7,18,2,3,0,7,0,1,1,0,0,0,0,0,"797948,9167","5821417,282","13,38642","52,46147",7040405.0,Rathaus Tempelhof,4437.0,60.0
196640,11,12,,2019,7,0,4,2,0,1,2,0,1,0,0,0,0,0,"794770,9335","5836686,181","13,35332","52,60007",12302108.0,Märkisches Zentrum,3978.0,63.0
196641,11,4,,2019,7,11,2,3,5,3,0,0,0,0,1,1,0,0,"794468,8663","5825860,374","13,33927","52,50318",4030931.0,Breitscheidplatz,3749.0,17.0
196642,11,1,,2019,7,0,4,3,5,2,2,0,0,0,0,0,1,0,"796704,6996","5831929,935","13,37753","52,55638",1044201.0,Reinickendorfer Straße,4265.0,5.0
196643,11,8,,2019,7,15,2,3,6,4,0,0,1,1,0,0,0,0,"801547,6678","5817370,597","13,43558","52,42322",8020727.0,Buckow Mitte,5126.0,38.0
196644,11,1,,2019,7,19,4,3,6,4,0,1,0,1,0,0,0,0,"796558,8264","5830997,568","13,37455","52,5481",1033203.0,Humboldthain Nordwest,4262.0,53.0
196645,11,7,,2019,7,21,2,3,0,1,0,0,0,0,1,0,0,0,"795888,8033","5820842,605","13,35568","52,45744",7030303.0,Grazer Platz,3936.0,50.0
196646,11,1,,2019,7,8,4,3,6,7,0,0,1,1,0,0,0,0,"794116,201","5827798,204","13,3358","52,52075",1022106.0,Elberfelder Straße,3654.0,56.0
196647,11,2,,2019,7,19,2,2,5,2,0,1,1,0,0,0,0,0,"801753,6763","5826263,57","13,44664","52,50282",2040703.0,Wriezener Bahnhof/Entwicklungsgebiet,5249.0,5.0
196648,11,4,,2019,7,19,2,2,5,2,0,0,1,0,0,0,0,0,"792084,4616","5827960,644","13,30609","52,52329",4030519.0,Kaiserin-Augusta-Allee,3255.0,52.0
196649,11,4,,2019,7,17,4,1,2,2,0,1,1,0,0,0,0,0,"792405,9224","5826526,158","13,30955","52,51026",4030827.0,Karl-August-Platz,3251.0,57.0
196650,11,11,,2019,7,22,3,3,0,1,2,1,0,0,0,0,0,0,"803372,6562","5830090,726","13,47391","52,53622",11020515.0,Landsberger Allee,5759.0,55.0
196651,11,3,,2019,7,19,2,3,4,2,0,1,1,0,0,0,0,0,"798839,9365","5832388,229","13,40935","52,55932",3040818.0,Pankow Süd,4766.0,48.0
196652,11,9,,2019,7,14,3,3,0,1,0,1,0,0,0,0,0,0,"806321,4359","5819658,861","13,50766","52,44108",9010402.0,Johannisthal Ost,6231.0,63.0
196653,11,6,,2019,7,18,2,2,2,7,0,0,1,0,1,0,1,0,"795861,1267","5819280,724","13,35389","52,44345",6010205.0,Südende,3932.0,63.0
196654,11,8,,2019,7,18,3,3,5,2,0,1,1,0,0,0,0,0,"801318,6532","5819557,922","13,43419","52,44295",8020622.0,Parchimer Allee,5132.0,38.0
196655,11,1,,2019,7,17,2,3,0,1,0,0,0,0,1,0,0,0,"795305,5948","5827367,065","13,3529","52,51624",1011102.0,Großer Tiergarten,3953.0,55.0
196656,11,11,,2019,7,17,3,3,5,2,0,0,1,0,0,0,0,0,"804697,8504","5831161,348","13,49437","52,54508",11020514.0,Große-Leege-Straße,6061.0,59.0
196657,11,7,,2019,7,16,2,2,0,1,0,0,0,0,0,0,1,0,"798097,5989","5817032,377","13,38469","52,42208",7060603.0,Marienfelde Nordost,4325.0,61.0
196658,11,1,,2019,7,16,2,3,2,6,0,0,1,0,0,0,0,0,"797114,7696","5831888,559","13,38352","52,55579",1044201.0,Reinickendorfer Straße,4365.0,7.0
196659,11,4,,2019,7,17,3,2,5,7,0,0,1,0,1,0,0,0,"793924,7211","5825797,952","13,33122","52,50292",4030931.0,Breitscheidplatz,3549.0,24.0
196660,11,1,,2019,7,12,2,3,5,7,0,0,1,0,0,1,0,0,"797079,089","5831451,199","13,38261","52,55188",1033102.0,Gesundbrunnen,4363.0,22.0
196661,11,2,,2019,7,17,3,3,1,5,0,1,1,0,0,0,0,0,"799849,625","5826001,43","13,41843","52,50152",2030301.0,Oranienplatz,4849.0,28.0
196662,11,6,,2019,7,11,2,3,5,3,0,1,1,0,0,0,0,0,"793380,3253","5820364,996","13,31844","52,45451",6010101.0,Fichtenberg,3335.0,47.0
196663,11,5,,2019,7,17,3,3,1,5,0,1,1,0,0,0,0,0,"784728,5925","5827275,497","13,19738","52,52104",5020626.0,Adamstraße,1554.0,46.0
196664,11,2,,2019,7,12,2,3,5,7,0,0,1,0,1,0,0,0,"799377,7305","5826178,606","13,41166","52,50336",2010103.0,Moritzplatz,4749.0,23.0
196665,11,4,,2019,7,15,3,2,1,1,0,0,1,1,0,0,0,0,"791632,3358","5828622,505","13,30002","52,52947",4030518.0,Tegeler Weg,3157.0,62.0
196666,11,5,,2019,7,10,2,3,5,2,0,0,1,0,0,0,0,0,"786432,1594","5831178,154","13,22578","52,55514",5030730.0,Zitadellenweg,2064.0,55.0
196667,11,11,,2019,7,10,2,2,5,2,0,1,0,0,0,0,1,0,"806032,4971","5825652,903","13,50892","52,49496",11041128.0,Sewanstraße,6247.0,60.0
196668,11,6,,2019,7,14,3,3,5,3,0,1,0,0,0,1,0,0,"784846,0772","5817638,602","13,19087","52,43458",6040703.0,Nikolassee,1429.0,63.0
196669,11,5,,2019,7,14,3,3,0,3,0,0,1,0,1,0,0,0,"785221,5109",5830572,"13,20745","52,55034",5010312.0,Kurstraße,1763.0,57.0
196670,11,12,,2019,7,11,2,3,0,1,0,0,0,0,1,0,0,0,"793562,4894","5832368,644","13,3317","52,56202",12214424.0,Scharnweberstraße,3566.0,39.0
196671,11,8,,2019,7,16,2,3,1,5,0,1,1,0,0,0,0,0,"801602,1664","5824093,763","13,44245","52,48345",8010301.0,Reuterkiez,5243.0,34.0
196672,11,4,,2019,7,11,3,3,5,3,0,1,1,0,0,0,0,0,"789629,9728","5827415,727","13,26954","52,51972",4020312.0,Branitzer Platz,2654.0,58.0
196673,11,1,,2019,7,9,2,2,5,3,0,1,1,0,0,0,0,0,"799718,8372","5827562,517","13,41792","52,51558",1011304.0,Karl-Marx-Allee,4853.0,18.0
196674,11,12,,2019,7,15,2,2,5,2,0,0,1,0,1,0,0,0,"792400,6191","5835221,185","13,31713","52,58821",12304313.0,Borsigwalde,3374.0,61.0
196675,11,12,,2019,7,11,3,3,2,6,0,0,1,0,0,0,0,0,"795004,6071","5836325,206","13,35644","52,5967",12302110.0,Dannenwalder Weg,3977.0,59.0
196676,11,1,,2019,7,11,3,2,5,2,0,0,1,0,1,0,0,0,"800028,8363","5827069,465","13,42203","52,51099",1011306.0,Heine-Viertel Ost,4951.0,32.0
196677,11,4,,2019,7,8,2,3,1,5,0,1,0,0,0,0,1,0,"792636,4281","5822775,056","13,30964","52,47651",4041343.0,Binger Straße,3241.0,61.0
196678,11,6,,2019,7,11,3,3,2,6,0,0,1,0,0,0,0,0,"793233,7094","5816839,586","13,3132","52,42298",6020409.0,Königsberger Straße,3326.0,55.0
196679,11,4,,2019,7,7,2,3,5,3,0,0,1,0,0,0,0,0,"791297,6861","5830670,856","13,2969","52,54801",4010101.0,Jungfernheide,3062.0,44.0
196680,11,1,,2019,7,10,3,3,2,6,0,0,1,0,0,0,0,0,"798164,6838","5829835,835","13,39712","52,53681",1011402.0,Arkonaplatz,4559.0,31.0
196681,11,9,,2019,7,6,2,3,5,2,0,0,1,0,0,0,0,0,"805345,6734","5822386,477","13,49584","52,46607",9020601.0,Schnellerstraße,6038.0,59.0
196682,11,1,,2019,7,8,3,3,0,2,0,1,0,0,1,0,0,0,"797418,3709","5828891,967","13,38531","52,52876",1011301.0,Charitéviertel,4357.0,21.0
196683,11,1,,2019,7,6,2,3,5,2,0,0,1,0,0,0,0,0,"799247,0224","5828469,039","13,4118","52,52397",1011303.0,Alexanderplatzviertel,4755.0,4.0
196684,11,5,,2019,7,6,2,3,3,6,0,0,0,0,1,1,0,0,"786046,8296","5829180,601","13,21839","52,53743",5030730.0,Zitadellenweg,1959.0,49.0
196685,11,7,,2019,7,8,3,2,5,3,0,1,1,0,0,0,0,0,"800683,4432","5813934,666","13,41982","52,3929",7070704.0,Nahariyastraße,4817.0,59.0
196686,11,9,,2019,7,5,2,3,0,1,1,0,0,0,1,0,0,0,"806343,1102","5822225,686","13,51033","52,46407",9020501.0,Oberschöneweide West,6238.0,43.0
196687,11,4,,2019,7,6,3,3,5,2,1,0,1,0,0,0,0,0,"793352,206","5829681,351","13,32624","52,53804",4010102.0,Plötzensee,3559.0,22.0
196688,11,8,,2019,7,2,2,3,5,3,2,0,1,0,0,0,0,0,"800445,5215","5823705,804","13,42512","52,48061",8010211.0,Flughafenstraße,4943.0,45.0
196689,11,11,,2019,7,22,3,3,2,6,2,0,1,0,0,0,0,0,"803676,5883","5826244,023","13,47486","52,50158",11051229.0,Rummelsburg,5749.0,42.0
196690,11,4,,2019,7,7,2,3,0,3,0,1,1,0,0,0,0,0,"792892,4566","5822847,589","13,31346","52,47702",4041344.0,Rüdesheimer Platz,3342.0,52.0
196691,11,3,,2019,7,22,3,3,5,2,2,0,1,0,0,0,0,0,"802824,01","5832152,326","13,46772","52,555",3050920.0,Weißer See,5664.0,53.0
196692,11,4,,2019,7,1,2,2,1,5,2,1,1,0,0,0,0,0,"793793,8249","5825851,068","13,32935","52,50346",4030931.0,Breitscheidplatz,3549.0,24.0
196693,11,10,,2019,7,14,2,2,1,1,0,0,1,0,0,1,0,0,"809087,1982","5830371,553","13,55815","52,53553",10010310.0,Alt-Marzahn,6959.0,61.0
196694,11,4,,2019,7,20,3,3,2,7,1,0,1,0,0,0,0,0,"792669,2472","5825766,676","13,31275","52,50331",4030929.0,Hindemithplatz,3349.0,12.0
196695,11,1,,2019,7,19,3,3,2,6,0,0,1,0,1,0,0,0,"794409,7891","5830555,465","13,34256","52,5453",1044101.0,Rehberge,3761.0,56.0
196696,11,9,,2019,7,14,2,3,6,2,0,0,1,1,0,0,0,0,"810693,701","5819447,697","13,57158","52,43672",9020802.0,Köllnische Vorstadt,7130.0,61.0
196697,11,1,,2019,7,14,2,3,2,2,0,0,1,0,0,0,0,0,"795419,9256","5827461,117","13,35466","52,51702",1011102.0,Großer Tiergarten,3953.0,55.0
196698,11,12,,2019,7,19,3,3,6,2,0,0,1,1,0,0,0,0,"790029,1234","5835374,084","13,28236","52,59085",12214527.0,Alt-Tegel,2875.0,57.0
196699,11,8,,2019,7,14,2,2,5,2,0,0,1,0,1,0,0,0,"803341,2151","5822143,053","13,46621","52,46501",8010510.0,Gewerbegebiet Köllnische Heide,5538.0,64.0
196700,11,7,,2019,7,19,3,2,5,2,0,1,1,0,0,0,0,0,"795075,3785","5825803,539","13,34813","52,50235",7010102.0,Nollendorfplatz,3849.0,22.0
196701,11,4,,2019,7,13,2,3,5,2,0,1,1,0,0,0,0,0,"791183,6779","5826476,599","13,29155","52,51047",4030417.0,Schloßstraße,2951.0,33.0
196702,11,7,,2019,7,13,2,3,2,6,0,0,1,0,0,0,0,0,"798038,1881","5815811,258","13,38273","52,41117",7060603.0,Marienfelde Nordost,4322.0,52.0
196703,11,3,,2019,7,12,2,3,5,3,0,0,1,0,0,0,0,0,"800324,1325","5831578,09","13,43044","52,55124",3061228.0,Erich-Weinert-Straße,5063.0,29.0
196704,11,9,,2019,7,19,3,3,2,6,0,0,1,0,0,0,0,0,"803038,0085","5820914,664","13,46064","52,45416",9010302.0,Späthsfelde,5535.0,53.0
196705,11,4,,2019,7,13,2,2,5,7,0,0,1,0,1,0,0,0,"792672,4812","5830660,68","13,31711","52,54718",4010102.0,Plötzensee,3362.0,60.0
196706,11,4,,2019,7,12,2,3,2,6,0,0,1,0,0,0,0,0,"791524,1807","5822504,025","13,29308","52,47468",4041241.0,Breite Straße,3041.0,60.0
196707,11,10,,2019,6,16,1,3,5,3,0,0,1,0,1,0,0,0,"810780,1806","5824530,563","13,57758","52,48222",10040830.0,Kaulsdorf Süd,7243.0,65.0
196708,11,4,,2019,6,3,1,2,0,7,2,1,0,0,0,0,0,0,"793158,133","5827434,97","13,3214","52,51801",4030623.0,Ernst-Reuter-Platz,3454.0,49.0
196709,11,1,,2019,7,12,2,3,6,4,0,0,1,1,0,0,0,0,"793525,957","5829210,274","13,32838","52,53372",1022101.0,Huttenkiez,3558.0,50.0
196710,11,7,,2019,6,1,1,3,1,1,2,0,1,0,0,0,1,0,"794778,0893","5823180,565","13,34144","52,47899",7020202.0,Volkspark (Rudolf-Wilde-Park),3742.0,48.0
196711,11,2,,2019,6,22,1,2,0,7,2,1,0,0,0,0,0,0,"799601,1341","5824503,216","13,41344","52,48822",2020206.0,Graefekiez,4845.0,36.0
196712,11,9,,2019,7,11,2,3,0,1,0,0,0,0,1,0,0,1,"810268,3673","5821460,143","13,56721","52,455",9051901.0,Dammvorstadt,7035.0,48.0
196713,11,5,,2019,6,20,1,3,1,5,0,0,1,0,1,0,0,0,"779536,6596","5820269,882","13,11518","52,46091",5040936.0,Jägerallee,337.0,65.0
196714,11,2,,2019,7,10,2,3,3,6,0,1,0,0,0,0,0,0,"799955,6547","5825745,245","13,41976","52,49916",2030301.0,Oranienplatz,4848.0,3.0
196715,11,10,,2019,6,19,1,3,5,2,0,1,1,0,0,0,0,0,"811146,4761","5831554,512","13,58952","52,54496",10020413.0,Gut Hellersdorf,7461.0,52.0
196716,11,9,,2019,6,19,1,2,2,6,0,0,1,0,0,0,0,0,"815064,5183","5820951,434","13,63708","52,4477",9051702.0,Bölschestraße,8133.0,62.0
196717,11,9,,2019,7,9,2,3,5,3,0,1,1,0,0,0,0,0,"811469,4916","5819215,162","13,58274","52,4342",9041301.0,Kietzer Feld/Nachtheide,7329.0,64.0
196718,11,8,,2019,7,8,2,3,2,6,0,0,1,0,0,0,0,0,"802330,9788","5817854,9","13,4475","52,42713",8030830.0,Gropiusstadt Süd,5327.0,45.0
196719,11,2,,2019,6,19,1,3,5,2,0,1,1,0,0,0,0,0,"798928,8119","5826354,028","13,40523","52,50518",2010103.0,Moritzplatz,4650.0,45.0
196720,11,3,,2019,6,16,1,3,5,3,0,1,1,0,0,0,0,0,"799820,3778","5839323,761","13,43004","52,62095",3020307.0,Buchholz,5084.0,63.0
196721,11,1,,2019,7,8,2,3,1,5,0,1,1,0,0,0,0,0,"799418,4389","5827294,228","13,41326","52,51334",1011305.0,Heine-Viertel West,4852.0,45.0
196722,11,8,,2019,6,15,1,2,5,3,0,1,1,0,0,0,0,0,"801850,273","5823048,387","13,44514","52,47395",8010404.0,Rixdorf,5241.0,60.0
196723,11,1,,2019,7,7,2,3,5,3,0,0,1,0,0,1,0,0,"798905,8935","5826711,275","13,40521","52,5084",1011305.0,Heine-Viertel West,4651.0,31.0
196724,11,7,,2019,6,14,1,2,6,7,0,0,1,1,0,0,0,0,"798432,2784","5818434,752","13,39085","52,43447",7050505.0,Hundsteinweg,4429.0,58.0
196725,11,8,,2019,7,6,2,3,5,3,0,1,1,0,0,0,0,0,"801443,2959","5822513,521","13,43869","52,46938",8010213.0,Körnerpark,5139.0,41.0
196726,11,2,,2019,6,14,1,3,5,2,0,0,1,0,1,0,0,0,"799988,2835","5826203,908","13,42065","52,50326",2030301.0,Oranienplatz,4949.0,42.0
196727,11,12,,2019,7,3,2,3,9,1,2,0,1,0,0,0,0,0,"792360,1207","5834078,232","13,31552","52,57799",12301203.0,Wittenau Süd,3371.0,40.0
196728,11,4,,2019,6,9,1,3,1,5,0,1,1,0,0,0,0,0,"792731,9769","5826231,614","13,31408","52,50745",4030827.0,Karl-August-Platz,3350.0,22.0
196729,11,5,,2019,6,13,1,3,1,5,0,0,1,0,0,0,0,0,"784581,6512","5828258,844","13,19606","52,52994",5020625.0,Borkumer Straße,1557.0,28.0
196730,11,2,,2019,7,18,2,3,6,4,0,1,0,1,0,0,0,0,"798368,6026","5826331,871","13,39698","52,50529",2010102.0,Mehringplatz,4550.0,26.0
196731,11,7,,2019,7,16,2,3,5,2,0,1,1,0,0,0,0,1,"796154,7725","5824372,783","13,36271","52,48894",7010104.0,Dennewitzplatz,4045.0,42.0
196732,11,3,,2019,6,12,1,3,5,2,0,0,1,0,0,0,0,0,"803004,6317","5832010,457","13,47025","52,55363",3051022.0,Hansastraße,5664.0,53.0
196733,11,12,,2019,7,15,2,3,2,2,0,0,1,0,0,0,0,0,"789911,1969","5835708,502","13,28091","52,59391",12214527.0,Alt-Tegel,2876.0,40.0
196734,11,8,,2019,6,12,1,3,5,7,0,1,1,0,0,0,0,0,"803474,136","5817722,003","13,46414","52,42531",8030831.0,Gropiusstadt Ost,5526.0,58.0
196735,11,3,,2019,7,15,2,3,5,2,0,1,1,0,0,0,0,0,"796755,7147","5834013,366","13,38015","52,57503",3040513.0,Schönholz,4370.0,59.0
196736,11,2,,2019,6,11,1,3,2,2,0,1,1,0,0,0,0,0,"799900,5797","5825981,665","13,41917","52,50131",2030301.0,Oranienplatz,4849.0,28.0
196737,11,7,,2019,7,14,2,2,3,6,0,0,1,0,0,0,1,1,"795277,8482","5821864,862","13,34762","52,46693",7030303.0,Grazer Platz,3839.0,63.0
196738,11,3,,2019,6,11,1,3,3,6,0,1,1,0,0,0,0,0,"800658,303","5831907,518","13,43565","52,55401",3050923.0,Weißenseer Spitze,5164.0,53.0
196739,11,8,,2019,7,14,2,3,2,6,0,0,1,0,0,0,0,1,"800354,7716","5824288,335","13,42431","52,48588",8010211.0,Flughafenstraße,4944.0,25.0
196740,11,11,,2019,6,10,1,3,5,3,0,0,1,0,0,1,0,0,"804756,0021","5830828,474","13,49492","52,54206",11020514.0,Große-Leege-Straße,6061.0,59.0
196741,11,10,,2019,6,10,1,3,5,3,0,1,1,0,0,0,0,0,"809009,1675","5828147,121","13,55494","52,51564",10030724.0,Oberfeldstraße,6953.0,63.0
196742,11,10,,2019,7,14,2,3,5,2,0,1,1,0,0,0,0,0,"810594,7828","5825410,463","13,57568","52,49021",10040830.0,Kaulsdorf Süd,7245.0,63.0
196743,11,4,,2019,6,9,1,3,1,5,0,1,1,0,0,0,0,0,"792654,1243","5824213,901","13,31117","52,4894",4051445.0,Eisenzahnstraße,3245.0,33.0
196744,11,6,,2019,7,14,2,3,2,5,0,0,0,0,1,0,1,1,"793812,04","5820841,254","13,3252","52,45854",6010102.0,Schloßstraße,3436.0,49.0
196745,11,6,,2019,6,8,1,2,0,1,0,1,0,0,0,0,0,0,"790831,17","5817467,494","13,27851","52,42989",6030504.0,Teltower Damm,2728.0,63.0
196746,11,1,,2019,6,11,7,3,5,5,0,1,1,0,0,0,0,0,"794158,4919","5831550,748","13,33975","52,55436",1044101.0,Rehberge,3764.0,45.0
196747,11,7,,2019,7,14,2,3,2,6,0,0,1,0,1,0,0,1,"797713,5378","5820780,203","13,3824","52,45588",7040403.0,Manteuffelstraße,4335.0,53.0
196748,11,10,,2019,6,2,7,3,5,3,2,0,1,0,0,0,0,0,"808205,9278","5829234,058","13,54415","52,52583",10010309.0,Springpfuhl,6756.0,65.0
196749,11,9,,2019,7,13,2,3,0,4,0,0,0,1,0,0,1,0,"811026,3","5821821,717","13,57867","52,45781",9051901.0,Dammvorstadt,7236.0,45.0
196750,11,6,,2019,6,16,7,2,2,7,0,0,1,0,1,0,0,0,"789701,5193","5818415,231","13,26277","52,43899",6040807.0,Zehlendorf Eiche,2530.0,60.0
196751,11,12,,2019,7,13,2,3,3,6,0,0,1,0,0,0,0,0,"791036,2005","5831136,572","13,29346","52,55233",12214125.0,Waldidyll/Flughafensee,3064.0,60.0
196752,11,2,,2019,6,23,7,3,0,7,2,0,0,1,1,0,0,0,"801501,19","5826062,753","13,44275","52,50116",2030302.0,Lausitzer Platz,5249.0,5.0
196753,11,1,,2019,7,20,2,3,3,6,1,1,1,0,0,0,0,0,"795561,2428","5830011,645","13,35901","52,53981",1044202.0,Sparrplatz,3960.0,55.0
196754,11,1,,2019,6,22,7,3,5,2,2,0,1,0,0,0,0,0,"797648,9525","5831852,019","13,39135","52,55517",1033102.0,Gesundbrunnen,4464.0,34.0
196755,11,8,,2019,6,21,7,3,0,7,1,1,0,0,0,0,0,0,"800543,0996","5823379,065","13,42626","52,47763",8010117.0,Schillerpromenade,4942.0,18.0