OBJECTID,LAND,BEZ,LOR_ab_2021,UJAHR,UMONAT,USTUNDE,UWOCHENTAG,UKATEGORIE,UART,UTYP1,ULICHTVERH,IstRad,IstPKW,IstFuss,IstKrad,IstGkfz,IstSonstige,USTRZUSTAND,LINREFX,LINREFY,XGCSWGS84,YGCSWGS84,LOR,STRASSE,quadrant,quadrant_rank
196756,11,4,,2019,7,19,2,3,5,2,0,0,1,0,0,0,0,0,"792725,1291","5826103,911","13,31387","52,50631",4030827.0,Karl-August-Platz,3350.0,22.0
196757,11,8,,2019,7,19,2,3,2,6,0,0,1,0,0,0,0,0,"803431,0172","5822934,288","13,46824","52,47205",8010508.0,Weiße Siedlung,5640.0,62.0
196758,11,3,,2019,6,21,7,3,5,2,1,1,0,0,0,0,1,0,"798413,1376","5831835,748","13,40257","52,5546",3061126.0,Arnimplatz,4664.0,42.0
196759,11,8,,2019,7,17,2,3,3,6,0,0,1,0,1,0,0,1,"801122,5208","5821889,111","13,43342","52,46396",8010118.0,Silbersteinstraße,5138.0,54.0
196760,11,9,,2019,6,19,7,3,3,6,0,0,1,0,1,0,0,0,"812052,4731","5821236,096","13,59318","52,45197",9051901.0,Dammvorstadt,7434.0,57.0
196761,11,2,,2019,7,17,2,3,5,2,0,1,1,0,0,0,0,0,"800606,8729","5827135,253","13,43058","52,51126",2040701.0,Andreasviertel,5052.0,43.0
196762,11,4,,2019,6,19,7,2,5,2,0,1,1,0,0,0,0,0,"793299,0246","5822853,377","13,31944","52,47686",4041344.0,Rüdesheimer Platz,3441.0,51.0
196763,11,1,,2019,7,17,2,3,2,6,0,0,1,0,0,1,0,1,"796940,69","5831934,764","13,38101","52,55629",1044201.0,Reinickendorfer Straße,4365.0,7.0
196764,11,4,,2019,6,18,7,3,1,5,0,1,1,0,0,0,0,0,"792301,5399","5825849,221","13,30742","52,50425",4030929.0,Hindemithplatz,3249.0,57.0
196765,11,4,,2019,6,18,7,3,5,2,0,1,1,0,0,0,0,0,"791715,8339","5824838,279","13,29793","52,4955",4031032.0,Halensee,3047.0,56.0
196766,11,12,,2019,7,17,2,2,2,6,0,0,1,0,1,0,0,1,"791089,7839","5834248,94","13,29698","52,5802",12214125.0,Waldidyll/Flughafensee,3072.0,57.0
196767,11,8,,2019,6,18,7,3,0,2,0,1,1,0,0,0,0,0,"804043,9623","5818546,518","13,47324","52,43238",8041035.0,Blumenviertel,5628.0,61.0
196768,11,3,,2019,7,17,2,3,5,3,0,1,1,0,0,0,0,1,"801757,5367","5829166,315","13,44933","52,52883",3061435.0,Conrad-Blenkle-Straße,5357.0,55.0
196769,11,10,,2019,6,18,7,3,5,2,0,0,1,0,0,0,0,0,"812999,8623","5830221,46","13,61551","52,53195",10020517.0,Adele-Sandrock-Straße,7858.0,63.0
196770,11,9,,2019,7,16,2,3,2,6,0,1,1,0,0,0,0,1,"810656,6321","5821397,835","13,57285","52,45422",9051901.0,Dammvorstadt,7135.0,62.0
196771,11,1,,2019,6,17,7,3,0,1,0,0,0,0,0,0,1,0,"796904,2531","5827633,855","13,37663","52,51776",1011102.0,Großer Tiergarten,4253.0,46.0
196772,11,3,,2019,7,11,2,3,0,5,0,1,1,0,0,0,0,0,"799738,6459","5834314,725","13,4243","52,57609",3040614.0,Pankow Zentrum,4970.0,56.0
196773,11,2,,2019,6,15,7,2,6,2,0,0,1,1,0,0,0,0,"797100,5698","5824292,882","13,37653","52,48771",2020203.0,Viktoriapark,4245.0,40.0
196774,11,8,,2019,6,15,7,3,2,6,0,0,1,0,0,0,0,0,"803213,1364","5822744,88","13,46487","52,47047",8010508.0,Weiße Siedlung,5540.0,55.0
196775,11,10,,2019,7,15,2,3,6,4,0,0,1,1,0,0,0,0,"811266,4246","5829672,22","13,58953","52,52802",10020620.0,Kaulsdorf Nord II,7456.0,63.0
196776,11,10,,2019,6,13,7,3,5,3,0,0,1,0,0,0,0,0,"811879,0721","5827271,558","13,59628","52,50616",10040829.0,Alt-Kaulsdorf,7550.0,63.0
196777,11,8,,2019,7,16,2,3,2,6,0,0,1,0,0,0,0,1,"801319,813","5820399,597","13,43497","52,4505",8020620.0,Tempelhofer Weg,5134.0,50.0
196778,11,11,,2019,6,12,7,2,5,7,0,0,1,0,1,0,0,0,"803425,487",5830121,"13,47471","52,53646",11020515.0,Landsberger Allee,5759.0,55.0
196779,11,4,,2019,7,18,2,3,1,7,0,1,1,0,0,0,0,0,"794145,4318","5825846,71","13,33451","52,50324",4030931.0,Breitscheidplatz,3649.0,23.0
196780,11,8,,2019,6,11,7,3,0,1,0,1,0,0,0,0,0,0,"801246,5312","5821555,488","13,43493","52,4609",8020619.0,Buschkrugallee Nord,5137.0,55.0
196781,11,1,,2019,7,22,1,3,6,4,1,0,1,1,0,0,0,0,"796271,4394","5828338,323","13,36796","52,52442",1022206.0,Lüneburger Straße,4155.0,51.0
196782,11,3,,2019,6,11,7,3,5,3,0,0,1,0,0,0,0,0,"800942,4565","5833548,097","13,44132","52,56856",3030715.0,Heinersdorf,5268.0,60.0
196783,11,3,,2019,6,11,7,2,5,2,0,1,1,0,0,0,0,0,"801611,9859","5836123,765","13,45351","52,59127",3030711.0,Blankenburg,5375.0,58.0
196784,11,1,,2019,7,21,1,3,3,2,1,1,0,0,0,0,0,0,"799248,351","5828469,191","13,41182","52,52397",1011303.0,Alexanderplatzviertel,4755.0,4.0
196785,11,1,,2019,7,21,1,3,0,3,1,0,1,0,1,0,0,0,"794201,232","5828859,367","13,33799","52,53021",1022104.0,Emdener Straße,3657.0,63.0
196786,11,4,,2019,6,8,7,3,0,7,0,0,1,0,1,0,0,0,"792760,5315","5824204,829","13,31272","52,48926",4051549.0,Rathaus Wilmersdorf,3345.0,42.0
196787,11,1,,2019,6,7,7,3,5,2,0,1,1,0,0,0,0,0,"799979,7407","5826934,649","13,42119","52,50981",1011306.0,Heine-Viertel Ost,4951.0,32.0
196788,11,1,,2019,7,20,1,3,5,3,0,0,1,0,0,0,0,0,"796229,7017","5828195,766","13,36722","52,52317",1022206.0,Lüneburger Straße,4155.0,51.0
196789,11,12,,2019,6,7,7,3,4,6,0,0,1,0,0,0,0,0,"790571,2448","5840566,436","13,2949","52,63711",12231102.0,Frohnau,3088.0,63.0
196790,11,4,,2019,7,19,1,3,0,1,0,1,0,0,0,0,0,0,"790580,4066","5827338,566","13,28344","52,51852",4020310.0,Park Ruhwald,2854.0,17.0
196791,11,2,,2019,6,1,7,3,5,3,2,0,1,0,0,0,0,0,"800627,9797","5825679,485","13,42958","52,4982",2030401.0,Reichenberger Straße,5048.0,24.0
196792,11,2,,2019,6,1,7,3,1,5,2,1,0,0,0,0,1,0,"799843,0622","5825799,208","13,41816","52,49971",2030301.0,Oranienplatz,4848.0,3.0
196793,11,8,,2019,7,17,1,3,5,2,0,0,1,0,0,0,0,0,"802292,3146","5817835,171","13,44691","52,42697",8030830.0,Gropiusstadt Süd,5327.0,45.0
196794,11,7,,2019,6,19,6,3,5,2,0,0,1,0,0,0,1,0,"798706,1289","5819881,484","13,39616","52,44729",7050503.0,Eisenacher Straße,4533.0,65.0
196795,11,9,,2019,6,19,6,3,5,2,0,0,1,0,0,0,0,0,"808250,7191","5818800,828","13,53516","52,43231",9020701.0,Adlershof West,6628.0,57.0
196796,11,5,,2019,7,17,1,3,9,1,0,0,1,0,0,0,0,0,"780637,3165","5821692,196","13,13253","52,4731",5040936.0,Jägerallee,640.0,64.0
196797,11,11,,2019,6,14,6,3,6,4,0,0,1,1,0,0,0,0,"807247,6831","5825496,587","13,52662","52,49288",11051330.0,Karlshorst West,6446.0,50.0
196798,11,12,,2019,7,16,1,3,5,3,0,1,1,0,0,0,0,0,"794740,7502","5838687,41","13,35466","52,61802",12301206.0,Lübars,3983.0,63.0
196799,11,7,,2019,7,13,1,3,6,4,0,1,0,1,0,0,0,0,"795512,381","5824867,472","13,35372","52,49372",7010103.0,Barbarossaplatz,3946.0,62.0
196800,11,3,,2019,6,6,6,3,5,7,0,0,1,0,0,0,1,0,"800290,521","5829035,477","13,42765","52,52847",3071639.0,Bötzowstraße,5057.0,58.0
196801,11,1,,2019,7,12,1,3,5,2,0,0,1,0,0,0,0,0,"795661,4035","5829740,156","13,36024","52,53732",1022202.0,Heidestraße,4059.0,30.0
196802,11,1,,2019,6,15,6,3,5,2,0,1,1,0,0,0,0,0,"798680,829","5828662,061","13,40366","52,52601",1011302.0,Oranienburger Straße,4656.0,41.0
196803,11,4,,2019,7,8,1,2,5,3,0,1,1,0,0,0,0,0,"789237,8529","5825321,467","13,26195","52,50115",4020209.0,Eichkamp,2549.0,65.0
196804,11,12,,2019,6,20,6,3,9,1,0,0,1,0,0,0,0,0,"787842,8368","5836262,58","13,25094","52,59998",12214528.0,Tegeler Forst,2377.0,65.0
196805,11,3,,2019,6,19,6,3,1,5,0,1,0,0,0,0,1,0,"799072,3324","5830202,197","13,41079","52,5396",3071536.0,Teutoburger Platz,4760.0,20.0
196806,11,7,,2019,7,5,1,3,5,3,0,0,1,0,0,0,1,0,"799766,1506","5813974,903","13,40642","52,39376",7070703.0,John-Locke-Straße,4617.0,61.0
196807,11,8,,2019,7,16,7,3,5,2,0,1,1,0,0,0,0,0,"801756,5459","5822592,377","13,44336","52,46991",8010404.0,Rixdorf,5239.0,47.0
196808,11,1,,2019,6,18,6,3,5,2,0,1,1,0,0,0,0,0,"794896,1033","5830252,689","13,34944","52,54233",1044202.0,Sparrplatz,3861.0,37.0
196809,11,4,,2019,6,17,6,3,5,2,0,1,0,0,0,0,0,0,"790479,6378","5826641,785","13,28135","52,51233",4020313.0,Königin-Elisabeth-Straße,2852.0,40.0
196810,11,5,,2019,7,23,7,3,6,4,2,0,1,1,0,0,0,1,"784697,6458","5828614,104","13,19807","52,53306",5020625.0,Borkumer Straße,1658.0,8.0
196811,11,5,,2019,6,17,6,3,5,3,0,1,1,0,0,0,0,0,"785253,1509","5829957,841","13,20739","52,54482",5010312.0,Kurstraße,1761.0,52.0
196812,11,1,,2019,7,23,7,3,5,2,2,0,1,0,0,0,0,0,"794594,2404","5826083,261","13,34131","52,50511",1011101.0,Stülerstraße,3750.0,33.0
196813,11,3,,2019,6,17,6,3,2,2,0,0,1,0,0,0,0,0,"800324,457","5831637,07","13,4305","52,55177",3050923.0,Weißenseer Spitze,5063.0,29.0
196814,11,1,,2019,6,16,6,3,5,2,0,0,0,0,1,0,1,0,"798822,0794","5829758,526","13,40672","52,53576",1011402.0,Arkonaplatz,4759.0,53.0
196815,11,8,,2019,7,23,7,2,0,1,2,0,0,0,1,0,0,1,"807011,1319","5817448,658","13,51574","52,42088",8041040.0,Waltersdorfer Chaussee Ost,6325.0,65.0
196816,11,1,,2019,6,15,6,3,5,2,0,1,1,0,0,0,0,0,"795757,7206","5826336,517","13,35863","52,50675",1011105.0,Nördlicher Landwehrkanal,3950.0,58.0
196817,11,6,,2019,6,16,6,3,5,2,0,0,1,0,1,0,0,0,"795875,2965","5818157,812","13,3531","52,43338",6020301.0,Alt-Lankwitz,3929.0,55.0
196818,11,1,,2019,7,22,7,2,0,1,2,1,0,0,0,0,0,1,"796682,4822","5828761,339","13,37437","52,52799",1011301.0,Charitéviertel,4256.0,57.0
196819,11,7,,2019,6,14,6,3,1,5,0,1,1,0,0,0,0,0,"794206,3047","5822834,676","13,33274","52,4762",7030301.0,Friedenau,3641.0,57.0
196820,11,1,,2019,7,22,7,3,2,6,2,0,1,0,0,0,0,1,"798476,0823","5829093,556","13,40103","52,52999",1011401.0,Invalidenstraße,4657.0,9.0
196821,11,2,,2019,6,13,6,3,5,2,0,1,1,0,0,0,0,0,"800454,7594","5828446,586","13,42953","52,5231",2040502.0,Friedenstraße,5055.0,41.0
196822,11,12,,2019,6,13,6,3,5,2,0,1,1,0,0,0,0,0,"790134,1398","5835780,557","13,28426","52,59444",12214527.0,Alt-Tegel,2876.0,40.0
196823,11,8,,2019,7,20,7,3,0,1,2,0,1,0,0,0,0,1,"802599,2619","5823079,12","13,45617","52,47381",8010404.0,Rixdorf,5441.0,34.0
196824,11,7,,2019,7,21,7,3,6,2,2,0,1,1,0,0,0,1,"798194,1354","5818928,886","13,3878","52,43903",7050502.0,Fritz-Werner-Straße,4430.0,31.0
196825,11,1,,2019,6,12,6,3,5,2,0,1,1,0,0,0,0,0,"798447,3453","5830182,449","13,40159","52,53976",1033201.0,Brunnenstraße,4660.0,51.0
196826,11,2,,2019,6,12,6,3,5,7,0,0,0,0,1,0,1,0,"800527,2867","5826893,123","13,42919","52,50914",2040701.0,Andreasviertel,5051.0,33.0
196827,11,1,,2019,7,20,7,3,5,3,1,1,1,0,0,0,0,1,"799107,7148","5828312,713","13,40961","52,52264",1011303.0,Alexanderplatzviertel,4755.0,4.0
196828,11,1,,2019,6,12,6,3,5,3,0,1,1,0,0,0,0,0,"797712,969","5831816,403","13,39226","52,55481",1033102.0,Gesundbrunnen,4464.0,34.0
196829,11,1,,2019,7,20,7,3,0,2,0,1,1,0,0,0,0,1,"796974,6142","5826705,66","13,37683","52,5094",1011201.0,Wilhelmstraße,4251.0,2.0
196830,11,2,,2019,6,11,6,3,5,2,0,1,1,0,0,0,0,0,"797968,3589","5826183,735","13,39097","52,50418",2010102.0,Mehringplatz,4449.0,28.0
196831,11,3,,2019,6,11,6,3,6,3,0,0,1,1,0,0,0,0,"800080,2447","5837504,432","13,43222","52,6045",3020307.0,Buchholz,5079.0,56.0
196832,11,1,,2019,6,11,6,3,5,5,0,1,1,0,0,0,0,0,"798905,8849","5827778,986","13,40617","52,51797",1011303.0,Alexanderplatzviertel,4653.0,53.0
196833,11,1,,2019,7,19,7,3,2,6,0,0,1,0,0,0,0,1,"795917,1726","5831071,219","13,36518","52,54911",1044201.0,Reinickendorfer Straße,4063.0,55.0
196834,11,11,,2019,6,10,6,3,2,6,0,0,1,0,0,1,0,0,"806286,0713","5833869,547","13,52021","52,56846",11010205.0,Falkenberg West,6368.0,50.0
196835,11,1,,2019,7,19,7,3,5,3,0,1,1,0,0,0,0,1,"798599,5543","5828883,098","13,40266","52,52803",1011302.0,Oranienburger Straße,4656.0,41.0
196836,11,1,,2019,6,10,6,3,0,3,0,1,1,0,0,0,0,0,"798085,2802","5828844,477","13,39507","52,52797",1011302.0,Oranienburger Straße,4556.0,46.0
196837,11,4,,2019,7,19,7,3,0,3,0,1,0,0,1,0,0,1,"792317,0258","5825786,679","13,30759","52,50368",4030929.0,Hindemithplatz,3249.0,57.0
196838,11,2,,2019,6,9,6,3,5,3,0,1,1,0,0,0,0,0,"798453,5361","5826533,08","13,39841","52,50705",2010102.0,Mehringplatz,4550.0,26.0
196839,11,2,,2019,7,19,7,3,5,3,0,0,1,0,0,0,1,1,"801647,2945","5828891,117","13,44746","52,52643",2050601.0,Hausburgviertel,5356.0,13.0
196840,11,12,,2019,6,18,6,3,2,6,0,0,1,0,0,0,0,0,"790177,4224","5833687,566","13,28306","52,57565",12214125.0,Waldidyll/Flughafensee,2870.0,60.0
196841,11,6,,2019,7,18,7,3,5,2,0,1,1,0,0,0,0,0,"793998,2319","5820417,777","13,32756","52,45465",6010207.0,Mittelstraße,3535.0,50.0
196842,11,8,,2019,6,22,6,3,0,1,2,1,0,0,0,0,0,0,"801007,001","5823898,101","13,43353","52,48203",8010303.0,Donaustraße,5143.0,6.0
196843,11,6,,2019,7,18,7,3,0,1,0,0,0,0,1,0,0,0,"792746,9613","5821673,95","13,3103","52,46658",6010103.0,Markelstraße,3238.0,58.0
196844,11,9,,2019,6,17,6,2,0,1,0,1,0,0,0,0,0,0,"809410,9664","5819698,163","13,553","52,43969",9020702.0,Adlershof Ost,6831.0,61.0
196845,11,7,,2019,6,17,6,2,6,4,0,0,1,1,0,0,0,0,"794249,1425","5822049,941","13,33268","52,46914",7030301.0,Friedenau,3639.0,45.0
196846,11,10,,2019,7,17,7,3,0,1,0,0,0,0,1,0,0,0,"809003,1114","5828156,146","13,55486","52,51572",10030724.0,Oberfeldstraße,6953.0,63.0
196847,11,1,,2019,6,13,6,3,1,5,0,0,1,0,0,0,0,0,"795322,236","5828685,164","13,35431","52,52804",1022201.0,Stephankiez,3956.0,59.0
196848,11,4,,2019,7,17,7,3,5,2,0,0,1,0,0,0,0,0,"793305,7169","5823616,131","13,32021","52,48369",4051549.0,Rathaus Wilmersdorf,3443.0,52.0
196849,11,11,,2019,6,12,6,2,5,3,0,1,1,0,0,0,0,0,"803791,8113","5826174,81","13,47649","52,50089",11051229.0,Rummelsburg,5749.0,42.0
196850,11,9,,2019,6,11,6,3,2,6,0,0,1,0,0,0,0,0,"809359,7152","5818488,514","13,55113","52,42888",9020701.0,Adlershof West,6827.0,50.0
196851,11,1,,2019,7,16,7,3,5,3,0,1,1,0,0,0,0,0,"796618,5167","5831283,447","13,37569","52,55063",1044201.0,Reinickendorfer Straße,4263.0,51.0
196852,11,4,,2019,6,9,6,3,5,2,0,1,1,0,0,0,0,0,"791185,0101","5827436,59","13,29241","52,51908",4030415.0,Schloßgarten,3054.0,54.0
196853,11,1,,2019,7,15,7,3,5,3,0,0,1,0,0,0,0,0,"795728,4739","5828198,076","13,35985","52,52346",1022206.0,Lüneburger Straße,4055.0,49.0
196854,11,4,,2019,6,9,6,3,1,5,0,1,1,0,0,0,0,0,"794381,5917","5826079,931","13,33818","52,5052",4030931.0,Breitscheidplatz,3650.0,32.0
196855,11,4,,2019,7,15,7,3,6,6,0,1,0,1,0,0,0,0,"793574,7104","5823692,292","13,32423","52,48423",4051654.0,Wilhelmsaue,3444.0,24.0
196856,11,1,,2019,6,9,6,3,5,2,0,1,0,0,1,0,0,0,"799797,2592","5828614,646","13,42002","52,52497",1011303.0,Alexanderplatzviertel,4956.0,45.0
196857,11,5,,2019,7,13,7,3,0,6,0,0,1,0,1,0,0,0,"781189,6462","5829145,556","13,14694","52,53965",5020416.0,Am Heideberg,860.0,65.0
196858,11,9,,2019,6,9,6,3,6,7,0,1,1,1,0,0,0,0,"808859,3255","5819320,777","13,54457","52,43662",9020702.0,Adlershof Ost,6730.0,64.0
196859,11,8,,2019,6,8,6,3,6,2,0,0,1,1,0,0,0,0,"801015,2133","5823882,811","13,43364","52,48189",8010303.0,Donaustraße,5143.0,6.0
196860,11,1,,2019,7,12,7,3,5,2,0,0,1,0,1,0,0,0,"794242,4048","5827698,748","13,33757","52,51979",1022106.0,Elberfelder Straße,3654.0,56.0
196861,11,3,,2019,7,12,7,3,7,7,0,1,0,0,0,0,0,0,"803121,0519","5841341,387","13,4805","52,6372",3010101.0,Bucher Forst,5888.0,64.0
196862,11,4,,2019,6,8,6,3,5,2,0,1,1,0,0,0,0,0,"790027,0456","5825235,312","13,27347","52,49996",4020314.0,Messegelände,2748.0,55.0
196863,11,9,,2019,7,12,7,3,1,5,0,0,1,0,1,0,0,0,"807900,4807","5817171,267","13,52853","52,4179",9030901.0,Dorf Altglienicke,6524.0,59.0
196864,11,2,,2019,6,7,6,2,2,2,0,1,1,0,0,0,0,0,"802551,5568","5826716,408","13,45877","52,50643",2050802.0,Boxhagener Platz,5450.0,55.0
196865,11,7,,2019,7,12,7,3,5,3,0,0,1,0,0,0,0,0,"797023,8502","5820696,636","13,3722","52,45551",7040403.0,Manteuffelstraße,4135.0,49.0
196866,11,6,,2019,6,7,6,3,5,2,0,0,1,0,0,0,0,0,"795522,573","5818639,566","13,34835","52,43788",6020303.0,Lankwitz Kirche,3830.0,60.0
196867,11,4,,2019,6,1,6,3,1,5,2,0,1,0,0,0,0,0,"790500,406","5822799,135","13,2783","52,47787",4041136.0,Hagenplatz,2742.0,61.0
196868,11,1,,2019,7,11,7,3,3,6,0,0,1,0,1,0,0,0,"795893,8553","5831178,079","13,36494","52,55008",1044201.0,Reinickendorfer Straße,4063.0,55.0
196869,11,4,,2019,7,11,7,3,2,6,0,1,0,0,0,0,0,0,"793206,062","5824982,1","13,31995","52,49599",4051447.0,Ludwigkirchplatz,3447.0,60.0
196870,11,8,,2019,6,10,6,3,3,6,0,1,1,0,0,0,0,0,"800927,0675","5824981,543","13,43334","52,49178",8010301.0,Reuterkiez,5046.0,45.0
196871,11,8,,2019,6,9,6,3,3,6,0,1,1,0,0,0,0,0,"801056,51","5822033,322","13,43258","52,46529",8010118.0,Silbersteinstraße,5038.0,31.0
196872,11,6,,2019,7,0,7,3,1,7,2,0,1,0,0,0,0,0,"794887,5171","5821117,357","13,34123","52,46044",6010210.0,Bismarckstraße,3737.0,55.0
196873,11,11,,2019,6,7,5,2,5,3,0,1,1,0,0,0,0,0,"804135,134","5826959,126","13,48225","52,50773",11030824.0,Frankfurter Allee Süd,5851.0,63.0
196874,11,8,,2019,7,6,7,3,4,6,0,0,1,0,0,0,0,0,"800891,2397","5822424,45","13,4305","52,46888",8010118.0,Silbersteinstraße,5039.0,34.0
196875,11,3,,2019,6,13,5,3,6,7,0,0,0,0,0,0,1,0,"801969,6457","5831608,779","13,45466","52,55061",3050924.0,Behaimstraße,5463.0,46.0
196876,11,6,,2019,6,13,5,3,3,6,0,0,1,0,0,0,0,0,"793102,7509","5821491,411","13,31536","52,46475",6010103.0,Markelstraße,3338.0,53.0
196877,11,1,,2019,7,12,6,3,5,2,0,1,1,0,0,0,0,0,"796995,333","5826616,688","13,37706","52,50859",1011201.0,Wilhelmstraße,4251.0,2.0
196878,11,1,,2019,6,13,5,3,0,1,0,1,1,0,0,0,0,0,"796739,4438","5831179,813","13,37737","52,54964",1033203.0,Humboldthain Nordwest,4263.0,51.0
196879,11,10,,2019,7,22,6,3,5,3,2,0,1,0,0,0,0,0,"807806,7729","5830769,164","13,5397","52,53982",10010310.0,Alt-Marzahn,6660.0,39.0
196880,11,1,,2019,6,13,5,3,5,3,0,0,1,0,0,0,0,0,"797883,308","5828175,623","13,3915","52,52208",1011202.0,Unter den Linden Nord,4455.0,27.0
196881,11,8,,2019,7,22,6,3,3,6,2,0,1,0,0,0,0,0,"801000,8005","5822169,259","13,43188","52,46654",8010118.0,Silbersteinstraße,5038.0,31.0
196882,11,4,,2019,6,13,5,3,5,3,0,1,1,0,0,0,0,0,"793925,4149","5825819,93","13,33125","52,50311",4030931.0,Breitscheidplatz,3549.0,24.0
196883,11,7,,2019,7,21,6,3,5,2,2,1,1,0,0,0,0,0,"794958,3265","5825672,779","13,3463","52,50124",7010102.0,Nollendorfplatz,3849.0,22.0
196884,11,9,,2019,6,12,5,3,3,6,0,0,1,0,1,0,0,0,"805649,7171","5824192,171","13,50196","52,48208",9020501.0,Oberschöneweide West,6143.0,61.0
196885,11,4,,2019,6,12,5,3,1,5,0,0,1,0,1,0,0,0,"793324,9099","5826616,973","13,32313","52,51058",4030828.0,Savignyplatz,3451.0,50.0
196886,11,6,,2019,7,21,6,2,5,2,0,0,1,0,1,0,0,0,"793657,5625","5820601,348","13,32272","52,45648",6010102.0,Schloßstraße,3436.0,49.0
196887,11,1,,2019,7,20,6,2,5,3,1,1,1,0,0,0,0,0,"796219,0498","5831513,523","13,37002","52,55291",1044201.0,Reinickendorfer Straße,4164.0,52.0
196888,11,1,,2019,6,11,5,2,5,3,0,0,0,0,0,1,1,0,"797539,0527","5828717,911","13,38693","52,52713",1011301.0,Charitéviertel,4456.0,28.0
196889,11,1,,2019,6,11,5,3,1,5,0,0,1,0,0,0,0,0,"799331,6871","5828898,165","13,41343","52,52777",1011303.0,Alexanderplatzviertel,4856.0,19.0
196890,11,1,,2019,7,20,6,3,5,3,0,1,0,0,0,0,0,0,"797636,6403","5828196,664","13,38789","52,52241",1011301.0,Charitéviertel,4455.0,27.0
196891,11,10,,2019,6,20,5,3,5,2,0,0,1,0,0,0,0,0,"806333,1107","5830185,38","13,51751","52,53541",10010308.0,Marzahner Chaussee,6359.0,27.0
196892,11,1,,2019,7,19,6,3,0,2,0,0,1,0,0,0,1,0,"796957,2949","5828901,48","13,37854","52,5291",1011301.0,Charitéviertel,4257.0,20.0
196893,11,4,,2019,6,19,5,3,5,2,0,1,1,0,0,0,0,0,"792534,6947","5826124,038","13,31109","52,50659",4030827.0,Karl-August-Platz,3250.0,40.0
196894,11,9,,2019,7,18,6,3,3,6,0,0,1,0,0,0,1,0,"814208,3887","5821830,966","13,62536","52,45607",9051702.0,Bölschestraße,7935.0,61.0
196895,11,2,,2019,6,18,5,3,1,5,0,1,1,0,0,0,1,0,"799806,165","5826018,287","13,41781","52,50169",2030301.0,Oranienplatz,4849.0,28.0
196896,11,7,,2019,7,17,6,3,6,7,0,0,1,1,0,0,0,0,"797837,018","5820910,219","13,38433","52,45698",7040405.0,Rathaus Tempelhof,4336.0,60.0
196897,11,1,,2019,6,11,5,3,4,6,0,1,1,0,0,0,0,0,"796527,3836","5830930,523","13,37403","52,54752",1033203.0,Humboldthain Nordwest,4262.0,53.0
196898,11,7,,2019,7,17,6,2,5,3,0,0,1,0,1,0,0,0,"800806,6752","5814165,505","13,42183","52,3949",7070704.0,Nahariyastraße,4918.0,59.0
196899,11,11,,2019,6,11,5,2,5,3,0,1,1,0,0,0,0,0,"805859,9378","5825309,29","13,50607","52,49198",11041128.0,Sewanstraße,6146.0,58.0
196900,11,6,,2019,7,17,6,3,5,2,0,1,0,0,0,0,1,0,"787645,4759","5818143,439","13,23237","52,43764",6040804.0,Krumme Lanke,2130.0,45.0
196901,11,3,,2019,6,11,5,3,5,2,0,1,0,0,0,0,1,0,"800319,1973","5831543,292","13,43034","52,55093",3061228.0,Erich-Weinert-Straße,5063.0,29.0
196902,11,7,,2019,6,10,5,3,0,2,0,1,0,0,1,0,0,0,"794159,6254","5822101,337","13,33141","52,46965",7030301.0,Friedenau,3539.0,53.0
196903,11,3,,2019,7,16,6,3,5,3,0,1,1,0,0,0,0,0,"798730,7497","5833696,109","13,40892","52,5711",3040614.0,Pankow Zentrum,4769.0,58.0
196904,11,2,,2019,6,18,5,3,6,2,0,0,1,1,0,0,0,0,"798022,917","5825829,122","13,39145","52,50097",2010102.0,Mehringplatz,4449.0,28.0
196905,11,12,,2019,7,16,6,3,2,6,0,0,1,0,0,0,0,0,"793446,0063","5833552,256","13,33104","52,57269",12214421.0,Reinickes Hof,3569.0,53.0
196906,11,9,,2019,6,11,5,3,5,2,0,1,1,0,0,0,0,0,"806503,5934","5822090,995","13,51256","52,46277",9020501.0,Oberschöneweide West,6237.0,55.0
196907,11,2,,2019,7,15,6,3,2,2,0,1,1,0,0,0,0,0,"803194,2148","5828314,02","13,46966","52,5204",2050602.0,Samariterviertel,5654.0,60.0
196908,11,11,,2019,6,10,5,3,5,2,0,0,1,0,0,0,0,0,"802895,6888","5831232,112","13,46794","52,54672",11020513.0,Orankesee,5662.0,47.0
196909,11,3,,2019,7,13,6,3,5,3,0,1,1,0,0,0,0,0,"798668,3551","5831783,475","13,40628","52,55399",3061126.0,Arnimplatz,4664.0,42.0
196910,11,8,,2019,6,18,5,2,0,2,0,1,1,0,0,0,0,0,"803345,9558","5817386,771","13,46196","52,42237",8030831.0,Gropiusstadt Ost,5526.0,58.0
196911,11,3,,2019,6,9,5,3,1,5,0,1,0,0,0,0,1,0,"799576,427","5833167,387","13,42088","52,5659",3040818.0,Pankow Süd,4968.0,61.0
196912,11,2,,2019,7,13,6,3,2,6,0,0,1,0,0,0,0,0,"801730,6899","5826260,025","13,4463","52,5028",2040703.0,Wriezener Bahnhof/Entwicklungsgebiet,5249.0,5.0
196913,11,8,,2019,7,13,6,3,2,6,0,0,1,0,0,0,0,0,"801345,7892","5823484,668","13,43813","52,47814",8010212.0,Rollberg,5142.0,45.0
196914,11,2,,2019,6,18,5,3,6,2,0,0,1,1,0,0,0,0,"797771,9071","5826023,002","13,38794","52,50285",2010101.0,Askanischer Platz,4449.0,28.0
196915,11,1,,2019,6,18,5,3,1,5,0,0,1,0,1,0,0,0,"798111,1918","5828450,983","13,39509","52,52443",1011302.0,Oranienburger Straße,4555.0,52.0
196916,11,9,,2019,7,13,6,3,5,2,0,1,1,0,0,0,0,0,"808328,979","5818868,209","13,53637","52,43287",9020701.0,Adlershof West,6629.0,41.0