OBJECTID,LAND,BEZ,LOR_ab_2021,UJAHR,UMONAT,USTUNDE,UWOCHENTAG,UKATEGORIE,UART,UTYP1,ULICHTVERH,IstRad,IstPKW,IstFuss,IstKrad,IstGkfz,IstSonstige,USTRZUSTAND,LINREFX,LINREFY,XGCSWGS84,YGCSWGS84,LOR,STRASSE,quadrant,quadrant_rank
196917,11,9,,2019,6,18,5,3,0,2,0,0,1,0,0,0,1,0,"804262,418","5823041,172","13,48054","52,47254",9010202.0,Köpenicker Landstraße,5840.0,59.0
196918,11,6,,2019,7,13,6,3,1,5,0,0,1,0,0,0,0,0,"796098,7057","5819848,657","13,35788","52,44841",6010205.0,Südende,3933.0,51.0
196919,11,11,,2019,6,18,5,3,5,2,0,1,1,0,0,0,0,0,"807314,6932","5824798,216","13,52696","52,48658",11051331.0,Karlshorst Nord,6444.0,53.0
196920,11,6,,2019,6,18,5,3,1,5,0,1,1,0,0,0,0,0,"795020,6542","5820946,037","13,34303","52,45883",6010210.0,Bismarckstraße,3736.0,61.0
196921,11,1,,2019,7,12,6,3,5,3,0,1,1,0,0,0,0,0,"796971,3284","5830138,937","13,37985","52,54018",1033202.0,Humboldthain Süd,4360.0,52.0
196922,11,1,,2019,6,18,5,3,2,6,0,0,1,0,0,0,0,0,"794711,6872","5828321,646","13,34502","52,52512",1022204.0,Thomasiusstraße,3756.0,4.0
196923,11,2,,2019,6,18,5,2,1,1,0,0,1,0,0,0,1,0,"800812,6535","5827551,914","13,43398","52,51489",2040701.0,Andreasviertel,5153.0,47.0
196924,11,7,,2019,7,10,6,3,2,2,0,0,1,0,0,0,0,0,"794584,5289","5824222,91","13,33952","52,48844",7020201.0,Bayerischer Platz,3745.0,36.0
196925,11,10,,2019,6,18,5,3,0,1,0,1,0,0,0,0,0,0,"813201,5562","5825948,412","13,61445","52,49354",10040933.0,Mahlsdorf Süd,7746.0,63.0
196926,11,10,,2019,6,17,5,3,1,5,0,1,1,0,0,0,1,0,"810418,6319","5827966,276","13,57548","52,51322",10020622.0,Kaulsdorf Nord I,7252.0,60.0
196927,11,5,,2019,7,8,6,2,2,6,0,0,1,0,1,0,0,0,"786073,8521","5829150,363","13,21876","52,53715",5030730.0,Zitadellenweg,1959.0,49.0
196928,11,11,,2019,6,22,5,3,2,6,2,1,1,0,0,0,0,0,"804434,0952","5826378,33","13,48611","52,50236",11040926.0,Weitlingstraße,5849.0,58.0
196929,11,8,,2019,7,8,6,3,5,3,0,0,1,0,0,0,0,0,"801345,7519","5822037,226","13,43683","52,46516",8010214.0,Glasower Straße,5138.0,54.0
196930,11,2,,2019,6,17,5,3,5,2,0,1,0,0,0,0,0,0,"801555,1079","5828215,375","13,44549","52,52042",2040503.0,Richard-Sorge-Viertel,5254.0,63.0
196931,11,1,,2019,7,8,6,3,5,2,0,1,1,0,0,0,0,0,"794610,9367","5829871,263","13,34491","52,53906",1044202.0,Sparrplatz,3760.0,45.0
196932,11,3,,2019,6,14,5,3,5,3,0,0,1,0,1,0,0,0,"800607,6548","5831410,135","13,43446","52,54958",3061228.0,Erich-Weinert-Straße,5163.0,58.0
196933,11,3,,2019,7,5,6,3,0,1,0,1,0,0,0,0,0,1,"803699,3692","5839174,78","13,48703","52,61746",3030405.0,Karow Nord,5883.0,63.0
196934,11,2,,2019,6,14,5,2,0,6,0,1,1,0,0,0,0,0,"802923,4155","5827120,58","13,4646","52,50985",2050801.0,Traveplatz,5551.0,40.0
196935,11,1,,2019,6,20,5,3,0,1,0,1,0,0,0,0,0,0,"797062,2059","5831443,935","13,38235","52,55183",1033102.0,Gesundbrunnen,4363.0,22.0
196936,11,11,,2019,7,4,6,3,0,1,0,1,0,0,0,0,0,0,"805847,1537","5825253,553","13,50583","52,49149",11041128.0,Sewanstraße,6146.0,58.0
196937,11,2,,2019,7,1,6,3,0,7,2,1,0,0,0,0,1,0,"802560,4139","5827928,408","13,46","52,51729",2050602.0,Samariterviertel,5453.0,1.0
196938,11,4,,2019,6,14,5,3,0,1,0,0,0,0,1,0,0,0,"794466,5839","5825869,977","13,33925","52,50327",4030931.0,Breitscheidplatz,3749.0,17.0
196939,11,7,,2019,6,13,5,3,5,2,0,1,1,0,0,0,0,0,"795224,335","5824372,504","13,34905","52,48944",7020203.0,Kaiser-Wilhelm-Platz,3845.0,63.0
196940,11,5,,2019,7,15,6,2,0,6,0,0,1,0,0,0,1,0,"783736,5229","5828681,152","13,18399","52,53416",5020625.0,Borkumer Straße,1358.0,51.0
196941,11,1,,2019,6,9,5,2,0,1,0,1,0,0,0,0,0,0,"798321,249","5829358,149","13,399","52,53244",1011401.0,Invalidenstraße,4558.0,14.0
196942,11,1,,2019,7,11,5,3,1,5,0,1,1,0,0,0,0,0,"799406,608","5827128,038","13,41294","52,51186",1011305.0,Heine-Viertel West,4752.0,45.0
196943,11,4,,2019,6,9,5,3,5,3,0,1,1,0,0,0,0,0,"792480,1556","5824021,426","13,30844","52,48777",4051549.0,Rathaus Wilmersdorf,3245.0,33.0
196944,11,1,,2019,7,21,5,3,3,6,2,0,1,0,0,0,0,0,"795890,1325","5830457,639","13,36424","52,54363",1044202.0,Sparrplatz,4061.0,48.0
196945,11,6,,2019,6,8,5,2,5,2,0,0,1,0,0,0,0,0,"790171,425","5819776,321","13,27084","52,45094",6040810.0,Dahlem,2634.0,40.0
196946,11,2,,2019,7,20,5,3,5,2,1,0,1,0,0,0,0,0,"797920,715","5825269,913","13,38945","52,49602",2020202.0,Rathaus Yorckstraße,4447.0,16.0
196947,11,1,,2019,6,8,5,3,5,2,0,1,1,0,0,0,0,0,"797103,1269","5828833,209","13,38062","52,5284",1011301.0,Charitéviertel,4357.0,21.0
196948,11,3,,2019,6,8,5,2,5,2,0,1,0,0,0,1,0,0,"800078,4155","5831672,722","13,42691","52,55223",3061227.0,Humannplatz,5064.0,24.0
196949,11,9,,2019,7,17,4,3,5,3,0,0,1,0,1,0,0,0,"813761,8945","5821729,401","13,61871","52,45542",9051702.0,Bölschestraße,7835.0,51.0
196950,11,2,,2019,7,16,4,3,2,6,0,1,0,0,0,0,0,0,"798188,1318","5824839,075","13,39299","52,49201",2020204.0,Urbanstraße,4446.0,12.0
196951,11,1,,2019,7,9,4,3,5,2,0,0,1,0,1,0,0,0,"799115,0867","5828919,538","13,41027","52,52808",1011303.0,Alexanderplatzviertel,4756.0,48.0
196952,11,6,,2019,7,17,4,3,7,7,0,0,0,0,1,0,0,0,"783884,014","5815949,08","13,17532","52,41993",6040701.0,Wannsee,1225.0,49.0
196953,11,1,,2019,7,14,6,3,1,5,0,0,1,0,1,0,0,0,"794616,8478","5829033,27","13,34425","52,53155",1022201.0,Stephankiez,3757.0,51.0
196954,11,4,,2019,7,17,4,3,5,3,0,1,1,0,0,0,0,0,"791485,8681","5827198,794","13,29662","52,51678",4030417.0,Schloßstraße,3053.0,54.0
196955,11,4,,2019,7,16,4,3,3,6,0,0,1,0,1,0,0,0,"793420,5193","5823713,637","13,32198","52,4845",4051654.0,Wilhelmsaue,3444.0,24.0
196956,11,8,,2019,7,8,4,3,1,5,0,1,1,0,0,0,0,0,"801322,5888","5824765,028","13,43895","52,48962",8010301.0,Reuterkiez,5145.0,46.0
196957,11,1,,2019,7,1,5,3,5,2,2,1,1,0,0,0,0,0,"799722,6428","5827561,108","13,41797","52,51557",1011304.0,Karl-Marx-Allee,4853.0,18.0
196958,11,2,,2019,7,20,5,3,2,2,0,0,1,0,0,0,0,0,"803093,6047","5826035,792","13,46611","52,50003",2050803.0,Stralauer Kiez,5548.0,37.0
196959,11,11,,2019,7,20,5,3,5,2,0,1,1,0,0,0,0,0,"802917,9564","5831213,766","13,46825","52,54654",11020513.0,Orankesee,5662.0,47.0
196960,11,1,,2019,7,19,5,3,5,2,0,0,1,0,1,0,0,0,"797828,9459","5830455,588","13,39274","52,54255",1033201.0,Brunnenstraße,4461.0,54.0
196961,11,4,,2019,7,19,5,3,5,2,0,1,1,0,0,0,0,0,"793966,0001","5826166,352","13,33215","52,5062",4030931.0,Breitscheidplatz,3550.0,28.0
196962,11,4,,2019,7,19,5,3,1,5,0,1,1,0,0,0,0,0,"791078,288","5827284,707","13,29071","52,51777",4030416.0,Klausenerplatz,2953.0,57.0
196963,11,2,,2019,7,19,5,3,1,5,0,1,1,0,0,0,0,0,"798698,1815","5825586,243","13,40115","52,49843",2010104.0,Wassertorplatz,4648.0,37.0
196964,11,3,,2019,7,18,5,3,2,6,0,0,1,0,1,0,0,0,"798112,7307","5831832,926","13,39815","52,55474",3061126.0,Arnimplatz,4564.0,57.0
196965,11,9,,2019,7,18,5,3,2,6,0,0,0,0,0,0,1,0,"809722,979","5821551,932","13,5593","52,45613",9051901.0,Dammvorstadt,6935.0,43.0
196966,11,7,,2019,7,15,5,3,5,2,0,1,1,0,0,0,0,0,"796383,0851","5819735,748","13,36195","52,44725",7040404.0,Marienhöhe,4033.0,40.0
196967,11,5,,2019,7,15,5,3,1,5,0,1,1,0,0,0,0,0,"781278,4346","5819380,485","13,14","52,45204",5040938.0,Kafkastraße,734.0,65.0
196968,11,5,,2019,7,17,5,2,5,3,0,0,1,0,1,0,0,0,"785691,4835","5832184,104","13,21575","52,56455",5010101.0,Hakenfelde Nord,1867.0,58.0
196969,11,9,,2019,7,15,5,2,5,3,0,1,1,0,0,0,0,0,"807410,2464","5818297,769","13,52238","52,42827",9020701.0,Adlershof West,6427.0,48.0
196970,11,4,,2019,7,9,5,3,0,7,0,1,0,0,0,0,0,0,"790758,0341","5827377,495","13,28608","52,51877",4030415.0,Schloßgarten,2954.0,41.0
196971,11,1,,2019,7,15,5,2,3,6,0,1,1,0,0,0,0,0,"798275,4788","5829023,467","13,39802","52,52947",1011302.0,Oranienburger Straße,4557.0,40.0
196972,11,9,,2019,7,14,5,3,5,7,0,0,1,0,0,0,0,0,"810168,7493","5817680,327","13,56225","52,42118",9031101.0,Grünau,7025.0,64.0
196973,11,9,,2019,7,10,5,3,5,2,0,0,1,0,0,0,0,0,"807705,5453","5817907,408","13,52635","52,42461",9030901.0,Dorf Altglienicke,6426.0,51.0
196974,11,8,,2019,7,18,5,3,5,3,0,0,1,0,0,0,0,0,"802971,8749","5818336,06","13,45733","52,43109",8030829.0,Gropiusstadt Nord,5428.0,49.0
196975,11,1,,2019,7,22,5,2,0,1,2,0,0,0,0,0,1,0,"797900,798","5826587,067","13,39033","52,50783",1011204.0,Leipziger Straße,4451.0,11.0
196976,11,6,,2019,7,23,5,3,5,3,2,0,1,0,1,0,0,0,"796748,1049","5817172,276","13,36503","52,42407",6020306.0,Lankwitz Süd,4026.0,63.0
196977,11,7,,2019,7,13,5,3,5,2,0,1,1,0,0,0,0,0,"794980,8514","5823819,721","13,34499","52,48461",7020202.0,Volkspark (Rudolf-Wilde-Park),3744.0,45.0
196978,11,5,,2019,7,8,5,3,6,4,0,0,0,1,0,1,0,0,"781933,3694","5828448,435","13,15728","52,53301",5020419.0,Magistratsweg,958.0,48.0
196979,11,7,,2019,7,8,5,3,5,2,0,1,0,0,0,1,0,0,"794528,2228","5825239,089","13,33959","52,49758",7010101.0,Wittenbergplatz/Viktoria-Luise-Platz,3748.0,42.0
196980,11,4,,2019,7,12,5,3,1,5,0,1,0,0,0,0,1,0,"785745,2412","5825137,978","13,21048","52,50135",4061757.0,Forst Grunewald,1749.0,65.0
196981,11,1,,2019,7,12,5,3,3,6,0,0,1,0,1,0,0,0,"795275,3518","5826531,973","13,35171","52,50877",1011101.0,Stülerstraße,3851.0,47.0
196982,11,1,,2019,7,12,5,2,5,3,0,0,1,0,1,0,0,0,"796654,7545","5832113,692","13,37696","52,55805",1033101.0,Soldiner Straße,4265.0,5.0
196983,11,11,,2019,7,12,5,3,5,2,0,1,1,0,0,0,0,0,"805441,8601","5833338,447","13,50731","52,56417",11010310.0,Mühlengrund,6167.0,41.0
196984,11,9,,2019,7,8,5,2,5,2,0,1,1,0,0,0,0,0,"809453,6093","5818691,652","13,5527","52,43065",9020702.0,Adlershof Ost,6828.0,55.0
196985,11,2,,2019,7,10,5,2,5,2,0,0,1,0,0,0,1,0,"798310,2278","5825310,65","13,3952","52,49617",2020204.0,Urbanstraße,4547.0,11.0
196986,11,2,,2019,7,10,5,2,0,6,0,0,1,0,0,0,1,0,"799055,9386","5826305,621","13,40705","52,50468",2010103.0,Moritzplatz,4750.0,40.0
196987,11,7,,2019,7,7,5,3,2,6,0,0,0,0,1,1,0,0,"797409,2056","5820427,284","13,37762","52,45289",7040404.0,Marienhöhe,4234.0,52.0
196988,11,3,,2019,7,7,5,3,5,3,0,1,0,0,0,0,1,0,"800107,8411","5831704,331","13,42737","52,55249",3061227.0,Humannplatz,5064.0,24.0
196989,11,9,,2019,7,7,5,3,5,2,0,1,1,0,0,0,0,0,"801830,0734","5825282,649","13,44687","52,49398",9010101.0,Elsenstraße,5346.0,61.0
196990,11,12,,2019,7,6,5,3,0,7,0,0,1,0,1,0,0,1,"796641,0309","5832409,431","13,37702","52,56071",12103117.0,Letteplatz,4266.0,52.0
196991,11,1,,2019,7,10,5,3,5,3,0,0,1,0,0,0,0,0,"794991,7389","5826148,635","13,34721","52,50549",1011101.0,Stülerstraße,3850.0,33.0
196992,11,2,,2019,7,9,5,3,1,5,0,0,1,0,0,0,0,0,"800171,7242","5824913,963","13,42219","52,49159",2020206.0,Graefekiez,4946.0,51.0
196993,11,6,,2019,7,9,5,3,0,3,0,1,0,0,0,0,0,0,"783955,6015","5816066,388","13,17647","52,42094",6040701.0,Wannsee,1225.0,49.0
196994,11,4,,2019,7,9,5,2,5,3,0,1,1,0,0,0,0,0,"791358,628","5825925,649","13,29364","52,50544",4030725.0,Amtsgerichtsplatz,3050.0,39.0
196995,11,2,,2019,7,8,5,2,0,1,0,0,1,0,0,0,0,0,"797912,4148","5826461,997","13,39039","52,50671",2010102.0,Mehringplatz,4450.0,25.0
196996,11,1,,2019,7,17,5,3,0,6,0,0,1,0,0,0,1,0,"795181,2234","5825911,545","13,34978","52,50326",1011103.0,Lützowstraße,3849.0,22.0
196997,11,5,,2019,7,9,5,1,3,6,0,1,0,0,0,1,0,0,"785645,7047","5832088,437","13,21499","52,56371",5010101.0,Hakenfelde Nord,1867.0,58.0
196998,11,4,,2019,7,17,4,3,5,2,0,1,1,0,0,0,0,0,"794410,1028","5826088,043","13,33861","52,50526",4030931.0,Breitscheidplatz,3650.0,32.0
196999,11,1,,2019,7,17,4,3,2,6,0,1,1,0,0,0,0,0,"796408,1973","5830311,781","13,37173","52,54204",1033203.0,Humboldthain Nordwest,4161.0,54.0
197000,11,10,,2019,7,16,4,3,5,3,0,1,1,0,0,0,0,0,"812005,8659","5829502,989","13,60023","52,52608",10040828.0,Kaulsdorf Nord,7556.0,65.0
197001,11,7,,2019,7,15,4,3,2,6,0,0,1,0,0,0,0,0,"796080,1153","5825365,325","13,3625","52,49787",7010104.0,Dennewitzplatz,4048.0,46.0
197002,11,8,,2019,7,15,4,3,5,7,0,0,1,0,0,0,0,0,"801457,138","5820200,064","13,4368","52,44863",8020622.0,Parchimer Allee,5133.0,32.0
197003,11,6,,2019,7,15,4,2,5,2,0,0,1,0,0,0,0,0,"792939,1902","5817768,908","13,3097","52,43147",6030610.0,Lichterfelde West,3228.0,32.0
197004,11,7,,2019,7,17,4,3,1,5,0,1,1,0,0,0,0,0,"796457,2085","5823961,516","13,36679","52,48509",7020204.0,Schöneberger Insel,4144.0,57.0
197005,11,8,,2019,7,15,4,3,0,6,0,0,1,0,0,0,1,0,"801838,6362","5817497,504","13,43996","52,4242",8020728.0,Buckow Ost,5126.0,38.0
197006,11,2,,2019,7,14,4,3,2,6,0,0,1,0,1,0,1,0,"801391,6044","5828724,959","13,44355","52,52508",2040503.0,Richard-Sorge-Viertel,5256.0,48.0
197007,11,8,,2019,7,13,4,3,2,7,0,1,0,0,0,0,1,0,"805666,0651","5816452,84","13,49512","52,41271",8041038.0,Waßmannsdorfer Chaussee,6023.0,59.0
197008,11,9,,2019,7,12,4,2,0,4,0,0,0,1,0,0,1,0,"810226,1815","5820373,295","13,56559","52,44528",9020802.0,Köllnische Vorstadt,7032.0,50.0
197009,11,2,,2019,7,11,4,3,5,2,0,1,1,0,0,0,0,0,"798524,1525","5824718,456","13,39782","52,49074",2020204.0,Urbanstraße,4546.0,40.0
197010,11,6,,2019,7,11,4,3,0,1,0,1,0,0,0,0,0,0,"795104,9464","5819452,719","13,34295","52,4454",6010206.0,Stadtpark,3732.0,63.0
197011,11,7,,2019,7,10,4,3,5,2,0,0,1,0,1,0,0,0,"797023,9617","5820703,107","13,37221","52,45557",7040403.0,Manteuffelstraße,4135.0,49.0
197012,11,7,,2019,7,9,4,2,5,2,0,1,0,0,1,0,0,0,"795715,3604","5824029,13","13,35596","52,48609",7020203.0,Kaiser-Wilhelm-Platz,3944.0,21.0
197013,11,9,,2019,7,9,4,3,2,3,0,1,1,0,0,0,0,0,"820699,9759","5819508,881","13,71834","52,43149",9051801.0,Rahnsdorf/Hessenwinkel,9328.0,63.0
197014,11,2,,2019,7,8,4,3,5,3,0,1,1,0,0,0,0,0,"799326,9124","5826235,581","13,41097","52,5039",2010103.0,Moritzplatz,4749.0,23.0
197015,11,12,,2019,7,23,4,2,2,6,2,0,1,0,0,0,1,0,"791928,1893","5831478,576","13,30688","52,55491",12214125.0,Waldidyll/Flughafensee,3264.0,52.0
197016,11,4,,2019,7,20,4,2,1,1,0,0,1,0,0,0,0,0,"792291,5169","5830695,921","13,31154","52,5477",4010102.0,Plötzensee,3262.0,61.0
197017,11,8,,2019,7,19,4,3,5,3,0,0,1,0,0,0,0,0,"805050,068","5817550,949","13,48709","52,4229",8041036.0,Zittauer Straße,5826.0,49.0
197018,11,1,,2019,7,19,4,2,0,6,0,1,1,0,0,0,0,0,"796621,6219","5831047,534","13,37552","52,54852",1033203.0,Humboldthain Nordwest,4262.0,53.0
197019,11,3,,2019,7,6,4,3,0,3,0,0,1,0,1,0,0,0,"800484,5362","5832601,137","13,43373","52,56032",3030715.0,Heinersdorf,5166.0,65.0
197020,11,3,,2019,7,6,4,3,5,3,0,1,1,0,0,0,0,0,"800748,6367","5831301,671","13,43643","52,54853",3061228.0,Erich-Weinert-Straße,5162.0,47.0
197021,11,11,,2019,7,5,4,3,5,3,0,1,1,0,0,0,0,0,"805655,2159","5827397,935","13,50498","52,51081",11041022.0,Rosenfelder Ring,6151.0,48.0
197022,11,2,,2019,7,1,4,2,0,1,2,0,0,0,0,0,1,0,"802706,4412","5826964,181","13,46127","52,50857",2050802.0,Boxhagener Platz,5551.0,40.0
197023,11,6,,2019,7,15,4,3,5,2,0,0,1,0,0,0,1,0,"793162,9548","5818217,816","13,31337","52,43537",6030609.0,Augustaplatz,3329.0,57.0
197024,11,2,,2019,7,9,3,2,0,2,0,1,1,0,0,0,0,0,"801543,0382","5825978,04","13,44329","52,50037",2030402.0,Wrangelkiez,5248.0,21.0
197025,11,2,,2019,7,16,3,3,5,2,0,1,0,0,0,0,0,0,"801247,5252","5827816,42","13,44061","52,51702",2040502.0,Friedenstraße,5253.0,35.0
197026,11,2,,2019,7,18,3,3,5,2,0,1,1,0,0,0,0,0,"799115,5794","5826282,901","13,40791","52,50444",2010103.0,Moritzplatz,4750.0,40.0
197027,11,3,,2019,7,17,3,3,5,7,0,1,1,0,0,0,0,0,"802509,2602","5831547,833","13,46254","52,54976",3050925.0,Komponistenviertel Weißensee,5563.0,50.0
197028,11,9,,2019,7,17,3,2,5,3,0,0,1,0,1,0,0,0,"806290,2697","5822154,531","13,50949","52,46346",9020501.0,Oberschöneweide West,6238.0,43.0
197029,11,8,,2019,7,17,3,3,1,5,0,1,1,0,0,0,1,0,"801321,1948","5824204,751","13,43842","52,4846",8010301.0,Reuterkiez,5144.0,42.0
197030,11,9,,2019,7,16,3,3,2,7,0,0,1,0,0,0,0,0,"813061,131","5821433,777","13,60816","52,45317",9051701.0,Hirschgarten,7635.0,61.0
197031,11,2,,2019,7,2,3,3,1,1,2,0,1,0,0,0,0,0,"798521,2779","5825202,985","13,39821","52,49509",2020204.0,Urbanstraße,4547.0,11.0
197032,11,10,,2019,7,14,3,3,2,6,0,0,1,0,0,0,1,0,"806280,6206","5830169,908","13,51672","52,53531",11030720.0,Herzbergstraße,6359.0,27.0
197033,11,5,,2019,7,14,3,3,5,2,0,0,1,0,0,0,0,0,"783895,4334","5826614,693","13,18457","52,51555",5020524.0,Weinmeisterhornweg,1453.0,50.0
197034,11,12,,2019,7,13,3,3,1,5,0,0,1,0,1,0,0,0,"787177,056","5838039,484","13,24268","52,61626",12224230.0,Heiligensee,2282.0,59.0
197035,11,4,,2019,7,13,3,3,1,5,0,1,1,0,0,0,0,0,"794193,4993","5825109,095","13,33456","52,4966",4051448.0,Schaperstraße,3647.0,52.0
197036,11,8,,2019,7,13,3,3,5,3,0,1,1,0,0,0,0,0,"805666,8362","5817015,193","13,49564","52,41775",8041037.0,Alt-Rudow,6024.0,50.0
197037,11,7,,2019,7,12,3,3,5,3,0,0,1,0,0,0,0,0,"798886,1227","5820528,229","13,39938","52,45299",7040405.0,Rathaus Tempelhof,4534.0,61.0
197038,11,4,,2019,7,12,3,3,2,6,0,0,1,0,0,0,0,0,"790386,697","5829031,703","13,28207","52,5338",4010101.0,Jungfernheide,2858.0,52.0
197039,11,2,,2019,7,12,3,3,5,2,0,1,0,0,0,1,0,0,"802067,1353","5827160,535","13,45206","52,51068",2050802.0,Boxhagener Platz,5351.0,36.0
197040,11,4,,2019,7,10,3,3,6,4,0,0,1,1,0,0,0,0,"792499,7409","5824856,982","13,30946","52,49525",4051446.0,Preußenpark,3247.0,45.0
197041,11,4,,2019,7,10,3,3,5,2,0,1,1,0,0,0,0,0,"792331,2171","5823122,38","13,30547","52,47979",4041239.0,Stadion Wilmersdorf,3142.0,64.0
197042,11,1,,2019,7,18,3,3,4,6,0,1,0,0,0,0,1,0,"798704,0081","5827624,008","13,40306","52,51669",1011204.0,Leipziger Straße,4653.0,53.0
197043,11,2,,2019,7,9,3,3,6,7,0,0,1,1,0,0,0,0,"798481,3223","5825197,553","13,39762","52,49506",2020204.0,Urbanstraße,4547.0,11.0
197044,11,8,,2019,7,19,3,3,0,3,0,1,0,0,0,0,0,0,"801477,4606","5824421,595","13,44091","52,48646",8010301.0,Reuterkiez,5244.0,47.0
197045,11,3,,2019,7,19,3,3,5,2,0,1,1,0,0,0,0,0,"802299,7136","5829244,266","13,45737","52,52923",3061430.0,Volkspark Prenzlauer Berg,5457.0,20.0
197046,11,9,,2019,7,6,3,2,3,6,0,0,1,0,0,0,0,0,"809805,3819","5820292,359","13,55934","52,44479",9020802.0,Köllnische Vorstadt,6932.0,64.0
197047,11,9,,2019,7,18,3,3,2,6,0,0,1,0,0,0,1,0,"809202,6461","5818346,934","13,5487","52,4277",9020701.0,Adlershof West,6827.0,50.0
197048,11,9,,2019,7,18,3,2,0,1,0,0,0,0,1,0,0,0,"806809,3237","5818192,39","13,51347","52,42766",9010402.0,Johannisthal Ost,6227.0,61.0
197049,11,9,,2019,7,18,3,3,5,3,0,1,0,0,0,0,1,0,"811810,831","5816659,479","13,58536","52,4111",9031101.0,Grünau,7322.0,65.0
197050,11,3,,2019,7,16,3,3,5,3,0,1,1,0,0,0,0,0,"796389,9362","5840580,925","13,38064","52,6341",3020203.0,Blankenfelde,4387.0,63.0
197051,11,4,,2019,7,16,3,3,2,2,0,0,1,0,1,0,0,0,"791030,0374","5827420,632","13,29012","52,51902",4030415.0,Schloßgarten,2954.0,41.0
197052,11,2,,2019,7,16,3,3,0,1,0,1,0,0,0,0,0,0,"799991,8902","5824458,447","13,41913","52,48761",2020206.0,Graefekiez,4845.0,36.0
197053,11,4,,2019,7,15,3,3,2,6,0,1,1,0,0,0,0,0,"793523,3572","5825222,955","13,32482","52,49798",4051448.0,Schaperstraße,3448.0,49.0
197054,11,5,,2019,7,15,3,3,3,6,0,1,0,0,0,0,1,0,"785552,0608","5831778,587","13,21335","52,56099",5010101.0,Hakenfelde Nord,1866.0,59.0
197055,11,1,,2019,7,15,3,3,0,6,0,0,0,0,0,0,1,0,"794812,5194","5831324,845","13,34916","52,55198",1044101.0,Rehberge,3863.0,41.0
197056,11,2,,2019,7,17,3,3,2,6,0,0,1,0,1,0,0,0,"800401,871","5827887,595","13,42825","52,51812",2040701.0,Andreasviertel,5054.0,36.0
197057,11,8,,2019,7,21,3,3,3,6,0,1,1,0,0,0,0,0,"800935,7876","5824686,783","13,4332","52,48914",8010301.0,Reuterkiez,5045.0,46.0
197058,11,11,,2019,7,13,3,3,2,6,0,0,1,0,0,0,0,0,"802866,597","5831261,34","13,46754","52,547",11020513.0,Orankesee,5662.0,47.0
197059,11,9,,2019,7,8,3,3,1,1,0,0,1,0,1,0,0,0,"808978,1846","5821599,924","13,54842","52,45698",9020502.0,Oberschöneweide Ost,6836.0,61.0
197060,11,11,,2019,7,16,2,3,2,6,0,0,1,0,0,0,0,0,"806092,5801","5831993,016","13,51564","52,55175",11020412.0,Hauptstraße,6363.0,65.0
197061,11,5,,2019,7,17,2,3,5,2,0,0,1,0,1,0,0,0,"785049,9092","5826299,46","13,20126","52,51212",5020629.0,Börnicker Straße,1652.0,59.0
197062,11,1,,2019,7,16,2,3,2,2,0,0,0,0,1,0,1,0,"797188,403","5827524,571","13,38071","52,51663",1011202.0,Unter den Linden Nord,4353.0,37.0
197063,11,6,,2019,7,15,2,3,1,5,0,0,1,0,0,1,0,0,"787868,7761","5817965,023","13,23549","52,43592",6040805.0,Fischerhüttenstraße,2130.0,45.0
197064,11,2,,2019,7,21,2,2,5,2,2,1,1,0,0,0,0,0,"800907,8105","5827537,903","13,43537","52,51471",2040701.0,Andreasviertel,5153.0,47.0
197065,11,8,,2019,7,17,2,3,2,6,0,0,1,0,1,0,0,0,"801041,4948","5817077,282","13,42789","52,42087",8020727.0,Buckow Mitte,5025.0,57.0
197066,11,6,,2019,7,19,2,3,0,1,0,0,0,0,1,0,0,0,"793771,9075","5820548,056","13,32435","52,45594",6010102.0,Schloßstraße,3435.0,54.0
197067,11,8,,2019,7,15,2,3,2,6,0,0,1,0,0,0,0,0,"802411,0469","5822662,755","13,45303","52,47018",8010510.0,Gewerbegebiet Köllnische Heide,5340.0,54.0
197068,11,12,,2019,7,15,2,2,6,4,0,0,1,1,0,0,1,0,"790944,3642","5833822,426","13,29447","52,57645",12214125.0,Waldidyll/Flughafensee,3071.0,39.0
197069,11,1,,2019,7,13,2,3,5,3,0,0,1,0,0,0,0,0,"797893,9988","5828167,657","13,39165","52,52201",1011202.0,Unter den Linden Nord,4455.0,27.0
197070,11,6,,2019,7,12,2,3,5,3,0,0,1,0,0,0,0,0,"788816,9036","5817033,932","13,2486","52,42707",6030501.0,Berlepschstraße,2327.0,63.0
197071,11,2,,2019,7,21,2,3,1,5,2,0,1,0,0,0,0,0,"799749,2623","5824479,808","13,41559","52,48793",2020206.0,Graefekiez,4845.0,36.0
197072,11,1,,2019,7,12,2,3,3,6,0,1,0,0,0,1,0,0,"797130,2862","5829227,311","13,38137","52,53192",1011301.0,Charitéviertel,4358.0,45.0
197073,11,1,,2019,7,10,2,3,3,6,0,1,0,0,0,1,0,0,"793690,1902","5828002,038","13,32972","52,5228",1022106.0,Elberfelder Straße,3555.0,16.0
197074,11,4,,2019,7,10,2,3,5,3,0,0,1,0,0,0,0,0,"789494,6456","5826805,597","13,26702","52,51432",4020311.0,Reichsstraße,2652.0,50.0
197075,11,1,,2019,7,10,2,3,2,6,0,0,1,0,0,0,0,0,"799047,5393","5828977,627","13,40933","52,52864",1011302.0,Oranienburger Straße,4757.0,11.0
197076,11,9,,2019,7,10,2,3,3,6,0,0,1,0,0,1,0,0,"807856,5686","5819952,464","13,53044","52,44285",9020701.0,Adlershof West,6532.0,65.0
197077,11,9,,2019,7,9,2,3,5,3,0,1,1,0,0,0,0,0,"805929,0677","5821839,751","13,5039","52,46084",9020601.0,Schnellerstraße,6137.0,47.0