OBJECTID,LAND,BEZ,LOR_ab_2021,UJAHR,UMONAT,USTUNDE,UWOCHENTAG,UKATEGORIE,UART,UTYP1,ULICHTVERH,IstRad,IstPKW,IstFuss,IstKrad,IstGkfz,IstSonstige,USTRZUSTAND,LINREFX,LINREFY,XGCSWGS84,YGCSWGS84,LOR,STRASSE,quadrant,quadrant_rank
197400,11,11,,2019,7,6,3,3,5,3,0,0,1,0,1,0,0,0,"806501,8618","5833022,41","13,5226","52,56075",11010205.0,Falkenberg West,6466.0,64.0
197401,11,1,,2019,7,6,3,3,5,2,0,0,1,0,1,0,0,0,"797556,1451","5828722,82","13,38718","52,52717",1011301.0,Charitéviertel,4456.0,28.0
197402,11,4,,2019,7,3,3,3,5,3,2,1,1,0,0,0,0,0,"792847,2806","5824332,448","13,31411","52,49036",4051446.0,Preußenpark,3345.0,42.0
197403,11,1,,2019,7,18,3,3,0,1,0,0,0,0,0,0,1,0,"798485,4558","5828032,274","13,40022","52,52047",1011303.0,Alexanderplatzviertel,4654.0,10.0
197404,11,5,,2019,7,13,3,3,1,5,0,1,1,0,0,0,0,0,"781733,6368","5828491,503","13,15438","52,5335",5020417.0,Staakener Straße,958.0,48.0
197405,11,1,,2019,7,19,3,3,1,5,0,1,1,0,0,0,0,0,"797482,0528","5828817,64","13,38618","52,52806",1011301.0,Charitéviertel,4356.0,64.0
197406,11,3,,2019,7,7,2,3,5,3,0,0,1,0,0,0,0,0,"799586,5108","5831413,305","13,41945","52,55017",3061227.0,Humannplatz,4863.0,28.0
197407,11,4,,2019,7,6,2,3,2,2,0,0,1,0,0,1,0,0,"791672,953","5830679,627","13,30242","52,54789",4010102.0,Plötzensee,3162.0,49.0
197408,11,7,,2019,7,1,2,3,0,1,2,0,1,0,0,0,0,0,"799160,2544","5816219,514","13,39954","52,41421",7070701.0,Kettinger Straße/Schillerstraße,4523.0,61.0
197409,11,1,,2019,7,15,2,3,5,3,0,1,1,0,0,0,0,0,"799106,9793","5828466,091","13,40974","52,52402",1011303.0,Alexanderplatzviertel,4755.0,4.0
197410,11,3,,2019,7,15,2,3,2,7,0,0,0,0,1,1,0,0,"799980,5304","5835126,008","13,4286","52,58323",3040614.0,Pankow Zentrum,5073.0,56.0
197411,11,4,,2019,7,17,2,3,5,2,0,1,1,0,0,0,0,1,"793631,3299","5824864,161","13,32609","52,4947",4051448.0,Schaperstraße,3547.0,43.0
197412,11,4,,2019,7,17,2,3,0,7,0,1,1,0,0,0,0,1,"791839,1431","5824921,469","13,29982","52,49618",4031032.0,Halensee,3147.0,43.0
197413,11,1,,2019,7,13,2,3,5,2,0,1,1,0,0,0,0,0,"797763,2654","5829744,614","13,39114","52,53621",1033202.0,Humboldthain Süd,4459.0,28.0
197414,11,1,,2019,7,13,2,3,3,6,0,1,0,0,0,0,1,0,"797705,0865","5829652,281","13,3902","52,53542",1033202.0,Humboldthain Süd,4459.0,28.0
197415,11,1,,2019,7,16,2,3,2,7,0,0,1,0,0,0,0,0,"796369,3878","5831657,559","13,37236","52,55412",1044201.0,Reinickendorfer Straße,4164.0,52.0
197416,11,1,,2019,7,15,2,2,5,2,0,1,1,0,0,0,0,0,"797471,2321","5826798,786","13,38421","52,50997",1011201.0,Wilhelmstraße,4351.0,43.0
197417,11,1,,2019,7,15,2,3,1,1,0,0,1,0,0,0,0,0,"797811,5894","5831131,418","13,39309","52,54862",1033201.0,Brunnenstraße,4562.0,59.0
197418,11,5,,2019,7,16,2,3,2,6,0,0,1,0,0,0,1,0,"784702,1072","5827686,122","13,19734","52,52474",5020626.0,Adamstraße,1555.0,55.0
197419,11,4,,2019,7,14,2,2,3,6,0,0,1,0,0,0,0,0,"790381,6894","5825984,707","13,27934","52,50649",4020313.0,Königin-Elisabeth-Straße,2850.0,46.0
197420,11,4,,2019,7,17,2,2,0,1,0,0,0,0,1,0,0,1,"790732,0781","5827657,588","13,28594","52,5213",4030415.0,Schloßgarten,2954.0,41.0
197421,11,5,,2019,7,21,2,3,9,1,1,0,1,0,0,0,0,1,"784926,624","5831138,701","13,2036","52,55558",5010103.0,Amorbacher Weg,1664.0,56.0
197422,11,8,,2019,7,20,2,3,2,7,1,0,1,0,1,0,0,0,"800717,3842","5823850,426","13,42924","52,48176",8010211.0,Flughafenstraße,5043.0,50.0
197423,11,12,,2019,7,19,2,3,2,6,0,0,1,0,0,0,0,0,"793509,8551","5832413,303","13,33097","52,56244",12214424.0,Scharnweberstraße,3567.0,10.0
197424,11,1,,2019,7,19,2,3,1,5,0,1,1,0,0,0,1,0,"795112,1716","5831237,511","13,35349","52,55104",1044203.0,Leopoldplatz,3963.0,52.0
197425,11,2,,2019,7,13,2,3,5,3,0,0,1,0,0,0,0,0,"799022,9659","5826071,454","13,40636","52,5026",2010103.0,Moritzplatz,4649.0,53.0
197426,11,4,,2019,7,13,2,3,5,2,0,0,1,0,1,0,0,0,"792312,4101","5825381,533","13,30717","52,50005",4030726.0,Droysenstraße,3248.0,24.0
197427,11,1,,2019,7,12,2,3,5,3,0,1,0,0,0,0,0,0,"793831,3744","5828141,03","13,33192","52,52397",1022106.0,Elberfelder Straße,3555.0,16.0
197428,11,9,,2019,7,12,2,3,5,3,0,0,1,0,0,0,0,0,"811065,6118","5821224,398","13,57869","52,45243",9051901.0,Dammvorstadt,7234.0,64.0
197429,11,11,,2019,7,11,2,3,0,7,0,0,0,0,0,1,0,0,"806591,6061","5827752,818","13,51906","52,51347",11041022.0,Rosenfelder Ring,6352.0,56.0
197430,11,6,,2019,7,11,2,3,5,3,0,0,1,0,0,0,1,0,"796875,8598","5817496,01","13,36719","52,4269",6020306.0,Lankwitz Süd,4127.0,64.0
197431,11,9,,2019,7,11,2,3,5,3,0,1,1,0,0,0,0,0,"806409,5666","5822969,801","13,51199","52,4707",9020501.0,Oberschöneweide West,6240.0,57.0
197432,11,2,,2019,7,9,2,3,2,6,0,1,0,0,0,0,0,0,"798346,1963","5825563,927","13,39596","52,49842",2010102.0,Mehringplatz,4548.0,24.0
197433,11,11,,2019,7,9,2,3,2,6,0,0,1,0,0,0,0,0,"807217,6113","5824022,971","13,52482","52,47969",11051332.0,Karlshorst Süd,6442.0,53.0
197434,11,3,,2019,7,8,2,3,5,3,0,1,1,0,0,0,0,0,"798684,5131","5833804,311","13,40833","52,5721",3040614.0,Pankow Zentrum,4769.0,58.0
197435,11,1,,2019,7,6,2,3,6,4,0,1,0,1,0,0,0,0,"797087,5049","5828852,287","13,38041","52,52858",1011301.0,Charitéviertel,4357.0,21.0
197436,11,5,,2019,7,10,2,3,5,2,0,1,1,0,0,0,0,0,"785202,6906","5831163,583","13,20768","52,55565",5010101.0,Hakenfelde Nord,1765.0,64.0
197437,11,4,,2019,7,10,2,2,6,4,0,0,1,1,0,0,0,0,"789756,334","5826384,785","13,2705","52,51041",4020311.0,Reichsstraße,2651.0,45.0
197438,11,3,,2019,7,20,2,3,1,5,1,1,1,0,0,0,0,0,"798149,9737","5835473,657","13,40197","52,58735",3020210.0,Herthaplatz,4674.0,48.0
197439,11,5,,2019,7,11,2,3,6,2,0,0,1,1,0,0,0,0,"783903,2146","5831186,961","13,18859","52,55654",5010103.0,Amorbacher Weg,1465.0,57.0
197440,11,9,,2019,7,14,1,3,6,4,0,0,1,1,0,0,0,0,"809277,9159","5817390,902","13,54892","52,41909",9030901.0,Dorf Altglienicke,6825.0,65.0
197441,11,1,,2019,7,19,1,3,2,6,0,0,1,0,0,0,0,0,"794706,6407","5830843,821","13,34718","52,54773",1044103.0,Westliche Müllerstraße,3862.0,51.0
197442,11,3,,2019,7,22,1,3,1,7,2,0,0,0,1,0,1,0,"800149,2991","5831877,123","13,42814","52,55402",3040818.0,Pankow Süd,5064.0,24.0
197443,11,4,,2019,7,19,1,3,1,5,0,0,1,0,1,0,0,0,"791975,8154","5824146,324","13,30114","52,48916",4051445.0,Eisenzahnstraße,3145.0,38.0
197444,11,3,,2019,7,19,1,3,5,3,0,1,1,0,0,0,0,0,"799136,13","5830553,416","13,41205","52,54271",3061131.0,Falkplatz,4761.0,38.0
197445,11,6,,2019,7,19,1,3,1,5,0,0,1,0,0,0,0,0,"790696,3993","5817892,226","13,27691","52,43377",6030503.0,Zehlendorf Mitte,2729.0,59.0
197446,11,8,,2019,7,18,1,3,0,2,0,0,1,0,0,0,1,0,"800750,0551","5824332,298","13,43015","52,48606",8010301.0,Reuterkiez,5044.0,14.0
197447,11,9,,2019,7,18,1,3,5,2,0,0,1,0,0,0,1,0,"803842,6567","5823840,348","13,47511","52,47994",9010202.0,Köpenicker Landstraße,5742.0,57.0
197448,11,9,,2019,7,17,1,2,5,3,0,0,1,0,1,0,0,0,"818821,531","5812575,883","13,68421","52,37047",9031202.0,Schmöckwitz/Rauchfangswerder,8810.0,62.0
197449,11,11,,2019,7,16,1,3,3,6,0,0,1,0,1,0,0,0,"805514,1552","5830038,116","13,50533","52,53455",11030720.0,Herzbergstraße,6158.0,57.0
197450,11,11,,2019,7,16,1,2,6,4,0,0,1,1,0,0,0,0,"805043,606","5833518,386","13,50161","52,56601",11010309.0,Zingster Straße West,6168.0,60.0
197451,11,11,,2019,7,16,1,3,4,6,0,0,1,0,1,0,0,0,"805830,8108","5834831,459","13,5144","52,57734",11010102.0,Dorf Wartenberg,6371.0,63.0
197452,11,2,,2019,7,15,1,3,5,3,0,0,1,0,1,0,0,0,"800618,9241","5827215,663","13,43083","52,51198",2040701.0,Andreasviertel,5052.0,43.0
197453,11,5,,2019,7,15,1,3,5,2,0,0,1,0,0,0,0,1,"783691,1223","5830167,514","13,18459","52,54751",5010207.0,Darbystraße,1462.0,37.0
197454,11,4,,2019,7,14,1,3,2,6,0,1,1,0,0,0,0,0,"785817,4789","5825053,083","13,21147","52,50055",4061757.0,Forst Grunewald,1848.0,65.0
197455,11,9,,2019,7,14,1,3,1,5,0,1,1,0,0,0,0,0,"810570,0901","5820665,306","13,5709","52,4477",9020801.0,Spindlersfeld,7133.0,61.0
197456,11,4,,2019,7,14,1,3,1,5,0,1,1,0,0,0,0,0,"792933,6467","5825549,874","13,31645","52,50123",4030930.0,George-Grosz-Platz,3349.0,12.0
197457,11,1,,2019,7,15,1,3,8,1,0,0,1,0,0,0,1,0,"794423,8217","5828948,138","13,34134","52,53089",1022104.0,Emdener Straße,3757.0,51.0
197458,11,12,,2019,7,10,1,3,5,3,0,0,1,0,0,0,0,1,"793890,5372","5837581,197","13,34115","52,60857",12301206.0,Lübars,3780.0,63.0
197459,11,8,,2019,7,2,1,2,1,5,2,1,1,0,0,0,0,1,"801218,4211","5824851,347","13,4375","52,49046",8010301.0,Reuterkiez,5145.0,46.0
197460,11,1,,2019,7,22,1,2,0,7,2,0,0,0,0,0,1,0,"797411,7651","5831253,655","13,38732","52,54993",1033102.0,Gesundbrunnen,4463.0,27.0
197461,11,3,,2019,7,20,7,3,5,2,1,1,1,0,0,0,0,0,"800624,1669","5831371,523","13,43467","52,54923",3061228.0,Erich-Weinert-Straße,5163.0,58.0
197462,11,1,,2019,7,18,7,3,6,4,0,0,1,1,0,0,0,0,"797351,5866","5831186,295","13,38638","52,54936",1033203.0,Humboldthain Nordwest,4463.0,27.0
197463,11,12,,2019,7,22,7,3,6,7,2,1,0,1,0,0,0,1,"787238,4723","5837814,425","13,24339","52,61421",12224230.0,Heiligensee,2282.0,59.0
197464,11,7,,2019,7,20,7,3,5,2,0,0,1,0,0,0,1,0,"796014,0049","5824955,601","13,36116","52,49424",7010104.0,Dennewitzplatz,4047.0,22.0
197465,11,12,,2019,7,20,7,3,2,2,0,0,1,0,0,0,0,0,"793267,6298","5832584,139","13,32756","52,56411",12214424.0,Scharnweberstraße,3567.0,10.0
197466,11,8,,2019,7,18,7,2,5,2,0,0,1,0,1,0,0,0,"800663,9273","5824384,824","13,42894","52,48658",8010301.0,Reuterkiez,5044.0,14.0
197467,11,11,,2019,7,17,7,3,9,1,0,0,1,0,0,0,0,0,"806362,865","5835157,976","13,52253","52,57996",11010102.0,Dorf Wartenberg,6472.0,65.0
197468,11,1,,2019,7,17,7,3,5,7,0,0,1,0,1,0,0,0,"795079,6277","5829098,479","13,35112","52,53188",1022201.0,Stephankiez,3858.0,57.0
197469,11,7,,2019,7,16,7,2,1,5,0,1,1,0,0,0,0,0,"794959,2689","5825281,655","13,34596","52,49773",7010102.0,Nollendorfplatz,3848.0,36.0
197470,11,4,,2019,7,16,7,3,5,3,0,1,1,0,0,0,0,0,"790669,1179","5829639,788","13,28675","52,5391",4010101.0,Jungfernheide,2960.0,63.0
197471,11,3,,2019,7,16,7,3,8,1,0,0,0,0,0,0,1,0,"800910,4538","5832110,499","13,43954","52,55569",3050923.0,Weißenseer Spitze,5165.0,60.0
197472,11,4,,2019,7,15,7,3,5,2,0,1,1,0,0,0,0,0,"792061,585","5824052,229","13,30232","52,48827",4051445.0,Eisenzahnstraße,3145.0,38.0
197473,11,4,,2019,7,14,7,3,2,6,0,0,1,0,1,0,0,0,"790363,3212","5825570,779","13,2787","52,50279",4020314.0,Messegelände,2849.0,40.0
197474,11,4,,2019,7,13,7,2,5,2,0,0,1,0,0,0,0,0,"793433,5209","5823929,36","13,32236","52,48643",4051654.0,Wilhelmsaue,3444.0,24.0
197475,11,11,,2019,7,12,7,2,2,6,0,0,1,0,0,0,0,0,"805112,0017","5829972,509","13,49936","52,53419",11030720.0,Herzbergstraße,6058.0,52.0
197476,11,6,,2019,7,12,7,3,3,6,0,0,1,0,1,0,0,0,"793238,1486","5816841,304","13,31327","52,42299",6020409.0,Königsberger Straße,3326.0,55.0
197477,11,7,,2019,7,11,7,3,5,2,0,0,1,0,0,0,0,0,"797576,81","5818421,451","13,37829","52,43482",7050502.0,Fritz-Werner-Straße,4229.0,34.0
197478,11,7,,2019,7,11,7,3,5,3,0,1,1,0,0,0,0,0,"795889,7709","5815352,929","13,35083","52,40822",7060604.0,Marienfelde Süd,3821.0,61.0
197479,11,10,,2019,7,10,7,3,5,3,0,1,1,0,0,0,0,0,"811314,4224","5831721,137","13,59215","52,54635",10020412.0,Alte Hellersdorfer Straße,7462.0,45.0
197480,11,3,,2019,7,10,7,2,6,3,0,0,1,1,0,0,0,0,"800073,7201","5837478,547","13,4321","52,60427",3020307.0,Buchholz,5079.0,56.0
197481,11,5,,2019,7,9,7,3,0,6,0,0,0,0,0,0,1,0,"786050,9259","5829162,042","13,21843","52,53726",5030730.0,Zitadellenweg,1959.0,49.0
197482,11,9,,2019,7,9,7,2,6,2,0,0,1,1,0,0,0,0,"802660,822","5824427,915","13,45829","52,48586",9010201.0,Am Treptower Park Süd,5444.0,54.0
197483,11,12,,2019,7,8,7,3,5,3,0,0,1,0,1,0,0,0,"793309,3532","5833875,298","13,32931","52,57566",12214421.0,Reinickes Hof,3570.0,53.0
197484,11,8,,2019,7,18,7,3,5,3,0,0,1,0,0,0,0,0,"801860,1336","5821749,947","13,44411","52,4623",8020619.0,Buschkrugallee Nord,5237.0,45.0
197485,11,3,,2019,7,22,7,3,5,2,2,1,0,0,0,0,1,1,"800598,249","5831859,304","13,43473","52,55361",3050923.0,Weißenseer Spitze,5164.0,53.0
197486,11,5,,2019,7,14,6,3,2,6,0,0,1,0,0,0,0,0,"784758,5282","5830452,191","13,20054","52,54951",5010310.0,Eckschanze,1663.0,55.0
197487,11,6,,2019,7,16,6,3,5,3,0,0,1,0,0,0,0,0,"794297,0485","5820851,728","13,33233","52,45838",6010209.0,Feuerbachstraße,3536.0,43.0
197488,11,5,,2019,7,19,6,2,5,3,0,0,1,0,0,0,0,0,"780018,3664","5827865,477","13,12863","52,52877",5020521.0,Döberitzer Weg,557.0,63.0
197489,11,1,,2019,7,18,6,3,5,3,0,0,1,0,1,0,0,0,"796971,2111","5826858,103","13,37692","52,51077",1011201.0,Wilhelmstraße,4251.0,2.0
197490,11,3,,2019,7,16,6,2,5,3,0,0,1,0,1,0,0,1,"800086,2845","5831671,075","13,42703","52,55221",3061227.0,Humannplatz,5064.0,24.0
197491,11,12,,2019,7,15,6,3,2,6,0,0,1,0,0,0,0,0,"791255,5223","5836431,173","13,30134","52,59967",12304314.0,Ziekowstraße/Freie Scholle,3177.0,62.0
197492,11,11,,2019,7,14,6,3,4,6,0,0,1,0,0,1,0,0,"805713,464","5830900,713","13,50906","52,54217",11020516.0,Weiße Taube,6261.0,65.0
197493,11,2,,2019,7,13,6,3,2,7,0,0,0,0,1,1,0,0,"801777,7042","5827424,505","13,44804","52,51321",2040702.0,Weberwiese,5352.0,35.0
197494,11,5,,2019,7,12,6,3,5,2,0,0,1,0,0,0,0,0,"780873,0764","5828322,241","13,14159","52,53243",5020419.0,Magistratsweg,758.0,54.0
197495,11,12,,2019,7,11,6,3,0,5,0,1,1,0,0,0,1,0,"793235,7463","5835960,562","13,33008","52,59439",12301203.0,Wittenau Süd,3576.0,61.0
197496,11,1,,2019,7,10,6,3,2,6,0,0,0,0,1,0,1,0,"799248,351","5828469,191","13,41182","52,52397",1011303.0,Alexanderplatzviertel,4755.0,4.0
197497,11,6,,2019,7,10,6,3,5,2,0,1,1,0,0,0,0,0,"795348,9043","5818441,799","13,34563","52,43621",6020303.0,Lankwitz Kirche,3730.0,44.0
197498,11,1,,2019,7,8,6,3,5,3,0,1,1,0,0,0,0,0,"797761,9208","5827443,002","13,38906","52,51558",1011203.0,Unter den Linden Süd,4453.0,15.0
197499,11,5,,2019,7,22,6,3,2,2,2,0,1,0,1,0,0,0,"782374,2671","5830505,233","13,16551","52,55123",5010206.0,Gütersloher Weg,1163.0,42.0
197500,11,8,,2019,7,20,6,3,5,3,2,0,1,0,0,0,0,0,"800893,7323","5821468,207","13,42968","52,46031",8020620.0,Tempelhofer Weg,5037.0,65.0
197501,11,2,,2019,7,16,6,3,0,1,0,0,0,0,1,0,0,1,"803212,0236","5825840,015","13,46767","52,49821",2050804.0,Stralauer Halbinsel,5648.0,64.0
197502,11,1,,2019,7,12,6,2,6,2,0,0,0,1,0,0,1,0,"796622,5384","5825637,032","13,37071","52,50002",1011104.0,Körnerstraße,4148.0,65.0
197503,11,4,,2019,7,10,6,2,5,3,0,0,1,0,0,0,0,0,"790471,356","5826697,152","13,28127","52,51283",4020313.0,Königin-Elisabeth-Straße,2852.0,40.0
197504,11,11,,2019,7,16,6,3,0,1,0,0,0,0,1,0,0,1,"804119,0134","5829830,649","13,48464","52,53348",11030619.0,Fennpfuhl Ost,5858.0,54.0
197505,11,1,,2019,7,17,6,3,0,1,0,1,0,0,0,0,0,1,"798551,2712","5828965,436","13,40202","52,5288",1011302.0,Oranienburger Straße,4657.0,9.0
197506,11,10,,2019,8,15,3,3,0,2,0,1,1,0,0,0,0,1,"809183,9232","5830215,01","13,55943","52,53407",10030724.0,Oberfeldstraße,6958.0,57.0
197507,11,3,,2019,8,17,3,1,5,5,0,0,0,0,0,0,1,0,"799689,7096","5832577,9","13,42201","52,56055",3040818.0,Pankow Süd,4966.0,57.0
197508,11,8,,2019,8,13,2,3,3,6,0,1,1,0,0,0,0,0,"800988,8133","5819508,749","13,42931","52,44269",8020621.0,Mohriner Allee Nord,5031.0,65.0
197509,11,1,,2019,8,22,2,3,1,5,2,1,1,0,0,0,0,0,"796694,0784","5826907,377","13,37289","52,51136",1011105.0,Nördlicher Landwehrkanal,4252.0,53.0
197510,11,4,,2019,8,17,2,3,0,1,0,0,0,0,1,0,0,0,"789934,7848","5826209,149","13,27296","52,50874",4020311.0,Reichsstraße,2751.0,29.0
197511,11,4,,2019,8,16,2,3,2,2,0,0,1,0,0,0,1,0,"793508,1029","5827633,456","13,32672","52,5196",4030621.0,Spreestadt,3554.0,52.0
197512,11,1,,2019,8,16,2,3,3,6,0,1,1,0,0,0,0,0,"798343,1575","5828962,346","13,39896","52,52888",1011302.0,Oranienburger Straße,4557.0,40.0
197513,11,4,,2019,8,16,2,3,5,3,0,1,1,0,0,0,0,0,"790855,6336","5826736,783","13,28696","52,51298",4030417.0,Schloßstraße,2952.0,50.0
197514,11,9,,2019,8,9,2,3,5,2,0,1,0,0,0,0,1,0,"805794,606","5821825,33","13,50192","52,46079",9020601.0,Schnellerstraße,6137.0,47.0
197515,11,4,,2019,8,17,2,3,3,6,0,1,1,0,0,0,0,0,"794178,0473","5824120,51","13,33346","52,48774",4051655.0,Babelsberger Straße,3645.0,59.0
197516,11,9,,2019,8,16,2,3,0,2,0,1,0,0,0,0,1,0,"809215,9385","5823033,132","13,55323","52,46969",9052001.0,Köpenick Nord,6839.0,56.0
197517,11,3,,2019,8,16,2,3,6,2,0,0,0,1,0,1,0,0,"802304,781","5829214,319","13,45741","52,52896",3061430.0,Volkspark Prenzlauer Berg,5457.0,20.0
197518,11,9,,2019,8,16,2,3,0,3,0,1,1,0,0,0,0,0,"809182,6593","5819531,062","13,5495","52,43832",9020702.0,Adlershof Ost,6830.0,43.0
197519,11,8,,2019,8,15,2,3,2,6,0,0,1,0,0,0,0,0,"800845,1669","5824283,899","13,43151","52,48558",8010301.0,Reuterkiez,5044.0,14.0
197520,11,7,,2019,8,15,2,2,1,5,0,1,1,0,0,0,0,0,"796145,7741","5824014,932","13,36226","52,48573",7020204.0,Schöneberger Insel,4044.0,52.0
197521,11,1,,2019,8,15,2,3,0,2,0,1,1,0,0,0,0,0,"793098,2877","5828963,683","13,32187","52,53174",1022101.0,Huttenkiez,3458.0,61.0
197522,11,7,,2019,8,13,2,3,0,1,0,0,0,0,1,0,0,1,"795889,5071","5820821,862","13,35567","52,45725",7030303.0,Grazer Platz,3936.0,50.0
197523,11,1,,2019,8,11,2,3,5,3,0,1,0,0,0,0,1,0,"797962,6729","5826580,54","13,39124","52,50774",1011204.0,Leipziger Straße,4451.0,11.0
197524,11,2,,2019,8,11,2,3,1,5,0,1,1,0,0,0,0,0,"797035,7873","5823991,334","13,37531","52,48504",2020203.0,Viktoriapark,4244.0,54.0
197525,11,4,,2019,8,11,2,3,6,7,0,1,0,1,0,0,0,0,"793162,6303","5827770,961","13,32177","52,52101",4030621.0,Spreestadt,3454.0,49.0
197526,11,8,,2019,8,11,2,3,5,7,0,0,1,0,1,0,0,0,"804345,654","5818310,531","13,47745","52,4301",8041035.0,Blumenviertel,5728.0,63.0
197527,11,6,,2019,8,11,2,3,5,3,0,0,1,0,0,0,0,0,"794730,9606","5820070,642","13,338","52,45114",6010206.0,Stadtpark,3634.0,50.0
197528,11,1,,2019,8,8,2,2,5,3,0,1,1,0,0,0,0,0,"798550,2721","5827802,738","13,40097","52,51838",1011202.0,Unter den Linden Nord,4654.0,10.0
197529,11,7,,2019,8,8,2,3,5,2,0,1,1,0,0,0,0,0,"799802,6047","5813185,422","13,40624","52,38667",7070703.0,John-Locke-Straße,4615.0,51.0
197530,11,1,,2019,8,8,2,3,2,6,0,0,1,0,0,0,1,0,"800251,8139","5827564,013","13,42575","52,5153",2040701.0,Andreasviertel,4953.0,49.0
197531,11,8,,2019,8,8,2,3,5,2,0,1,1,0,0,0,0,0,"800477,1364","5823615,274","13,4255","52,47978",8010117.0,Schillerpromenade,4942.0,18.0
197532,11,4,,2019,8,7,2,3,2,6,0,0,1,0,0,0,0,0,"789431,5024","5826660,338","13,26596","52,51305",4020311.0,Reichsstraße,2652.0,50.0
197533,11,3,,2019,8,7,2,3,2,7,0,0,1,0,0,0,0,0,"798846,4673","5834955,918","13,41176","52,58233",3040614.0,Pankow Zentrum,4772.0,55.0
197534,11,3,,2019,8,10,2,3,0,3,0,1,0,0,0,0,1,0,"799984,783","5835246,868","13,42877","52,58431",3040614.0,Pankow Zentrum,5073.0,56.0
197535,11,3,,2019,8,7,2,3,5,2,0,0,1,0,1,0,0,0,"801962,582","5831443,645","13,45441","52,54913",3050925.0,Komponistenviertel Weißensee,5463.0,46.0
197536,11,9,,2019,8,6,2,3,5,3,0,1,1,0,0,0,0,0,"806494,525","5820614,202","13,51107","52,44954",9010402.0,Johannisthal Ost,6233.0,61.0
197537,11,2,,2019,8,2,2,3,5,3,2,0,1,0,0,0,1,0,"800519,5831","5825464,878","13,42779","52,49634",2030401.0,Reichenberger Straße,5047.0,51.0
197538,11,1,,2019,8,6,2,3,1,5,0,1,1,0,0,0,0,0,"797099,6089","5830996,804","13,3825","52,5478",1033203.0,Humboldthain Nordwest,4362.0,59.0
197539,11,3,,2019,8,10,2,3,2,6,0,0,1,0,0,0,0,0,"802911,368","5833188,512","13,46995","52,56424",3051017.0,Rennbahnstraße,5667.0,54.0
197540,11,6,,2019,8,9,2,3,5,2,0,0,1,0,1,0,0,0,"794108,7055","5820903,111","13,32961","52,45894",6010208.0,Bergstraße,3536.0,43.0
197541,11,10,,2019,8,9,2,3,2,6,0,0,1,0,0,0,0,0,"809583,1018","5828033,338","13,56327","52,51429",10030725.0,Buckower Ring,7052.0,57.0
197542,11,5,,2019,8,9,2,3,5,2,0,1,1,0,0,0,0,0,"784580,4094","5829771,713","13,19733","52,5435",5010313.0,Ackerstraße,1561.0,61.0
197543,11,7,,2019,8,4,1,3,2,6,2,0,1,0,0,0,0,0,"797751,0534","5823954,123","13,38578","52,48432",7040401.0,Neu-Tempelhof,4344.0,28.0
197544,11,3,,2019,8,17,1,2,0,1,0,1,0,0,0,0,0,0,"804141,6584","5832425,905","13,48735","52,55672",3051017.0,Rennbahnstraße,5965.0,63.0
197545,11,1,,2019,8,13,1,3,0,1,0,0,0,0,1,0,0,0,"796957,468","5826861,653","13,37672","52,51081",1011201.0,Wilhelmstraße,4251.0,2.0
197546,11,1,,2019,8,0,1,3,0,1,2,0,0,0,0,0,1,0,"799101,3121","5828264,602","13,40948","52,52221",1011303.0,Alexanderplatzviertel,4755.0,4.0
197547,11,5,,2019,8,12,1,3,2,6,0,0,1,0,1,0,1,0,"785277,1754","5829298,541","13,20717","52,53889",5010314.0,Carl-Schurz-Straße,1760.0,43.0
197548,11,3,,2019,8,17,1,3,5,3,0,0,1,0,1,0,0,0,"804148,1813","5838509,244","13,49303","52,61124",3030406.0,Alt-Karow,5981.0,65.0
197549,11,6,,2019,8,16,1,3,5,3,0,0,1,0,1,0,0,0,"795357,9475","5818459,732","13,34578","52,43636",6020303.0,Lankwitz Kirche,3730.0,44.0
197550,11,5,,2019,8,13,1,3,2,6,0,0,1,0,0,0,0,0,"781831,5477","5827188,266","13,15472","52,52176",5020522.0,Pillnitzer Weg,955.0,60.0
197551,11,5,,2019,8,12,1,3,3,6,0,0,1,0,1,0,0,0,"785667,9962","5829287,353","13,21291","52,53859",5030730.0,Zitadellenweg,1860.0,58.0
197552,11,4,,2019,8,4,1,3,1,5,2,0,1,0,0,0,1,0,"793227,5015","5825204,887","13,32046","52,49798",4051447.0,Ludwigkirchplatz,3448.0,49.0
197553,11,3,,2019,8,4,1,3,5,3,2,0,1,0,0,0,0,0,"798602,6767","5833049,917","13,40645","52,56538",3040614.0,Pankow Zentrum,4667.0,58.0
197554,11,11,,2019,8,18,1,3,0,7,0,1,0,0,0,0,0,0,"804137,6143","5834704,442","13,48938","52,57715",11010101.0,Dorf Malchow,5971.0,65.0
197555,11,2,,2019,8,0,1,3,0,5,2,1,1,0,0,0,1,0,"801991,933","5825603,084","13,44954","52,49677",2030402.0,Wrangelkiez,5347.0,57.0
197556,11,1,,2019,8,21,1,3,1,5,2,1,1,0,0,0,0,0,"794525,6392","5826093,588","13,34031","52,50524",1011101.0,Stülerstraße,3750.0,33.0
197557,11,8,,2019,8,20,1,2,5,3,1,0,1,0,0,0,0,0,"801176,6426","5820600,381","13,43305","52,45238",8020620.0,Tempelhofer Weg,5034.0,59.0
197558,11,2,,2019,8,19,1,3,0,1,0,1,0,0,0,0,0,0,"798295,803","5825335,049","13,39501","52,4964",2020204.0,Urbanstraße,4547.0,11.0
197559,11,11,,2019,8,19,1,3,0,1,0,1,0,0,0,0,0,0,"807244,2199","5824179,594","13,52535","52,48108",11051332.0,Karlshorst Süd,6443.0,52.0
197560,11,12,,2019,8,21,7,3,2,6,0,0,1,0,0,0,0,0,"792918,752","5832171,662","13,32206","52,5606",12214424.0,Scharnweberstraße,3466.0,46.0