OBJECTID,LAND,BEZ,LOR_ab_2021,UJAHR,UMONAT,USTUNDE,UWOCHENTAG,UKATEGORIE,UART,UTYP1,ULICHTVERH,IstRad,IstPKW,IstFuss,IstKrad,IstGkfz,IstSonstige,USTRZUSTAND,LINREFX,LINREFY,XGCSWGS84,YGCSWGS84,LOR,STRASSE,quadrant,quadrant_rank
197722,11,1,,2019,7,20,3,2,0,1,0,1,0,0,0,0,0,0,"794549,2754","5826088,225","13,34065","52,50518",1011101.0,Stülerstraße,3750.0,33.0
197723,11,8,,2019,7,14,3,3,5,3,0,0,1,0,1,0,0,0,"800380,4474","5823330,392","13,42382","52,47728",8010117.0,Schillerpromenade,4942.0,18.0
197724,11,1,,2019,7,20,3,3,5,3,0,0,1,0,0,0,0,0,"795324,9037","5826261,334","13,3522","52,50632",1011101.0,Stülerstraße,3850.0,33.0
197725,11,5,,2019,7,20,3,3,5,3,0,1,1,0,0,0,0,0,"782573,5164","5828540,581","13,16677","52,53351",5020417.0,Staakener Straße,1158.0,56.0
197726,11,7,,2019,7,19,3,3,5,7,0,0,1,0,1,0,0,0,"794624,1034","5825565,122","13,34129","52,50045",7010101.0,Wittenbergplatz/Viktoria-Luise-Platz,3748.0,42.0
197727,11,9,,2019,7,13,3,3,3,1,0,1,0,0,0,0,1,0,"804279,5321","5823056,603","13,48081","52,47267",9010202.0,Köpenicker Landstraße,5840.0,59.0
197728,11,5,,2019,7,12,3,3,2,2,0,1,1,0,0,0,0,0,"781551,3758","5819649,201","13,14423","52,45431",5040936.0,Jägerallee,835.0,61.0
197729,11,8,,2019,7,18,3,3,2,6,0,0,1,0,0,0,0,0,"801839,1619","5823625,641","13,4455","52,47913",8010404.0,Rixdorf,5242.0,49.0
197730,11,6,,2019,7,18,3,3,5,2,0,1,1,0,0,0,0,0,"788760,1197","5819994,54","13,25032","52,45365",6040804.0,Krumme Lanke,2335.0,62.0
197731,11,4,,2019,7,18,3,3,3,6,0,0,1,0,0,0,0,0,"791881,5694","5826501,475","13,30182","52,51032",4030725.0,Amtsgerichtsplatz,3151.0,40.0
197732,11,9,,2019,7,17,3,3,2,7,0,0,1,0,1,0,0,0,"806289,1047","5819201,096","13,50677","52,43699",9010402.0,Johannisthal Ost,6130.0,56.0
197733,11,8,,2019,7,17,3,3,5,3,0,1,0,0,0,0,1,0,"801800,8908","5817488,167","13,4394","52,42414",8020728.0,Buckow Ost,5126.0,38.0
197734,11,9,,2019,7,10,3,2,1,5,0,0,1,0,1,0,0,0,"814030,5204","5820744,837","13,62173","52,44644",9051702.0,Bölschestraße,7933.0,55.0
197735,11,1,,2019,7,9,3,3,1,5,0,1,0,0,0,1,0,0,"797963,6549","5832408,763","13,39648","52,55998",1033101.0,Soldiner Straße,4566.0,65.0
197736,11,8,,2019,7,12,3,3,5,2,0,0,1,0,0,0,1,0,"805438,8438","5818396,446","13,49356","52,43026",8041037.0,Alt-Rudow,5928.0,63.0
197737,11,7,,2019,7,14,3,1,6,2,0,0,0,1,0,1,0,0,"794950,1287","5825642,635","13,34615","52,50097",7010102.0,Nollendorfplatz,3849.0,22.0
197738,11,2,,2019,7,13,2,3,5,2,0,1,0,0,0,0,1,0,"801250,7933","5827844,043","13,44068","52,51726",2040502.0,Friedenstraße,5253.0,35.0
197739,11,7,,2019,7,15,2,3,0,7,0,1,0,0,0,0,0,0,"799195,4451","5816141,739","13,39999","52,4135",7070701.0,Kettinger Straße/Schillerstraße,4623.0,43.0
197740,11,10,,2019,7,12,2,3,0,1,0,1,0,0,0,0,0,0,"812433,1499","5824753,677","13,60205","52,48328",10040933.0,Mahlsdorf Süd,7643.0,63.0
197741,11,1,,2019,7,22,2,3,2,6,2,0,1,0,1,0,0,1,"797662,7325","5831882,289","13,39158","52,55543",1033102.0,Gesundbrunnen,4464.0,34.0
197742,11,3,,2019,7,21,2,3,0,2,2,0,1,0,1,0,0,1,"798606,8339","5833049,831","13,40651","52,56538",3040614.0,Pankow Zentrum,4767.0,50.0
197743,11,2,,2019,7,20,2,3,1,1,0,0,1,0,1,0,0,1,"802589,8442","5827014,158","13,4596","52,50908",2050802.0,Boxhagener Platz,5451.0,41.0
197744,11,1,,2019,7,18,2,3,5,2,0,1,0,0,0,0,1,1,"797763,8745","5829744,158","13,39115","52,53621",1033202.0,Humboldthain Süd,4459.0,28.0
197745,11,4,,2019,7,18,2,3,0,6,0,0,1,0,1,0,0,1,"793293,0704","5825627,007","13,32179","52,50172",4030930.0,George-Grosz-Platz,3449.0,40.0
197746,11,6,,2019,7,18,2,3,0,5,0,1,1,0,0,0,0,1,"791844,99","5818906,647","13,29464","52,44225",6030610.0,Lichterfelde West,3031.0,57.0
197747,11,1,,2019,7,18,2,3,2,6,0,0,1,0,0,0,0,1,"796586,3302","5831006,272","13,37497","52,54816",1033203.0,Humboldthain Nordwest,4262.0,53.0
197748,11,1,,2019,7,16,2,3,2,6,0,0,1,0,0,0,0,0,"797978,3241","5828497,041","13,39318","52,52491",1011302.0,Oranienburger Straße,4556.0,46.0
197749,11,5,,2019,7,16,2,3,5,7,0,1,1,0,0,0,0,0,"785352,2748","5830155,443","13,20902","52,54654",5010311.0,Eiswerder,1762.0,53.0
197750,11,6,,2019,7,19,2,3,2,6,0,0,1,0,0,0,0,1,"794923,1007","5821446,918","13,34204","52,46337",6010210.0,Bismarckstraße,3738.0,53.0
197751,11,1,,2019,7,17,2,3,1,5,0,1,1,0,0,0,0,1,"798018,5797","5827089,741","13,39251","52,51228",1011203.0,Unter den Linden Süd,4452.0,21.0
197752,11,4,,2019,7,16,2,3,5,2,0,0,1,0,1,0,0,0,"794187,4403","5823111,523","13,33271","52,47869",4051655.0,Babelsberger Straße,3642.0,57.0
197753,11,1,,2019,7,16,2,3,5,2,0,1,1,0,0,0,0,0,"797720,1863","5831257,475","13,39186","52,5498",1033102.0,Gesundbrunnen,4463.0,27.0
197754,11,3,,2019,7,19,2,3,0,7,0,0,1,0,0,0,0,1,"800995,0394","5833682,888","13,44221","52,56974",3030715.0,Heinersdorf,5269.0,57.0
197755,11,4,,2019,7,15,2,2,5,3,0,1,1,0,0,0,0,0,"794185,4354","5823226,393","13,33278","52,47972",4051655.0,Babelsberger Straße,3642.0,57.0
197756,11,11,,2019,7,15,2,3,5,2,0,1,0,0,0,0,1,0,"806220,1135","5830350,064","13,516","52,53695",11020516.0,Weiße Taube,6359.0,27.0
197757,11,1,,2019,7,15,2,3,2,7,0,1,1,0,0,0,0,0,"797108,2794","5829252,994","13,38107","52,53216",1011301.0,Charitéviertel,4358.0,45.0
197758,11,4,,2019,7,14,2,2,2,6,0,0,1,0,1,0,0,0,"792541,9464","5822821,104","13,3083","52,47697",4041342.0,Schlangenbader Straße,3242.0,39.0
197759,11,9,,2019,7,15,2,3,2,2,0,0,1,0,0,0,0,0,"809388,1246","5821483,315","13,55432","52,4557",9020502.0,Oberschöneweide Ost,6835.0,61.0
197760,11,5,,2019,7,14,2,3,0,1,0,0,0,0,1,0,0,0,"781396,7463","5830734,375","13,15133","52,55379",5010206.0,Gütersloher Weg,964.0,53.0
197761,11,4,,2019,7,14,2,3,5,2,0,0,0,0,0,1,1,0,"792688,9222","5825321,282","13,31265","52,49931",4051446.0,Preußenpark,3348.0,36.0
197762,11,2,,2019,7,14,2,3,5,3,0,0,1,0,0,0,0,0,"802951,1655","5826800,407","13,46471","52,50697",2050802.0,Boxhagener Platz,5550.0,62.0
197763,11,9,,2019,7,13,2,3,3,2,0,0,1,0,1,0,0,0,"809054,4041","5818764,105","13,54691","52,43152",9020701.0,Adlershof West,6728.0,57.0
197764,11,7,,2019,7,12,2,2,6,7,0,0,0,1,0,0,1,0,"796334,7395","5822992,284","13,36413","52,47646",7020204.0,Schöneberger Insel,4041.0,37.0
197765,11,4,,2019,7,12,2,3,2,6,0,0,1,0,0,0,0,0,"790087,4081","5827345,428","13,2762","52,51884",4020310.0,Park Ruhwald,2754.0,42.0
197766,11,3,,2019,7,12,2,3,5,2,0,1,1,0,0,0,0,0,"798218,8879","5831596,932","13,3995","52,55257",3061126.0,Arnimplatz,4564.0,57.0
197767,11,2,,2019,7,11,2,3,5,3,0,1,1,0,0,0,0,0,"797772,1162","5824035,105","13,38616","52,48503",2020203.0,Viktoriapark,4344.0,28.0
197768,11,10,,2019,7,11,2,2,5,2,0,0,1,0,0,0,0,0,"811209,6329","5828853,203","13,58792","52,52071",10020622.0,Kaulsdorf Nord I,7354.0,60.0
197769,11,9,,2019,7,9,2,3,6,4,0,0,1,1,0,0,0,0,"808587,58","5817624,475","13,53902","52,42157",9030901.0,Dorf Altglienicke,6625.0,65.0
197770,11,2,,2019,7,9,2,3,5,2,0,1,1,0,0,0,0,0,"801247,6083","5827817,05","13,44061","52,51702",2040502.0,Friedenstraße,5253.0,35.0
197771,11,4,,2019,7,9,2,3,2,6,0,0,1,0,0,0,0,0,"792954,6976","5823333,796","13,31481","52,48135",4051551.0,Brabanter Platz,3343.0,53.0
197772,11,5,,2019,7,11,2,2,8,1,0,0,1,0,0,0,0,0,"785406,5245","5827917,12","13,20789","52,52644",5020627.0,Tiefwerder,1756.0,58.0
197773,11,2,,2019,7,18,2,3,0,1,0,1,0,0,0,0,0,1,"800744,9878","5826524,979","13,43206","52,50572",2030302.0,Lausitzer Platz,5050.0,37.0
197774,11,2,,2019,7,19,2,3,0,1,0,1,0,0,0,0,0,1,"797954,21","5826221,374","13,39079","52,50453",2010102.0,Mehringplatz,4450.0,25.0
197775,11,4,,2019,7,8,2,3,3,6,0,0,1,0,0,0,1,0,"793345,5481","5829701,877","13,32616","52,53823",4010102.0,Plötzensee,3559.0,22.0
197776,11,8,,2019,7,7,2,3,2,2,0,1,1,0,0,0,0,0,"800770,9391","5822754,222","13,42904","52,4719",8010118.0,Silbersteinstraße,5040.0,48.0
197777,11,2,,2019,7,6,2,3,2,6,0,0,1,0,1,0,0,0,"802034,753","5827168,587","13,45159","52,51077",2050802.0,Boxhagener Platz,5351.0,36.0
197778,11,6,,2019,7,20,1,3,0,1,0,1,0,0,0,0,0,0,"792685,3396","5816255,374","13,30465","52,41804",6020408.0,Lichterfelde Süd,3124.0,62.0
197779,11,7,,2019,7,14,1,3,2,6,0,0,1,0,1,0,0,0,"794490,9078","5824873,772","13,33872","52,49433",7010101.0,Wittenbergplatz/Viktoria-Luise-Platz,3647.0,52.0
197780,11,5,,2019,7,13,1,3,2,6,0,0,1,0,0,0,0,0,"787405,146","5829457,203","13,2386","52,5392",5030731.0,Gartenfelder Straße,2260.0,56.0
197781,11,1,,2019,7,17,1,3,0,7,0,0,0,0,0,0,1,0,"798149,4495","5828008,425","13,39526","52,52044",1011202.0,Unter den Linden Nord,4554.0,60.0
197782,11,1,,2019,7,22,1,3,0,4,2,0,0,1,1,0,0,0,"798499,2072","5828167,118","13,40054","52,52167",1011303.0,Alexanderplatzviertel,4655.0,41.0
197783,11,8,,2019,7,18,1,3,0,1,0,1,0,0,0,0,0,0,"802547,3641","5822134,889","13,45455","52,46537",8010510.0,Gewerbegebiet Köllnische Heide,5438.0,62.0
197784,11,8,,2019,7,16,1,3,5,7,0,0,1,0,0,0,0,0,"803518,4075","5818925,21","13,46588","52,43607",8040933.0,Vogelviertel Süd,5530.0,65.0
197785,11,1,,2019,7,16,1,3,1,5,0,0,1,0,0,0,1,0,"796816,6964","5827811,613","13,3755","52,5194",1011102.0,Großer Tiergarten,4254.0,60.0
197786,11,7,,2019,7,15,1,2,2,6,0,0,1,0,1,0,0,0,"795340,4104","5821501,027","13,34821","52,46363",7030303.0,Grazer Platz,3838.0,59.0
197787,11,1,,2019,7,15,1,3,0,1,0,0,0,0,0,0,1,0,"799954,8444","5828561,921","13,42229","52,52441",1011304.0,Karl-Marx-Allee,4955.0,53.0
197788,11,2,,2019,7,9,1,3,5,2,0,1,0,0,0,0,1,0,"803120,208","5825676,768","13,46617","52,4968",2050804.0,Stralauer Halbinsel,5547.0,53.0
197789,11,2,,2019,7,10,7,3,0,1,0,1,0,0,0,0,0,0,"799486,2656","5826075,855","13,41316","52,50238",2010103.0,Moritzplatz,4749.0,23.0
197790,11,2,,2019,7,17,7,3,0,3,0,1,1,0,0,0,0,0,"800938,9236","5828520,101","13,43671","52,52349",2040502.0,Friedenstraße,5155.0,43.0
197791,11,8,,2019,7,23,7,3,0,7,2,1,0,0,0,0,1,0,"801808,5509","5823647,437","13,44507","52,47934",8010404.0,Rixdorf,5242.0,49.0
197792,11,6,,2019,7,18,7,3,5,3,0,1,1,0,0,0,0,0,"789259,0559","5818045,547","13,25596","52,43591",6030503.0,Zehlendorf Mitte,2430.0,59.0
197793,11,8,,2019,7,18,7,3,0,6,0,0,1,0,1,0,0,0,"800802,9232","5825036,241","13,43156","52,49234",8010301.0,Reuterkiez,5046.0,45.0
197794,11,1,,2019,7,17,7,3,2,6,0,0,1,0,0,0,0,0,"793878,2203","5830057,55","13,3343","52,54113",1022103.0,Westhafen,3660.0,50.0
197795,11,4,,2019,7,16,7,3,2,6,0,0,1,0,0,0,0,0,"794310,327","5825265,978","13,33642","52,49794",4051448.0,Schaperstraße,3648.0,35.0
197796,11,4,,2019,7,16,7,3,5,2,0,0,1,0,0,0,0,0,"791910,6703","5826241,686","13,30202","52,50798",4030725.0,Amtsgerichtsplatz,3151.0,40.0
197797,11,1,,2019,7,16,7,3,5,2,0,1,1,0,0,0,0,0,"797380,5277","5832454,199","13,38794","52,56071",1033101.0,Soldiner Straße,4466.0,58.0
197798,11,6,,2019,7,15,7,2,6,4,0,0,1,1,0,0,0,0,"788813,4905","5819565,809","13,25073","52,44977",6040806.0,Fischtal,2334.0,57.0
197799,11,8,,2019,7,23,7,3,0,6,2,0,0,0,1,0,0,0,"800693,6109","5824376,777","13,42936","52,48649",8010301.0,Reuterkiez,5044.0,14.0
197800,11,1,,2019,8,7,4,3,6,4,0,0,1,1,0,0,0,0,"794722,14","5827403,2","13,34436","52,51688",1022207.0,Hansaviertel,3753.0,58.0
197801,11,5,,2019,8,6,4,3,5,2,0,0,1,0,0,0,0,0,"783902,0376","5826598,354","13,18465","52,5154",5020524.0,Weinmeisterhornweg,1453.0,50.0
197802,11,9,,2019,8,7,4,2,6,7,0,0,0,1,0,0,1,0,"814090,9362","5820779,314","13,62264","52,44671",9051702.0,Bölschestraße,7933.0,55.0
197803,11,5,,2019,8,7,4,3,0,1,0,1,0,0,0,0,0,0,"785752,9864","5833148,226","13,21749","52,57316",5010101.0,Hakenfelde Nord,1870.0,61.0
197804,11,3,,2019,8,18,3,3,0,5,0,1,1,0,0,0,0,0,"798990,5256","5831447,339","13,41071","52,5508",3061126.0,Arnimplatz,4763.0,56.0
197805,11,1,,2019,8,17,3,2,6,7,0,0,0,1,0,0,1,0,"795778,1337","5828197,658","13,36058","52,52343",1022206.0,Lüneburger Straße,4055.0,49.0
197806,11,1,,2019,8,13,3,3,6,4,0,1,0,1,0,0,0,0,"798503,6639","5827866,87","13,40034","52,51898",1011202.0,Unter den Linden Nord,4654.0,10.0
197807,11,3,,2019,8,18,3,3,1,5,0,1,1,0,0,0,1,0,"799076,3458","5830209,542","13,41086","52,53966",3071536.0,Teutoburger Platz,4760.0,20.0
197808,11,9,,2019,8,16,3,2,6,4,0,0,0,1,1,0,0,0,"808003,4203","5821567,833","13,53409","52,45724",9020502.0,Oberschöneweide Ost,6536.0,61.0
197809,11,3,,2019,8,16,3,3,5,2,0,1,1,0,0,0,0,0,"801324,399","5831012,737","13,44464","52,54562",3061429.0,Greifswalder Straße,5262.0,43.0
197810,11,1,,2019,8,15,3,3,2,6,0,0,1,0,0,0,0,0,"793620,3421","5828131,124","13,32881","52,524",1022101.0,Huttenkiez,3555.0,16.0
197811,11,8,,2019,8,18,3,3,1,5,1,1,1,0,0,0,0,0,"801886,179","5824407,018","13,4469","52,4861",8010406.0,Treptower Straße Nord,5344.0,56.0
197812,11,7,,2019,8,18,3,3,6,2,0,0,1,1,0,0,0,0,"797839,4215","5822204,983","13,38552","52,46859",7040403.0,Manteuffelstraße,4339.0,29.0
197813,11,7,,2019,8,18,3,3,6,4,0,0,1,1,0,0,0,0,"794949,8822","5825395,214","13,34593","52,49875",7010102.0,Nollendorfplatz,3748.0,42.0
197814,11,10,,2019,8,18,3,3,1,5,0,1,1,0,0,0,0,0,"812119,7102","5825410,824","13,59807","52,48935",10040933.0,Mahlsdorf Süd,7545.0,65.0
197815,11,3,,2019,8,17,3,3,3,6,0,1,0,0,0,0,0,0,"800030,146","5830416,315","13,42507","52,54099",3071633.0,Thälmannpark,4960.0,18.0
197816,11,8,,2019,8,17,3,3,5,2,0,1,1,0,0,0,0,0,"801751,4353","5822053,178","13,44279","52,46508",8010214.0,Glasower Straße,5238.0,46.0
197817,11,2,,2019,8,17,3,3,5,2,0,1,1,0,0,0,0,0,"802742,3509","5827484,842","13,46227","52,51322",2050801.0,Traveplatz,5552.0,49.0
197818,11,7,,2019,8,17,3,3,2,2,0,1,1,0,0,0,0,0,"793962,185","5822011,868","13,32843","52,46896",7030301.0,Friedenau,3539.0,53.0
197819,11,7,,2019,8,17,3,2,0,1,0,0,0,0,0,0,1,0,"797637,6352","5821170,737","13,38163","52,45943",7040403.0,Manteuffelstraße,4336.0,60.0
197820,11,1,,2019,8,8,3,3,0,6,0,1,0,0,0,0,0,0,"799178,2548","5828665,568","13,41097","52,52577",1011303.0,Alexanderplatzviertel,4756.0,48.0
197821,11,2,,2019,8,12,3,3,0,7,0,0,0,0,1,0,0,0,"802060,8305","5826223,753","13,45111","52,50229",2050803.0,Stralauer Kiez,5349.0,29.0
197822,11,1,,2019,8,16,3,3,5,3,0,1,1,0,1,0,0,0,"798578,17","5826868,996","13,40054","52,50999",1011204.0,Leipziger Straße,4651.0,31.0
197823,11,7,,2019,8,15,3,3,5,2,0,0,1,0,1,0,0,0,"797348,8816","5821927,388","13,37807","52,46637",7040403.0,Manteuffelstraße,4238.0,48.0
197824,11,9,,2019,8,15,3,3,2,1,0,0,1,0,0,0,0,0,"804136,8475","5822925,76","13,47859","52,47158",9010202.0,Köpenicker Landstraße,5740.0,54.0
197825,11,4,,2019,8,14,3,3,5,3,0,0,1,0,1,0,0,0,"791289,8649","5826076,601","13,29276","52,50683",4030725.0,Amtsgerichtsplatz,3050.0,39.0
197826,11,12,,2019,8,14,3,3,2,6,0,0,1,0,0,0,0,0,"788035,6558","5830933,77","13,24915","52,5521",12214125.0,Waldidyll/Flughafensee,2363.0,61.0
197827,11,5,,2019,8,13,3,3,2,6,0,0,1,0,0,0,0,0,"784742,3057","5826399,867","13,19683","52,51318",5020628.0,Graetschelsteig,1552.0,61.0
197828,11,4,,2019,8,13,3,3,5,2,0,1,0,0,0,1,0,0,"793970,2454","5824451,222","13,3307","52,49082",4051653.0,Prager Platz,3546.0,33.0
197829,11,3,,2019,8,16,3,3,3,6,0,1,1,0,0,0,0,0,"802435,844","5831508,359","13,46143","52,54945",3050925.0,Komponistenviertel Weißensee,5563.0,50.0
197830,11,4,,2019,8,15,3,2,5,2,0,0,1,0,0,0,0,0,"793999,777","5824056,737","13,33079","52,48727",4051655.0,Babelsberger Straße,3545.0,51.0
197831,11,9,,2019,8,12,3,3,5,7,0,0,1,0,0,0,1,0,"811154,3715","5822083,013","13,58079","52,46007",9052001.0,Köpenick Nord,7237.0,52.0
197832,11,8,,2019,8,15,3,3,1,5,0,0,1,0,0,0,0,0,"800387,6822","5816784,153","13,41804","52,4186",8020727.0,Buckow Mitte,4824.0,53.0
197833,11,9,,2019,8,12,3,3,1,5,0,1,0,0,0,0,1,0,"814205,0237","5821576,376","13,62507","52,45379",9051702.0,Bölschestraße,7935.0,61.0
197834,11,1,,2019,8,11,3,3,3,7,0,1,1,0,0,0,0,0,"799728,6442","5827524,534","13,41803","52,51524",1011304.0,Karl-Marx-Allee,4853.0,18.0
197835,11,1,,2019,8,8,3,3,2,6,0,1,1,0,0,0,0,0,"796089,5964","5825998,886","13,3632","52,50355",1011103.0,Lützowstraße,4049.0,39.0
197836,11,5,,2019,8,8,3,3,5,7,0,0,1,0,1,0,0,0,"783420,0777","5827703,379","13,17851","52,52556",5020626.0,Adamstraße,1356.0,63.0
197837,11,10,,2019,8,11,3,3,2,6,0,0,1,0,0,1,0,0,"808464,1155","5831133,874","13,5497","52,54271",10010310.0,Alt-Marzahn,6861.0,54.0
197838,11,3,,2019,8,6,3,2,0,7,0,1,0,0,0,0,0,0,"798179,4691","5831829,763","13,39913","52,55468",3061126.0,Arnimplatz,4564.0,57.0
197839,11,5,,2019,8,10,3,3,0,2,0,1,1,0,0,0,0,0,"783049,1199","5826060,425","13,17166","52,51102",5020524.0,Weinmeisterhornweg,1251.0,62.0
197840,11,1,,2019,8,6,3,3,5,2,0,1,1,0,0,0,0,0,"794020,8898","5830176,827","13,33651","52,54212",1044101.0,Rehberge,3661.0,43.0
197841,11,8,,2019,8,1,3,3,6,7,2,0,0,1,0,0,1,0,"801652,8494","5823740,411","13,44287","52,48026",8010404.0,Rixdorf,5242.0,49.0
197842,11,9,,2019,8,9,3,3,5,3,0,1,1,0,0,0,0,0,"804361,0633","5819757,855","13,479","52,44306",9010302.0,Späthsfelde,5732.0,60.0
197843,11,10,,2019,8,9,3,3,0,7,0,0,1,0,1,0,0,1,"810838,046","5831023,101","13,58449","52,54037",10020413.0,Gut Hellersdorf,7360.0,59.0
197844,11,8,,2019,8,9,3,3,5,2,0,1,1,0,0,0,0,0,"801515,4081","5823855,424","13,44096","52,48136",8010404.0,Rixdorf,5243.0,34.0
197845,11,2,,2019,8,8,3,3,5,3,0,0,1,0,1,0,0,0,"800418,8943","5828048,477","13,42864","52,51955",2040502.0,Friedenstraße,5054.0,36.0
197846,11,5,,2019,8,20,2,3,2,2,0,1,0,0,0,0,0,0,"782821,3343","5827119,085","13,16921","52,52063",5020523.0,Maulbeerallee,1154.0,55.0
197847,11,7,,2019,8,12,2,3,2,7,0,1,1,0,0,0,0,0,"794142,0076","5821828,56","13,33091","52,46722",7030301.0,Friedenau,3539.0,53.0
197848,11,4,,2019,8,15,2,3,2,6,2,0,1,0,0,0,0,0,"790138,3992","5827315,795","13,27692","52,51855",4020310.0,Park Ruhwald,2754.0,42.0
197849,11,8,,2019,8,20,2,3,5,2,0,1,0,0,0,1,0,0,"803150,1434","5818453,026","13,46005","52,43204",8030829.0,Gropiusstadt Nord,5428.0,49.0
197850,11,11,,2019,8,19,2,3,6,4,0,1,0,1,0,0,0,0,"803090,1344","5829555,484","13,46927","52,53158",11030618.0,Fennpfuhl West,5657.0,53.0
197851,11,10,,2019,8,18,2,3,5,2,0,1,1,0,0,0,0,0,"813242,0154","5831082,86","13,61988","52,53953",10020416.0,Böhlener Straße,7860.0,60.0
197852,11,7,,2019,8,18,2,2,5,5,0,0,1,0,0,0,0,0,"799660,4191","5819025,7","13,40939","52,43909",7050505.0,Hundsteinweg,4730.0,63.0
197853,11,1,,2019,8,20,2,2,1,5,1,1,0,0,0,0,1,0,"797888,4508","5829287,764","13,39257","52,53205",1011401.0,Invalidenstraße,4458.0,48.0
197854,11,11,,2019,8,15,2,3,0,2,0,0,1,0,1,0,0,0,"804196,7879","5830673,15","13,48655","52,54098",11020514.0,Große-Leege-Straße,5860.0,62.0
197855,11,5,,2019,8,18,2,3,5,2,0,1,1,0,0,0,0,0,"785941,5643","5827986,124","13,21582","52,52678",5020627.0,Tiefwerder,1856.0,55.0
197856,11,1,,2019,8,17,2,3,5,2,0,0,1,0,1,0,0,0,"798619,0623","5826919,345","13,40118","52,51042",1011204.0,Leipziger Straße,4651.0,31.0
197857,11,7,,2019,8,13,2,3,6,7,0,1,0,1,0,0,0,0,"796138,2204","5824930,94","13,36297","52,49395",7010104.0,Dennewitzplatz,4046.0,41.0
197858,11,2,,2019,8,13,2,3,2,6,0,1,0,0,0,0,0,0,"797860,0672","5825617,782","13,38887","52,49917",2010101.0,Askanischer Platz,4448.0,24.0
197859,11,4,,2019,8,13,2,3,5,3,0,0,1,0,0,0,0,0,"791265,9289","5823330,345","13,29001","52,48222",4041137.0,Flinsberger Platz,2943.0,55.0
197860,11,2,,2019,8,17,2,3,0,2,0,0,1,0,1,0,0,0,"796946,3943","5824394,82","13,37436","52,4887",2020203.0,Viktoriapark,4245.0,40.0
197861,11,5,,2019,8,16,2,3,0,2,0,1,1,0,0,0,0,0,"779764,0754","5827777,819","13,12482","52,52812",5020521.0,Döberitzer Weg,556.0,60.0
197862,11,11,,2019,8,16,2,2,0,7,0,1,0,0,0,0,0,0,"804813,1794","5825374,69","13,49076","52,49315",11051229.0,Rummelsburg,5946.0,61.0
197863,11,12,,2019,8,16,2,3,5,3,0,1,1,0,0,0,0,0,"791868,0067","5836954,407","13,31082","52,60404",12301205.0,Waidmannslust,3279.0,63.0
197864,11,5,,2019,8,16,2,3,0,4,0,0,0,1,0,0,1,0,"783257,7747","5827579,934","13,17602","52,52454",5020523.0,Maulbeerallee,1255.0,61.0
197865,11,5,,2019,8,15,2,3,2,2,0,0,1,0,0,0,1,0,"784100,7328","5829006,197","13,18963","52,53689",5010314.0,Carl-Schurz-Straße,1459.0,57.0
197866,11,10,,2019,8,15,2,2,5,3,0,0,1,0,1,0,0,0,"809134,105","5833829,102","13,56206","52,56649",10010102.0,Havemannstraße,7068.0,65.0
197867,11,12,,2019,8,15,2,3,6,2,0,0,1,1,0,0,0,0,"793384,0558","5833148,659","13,32977","52,5691",12214421.0,Reinickes Hof,3568.0,52.0
197868,11,11,,2019,8,14,2,3,0,2,0,1,0,0,0,0,1,0,"803705,0328","5828330,214","13,47718","52,52026",11030721.0,Rüdigerstraße,5754.0,53.0
197869,11,1,,2019,8,14,2,3,3,5,0,1,1,0,0,0,0,0,"797306,4507","5829022,234","13,38378","52,52999",1011301.0,Charitéviertel,4357.0,21.0
197870,11,6,,2019,8,15,2,3,5,3,0,0,1,0,0,0,0,0,"793290,113","5818935,465","13,31587","52,44174",6030609.0,Augustaplatz,3331.0,61.0
197871,11,4,,2019,8,10,2,3,5,3,0,1,1,0,0,0,0,0,"792863,3672","5823178,646","13,31333","52,48001",4051551.0,Brabanter Platz,3342.0,52.0
197872,11,12,,2019,8,10,2,3,5,2,0,1,1,0,0,0,0,0,"793055,1391","5832658,344","13,3245","52,56489",12214424.0,Scharnweberstraße,3467.0,56.0
197873,11,3,,2019,8,9,2,3,6,3,0,0,1,1,0,0,0,0,"800087,0474","5837531,421","13,43234","52,60473",3020307.0,Buchholz,5079.0,56.0
197874,11,11,,2019,8,12,2,2,5,3,0,1,1,0,0,0,0,0,"807525,5288","5827503,379","13,53255","52,51071",11041023.0,Gensinger Straße,6551.0,61.0
197875,11,2,,2019,8,12,2,3,0,1,0,1,0,0,0,0,0,0,"800646,4438","5826254,01","13,43037","52,50334",2030302.0,Lausitzer Platz,5049.0,52.0
197876,11,9,,2019,8,10,2,3,5,5,0,0,1,0,0,0,0,0,"819645,0591","5816369,295","13,69988","52,40398",9041601.0,Müggelheim,9020.0,65.0
197877,11,1,,2019,8,8,2,3,2,6,0,0,1,0,1,0,0,0,"799500,4357","5828868,571","13,41589","52,52741",3071537.0,Kollwitzplatz,4856.0,19.0
197878,11,7,,2019,8,8,2,3,5,3,0,1,1,0,0,0,0,0,"795423,7898","5825487,401","13,35297","52,49932",7010102.0,Nollendorfplatz,3948.0,43.0
197879,11,7,,2019,8,8,2,3,3,6,0,1,1,0,0,0,0,0,"795874,135","5824078,934","13,35833","52,48645",7020203.0,Kaiser-Wilhelm-Platz,3944.0,21.0
197880,11,1,,2019,8,7,2,3,5,3,0,0,1,0,0,0,0,0,"797763,6967","5829744,291","13,39115","52,53621",1033202.0,Humboldthain Süd,4459.0,28.0
197881,11,4,,2019,8,14,1,3,0,6,0,0,1,0,1,0,0,0,"792381,961","5825033,942","13,30789","52,4969",4051446.0,Preußenpark,3247.0,45.0
197882,11,8,,2019,8,10,1,3,0,6,0,1,1,0,0,0,0,0,"804144,7695","5819483,094","13,47557","52,44072",8020623.0,Ortolanweg,5731.0,61.0