OBJECTID,LAND,BEZ,LOR_ab_2021,UJAHR,UMONAT,USTUNDE,UWOCHENTAG,UKATEGORIE,UART,UTYP1,ULICHTVERH,IstRad,IstPKW,IstFuss,IstKrad,IstGkfz,IstSonstige,USTRZUSTAND,LINREFX,LINREFY,XGCSWGS84,YGCSWGS84,LOR,STRASSE,quadrant,quadrant_rank
197883,11,8,,2019,8,22,1,3,5,2,2,1,1,0,0,0,0,0,"800111,2893","5822904,316","13,41949","52,47361",8010117.0,Schillerpromenade,4841.0,65.0
197884,11,8,,2019,8,21,1,3,0,1,2,0,0,0,1,0,0,0,"800339,6602","5824354,172","13,42415","52,48648",8010303.0,Donaustraße,4944.0,25.0
197885,11,2,,2019,8,14,1,3,5,3,0,1,1,0,0,0,0,0,"797275,9293","5824816,059","13,37957","52,4923",2020203.0,Viktoriapark,4246.0,53.0
197886,11,12,,2019,8,14,1,3,1,5,0,0,1,0,0,0,0,0,"792858,3941","5833870,252","13,32267","52,57586",12214423.0,Mellerbogen,3470.0,55.0
197887,11,6,,2019,8,13,1,3,0,1,0,1,0,0,0,0,0,0,"789584,8989","5819810,161","13,26227","52,45156",6040808.0,Hüttenweg,2534.0,59.0
197888,11,4,,2019,8,13,1,3,5,3,0,0,1,0,1,0,0,0,"788996,0302","5826983,544","13,25984","52,51618",4020311.0,Reichsstraße,2553.0,40.0
197889,11,6,,2019,8,13,1,3,2,6,0,0,1,0,1,0,0,0,"794085,5806","5817433,194","13,32621","52,42784",6020410.0,Oberhofer Platz,3527.0,52.0
197890,11,8,,2019,8,13,1,3,5,2,0,0,1,0,0,0,0,0,"800176,1067","5823648,15","13,42111","52,48024",8010117.0,Schillerpromenade,4942.0,18.0
197891,11,3,,2019,8,12,1,3,0,1,0,1,0,0,0,0,0,0,"800929,0775","5831159,84","13,43896","52,54716",3061228.0,Erich-Weinert-Straße,5162.0,47.0
197892,11,2,,2019,8,12,1,3,5,3,0,0,1,0,0,0,0,0,"800796,8265","5826165,377","13,4325","52,50247",2030302.0,Lausitzer Platz,5049.0,52.0
197893,11,4,,2019,8,12,1,3,2,6,0,0,1,0,1,0,0,0,"790792,7268","5824821,024","13,28436","52,49584",4041134.0,Bismarckallee,2847.0,41.0
197894,11,1,,2019,8,12,1,3,2,6,0,0,1,0,0,0,0,0,"796963,9598","5831502,18","13,38096","52,5524",1044201.0,Reinickendorfer Straße,4364.0,39.0
197895,11,9,,2019,8,20,1,3,2,5,0,0,1,0,0,0,0,0,"814326,4736","5820802,051","13,62612","52,44678",9051702.0,Bölschestraße,7933.0,55.0
197896,11,11,,2019,8,20,1,2,5,2,1,1,1,0,0,0,0,0,"804474,4056","5826396,77","13,48672","52,5025",11040926.0,Weitlingstraße,5849.0,58.0
197897,11,1,,2019,8,19,1,3,5,2,0,1,1,0,0,0,0,0,"793992,5718","5827833,022","13,33402","52,52112",1022106.0,Elberfelder Straße,3654.0,56.0
197898,11,9,,2019,8,18,1,3,5,2,0,1,1,0,0,0,0,0,"810216,1875","5819629,706","13,56475","52,43862",9020802.0,Köllnische Vorstadt,7030.0,52.0
197899,11,8,,2019,8,18,1,3,5,3,0,0,1,0,1,0,0,0,"800678,7454","5824253,229","13,42903","52,48539",8010303.0,Donaustraße,5044.0,14.0
197900,11,10,,2019,8,17,1,3,5,3,0,0,1,0,0,0,0,0,"812999,9339","5827621,262","13,61307","52,50865",10040932.0,Alt-Mahlsdorf,7751.0,59.0
197901,11,12,,2019,8,17,1,3,5,3,0,0,1,0,1,0,0,0,"789648,9775","5839735,083","13,28058","52,63015",12231102.0,Frohnau,2886.0,60.0
197902,11,5,,2019,8,15,1,2,5,2,0,0,1,0,0,0,0,0,"783691,3294","5830169,932","13,1846","52,54753",5010207.0,Darbystraße,1462.0,37.0
197903,11,12,,2019,8,15,1,3,2,6,0,0,1,0,0,0,1,0,"794595,6775","5836263,882","13,35036","52,59637",12302110.0,Dannenwalder Weg,3876.0,49.0
197904,11,6,,2019,8,15,1,3,0,7,0,1,0,0,0,0,0,0,"789964,618","5817497,545","13,26583","52,43062",6030503.0,Zehlendorf Mitte,2628.0,59.0
197905,11,8,,2019,8,14,1,3,0,7,0,0,1,0,1,0,0,0,"801507,9577","5817670,541","13,43527","52,42593",8020727.0,Buckow Mitte,5127.0,55.0
197906,11,1,,2019,8,10,1,3,1,5,0,1,1,0,0,0,0,0,"795156,3639","5830167,974","13,35319","52,54143",1044202.0,Sparrplatz,3960.0,55.0
197907,11,9,,2019,8,8,1,3,5,3,0,0,1,0,0,0,1,0,"809444,0207","5820586,841","13,55431","52,44764",9020702.0,Adlershof Ost,6833.0,65.0
197908,11,5,,2019,8,7,4,3,5,2,0,0,1,0,1,0,0,0,"781255,4552","5830769,401","13,14928","52,55417",5010206.0,Gütersloher Weg,864.0,61.0
197909,11,5,,2019,8,8,1,3,6,2,0,0,1,1,0,0,0,0,"784801,8103","5828811,508","13,19977","52,53478",5010314.0,Carl-Schurz-Straße,1658.0,8.0
197910,11,3,,2019,8,1,1,3,1,5,2,1,1,0,0,0,0,0,"798124,5781","5836519,194","13,40254","52,59674",3020209.0,Niederschönhausen,4677.0,63.0
197911,11,3,,2019,8,17,7,1,0,7,0,0,0,0,0,0,1,0,"802912,7804","5833425,813","13,47019","52,56637",3030716.0,Märchenland,5668.0,59.0
197912,11,3,,2019,8,12,7,3,0,4,0,1,0,1,0,0,0,0,"798953,688","5831063,113","13,40983","52,54738",3061131.0,Falkplatz,4762.0,48.0
197913,11,3,,2019,8,13,7,3,5,2,0,1,1,0,0,0,0,0,"797777,0326","5832954,963","13,39422","52,56498",3040614.0,Pankow Zentrum,4567.0,50.0
197914,11,4,,2019,8,13,7,3,5,3,0,0,1,0,1,0,0,0,"793817,307","5826074,512","13,32989","52,50545",4030623.0,Ernst-Reuter-Platz,3550.0,28.0
197915,11,11,,2019,8,12,7,3,2,6,0,0,1,0,0,0,0,0,"805592,4681","5831602,965","13,50792","52,54854",11020412.0,Hauptstraße,6262.0,56.0
197916,11,3,,2019,8,12,7,3,5,3,0,0,1,0,0,0,0,0,"802955,7318","5838465,458","13,47543","52,61151",3030406.0,Alt-Karow,5781.0,61.0
197917,11,9,,2019,8,12,7,3,5,3,0,0,1,0,0,0,0,0,"806607,5516","5822051,841","13,51405","52,46237",9020501.0,Oberschöneweide West,6237.0,55.0
197918,11,4,,2019,8,11,7,3,5,3,0,1,1,0,0,0,0,0,"792154,2991","5821844,666","13,30175","52,46843",4041241.0,Breite Straße,3139.0,65.0
197919,11,5,,2019,8,11,7,2,5,2,0,1,1,0,0,0,0,0,"785222,4213","5831822,497","13,20854","52,56155",5010101.0,Hakenfelde Nord,1766.0,46.0
197920,11,6,,2019,8,11,7,3,2,2,0,0,1,0,0,0,0,0,"794207,7702","5817194,552","13,3278","52,42564",6020410.0,Oberhofer Platz,3527.0,52.0
197921,11,9,,2019,8,11,7,2,5,3,0,0,1,0,0,0,0,0,"811120,4039","5814751,152","13,57347","52,39439",9031001.0,Bohnsdorf,7117.0,62.0
197922,11,5,,2019,8,11,7,3,5,3,0,1,1,0,0,0,0,0,"781829,3196","5828449,786","13,15575","52,53308",5020419.0,Magistratsweg,958.0,48.0
197923,11,9,,2019,8,9,7,3,2,2,0,0,1,0,0,0,0,0,"804949,5365","5820715,138","13,4885","52,45131",9010302.0,Späthsfelde,5934.0,54.0
197924,11,1,,2019,8,9,7,3,5,3,0,0,1,0,0,0,0,0,"797759,4375","5827447,8","13,38903","52,51563",1011203.0,Unter den Linden Süd,4453.0,15.0
197925,11,12,,2019,8,0,7,3,4,6,2,0,1,0,0,0,0,1,"793079,8008","5837628,807","13,32926","52,60943",12302212.0,Rollbergesiedlung,3580.0,59.0
197926,11,5,,2019,8,19,7,3,2,6,0,0,1,0,0,0,0,0,"788729,1278","5830509,299","13,25898","52,54793",5030832.0,Rohrdamm,2562.0,63.0
197927,11,4,,2019,8,18,7,3,2,6,0,0,1,0,0,0,0,0,"793882,77","5823110,87","13,32824","52,47885",4051655.0,Babelsberger Straße,3542.0,38.0
197928,11,3,,2019,8,17,7,3,2,2,0,0,1,0,0,0,0,0,"800111,8259","5830641,833","13,42647","52,54297",3071633.0,Thälmannpark,4961.0,45.0
197929,11,4,,2019,8,17,7,3,0,1,0,0,0,0,1,0,0,0,"792037,9456","5824074,031","13,30199","52,48848",4051445.0,Eisenzahnstraße,3145.0,38.0
197930,11,1,,2019,8,16,7,3,4,6,0,0,1,0,0,0,0,0,"795540,5251","5831979,311","13,36045","52,55746",1044102.0,Schillerpark,4065.0,7.0
197931,11,9,,2019,8,16,7,3,5,3,0,1,1,0,0,0,0,0,"807907,5725","5821556,476","13,53267","52,4572",9020502.0,Oberschöneweide Ost,6536.0,61.0
197932,11,4,,2019,8,15,7,3,5,2,0,0,1,0,0,0,0,0,"793341,1861","5829717,405","13,32611","52,53837",4010102.0,Plötzensee,3559.0,22.0
197933,11,2,,2019,8,23,7,3,5,3,2,0,1,0,0,0,0,0,"798770,6384","5825999,081","13,40258","52,50209",2010103.0,Moritzplatz,4649.0,53.0
197934,11,7,,2019,8,20,7,3,5,3,0,0,1,0,0,0,0,0,"800037,5347","5812702,574","13,40925","52,38221",7070706.0,Horstwalder Straße/Paplitzer Straße,4714.0,65.0
197935,11,3,,2019,8,3,7,3,0,1,2,0,0,0,1,0,0,0,"798883,2974","5830388,117","13,40818","52,54137",3061131.0,Falkplatz,4760.0,20.0
197936,11,1,,2019,8,17,6,3,5,2,0,1,1,0,0,0,0,0,"797258,0406","5829087,652","13,38313","52,5306",1011301.0,Charitéviertel,4357.0,21.0
197937,11,2,,2019,8,16,6,3,0,4,0,1,0,1,0,0,0,0,"797148,417","5826436,852","13,37915","52,5069",2010101.0,Askanischer Platz,4250.0,52.0
197938,11,2,,2019,8,19,6,3,1,7,0,0,1,0,0,0,0,0,"798714,5201","5824519,354","13,40043","52,48886",2020205.0,Chamissokiez,4645.0,45.0
197939,11,4,,2019,8,21,6,3,3,6,2,1,1,0,0,0,0,0,"793929,439","5826192,219","13,33164","52,50645",4030931.0,Breitscheidplatz,3550.0,28.0
197940,11,12,,2019,8,17,6,3,2,6,0,1,1,0,0,0,0,0,"793248,5048","5832592,229","13,32728","52,56419",12214424.0,Scharnweberstraße,3567.0,10.0
197941,11,8,,2019,8,22,6,3,1,5,2,1,1,0,0,0,0,0,"800659,7376","5823785,19","13,42833","52,48121",8010211.0,Flughafenstraße,5043.0,50.0
197942,11,2,,2019,8,17,6,3,1,5,0,1,1,0,0,0,0,0,"798298,3349","5826175,969","13,39581","52,50393",2010102.0,Mehringplatz,4549.0,56.0
197943,11,2,,2019,8,20,6,3,5,3,0,0,1,0,1,0,0,0,"799338,6006","5826194,199","13,4111","52,50353",2010103.0,Moritzplatz,4749.0,23.0
197944,11,8,,2019,8,17,6,3,3,6,0,1,1,0,0,0,0,0,"800356,1158","5824304,261","13,42434","52,48603",8010211.0,Flughafenstraße,4944.0,25.0
197945,11,9,,2019,8,19,6,3,5,3,0,1,0,0,0,0,1,0,"810688,4516","5815694,378","13,56802","52,40309",9031001.0,Bohnsdorf,7120.0,63.0
197946,11,3,,2019,8,18,6,3,5,7,0,0,1,0,0,0,0,0,"799499,8532","5831775,949","13,4185","52,55347",3061227.0,Humannplatz,4864.0,14.0
197947,11,6,,2019,8,21,6,3,1,7,2,0,1,0,0,0,0,0,"793387,491","5817067,489","13,31566","52,42494",6020409.0,Königsberger Straße,3326.0,55.0
197948,11,4,,2019,8,17,6,2,1,5,0,1,1,0,0,0,0,0,"791820,3397","5823513,589","13,29831","52,48357",4041238.0,Kissinger Straße,3043.0,59.0
197949,11,4,,2019,8,19,6,2,0,1,0,0,0,0,1,0,0,0,"791603,6581","5825598,116","13,29695","52,50237",4030726.0,Droysenstraße,3049.0,57.0
197950,11,8,,2019,8,18,6,3,0,7,0,0,1,0,1,0,0,0,"800419,9731","5823845,149","13,42487","52,48188",8010211.0,Flughafenstraße,4943.0,45.0
197951,11,7,,2019,8,8,6,3,0,7,0,0,0,1,0,0,1,0,"799198,7516","5819999,343","13,40349","52,44807",7050503.0,Eisenacher Straße,4633.0,58.0
197952,11,9,,2019,8,8,6,3,0,2,0,1,1,0,0,0,0,0,"807336,6604","5822153,079","13,52484","52,46286",9020502.0,Oberschöneweide Ost,6437.0,60.0
197953,11,12,,2019,8,8,6,3,5,2,0,1,1,0,0,0,0,0,"791341,9922","5834083,529","13,30055","52,57858",12214125.0,Waldidyll/Flughafensee,3171.0,61.0
197954,11,7,,2019,8,8,6,3,2,2,0,1,1,0,0,0,0,0,"795537,2264","5825528,545","13,35467","52,49963",7010102.0,Nollendorfplatz,3948.0,43.0
197955,11,12,,2019,8,8,6,3,3,6,0,0,1,0,0,1,0,0,"790300,6052","5835003,475","13,28603","52,58739",12214527.0,Alt-Tegel,2974.0,55.0
197956,11,4,,2019,8,7,6,3,0,7,0,0,1,0,1,0,0,0,"792484,7691","5830073,71","13,31383","52,54202",4010102.0,Plötzensee,3361.0,65.0
197957,11,12,,2019,8,7,6,3,4,6,0,1,0,0,0,0,0,0,"789715,4631","5843084,892","13,2845","52,66015",12231102.0,Frohnau,2895.0,65.0
197958,11,4,,2019,8,13,6,3,5,2,0,0,1,0,1,0,0,0,"785088,2086","5822378,284","13,19847","52,47695",4061757.0,Forst Grunewald,1642.0,65.0
197959,11,1,,2019,8,16,6,3,1,1,0,1,1,0,0,0,0,0,"797842,3148","5829276,802","13,39188","52,53198",1011401.0,Invalidenstraße,4458.0,48.0
197960,11,9,,2019,8,13,6,3,6,4,0,1,0,1,0,0,0,0,"804497,4794","5823751,3","13,48464","52,47878",9010202.0,Köpenicker Landstraße,5842.0,63.0
197961,11,11,,2019,8,16,6,2,5,3,0,1,1,0,0,0,0,0,"805822,5923","5831859,4","13,51154","52,5507",11020412.0,Hauptstraße,6263.0,48.0
197962,11,1,,2019,8,13,6,3,1,5,0,1,1,0,0,0,0,0,"796855,8998","5828954,382","13,3771","52,52962",1011301.0,Charitéviertel,4257.0,20.0
197963,11,7,,2019,8,13,6,3,2,6,0,0,1,0,0,0,0,0,"796270,8572","5823270,606","13,36344","52,47899",7020204.0,Schöneberger Insel,4042.0,56.0
197964,11,3,,2019,8,13,6,3,5,3,0,0,1,0,1,0,0,0,"797961,1937","5833667,029","13,39757","52,57126",3040513.0,Schönholz,4569.0,47.0
197965,11,9,,2019,8,11,6,3,0,1,0,1,0,0,0,0,0,0,"811136,6297","5821575,653","13,58006","52,45554",9051901.0,Dammvorstadt,7235.0,47.0
197966,11,1,,2019,8,11,6,3,2,7,0,0,1,0,1,0,0,0,"797823,4513","5827057,684","13,38962","52,5121",1011203.0,Unter den Linden Süd,4452.0,21.0
197967,11,12,,2019,8,10,6,2,6,4,0,0,1,1,0,0,0,0,"786260,6304","5838957,347","13,22998","52,62497",12224230.0,Heiligensee,2085.0,63.0
197968,11,5,,2019,8,10,6,3,0,2,0,0,1,0,1,0,0,0,"784787,2588","5828801,308","13,19954","52,53469",5010314.0,Carl-Schurz-Straße,1658.0,8.0
197969,11,3,,2019,8,9,6,3,5,2,0,1,0,0,0,0,0,0,"801713,8007","5831783,336","13,45106","52,55231",3050920.0,Weißer See,5364.0,58.0
197970,11,1,,2019,8,9,6,3,5,2,0,1,1,0,0,0,0,0,"794628,0174","5829879,14","13,34517","52,53912",1044202.0,Sparrplatz,3760.0,45.0
197971,11,9,,2019,8,9,6,3,5,2,0,1,1,0,0,0,0,0,"802628,1212","5824462,347","13,45785","52,48619",9010101.0,Elsenstraße,5444.0,54.0
197972,11,5,,2019,8,15,6,2,6,4,0,0,1,1,0,0,0,0,"784538,1313","5828641,949","13,19575","52,53339",5020625.0,Borkumer Straße,1558.0,34.0
197973,11,1,,2019,8,15,6,3,5,2,0,1,1,0,1,0,0,0,"794988,267","5831179,99","13,35162","52,55059",1044103.0,Westliche Müllerstraße,3863.0,41.0
197974,11,2,,2019,8,14,6,3,3,6,0,1,0,0,0,0,1,0,"797532,4692","5826001,06","13,3844","52,50278",2010101.0,Askanischer Platz,4349.0,61.0
197975,11,5,,2019,8,14,6,3,5,2,0,0,1,0,0,0,0,0,"781904,5467","5829571,257","13,15781","52,54309",5010209.0,An der Kappe,1061.0,59.0
197976,11,11,,2019,8,13,6,3,2,6,0,0,1,0,0,0,1,0,"803672,6347","5829500,063","13,47778","52,53076",11030619.0,Fennpfuhl Ost,5757.0,55.0
197977,11,4,,2019,8,2,6,3,0,1,2,1,0,0,0,0,0,0,"792458,2732","5824011,377","13,30811","52,48769",4051549.0,Rathaus Wilmersdorf,3245.0,33.0
197978,11,3,,2019,8,23,6,3,9,1,2,0,0,0,0,0,1,0,"799185,3849","5830027,242","13,4123","52,53797",3071536.0,Teutoburger Platz,4759.0,53.0
197979,11,4,,2019,8,14,5,2,5,2,0,0,1,0,1,0,0,0,"793914,3833","5825527,807","13,33083","52,5005",4030931.0,Breitscheidplatz,3548.0,45.0
197980,11,5,,2019,8,16,5,2,5,2,0,0,1,0,0,0,0,0,"784452,915","5828671,699","13,19452","52,5337",5020625.0,Borkumer Straße,1558.0,34.0
197981,11,11,,2019,8,19,5,3,4,6,0,1,0,0,0,0,0,0,"803846,9648","5828899,179","13,47979","52,52528",11030618.0,Fennpfuhl West,5756.0,56.0
197982,11,4,,2019,8,17,5,3,6,4,0,1,0,1,0,0,0,0,"793910,4477","5826223,901","13,33139","52,50674",4030931.0,Breitscheidplatz,3550.0,28.0
197983,11,9,,2019,8,18,5,3,5,2,0,1,1,0,0,0,0,0,"806606,8689","5822047,592","13,51404","52,46233",9020501.0,Oberschöneweide West,6237.0,55.0
197984,11,6,,2019,8,17,5,3,2,6,0,0,1,0,1,0,0,0,"796275,5319","5818274,425","13,35907","52,4342",6020301.0,Alt-Lankwitz,3929.0,55.0
197985,11,6,,2019,8,16,5,3,5,3,0,1,1,0,0,0,0,0,"790291,7049","5817165,004","13,27034","52,42747",6030504.0,Teltower Damm,2627.0,61.0
197986,11,1,,2019,8,16,5,3,2,2,0,0,1,0,1,0,0,0,"795116,5643","5826507,405","13,34936","52,50863",1011101.0,Stülerstraße,3851.0,47.0
197987,11,1,,2019,8,18,5,3,3,2,0,1,1,0,0,0,0,0,"799490,22","5826644,834","13,41373","52,50748",1011305.0,Heine-Viertel West,4850.0,38.0
197988,11,9,,2019,8,16,5,2,5,2,0,1,1,0,0,0,0,0,"807389,932","5821730,017","13,52524","52,45904",9020502.0,Oberschöneweide Ost,6436.0,63.0
197989,11,8,,2019,8,15,5,3,5,3,0,1,0,0,0,0,0,0,"802493,7404","5823233,965","13,45476","52,47525",8010405.0,Hertzbergplatz,5441.0,34.0
197990,11,2,,2019,8,15,5,3,1,5,0,1,1,0,0,0,0,0,"797983,1023","5826068,888","13,39108","52,50314",2010102.0,Mehringplatz,4449.0,28.0
197991,11,1,,2019,8,15,5,3,2,6,0,1,1,0,0,0,0,0,"797968,0824","5826581,411","13,39132","52,50775",1011204.0,Leipziger Straße,4451.0,11.0
197992,11,8,,2019,8,14,5,3,0,3,0,0,1,0,0,0,1,0,"801101,1948","5824132,292","13,43513","52,48408",8010301.0,Reuterkiez,5144.0,42.0
197993,11,1,,2019,8,14,5,3,5,2,0,1,0,0,0,0,1,0,"796960,9901","5830140,194","13,3797","52,5402",1033202.0,Humboldthain Süd,4360.0,52.0
197994,11,5,,2019,8,14,5,3,3,6,0,0,1,0,1,0,0,0,"784988,2766","5829498,698","13,2031","52,54084",5010314.0,Carl-Schurz-Straße,1660.0,30.0
197995,11,2,,2019,8,14,5,3,2,6,0,0,1,0,0,0,1,0,"800302,8577","5827593,182","13,42653","52,51554",2040701.0,Andreasviertel,4953.0,49.0
197996,11,8,,2019,8,14,5,3,5,2,0,1,1,0,0,0,0,0,"802612,8087","5820747,366","13,45425","52,4529",8020619.0,Buschkrugallee Nord,5434.0,63.0
197997,11,11,,2019,8,13,5,3,5,3,0,1,1,0,0,0,0,0,"806721,0308","5833968,491","13,5267","52,5691",11010204.0,Falkenberg Ost,6468.0,61.0
197998,11,1,,2019,8,10,5,3,5,2,0,1,1,0,0,0,0,0,"793842,8454","5827938,222","13,33191","52,52215",1022106.0,Elberfelder Straße,3555.0,16.0
197999,11,7,,2019,8,21,5,3,6,7,2,1,0,1,0,0,0,0,"795605,2521","5824203,297","13,35449","52,48771",7020203.0,Kaiser-Wilhelm-Platz,3945.0,34.0
198000,11,4,,2019,8,19,5,2,5,2,0,0,1,0,1,0,0,0,"790958,544","5824828,662","13,2868","52,49582",4031032.0,Halensee,2947.0,18.0
198001,11,6,,2019,8,8,5,3,5,5,0,1,1,0,0,0,0,0,"792390,0143","5821311,806","13,30474","52,46352",6040810.0,Dahlem,3138.0,63.0
198002,11,12,,2019,8,10,5,2,5,3,0,0,1,0,0,0,0,0,"792143,1969","5834902,424","13,31306","52,58549",12304313.0,Borsigwalde,3373.0,65.0
198003,11,3,,2019,8,8,5,3,5,3,0,1,0,0,0,0,0,0,"802905,2808","5833190,584","13,46986","52,56427",3051017.0,Rennbahnstraße,5667.0,54.0
198004,11,3,,2019,8,8,5,3,5,7,0,0,1,0,1,0,0,0,"802577,2722","5829421,258","13,46161","52,53066",3061430.0,Volkspark Prenzlauer Berg,5557.0,49.0
198005,11,1,,2019,8,9,5,3,0,1,0,1,0,0,0,0,0,1,"797045,1174","5826556,027","13,37774","52,50802",1011201.0,Wilhelmstraße,4251.0,2.0
198006,11,8,,2019,8,8,5,3,2,6,0,0,1,0,0,0,0,0,"801289,3341","5819652,694","13,43385","52,44382",8020622.0,Parchimer Allee,5132.0,38.0
198007,11,5,,2019,8,8,5,3,5,3,0,1,1,0,0,0,0,0,"780096,1591","5830192,289","13,13174","52,5496",5010205.0,An der Tränke,663.0,63.0
198008,11,10,,2019,8,6,5,2,6,4,0,0,1,1,0,0,0,0,"809583,1292","5832688,2","13,5676","52,55601",10010204.0,Wuhletalstraße,7065.0,59.0
198009,11,5,,2019,8,8,4,3,6,7,0,1,0,1,0,0,0,0,"786952,3021","5829373,308","13,23187","52,53868",5030731.0,Gartenfelder Straße,2160.0,45.0
198010,11,1,,2019,8,14,4,3,5,2,0,1,0,0,0,0,0,1,"797883,4172","5827468,3","13,39087","52,51574",1011203.0,Unter den Linden Süd,4453.0,15.0
198011,11,9,,2019,8,12,4,2,6,7,0,1,0,1,0,0,0,0,"806755,6134","5821023,154","13,51528","52,45306",9020601.0,Schnellerstraße,6335.0,57.0
198012,11,7,,2019,8,11,4,3,3,6,0,0,1,0,0,0,0,0,"798871,0405","5821208,386","13,39976","52,45909",7040405.0,Rathaus Tempelhof,4536.0,56.0
198013,11,4,,2019,8,11,4,2,6,4,0,0,1,1,0,0,0,0,"792379,5086","5825041,82","13,30786","52,49697",4051446.0,Preußenpark,3247.0,45.0
198014,11,2,,2019,8,11,4,3,2,6,0,0,1,0,0,0,0,0,"797294,6702","5824859,541","13,37989","52,49268",2020203.0,Viktoriapark,4346.0,53.0
198015,11,2,,2019,8,9,4,3,6,4,0,1,0,1,0,0,0,0,"798646,6606","5825146,559","13,4","52,49451",2020204.0,Urbanstraße,4647.0,52.0
198016,11,8,,2019,8,9,4,3,6,4,0,0,1,1,0,0,0,0,"802450,0222","5817211,62","13,44866","52,4213",8020728.0,Buckow Ost,5325.0,63.0
198017,11,4,,2019,8,9,4,3,5,7,0,0,1,0,0,0,0,0,"791053,258","5826041,686","13,28925","52,50664",4030724.0,Lietzensee,2950.0,60.0
198018,11,4,,2019,8,9,4,3,5,3,0,1,1,0,0,0,0,0,"792912,4407","5824395,27","13,31512","52,49089",4051446.0,Preußenpark,3346.0,47.0
198019,11,6,,2019,8,9,4,2,5,3,0,1,1,0,0,0,0,0,"791931,0031","5817469,527","13,29465","52,42932",6030608.0,Schweizer Viertel,3028.0,65.0
198020,11,1,,2019,8,8,4,3,0,6,0,0,1,0,1,0,0,0,"798153,3287","5829856,451","13,39697","52,537",1011402.0,Arkonaplatz,4559.0,31.0
198021,11,1,,2019,8,7,4,3,2,2,0,0,1,0,1,0,0,0,"797471,6288","5826797,767","13,38422","52,50996",1011201.0,Wilhelmstraße,4351.0,43.0
198022,11,8,,2019,8,3,4,3,5,3,2,1,1,0,0,0,0,0,"802944,2055","5822480,612","13,46069","52,46825",8010510.0,Gewerbegebiet Köllnische Heide,5539.0,57.0
198023,11,1,,2019,8,20,4,3,5,3,0,0,1,0,1,0,0,0,"795948,4133","5825842,049","13,36099","52,50222",1011103.0,Lützowstraße,4049.0,39.0
198024,11,4,,2019,8,7,4,3,5,2,0,0,1,0,0,0,0,0,"793959,4928","5824711,478","13,33077","52,49316",4051653.0,Prager Platz,3546.0,33.0
198025,11,12,,2019,8,12,4,3,5,3,0,0,1,0,0,0,0,0,"791063,3653","5838521,126","13,30035","52,61851",12231101.0,Hermsdorf,3183.0,60.0
198026,11,12,,2019,8,12,4,3,0,1,0,1,0,0,0,0,0,0,"793166,4873","5832631,332","13,32611","52,56458",12214424.0,Scharnweberstraße,3567.0,10.0
198027,11,3,,2019,8,7,4,3,2,6,0,0,1,0,0,0,0,0,"796351,7231","5835763,049","13,37577","52,59093",3040512.0,Wilhelmsruh,4275.0,65.0
198028,11,6,,2019,8,2,4,3,9,1,2,0,1,0,0,0,0,0,"795797,0108","5819015,273","13,35271","52,4411",6020301.0,Alt-Lankwitz,3931.0,63.0
198029,11,2,,2019,8,16,4,3,5,3,0,0,1,0,0,0,0,0,"798432,2293","5824775,349","13,39652","52,4913",2020204.0,Urbanstraße,4546.0,40.0
198030,11,3,,2019,8,8,4,3,3,6,0,1,1,0,0,0,0,0,"799817,8277","5832027,341","13,4234","52,55555",3040818.0,Pankow Süd,4964.0,49.0
198031,11,1,,2019,8,15,4,3,6,7,0,0,0,1,0,0,1,0,"798796,2729","5829200,867","13,40584","52,53077",1011402.0,Arkonaplatz,4657.0,9.0
198032,11,7,,2019,8,15,4,3,3,7,0,1,0,0,0,0,0,0,"796253,8663","5823582,794","13,36347","52,4818",7020204.0,Schöneberger Insel,4043.0,62.0
198033,11,1,,2019,8,15,4,3,5,2,0,1,0,0,0,0,1,1,"798118,3084","5826806,719","13,39373","52,50968",1011204.0,Leipziger Straße,4551.0,40.0
198034,11,2,,2019,8,14,4,3,0,6,0,1,1,0,0,0,0,0,"801840,4319","5825742,687","13,44744","52,4981",2030402.0,Wrangelkiez,5348.0,58.0
198035,11,1,,2019,8,14,4,3,0,1,0,0,0,0,1,0,0,1,"799539,2574","5828242,843","13,41589","52,52178",1011303.0,Alexanderplatzviertel,4855.0,25.0
198036,11,7,,2019,8,14,4,3,0,3,0,1,1,0,0,0,0,1,"797341,9626","5818651,203","13,37505","52,437",7050501.0,Rathausstraße,4230.0,54.0
198037,11,2,,2019,8,14,4,3,0,2,0,0,0,0,1,0,1,1,"798295,634","5825321,221","13,395","52,49627",2020204.0,Urbanstraße,4547.0,11.0
198038,11,3,,2019,8,14,4,3,5,2,0,1,1,0,0,0,0,1,"802417,5389","5829233,88","13,45909","52,52907",3061430.0,Volkspark Prenzlauer Berg,5457.0,20.0
198039,11,4,,2019,8,19,4,3,5,2,0,1,1,0,0,0,0,0,"793021,543","5826957,25","13,31898","52,5138",4030623.0,Ernst-Reuter-Platz,3352.0,26.0
198040,11,5,,2019,8,18,4,3,5,3,0,0,1,0,0,0,0,0,"780874,55","5828327,515","13,14161","52,53247",5020419.0,Magistratsweg,758.0,54.0
198041,11,11,,2019,8,17,4,3,5,3,0,0,1,0,1,0,0,0,"806669,2935","5825621,953","13,51824","52,49433",11041128.0,Sewanstraße,6347.0,62.0
198042,11,11,,2019,8,13,4,3,5,7,0,0,1,0,0,1,0,1,"804930,4818","5828708,41","13,49554","52,52296",11030720.0,Herzbergstraße,6055.0,63.0
198043,11,10,,2019,8,13,4,3,5,7,0,0,1,0,0,0,0,0,"811564,5324","5828250,804","13,59257","52,51511",10040828.0,Kaulsdorf Nord,7453.0,65.0