OBJECTID,LAND,BEZ,LOR_ab_2021,UJAHR,UMONAT,USTUNDE,UWOCHENTAG,UKATEGORIE,UART,UTYP1,ULICHTVERH,IstRad,IstPKW,IstFuss,IstKrad,IstGkfz,IstSonstige,USTRZUSTAND,LINREFX,LINREFY,XGCSWGS84,YGCSWGS84,LOR,STRASSE,quadrant,quadrant_rank
198205,11,5,,2019,8,15,3,3,5,2,0,0,1,0,0,0,0,0,"787590,6037","5828023,173","13,24009","52,52624",5010339.0,Freiheit,2256.0,58.0
198206,11,9,,2019,8,15,3,2,5,2,0,1,1,0,0,0,0,0,"811048,0221","5814498,062","13,57218","52,39216",9031001.0,Bohnsdorf,7117.0,62.0
198207,11,1,,2019,8,10,3,3,2,3,0,1,1,0,0,0,0,0,"795962,9381","5831990,758","13,36668","52,55733",1044102.0,Schillerpark,4165.0,55.0
198208,11,3,,2019,8,10,3,3,2,3,0,0,1,0,1,0,0,0,"799981,1293","5835329,211","13,42879","52,58505",3040614.0,Pankow Zentrum,5073.0,56.0
198209,11,3,,2019,8,9,3,3,2,6,0,1,1,0,0,0,0,0,"800093,7381","5829625,3","13,42529","52,53387",3071638.0,Winsstraße,4958.0,60.0
198210,11,5,,2019,8,9,3,3,2,2,0,0,1,0,0,0,0,0,"781042,5065","5827415,933","13,14331","52,52421",5020522.0,Pillnitzer Weg,755.0,65.0
198211,11,12,,2019,8,8,3,3,0,4,0,0,1,1,0,0,0,0,"791147,7429","5830923,605","13,29491","52,55036",12214125.0,Waldidyll/Flughafensee,3063.0,49.0
198212,11,7,,2019,8,9,3,3,5,2,0,1,1,0,0,0,0,0,"799585,674","5820831,576","13,40991","52,45532",7040405.0,Rathaus Tempelhof,4735.0,61.0
198213,11,9,,2019,8,9,3,3,5,2,0,0,1,0,0,0,0,0,"811919,5806","5820620,62","13,59065","52,44653",9041401.0,Allende I,7433.0,61.0
198214,11,9,,2019,8,7,3,3,5,2,0,1,0,0,0,1,0,0,"806598,453","5822779,826","13,51459","52,46889",9020501.0,Oberschöneweide West,6339.0,60.0
198215,11,2,,2019,8,7,3,3,5,3,0,0,1,0,1,0,0,0,"801323,9531","5826153,855","13,44023","52,50207",2030302.0,Lausitzer Platz,5249.0,5.0
198216,11,7,,2019,8,8,3,1,6,4,0,0,0,1,0,1,0,0,"796670,0288","5815843,282","13,3627","52,4122",7060604.0,Marienfelde Süd,4023.0,43.0
198217,11,2,,2019,8,18,2,3,6,4,0,1,0,1,0,0,0,0,"799778,6326","5824848,84","13,41635","52,49123",2020206.0,Graefekiez,4846.0,41.0
198218,11,3,,2019,8,10,2,3,3,6,0,1,0,0,0,0,0,0,"800272,575","5833800,371","13,43169","52,57119",3030715.0,Heinersdorf,5069.0,51.0
198219,11,1,,2019,8,18,2,3,6,4,0,0,0,1,0,0,1,0,"793904,6059","5829146,219","13,33388","52,53294",1022104.0,Emdener Straße,3658.0,61.0
198220,11,3,,2019,8,13,2,3,4,6,0,0,1,0,1,0,0,0,"803631,2672","5831996,837","13,47945","52,55316",3051022.0,Hansastraße,5764.0,57.0
198221,11,3,,2019,8,17,2,3,2,6,0,0,1,0,0,0,0,0,"799755,8458","5835488,128","13,42562","52,5866",3040614.0,Pankow Zentrum,4974.0,65.0
198222,11,10,,2019,8,17,2,2,2,7,0,0,1,0,0,0,0,0,"810006,438","5829652,365","13,57099","52,52856",10030725.0,Buckower Ring,7157.0,65.0
198223,11,4,,2019,8,17,2,3,1,5,0,0,1,0,0,0,0,0,"792079,8298","5824698,35","13,30316","52,49405",4051445.0,Eisenzahnstraße,3147.0,43.0
198224,11,10,,2019,8,17,2,3,5,2,0,0,1,0,0,0,1,0,"812501,1675","5824933,417","13,60322","52,48485",10040933.0,Mahlsdorf Süd,7644.0,55.0
198225,11,7,,2019,8,16,2,2,6,4,0,0,1,1,0,0,0,0,"800215,7048","5821548,242","13,4198","52,4614",7040406.0,Germaniagarten,4837.0,50.0
198226,11,7,,2019,8,16,2,3,5,2,0,0,1,0,1,0,0,0,"797325,4143","5821877,618","13,37768","52,46593",7040403.0,Manteuffelstraße,4238.0,48.0
198227,11,12,,2019,8,15,2,3,5,3,0,0,1,0,1,0,0,0,"791970,2733","5837474,412","13,31278","52,60864",12301205.0,Waidmannslust,3380.0,63.0
198228,11,1,,2019,8,15,2,3,5,3,0,0,1,0,0,0,0,0,"795774,7383","5831020,84","13,36304","52,54874",1044201.0,Reinickendorfer Straße,4062.0,45.0
198229,11,7,,2019,8,15,2,3,2,6,0,0,1,0,1,0,0,0,"794978,4465","5825688,246","13,3466","52,50137",7010102.0,Nollendorfplatz,3849.0,22.0
198230,11,1,,2019,8,23,2,3,6,4,2,0,1,1,0,0,0,0,"796338,7845","5828547,046","13,36913","52,52625",1022206.0,Lüneburger Straße,4156.0,34.0
198231,11,5,,2019,8,15,2,3,6,2,0,0,1,1,0,0,0,0,"784375,1759","5830008,722","13,19452","52,54573",5010313.0,Ackerstraße,1562.0,57.0
198232,11,3,,2019,8,19,2,3,6,4,0,1,0,1,0,0,0,0,"799136,0159","5829207,022","13,41084","52,53064",3071536.0,Teutoburger Platz,4757.0,11.0
198233,11,11,,2019,8,18,5,3,5,2,0,1,1,0,0,0,0,0,"807349,604","5825169,976","13,52781","52,48989",11051331.0,Karlshorst Nord,6545.0,62.0
198234,11,1,,2019,8,19,2,3,5,2,0,1,1,0,0,0,0,0,"798244,8851","5829014,66","13,39756","52,52941",1011302.0,Oranienburger Straße,4557.0,40.0
198235,11,6,,2019,8,14,2,3,1,5,0,0,1,0,0,0,1,0,"790539,6198","5821340,616","13,27761","52,46477",6040810.0,Dahlem,2738.0,62.0
198236,11,4,,2019,8,19,2,3,5,2,0,1,1,0,0,0,0,0,"792656,8417","5823060,347","13,31019","52,47906",4041343.0,Binger Straße,3242.0,39.0
198237,11,2,,2019,8,14,2,3,5,3,0,1,0,0,0,0,1,0,"801947,4103","5826800,343","13,44997","52,50752",2040703.0,Wriezener Bahnhof/Entwicklungsgebiet,5350.0,52.0
198238,11,6,,2019,8,19,2,2,5,7,0,0,0,0,1,0,1,0,"796074,8799","5819507,961","13,35722","52,44537",6010205.0,Südende,3932.0,63.0
198239,11,11,,2019,8,19,2,3,1,5,0,1,1,0,0,0,0,0,"805808,3264","5825333,583","13,50533","52,49223",11041128.0,Sewanstraße,6146.0,58.0
198240,11,3,,2019,8,17,2,3,2,6,0,1,1,0,0,0,0,0,"802862,1921","5832030,837","13,46817","52,55389",3051022.0,Hansastraße,5664.0,53.0
198241,11,1,,2019,8,18,2,3,2,6,0,1,1,0,0,0,0,0,"799273,2421","5828505,812","13,41222","52,52428",1011303.0,Alexanderplatzviertel,4755.0,4.0
198242,11,1,,2019,8,13,2,3,2,6,0,0,1,0,0,0,0,0,"795219,4702","5826719,892","13,35106","52,51048",1011102.0,Großer Tiergarten,3851.0,47.0
198243,11,10,,2019,8,18,2,3,5,2,0,0,1,0,0,0,0,0,"808764,221","5827432,381","13,55068","52,50937",10030726.0,Alt-Biesdorf,6851.0,49.0
198244,11,12,,2019,8,12,2,3,5,3,0,0,1,0,1,0,0,0,"790591,124","5839723,553","13,29445","52,62954",12231102.0,Frohnau,3086.0,61.0
198245,11,6,,2019,8,12,2,3,5,7,0,0,1,0,0,0,0,0,"790241,1479","5820067,965","13,27212","52,45352",6040810.0,Dahlem,2735.0,58.0
198246,11,2,,2019,8,12,2,3,2,2,0,0,1,0,0,1,0,0,"801453,1465","5826032,7","13,44201","52,50091",2030302.0,Lausitzer Platz,5249.0,5.0
198247,11,2,,2019,8,12,2,3,1,5,0,1,0,0,0,0,1,0,"800254,7405","5828886,841","13,42699","52,52716",2040501.0,Barnimkiez,5056.0,65.0
198248,11,2,,2019,8,11,2,3,5,3,0,0,1,0,0,0,0,0,"800621,0143","5826265,769","13,43","52,50346",2030302.0,Lausitzer Platz,5049.0,52.0
198249,11,6,,2019,8,11,2,3,5,2,0,1,1,0,0,0,0,0,"793310,6537","5820736,578","13,31775","52,45787",6010101.0,Fichtenberg,3336.0,54.0
198250,11,8,,2019,8,11,2,2,6,2,0,0,1,1,0,0,0,0,"803716,3904","5818001,884","13,46795","52,42768",8030831.0,Gropiusstadt Ost,5627.0,51.0
198251,11,4,,2019,8,10,2,3,2,2,0,1,1,0,0,0,0,0,"793946,7383","5823412,781","13,32944","52,48152",4051655.0,Babelsberger Straße,3543.0,59.0
198252,11,6,,2019,8,8,2,3,5,3,0,0,1,0,0,0,1,0,"796568,8556","5817625,541","13,3628","52,42823",6020306.0,Lankwitz Süd,4027.0,65.0
198253,11,4,,2019,8,7,2,2,5,7,0,0,1,0,1,0,0,0,"792711,4673","5825636,123","13,31326","52,50212",4030929.0,Hindemithplatz,3349.0,12.0
198254,11,6,,2019,8,6,2,3,2,6,0,0,1,0,1,0,0,0,"793022,1835","5820145,473","13,313","52,45273",6030605.0,Botanischer Garten,3334.0,60.0
198255,11,1,,2019,8,6,2,3,5,2,1,1,1,0,0,0,0,0,"796575,9464","5827796,89","13,37195","52,5194",1011102.0,Großer Tiergarten,4154.0,56.0
198256,11,9,,2019,8,5,2,3,0,1,1,0,1,0,1,0,0,1,"806124,9918","5820123,612","13,5052","52,44535",9010401.0,Johannisthal West,6132.0,56.0
198257,11,2,,2019,8,5,2,3,2,6,1,0,1,0,0,0,0,0,"797130,0683","5823973,887","13,37668","52,48483",7040401.0,Neu-Tempelhof,4244.0,54.0
198258,11,12,,2019,8,11,2,3,0,7,0,0,1,0,0,0,0,0,"790457,6825","5834209,576","13,28764","52,58018",12214126.0,Tegel Süd,2972.0,55.0
198259,11,6,,2019,8,19,1,3,2,6,0,0,1,0,0,0,0,0,"793386,8543","5816217,313","13,3149","52,41732",6020411.0,Schütte-Lanz-Straße,3324.0,63.0
198260,11,5,,2019,8,19,1,3,0,6,0,0,0,0,1,0,1,1,"784794,722","5828863,748","13,19971","52,53525",5010314.0,Carl-Schurz-Straße,1659.0,46.0
198261,11,8,,2019,8,21,1,3,5,3,2,0,1,0,0,0,0,1,"802541,5894","5819679,866","13,45224","52,44337",8020622.0,Parchimer Allee,5332.0,53.0
198262,11,4,,2019,8,13,1,3,2,3,0,0,1,0,0,0,0,0,"789873,8949","5827398,055","13,27311","52,51943",4020310.0,Park Ruhwald,2754.0,42.0
198263,11,9,,2019,8,21,1,3,2,2,2,0,1,0,0,0,0,1,"805710,5759","5818789,747","13,49791","52,43363",9010402.0,Johannisthal Ost,6029.0,56.0
198264,11,1,,2019,8,22,1,2,0,7,2,0,0,0,0,0,1,1,"798339,3894","5829327,232","13,39923","52,53216",1011401.0,Invalidenstraße,4558.0,14.0
198265,11,7,,2019,8,22,1,2,4,1,2,0,1,0,0,0,0,1,"796225,0232","5824322,093","13,3637","52,48844",7010104.0,Dennewitzplatz,4045.0,42.0
198266,11,1,,2019,8,18,1,3,0,1,0,0,0,0,1,0,0,1,"796978,2488","5827086,663","13,37723","52,51282",1011201.0,Wilhelmstraße,4252.0,53.0
198267,11,11,,2019,8,20,1,2,0,1,1,0,0,0,1,0,0,1,"805843,3076","5831841,497","13,51183","52,55053",11020412.0,Hauptstraße,6263.0,48.0
198268,11,1,,2019,8,19,1,2,5,2,0,0,1,0,0,0,0,1,"796574,942","5826872,141","13,37111","52,51111",1011105.0,Nördlicher Landwehrkanal,4151.0,37.0
198269,11,1,,2019,8,19,1,3,2,6,0,0,1,0,0,0,0,1,"793667,3022","5827986,539","13,32937","52,52268",1022106.0,Elberfelder Straße,3555.0,16.0
198270,11,12,,2019,8,19,1,3,2,6,0,0,1,0,0,0,0,1,"793881,4145","5836161,858","13,33976","52,59585",12302107.0,Schorfheidestraße,3776.0,60.0
198271,11,4,,2019,8,18,1,3,5,3,0,1,1,0,0,0,0,1,"789630,0675","5827416,167","13,26954","52,51972",4020312.0,Branitzer Platz,2654.0,58.0
198272,11,7,,2019,8,18,1,3,5,2,0,1,1,0,0,0,0,1,"799772,6958","5813975,333","13,40651","52,39376",7070703.0,John-Locke-Straße,4717.0,54.0
198273,11,7,,2019,8,17,1,3,1,5,0,1,1,0,0,0,0,0,"795693,087","5824483,021","13,35603","52,49017",7020203.0,Kaiser-Wilhelm-Platz,3945.0,34.0
198274,11,1,,2019,8,17,1,3,5,2,0,0,1,0,0,0,1,1,"799129,7318","5827659,29","13,40935","52,51677",1011303.0,Alexanderplatzviertel,4753.0,44.0
198275,11,2,,2019,8,16,1,3,5,3,0,0,1,0,0,0,0,0,"799594,4348","5825831,578","13,41453","52,50014",2010103.0,Moritzplatz,4848.0,3.0
198276,11,8,,2019,8,16,1,2,1,5,0,0,1,0,0,0,0,0,"802446,3083","5818958,1","13,45019","52,43695",8020625.0,Handwerker-Siedlung,5330.0,56.0
198277,11,3,,2019,8,16,1,3,5,2,0,0,1,0,0,0,0,1,"798052,632","5837196,929","13,40209","52,60285",3020203.0,Blankenfelde,4678.0,65.0
198278,11,12,,2019,8,14,1,3,5,3,0,0,1,0,0,0,0,0,"794075,937","5832617,451","13,33948","52,56397",12103219.0,Schäfersee,3767.0,65.0
198279,11,4,,2019,8,14,1,3,5,7,0,0,1,0,0,0,0,1,"790911,432","5826923,551","13,28794","52,51462",4030416.0,Klausenerplatz,2953.0,57.0
198280,11,2,,2019,8,13,1,3,6,2,0,1,0,1,0,0,0,1,"798140,8143","5824540,511","13,39203","52,48936",2020205.0,Chamissokiez,4445.0,43.0
198281,11,5,,2019,8,11,1,3,2,6,0,0,1,0,0,0,0,1,"786640,6781","5829240,462","13,22717","52,53766",5030730.0,Zitadellenweg,2059.0,42.0
198282,11,6,,2019,8,11,1,2,5,3,0,0,1,0,0,0,0,1,"796230,8244","5817020,39","13,35731","52,42299",6020306.0,Lankwitz Süd,3926.0,62.0
198283,11,7,,2019,8,2,1,3,3,6,2,0,1,0,1,0,0,0,"795206,4072","5825599,584","13,34987","52,50045",7010102.0,Nollendorfplatz,3848.0,36.0
198284,11,9,,2019,8,21,1,3,2,6,2,0,1,0,0,0,1,1,"803799,7747","5823297,839","13,47399","52,4751",9010202.0,Köpenicker Landstraße,5741.0,60.0
198285,11,7,,2019,8,18,7,3,1,5,0,0,1,0,0,0,0,0,"795014,047","5824333,292","13,34593","52,4892",7020203.0,Kaiser-Wilhelm-Platz,3745.0,36.0
198286,11,2,,2019,8,4,7,3,1,1,2,0,1,0,0,0,0,0,"801384,3386","5827739,978","13,44255","52,51626",2040702.0,Weberwiese,5253.0,35.0
198287,11,4,,2019,8,1,7,3,0,4,2,1,0,1,0,0,0,0,"791376,8671","5826072,4","13,29403","52,50674",4030725.0,Amtsgerichtsplatz,3050.0,39.0
198288,11,8,,2019,8,13,7,3,5,2,0,1,1,0,0,0,0,0,"800995,7581","5822155,43","13,4318","52,46641",8010118.0,Silbersteinstraße,5038.0,31.0
198289,11,12,,2019,8,13,7,3,5,2,0,0,1,0,1,0,0,0,"789889,0144","5833976,529","13,27907","52,5784",12214126.0,Tegel Süd,2871.0,63.0
198290,11,2,,2019,8,13,7,3,6,4,0,1,0,1,0,0,0,0,"797777,6624","5824942,951","13,38705","52,49316",2020203.0,Viktoriapark,4446.0,12.0
198291,11,1,,2019,8,12,7,3,5,3,0,0,1,0,0,0,1,0,"796586,2338","5827816,328","13,37212","52,51957",1011102.0,Großer Tiergarten,4154.0,56.0
198292,11,7,,2019,8,12,7,3,5,2,0,0,1,0,0,0,0,0,"797842,3625","5822205,153","13,38556","52,46859",7040403.0,Manteuffelstraße,4339.0,29.0
198293,11,1,,2019,8,12,7,3,0,1,0,0,0,0,1,0,0,0,"797733,2955","5827622,064","13,3888","52,5172",1011202.0,Unter den Linden Nord,4453.0,15.0
198294,11,1,,2019,8,11,7,3,2,6,0,0,1,0,0,0,0,0,"796952,0671","5831899,654","13,38114","52,55597",1044201.0,Reinickendorfer Straße,4365.0,7.0
198295,11,2,,2019,8,0,7,3,0,1,2,0,0,0,0,0,1,0,"798613,5299","5825153,76","13,39952","52,4946",2020204.0,Urbanstraße,4547.0,11.0
198296,11,9,,2019,8,22,7,2,5,2,2,0,1,0,0,0,0,0,"808977,9832","5818113,768","13,54519","52,42574",9020701.0,Adlershof West,6727.0,55.0
198297,11,1,,2019,8,22,7,3,2,6,2,0,1,0,0,0,0,0,"800225,2432","5828426,842","13,42614","52,52305",1011304.0,Karl-Marx-Allee,4955.0,53.0
198298,11,6,,2019,8,20,7,3,6,7,2,1,0,1,0,0,0,0,"794268,9484","5815533,726","13,32723","52,41072",6020411.0,Schütte-Lanz-Straße,3522.0,63.0
198299,11,7,,2019,8,19,7,3,5,3,0,1,1,0,0,0,0,0,"796046,354","5825344,573","13,36199","52,49771",7010104.0,Dennewitzplatz,4048.0,46.0
198300,11,3,,2019,8,18,7,3,0,7,0,1,0,0,0,0,0,0,"801118,3191","5836034,273","13,44616","52,59074",3030711.0,Blankenburg,5275.0,63.0
198301,11,9,,2019,8,17,7,2,5,3,0,0,1,0,1,0,0,0,"804486,1935","5823237,529","13,48401","52,47418",9010202.0,Köpenicker Landstraße,5841.0,59.0
198302,11,6,,2019,8,17,7,3,2,6,0,0,1,0,0,0,0,0,"793655,0698","5818166,124","13,32054","52,43465",6020409.0,Königsberger Straße,3429.0,56.0
198303,11,2,,2019,8,16,7,3,2,7,0,0,1,0,0,0,1,0,"800090,6547","5825409,807","13,42144","52,49608",2030401.0,Reichenberger Straße,4947.0,51.0
198304,11,5,,2019,8,16,7,2,0,1,0,1,0,0,0,0,0,0,"782963,2289","5826869,47","13,17108","52,51832",5020524.0,Weinmeisterhornweg,1254.0,63.0
198305,11,5,,2019,8,15,7,3,2,6,0,0,1,0,0,0,0,0,"783578,3051","5829044,822","13,18198","52,53751",5010314.0,Carl-Schurz-Straße,1359.0,62.0
198306,11,4,,2019,8,15,7,3,5,3,0,1,1,0,0,0,0,0,"793372,6104","5822415,331","13,32013","52,47289",4041344.0,Rüdesheimer Platz,3440.0,55.0
198307,11,6,,2019,8,15,7,3,2,6,0,0,1,0,0,0,0,0,"792336,3209","5820811,341","13,30352","52,45907",6040810.0,Dahlem,3136.0,49.0
198308,11,1,,2019,8,15,7,3,1,5,0,0,1,0,1,0,0,0,"797107,8358","5831922,896","13,38345","52,5561",1044201.0,Reinickendorfer Straße,4365.0,7.0
198309,11,2,,2019,8,14,7,3,2,6,0,0,1,0,0,0,1,0,"801980,9387","5826926,671","13,45058","52,50864",2050802.0,Boxhagener Platz,5351.0,36.0
198310,11,7,,2019,8,14,7,3,2,6,0,1,1,0,0,0,0,0,"797817,1339","5819926,011","13,38316","52,44817",7050501.0,Rathausstraße,4333.0,53.0
198311,11,11,,2019,8,8,6,2,5,3,0,1,1,0,0,0,0,0,"807713,0637","5825488,764","13,53344","52,49255",11051331.0,Karlshorst Nord,6546.0,64.0
198312,11,7,,2019,8,19,6,3,6,7,0,0,1,1,0,0,0,0,"793733,5763","5821634,544","13,32475","52,4657",7030301.0,Friedenau,3438.0,56.0
198313,11,12,,2019,8,20,6,3,5,2,0,0,1,0,1,0,0,0,"793465,116","5833646,389","13,3314","52,57352",12214421.0,Reinickes Hof,3570.0,53.0
198314,11,8,,2019,8,19,6,3,3,6,0,1,1,0,0,0,0,0,"800664,6143","5824372,159","13,42893","52,48647",8010301.0,Reuterkiez,5044.0,14.0
198315,11,1,,2019,8,18,6,3,5,2,0,0,1,0,1,0,0,0,"799672,5587","5827881,637","13,41753","52,51847",1011304.0,Karl-Marx-Allee,4854.0,36.0
198316,11,1,,2019,8,17,6,3,3,6,0,0,1,0,1,0,0,0,"798980,4577","5829004,514","13,40837","52,52891",1011302.0,Oranienburger Straße,4757.0,11.0
198317,11,9,,2019,8,16,6,3,5,2,0,1,1,0,0,0,0,0,"809055,984","5818762,711","13,54693","52,43151",9020701.0,Adlershof West,6728.0,57.0
198318,11,10,,2019,8,16,6,3,2,6,0,0,1,0,0,0,1,0,"810731,1928","5826407,978","13,57861","52,49907",10040830.0,Kaulsdorf Süd,7248.0,63.0
198319,11,1,,2019,8,16,6,3,0,5,0,1,0,0,0,0,1,0,"793238,3312","5829015,465","13,32398","52,53213",1022101.0,Huttenkiez,3458.0,61.0
198320,11,4,,2019,8,16,6,3,6,4,0,0,1,1,0,0,0,0,"793928,5465","5823210,57","13,329","52,47972",4051655.0,Babelsberger Straße,3542.0,38.0
198321,11,1,,2019,8,15,6,3,5,2,0,1,0,0,0,0,0,0,"799354,5552","5827167,918","13,41221","52,51225",1011305.0,Heine-Viertel West,4752.0,45.0
198322,11,4,,2019,8,15,6,3,2,6,0,0,1,0,0,0,0,0,"791459,9935","5825057,813","13,29437","52,4976",4031032.0,Halensee,3048.0,43.0
198323,11,6,,2019,8,15,6,3,5,2,0,1,1,0,0,0,0,0,"787765,2273","5818324,519","13,23428","52,4392",6040804.0,Krumme Lanke,2130.0,45.0
198324,11,1,,2019,8,14,6,3,5,3,0,1,1,0,0,0,0,0,"796202,0406","5830765,475","13,3691","52,54622",1044201.0,Reinickendorfer Straße,4162.0,48.0
198325,11,1,,2019,8,15,6,3,2,6,0,0,1,0,0,0,0,0,"793764,0165","5828134,004","13,33092","52,52395",1022106.0,Elberfelder Straße,3555.0,16.0
198326,11,7,,2019,8,15,6,3,2,7,0,0,1,0,0,0,0,0,"799433,6575","5817747,153","13,40492","52,42776",7050505.0,Hundsteinweg,4627.0,65.0
198327,11,9,,2019,8,16,6,3,5,2,0,1,1,0,0,0,0,0,"807652,934","5815400,169","13,52327","52,40216",9030902.0,Wohngebiet II,6420.0,56.0
198328,11,12,,2019,8,14,6,3,5,7,0,0,1,0,1,0,0,0,"790630,4004","5835827,695","13,2916","52,5946",12304314.0,Ziekowstraße/Freie Scholle,2976.0,49.0
198329,11,4,,2019,8,18,6,3,0,7,0,0,0,0,0,0,1,0,"791512,1869","5828130,99","13,29782","52,52513",4030518.0,Tegeler Weg,3056.0,54.0
198330,11,9,,2019,8,17,6,3,2,6,0,1,1,0,0,0,0,0,"811432,6706","5819474,455","13,58244","52,43654",9041301.0,Kietzer Feld/Nachtheide,7330.0,61.0
198331,11,7,,2019,8,2,6,2,8,7,2,1,1,0,0,0,0,0,"796645,0547","5815862,454","13,36236","52,41238",7060604.0,Marienfelde Süd,4023.0,43.0
198332,11,3,,2019,8,7,6,3,2,6,0,0,1,0,1,0,0,0,"799182,1473","5831775,365","13,41383","52,55364",3061126.0,Arnimplatz,4864.0,14.0
198333,11,3,,2019,8,7,6,3,5,3,0,0,1,0,0,0,0,0,"803393,7433","5833112,228","13,47698","52,56329",3051017.0,Rennbahnstraße,5767.0,63.0
198334,11,10,,2019,8,7,6,3,1,5,0,1,1,0,0,0,0,0,"809366,3268","5829235,102","13,5612","52,52519",10030724.0,Oberfeldstraße,7056.0,63.0
198335,11,11,,2019,8,6,6,3,1,7,0,0,1,0,0,0,0,0,"805978,4899","5826277,409","13,5087","52,50059",11041128.0,Sewanstraße,6248.0,65.0
198336,11,1,,2019,8,0,6,2,0,1,2,1,0,0,0,0,0,0,"799499,6351","5826668,556","13,41389","52,50769",1011305.0,Heine-Viertel West,4850.0,38.0
198337,11,1,,2019,8,13,6,3,0,5,0,1,1,0,0,0,0,0,"794543,7657","5829040,924","13,34319","52,53165",1022104.0,Emdener Straße,3757.0,51.0
198338,11,4,,2019,8,13,6,3,2,6,0,0,1,0,0,0,0,0,"791039,1783","5824879,449","13,28803","52,49623",4031032.0,Halensee,2947.0,18.0
198339,11,3,,2019,8,13,6,3,3,6,0,0,1,0,0,0,0,0,"803714,4017","5839273,64","13,48734","52,61833",3030405.0,Karow Nord,5983.0,65.0
198340,11,7,,2019,8,13,6,3,1,5,0,0,1,0,1,0,0,0,"797197,7923","5823488,604","13,37724","52,48044",7040401.0,Neu-Tempelhof,4243.0,50.0
198341,11,10,,2019,8,12,6,3,8,1,0,0,0,0,1,0,0,0,"810981,7664","5830923,061","13,58651","52,53939",10020413.0,Gut Hellersdorf,7360.0,59.0
198342,11,12,,2019,8,12,6,3,5,2,0,1,1,0,0,0,0,0,"790807,8287","5834063,812","13,29267","52,57869",12214125.0,Waldidyll/Flughafensee,3071.0,39.0
198343,11,3,,2019,8,11,6,3,5,3,0,1,1,0,0,0,0,0,"803213,496","5838294,556","13,47907","52,60984",3030406.0,Alt-Karow,5780.0,50.0
198344,11,4,,2019,8,11,6,3,5,2,0,0,1,0,0,0,0,0,"792215,1299","5826873,904","13,30705","52,51348",4030622.0,Richard-Wagner-Straße,3252.0,41.0
198345,11,1,,2019,8,11,6,2,0,7,0,0,1,0,0,0,1,0,"796805,5748","5831258,191","13,37841","52,5503",1033203.0,Humboldthain Nordwest,4263.0,51.0
198346,11,2,,2019,8,10,6,3,2,6,0,0,1,0,0,0,0,0,"801686,8795","5825869,68","13,4453","52,49932",2030402.0,Wrangelkiez,5248.0,21.0
198347,11,4,,2019,8,10,6,2,6,2,0,0,1,1,0,0,0,0,"791778,1502","5827053,66","13,30079","52,51533",4030417.0,Schloßstraße,3153.0,49.0
198348,11,3,,2019,8,10,6,3,9,1,0,0,1,0,0,0,0,0,"797647,0186","5838779,393","13,39754","52,61726",3020203.0,Blankenfelde,4583.0,65.0
198349,11,4,,2019,8,10,6,3,5,3,0,1,0,0,0,0,1,0,"789514,4306","5824664,94","13,26545","52,49512",4020209.0,Eichkamp,2647.0,59.0
198350,11,1,,2019,8,9,6,3,5,3,0,1,1,0,0,0,0,0,"798295,2768","5828774,576","13,39809","52,52723",1011302.0,Oranienburger Straße,4556.0,46.0
198351,11,1,,2019,8,9,6,3,5,2,0,1,0,0,0,1,0,0,"798081,4207","5830001,1","13,39605","52,53834",1033201.0,Brunnenstraße,4559.0,31.0
198352,11,10,,2019,8,10,6,3,3,6,0,1,0,0,0,0,1,0,"809827,5043","5834061,469","13,57248","52,56817",10010102.0,Havemannstraße,7168.0,60.0
198353,11,3,,2019,8,8,6,3,5,3,0,0,1,0,0,0,0,0,"800771,1214","5832134,759","13,43752","52,55598",3050923.0,Weißenseer Spitze,5165.0,60.0
198354,11,8,,2019,8,10,6,3,5,2,0,1,1,0,0,0,0,0,"801063,6899","5824921,084","13,43529","52,49117",8010301.0,Reuterkiez,5146.0,51.0
198355,11,5,,2019,8,17,5,3,5,3,0,0,1,0,0,0,0,0,"785160,8257","5829594,063","13,20572","52,5416",5010312.0,Kurstraße,1760.0,43.0
198356,11,1,,2019,8,8,6,3,1,5,0,0,1,0,1,0,0,0,"794737,1235","5827921,657","13,34504","52,52152",1022207.0,Hansaviertel,3755.0,63.0
198357,11,10,,2019,8,8,6,3,5,2,0,1,1,0,0,0,0,0,"813056,0504","5830189,813","13,61631","52,53163",10020517.0,Adele-Sandrock-Straße,7857.0,55.0
198358,11,1,,2019,8,16,5,3,1,7,0,1,1,0,0,0,0,0,"794471,7764","5826103,989","13,33953","52,50537",1011101.0,Stülerstraße,3750.0,33.0
198359,11,1,,2019,8,8,6,3,5,2,0,0,1,0,1,0,0,0,"796662,2414","5832016,891","13,37698","52,55718",1033101.0,Soldiner Straße,4265.0,5.0
198360,11,4,,2019,8,9,6,3,1,5,0,1,1,0,0,0,0,0,"791519,3604","5825076,898","13,29525","52,49774",4031032.0,Halensee,3048.0,43.0
198361,11,3,,2019,8,16,5,3,0,6,0,1,0,0,0,0,1,0,"800676,1451","5831379,892","13,43544","52,54927",3061228.0,Erich-Weinert-Straße,5163.0,58.0
198362,11,4,,2019,8,9,6,3,1,5,0,1,0,0,0,0,1,0,"792496,9924","5825773,292","13,31023","52,50346",4030929.0,Hindemithplatz,3249.0,57.0
198363,11,3,,2019,8,9,5,2,5,2,0,1,1,0,0,0,0,0,"802413,2504","5829232,049","13,45902","52,52906",3061430.0,Volkspark Prenzlauer Berg,5457.0,20.0
198364,11,7,,2019,8,15,6,2,5,2,0,1,0,0,0,0,1,0,"796687,5014","5824815,48","13,37093","52,49262",7010104.0,Dennewitzplatz,4146.0,50.0
198365,11,3,,2019,8,14,5,3,5,2,0,1,1,0,0,0,0,0,"800237,8485","5831183,083","13,42881","52,54775",3061228.0,Erich-Weinert-Straße,5062.0,44.0