OBJECTID,LAND,BEZ,LOR_ab_2021,UJAHR,UMONAT,USTUNDE,UWOCHENTAG,UKATEGORIE,UART,UTYP1,ULICHTVERH,IstRad,IstPKW,IstFuss,IstKrad,IstGkfz,IstSonstige,USTRZUSTAND,LINREFX,LINREFY,XGCSWGS84,YGCSWGS84,LOR,STRASSE,quadrant,quadrant_rank
199011,11,2,,2019,9,20,5,3,5,3,2,0,1,0,0,0,0,0,"798181,2702","5826512,423","13,39439","52,50701",2010102.0,Mehringplatz,4550.0,26.0
199012,11,1,,2019,9,14,4,3,3,3,0,1,1,0,0,0,0,0,"799083,2619","5829018,168","13,40989","52,52898",3071536.0,Teutoburger Platz,4757.0,11.0
199013,11,3,,2019,9,19,5,3,0,4,2,0,0,1,1,0,0,0,"799472,9368","5831859,933","13,41818","52,55424",3040818.0,Pankow Süd,4864.0,14.0
199014,11,7,,2019,9,18,5,2,3,6,0,0,1,0,0,0,0,0,"794959,9965","5824119,398","13,34494","52,48731",7020201.0,Bayerischer Platz,3745.0,36.0
199015,11,1,,2019,9,20,4,3,3,6,2,0,1,0,0,0,0,0,"798440,8004","5829047,187","13,40047","52,52959",1011302.0,Oranienburger Straße,4657.0,9.0
199016,11,1,,2019,9,19,4,3,5,2,0,1,1,0,0,0,0,0,"794610,7721","5829870,924","13,34491","52,53906",1044202.0,Sparrplatz,3760.0,45.0
199017,11,4,,2019,9,18,5,3,5,3,0,0,1,0,0,0,0,0,"790953,3799","5824833,665","13,28673","52,49587",4031032.0,Halensee,2947.0,18.0
199018,11,5,,2019,9,18,5,2,5,3,0,1,1,0,0,0,0,0,"783047,9776","5827281,903","13,17268","52,52197",5020523.0,Maulbeerallee,1255.0,61.0
199019,11,7,,2019,9,19,4,2,1,5,0,0,1,0,0,0,0,0,"799799,871","5820465,21","13,41273","52,45192",7050504.0,Imbrosweg,4734.0,59.0
199020,11,6,,2019,9,17,5,2,5,2,0,0,1,0,1,0,0,0,"790159,6668","5815444,938","13,26691","52,41212",6030504.0,Teltower Damm,2623.0,62.0
199021,11,1,,2019,9,18,4,3,1,5,0,1,0,0,0,1,1,0,"797978,0969","5828497,12","13,39318","52,52491",1011302.0,Oranienburger Straße,4556.0,46.0
199022,11,12,,2019,9,17,5,2,6,4,0,0,1,1,0,0,0,0,"796586,6659","5833580,743","13,37727","52,57124",12103116.0,Hausotterplatz,4269.0,61.0
199023,11,12,,2019,9,18,4,3,2,6,0,0,1,0,0,0,0,0,"796644,8088","5832450,284","13,37712","52,56108",12103117.0,Letteplatz,4266.0,52.0
199024,11,4,,2019,9,10,5,3,1,5,0,1,1,0,0,0,0,0,"791536,3916","5825100,987","13,29553","52,49795",4031032.0,Halensee,3048.0,43.0
199025,11,4,,2019,9,18,4,3,1,5,0,0,1,0,0,0,0,0,"791813,6828","5826919,663","13,30119","52,51411",4030417.0,Schloßstraße,3152.0,19.0
199026,11,4,,2019,9,10,5,3,5,3,0,0,1,0,1,0,0,0,"793439,655","5823835,308","13,32237","52,48558",4051654.0,Wilhelmsaue,3444.0,24.0
199027,11,5,,2019,9,10,5,3,5,3,0,0,1,0,1,0,0,1,"782822,87","5828571,97","13,17047","52,53366",5020417.0,Staakener Straße,1158.0,56.0
199028,11,8,,2019,9,18,4,3,5,3,0,0,1,0,1,0,0,0,"805698,2509","5816979,992","13,49607","52,41742",8041037.0,Alt-Rudow,6024.0,50.0
199029,11,4,,2019,9,18,4,3,2,6,0,0,1,0,0,0,0,0,"793976,8586","5824691,003","13,33101","52,49297",4051653.0,Prager Platz,3546.0,33.0
199030,11,1,,2019,9,9,5,3,3,6,0,0,1,0,0,0,0,0,"794526,2502","5831578,961","13,34518","52,55442",1044101.0,Rehberge,3764.0,45.0
199031,11,5,,2019,9,18,4,3,3,6,0,0,0,0,1,0,1,0,"784940,0555","5829395,125","13,2023","52,53994",5010314.0,Carl-Schurz-Straße,1660.0,30.0
199032,11,3,,2019,9,9,5,3,5,3,0,1,1,0,0,0,0,0,"801415,3715","5830908,652","13,44588","52,54464",3061429.0,Greifswalder Straße,5261.0,46.0
199033,11,9,,2019,9,17,4,3,5,2,0,0,1,0,1,0,0,0,"807079,3213","5822532,697","13,52142","52,46641",9020502.0,Oberschöneweide Ost,6438.0,61.0
199034,11,4,,2019,9,9,5,3,3,6,0,0,0,0,1,0,1,0,"790142,5873","5827332,632","13,277","52,5187",4020310.0,Park Ruhwald,2754.0,42.0
199035,11,1,,2019,9,17,4,3,5,2,0,1,0,0,1,0,0,0,"799774,106","5826561,658","13,41783","52,50658",1011306.0,Heine-Viertel Ost,4850.0,38.0
199036,11,8,,2019,9,7,5,3,2,7,0,1,1,0,0,0,0,0,"802316,0528","5819329,018","13,44861","52,44035",8020622.0,Parchimer Allee,5331.0,63.0
199037,11,3,,2019,9,16,4,2,5,3,0,1,1,0,0,0,0,0,"795890,3772","5836466,663","13,3696","52,59749",3040508.0,Rosenthal,4177.0,61.0
199038,11,1,,2019,9,8,5,3,5,3,0,1,0,0,1,0,0,1,"799350,0423","5828621,446","13,41345","52,52528",1011303.0,Alexanderplatzviertel,4856.0,19.0
199039,11,2,,2019,9,7,5,3,5,2,0,1,1,0,0,0,0,1,"797943,0511","5825259,136","13,38977","52,49591",2020202.0,Rathaus Yorckstraße,4447.0,16.0
199040,11,4,,2019,9,16,4,3,2,3,0,1,1,0,0,0,0,0,"791451,2681","5825070,675","13,29425","52,49772",4031032.0,Halensee,3048.0,43.0
199041,11,12,,2019,9,5,5,2,0,3,2,1,1,0,0,0,0,1,"793471,3267","5832412,124","13,3304","52,56245",12214424.0,Scharnweberstraße,3567.0,10.0
199042,11,2,,2019,9,16,4,3,1,5,0,1,1,0,0,0,0,0,"799553,659","5826112,818","13,41419","52,50268",2010103.0,Moritzplatz,4849.0,28.0
199043,11,1,,2019,9,16,5,2,6,4,0,1,0,1,0,0,0,0,"794635,4703","5827606,908","13,34326","52,51875",1022207.0,Hansaviertel,3754.0,59.0
199044,11,1,,2019,9,8,4,3,3,6,0,1,1,0,0,0,0,0,"797615,0966","5828331,117","13,3877","52,52362",1011301.0,Charitéviertel,4455.0,27.0
199045,11,8,,2019,9,15,4,3,3,6,0,1,0,0,0,0,0,0,"800340,0042","5819243,086","13,41955","52,44067",8020621.0,Mohriner Allee Nord,4831.0,63.0
199046,11,9,,2019,9,15,4,3,0,3,0,1,0,0,0,0,1,0,"809317,3531","5819371,469","13,55133","52,43682",9020702.0,Adlershof Ost,6830.0,43.0
199047,11,6,,2019,9,15,4,3,5,3,0,1,1,0,0,0,0,0,"793150,8323","5820833,713","13,31549","52,45883",6010101.0,Fichtenberg,3336.0,54.0
199048,11,8,,2019,9,16,4,3,2,2,0,1,0,0,0,0,1,0,"801047,945","5822427,431","13,43281","52,46882",8010213.0,Körnerpark,5039.0,34.0
199049,11,1,,2019,9,15,4,3,2,2,0,1,0,0,0,0,1,0,"798674,1392","5827587,342","13,40259","52,51638",1011204.0,Leipziger Straße,4653.0,53.0
199050,11,4,,2019,9,21,4,3,2,6,2,0,1,0,0,0,0,0,"792952,391","5830401,108","13,32099","52,54471",4010102.0,Plötzensee,3461.0,59.0
199051,11,9,,2019,9,12,4,3,5,2,0,1,1,0,0,0,0,0,"814202,6549","5821326,771","13,6248","52,45155",9051702.0,Bölschestraße,7934.0,54.0
199052,11,1,,2019,9,21,4,3,5,3,2,0,1,0,0,0,0,0,"797990,9746","5826785,847","13,39184","52,50957",1011204.0,Leipziger Straße,4451.0,11.0
199053,11,5,,2019,9,20,4,3,6,4,2,1,0,1,0,0,0,0,"783391,7432","5826748,951","13,17728","52,51702",5020524.0,Weinmeisterhornweg,1253.0,63.0
199054,11,7,,2019,9,11,4,3,6,2,0,0,1,1,0,0,0,0,"794227,6175","5822417,879","13,33269","52,47245",7030301.0,Friedenau,3640.0,55.0
199055,11,1,,2019,9,11,4,2,2,2,0,0,0,0,1,0,0,0,"796492,6671","5830527,07","13,37316","52,54392",1033203.0,Humboldthain Nordwest,4261.0,37.0
199056,11,11,,2019,9,20,4,3,5,2,2,0,1,0,1,0,0,0,"804272,2537","5827873,91","13,4851","52,51585",11030721.0,Rüdigerstraße,5853.0,62.0
199057,11,1,,2019,9,10,4,3,2,3,0,0,1,0,0,0,1,0,"794315,151","5830463,331","13,34109","52,54453",1044101.0,Rehberge,3761.0,56.0
199058,11,4,,2019,9,20,4,2,6,4,2,0,1,1,0,0,0,0,"790720,9332","5822721,683","13,28147","52,47705",4041137.0,Flinsberger Platz,2842.0,47.0
199059,11,9,,2019,9,0,4,3,5,3,2,0,1,0,0,0,0,0,"805908,598","5821824,27","13,50359","52,46072",9020601.0,Schnellerstraße,6137.0,47.0
199060,11,1,,2019,9,19,4,3,1,5,2,0,1,0,0,0,0,0,"797740,6014","5830210,532","13,39122","52,5404",1033202.0,Humboldthain Süd,4460.0,59.0
199061,11,9,,2019,9,10,4,3,6,4,0,1,0,1,0,0,0,0,"812133,011","5820713,967","13,59387","52,44725",9041402.0,Siedlung Kämmereiheide,7433.0,61.0
199062,11,3,,2019,9,19,4,3,5,2,1,0,1,0,0,0,0,0,"800625,7595","5833910,766","13,43699","52,57198",3030715.0,Heinersdorf,5169.0,63.0
199063,11,3,,2019,9,19,4,3,4,6,1,1,0,0,0,0,0,0,"798695,0606","5830312,633","13,40535","52,54079",3061131.0,Falkplatz,4660.0,51.0
199064,11,4,,2019,9,10,4,3,0,5,0,0,1,0,1,0,0,0,"792861,1548","5822921,14","13,31307","52,4777",4041344.0,Rüdesheimer Platz,3342.0,52.0
199065,11,3,,2019,9,19,4,3,3,6,0,1,0,0,0,0,0,0,"798725,3965","5830324,222","13,4058","52,54088",3061131.0,Falkplatz,4660.0,51.0
199066,11,6,,2019,9,15,4,3,5,3,0,1,0,0,0,0,1,0,"794628,4565","5817924,641","13,33461","52,43196",6020304.0,Kaiser-Wilhelm-Straße,3628.0,54.0
199067,11,2,,2019,9,18,4,3,0,1,0,1,1,0,0,0,0,0,"802697,3937","5827237,595","13,46138","52,51103",2050802.0,Boxhagener Platz,5551.0,40.0
199068,11,12,,2019,9,10,4,2,5,2,0,0,1,0,0,0,0,0,"790969,2616","5833803,375","13,29482","52,57627",12214125.0,Waldidyll/Flughafensee,3071.0,39.0
199069,11,5,,2019,9,17,4,3,5,3,0,0,1,0,0,0,0,0,"788171,866","5829380,851","13,24981","52,53811",5030833.0,Motardstraße,2359.0,44.0
199070,11,5,,2019,9,14,4,3,5,2,0,1,0,0,0,0,1,0,"786916,8857","5829320,829","13,2313","52,53823",5030730.0,Zitadellenweg,2059.0,42.0
199071,11,11,,2019,9,17,4,3,2,6,0,0,1,0,0,0,0,0,"806576,4555","5827780,152","13,51886","52,51372",11041022.0,Rosenfelder Ring,6352.0,56.0
199072,11,9,,2019,9,9,4,3,5,3,0,1,1,0,0,0,0,0,"810887,1485","5821450,313","13,57628","52,45456",9051901.0,Dammvorstadt,7235.0,47.0
199073,11,4,,2019,9,10,4,3,5,3,0,0,1,0,0,0,0,0,"790399,0725","5826230,519","13,2798","52,50868",4020313.0,Königin-Elisabeth-Straße,2851.0,8.0
199074,11,3,,2019,9,17,4,3,5,2,0,1,1,0,0,0,0,0,"802328,8842","5829223,813","13,45778","52,52903",3061430.0,Volkspark Prenzlauer Berg,5457.0,20.0
199075,11,7,,2019,9,14,4,3,5,2,0,1,1,0,0,0,0,0,"797329,7373","5822178,812","13,37801","52,46863",7040403.0,Manteuffelstraße,4239.0,42.0
199076,11,7,,2019,9,16,4,3,5,3,0,0,1,0,0,0,1,0,"796823,0606","5822178,11","13,37057","52,4689",7040402.0,Lindenhofsiedlung,4139.0,53.0
199077,11,4,,2019,9,14,4,3,5,3,0,0,1,0,1,0,0,0,"791837,2607","5824715,41","13,29961","52,49433",4031032.0,Halensee,3147.0,43.0
199078,11,11,,2019,9,16,4,3,2,6,0,0,1,0,0,0,0,0,"806052,4786","5830622,568","13,51378","52,53949",11020516.0,Weiße Taube,6260.0,65.0
199079,11,6,,2019,9,14,4,3,5,2,0,1,1,0,0,0,0,0,"793194,1765","5820228,557","13,31559","52,45338",6010101.0,Fichtenberg,3335.0,47.0
199080,11,1,,2019,9,7,4,3,5,2,0,1,0,0,1,0,0,0,"798551,3148","5827801,312","13,40098","52,51836",1011202.0,Unter den Linden Nord,4654.0,10.0
199081,11,9,,2019,9,12,4,3,5,3,0,0,0,0,0,0,1,0,"806104,1498","5822162,186","13,50677","52,46364",9020501.0,Oberschöneweide West,6138.0,65.0
199082,11,5,,2019,9,9,4,3,0,2,0,0,1,0,0,0,1,0,"784836,11","5829150,252","13,20056","52,53779",5010314.0,Carl-Schurz-Straße,1659.0,46.0
199083,11,8,,2019,9,14,4,3,5,2,0,0,1,0,1,0,0,0,"804040,276","5819198,196","13,47378","52,43822",8041035.0,Blumenviertel,5730.0,63.0
199084,11,12,,2019,9,12,4,3,1,5,0,1,1,0,0,0,0,0,"790367,8558","5840191,586","13,29157","52,63386",12231102.0,Frohnau,2987.0,52.0
199085,11,6,,2019,9,12,4,3,5,3,0,0,1,0,1,0,0,0,"794970,6958","5821024,288","13,34236","52,45956",6010210.0,Bismarckstraße,3736.0,61.0
199086,11,4,,2019,9,10,4,2,5,2,0,1,0,0,0,0,1,0,"793319,7835","5823612,353","13,32041","52,48365",4051549.0,Rathaus Wilmersdorf,3443.0,52.0
199087,11,2,,2019,9,11,4,3,0,7,0,0,1,0,0,0,0,0,"800659,0783","5825676,857","13,43003","52,49816",2030401.0,Reichenberger Straße,5048.0,24.0
199088,11,4,,2019,9,13,4,2,6,4,0,0,0,1,1,0,0,0,"791490,6579","5823561,321","13,29351","52,48417",4041137.0,Flinsberger Platz,3044.0,50.0
199089,11,9,,2019,9,11,4,3,5,2,0,1,0,0,0,1,0,0,"806555,5223","5822315,907","13,51353","52,46476",9020501.0,Oberschöneweide West,6238.0,43.0
199090,11,1,,2019,9,10,4,3,1,5,0,1,1,0,0,0,1,0,"795955,4405","5831941,016","13,36652","52,55689",1044203.0,Leopoldplatz,4165.0,55.0
199091,11,10,,2019,9,9,4,3,5,7,0,0,1,0,0,0,0,0,"809591,5677","5828542,361","13,56386","52,51885",10030724.0,Oberfeldstraße,7054.0,53.0
199092,11,8,,2019,9,10,4,3,5,2,0,1,1,0,0,0,0,0,"800564,9943","5825143,543","13,42817","52,49343",8010301.0,Reuterkiez,5046.0,45.0
199093,11,4,,2019,9,9,4,3,1,5,0,1,1,0,0,0,0,0,"792215,8271","5826927,208","13,30711","52,51396",4030622.0,Richard-Wagner-Straße,3252.0,41.0
199094,11,7,,2019,9,12,4,3,5,2,0,0,1,0,0,0,0,0,"794935,6795","5824669,576","13,34507","52,49226",7020201.0,Bayerischer Platz,3746.0,57.0
199095,11,1,,2019,9,8,4,3,2,2,0,0,1,0,1,0,0,0,"795126,1378","5827083,722","13,35001","52,51379",1011102.0,Großer Tiergarten,3852.0,51.0
199096,11,11,,2019,9,8,4,3,5,2,0,1,1,0,0,0,0,0,"806684,3788","5826910,934","13,51965","52,50587",11040926.0,Weitlingstraße,6350.0,50.0
199097,11,11,,2019,9,9,4,3,0,6,0,0,1,0,0,1,0,0,"802788,3019","5829423,1","13,46471","52,53056",11030618.0,Fennpfuhl West,5557.0,49.0
199098,11,2,,2019,9,8,4,3,5,2,0,1,1,0,0,0,0,0,"801754,308","5826263,126","13,44665","52,50281",2040703.0,Wriezener Bahnhof/Entwicklungsgebiet,5249.0,5.0
199099,11,7,,2019,9,7,4,3,6,7,0,0,0,0,0,0,1,0,"795061,2322","5825003,237","13,34721","52,49518",7010102.0,Nollendorfplatz,3847.0,40.0
199100,11,12,,2019,9,7,4,3,5,2,0,1,1,0,0,0,0,0,"790616,8918","5835985,806","13,29154","52,59602",12304314.0,Ziekowstraße/Freie Scholle,2976.0,49.0
199101,11,9,,2019,9,12,4,3,5,3,0,1,1,0,0,0,0,0,"820724,3371","5819513,518","13,7187","52,43152",9051801.0,Rahnsdorf/Hessenwinkel,9328.0,63.0
199102,11,2,,2019,9,7,4,3,3,6,0,1,1,0,0,0,0,0,"798043,7731","5826515,471","13,39237","52,50711",2010102.0,Mehringplatz,4450.0,25.0
199103,11,4,,2019,9,6,4,2,0,3,0,0,1,0,1,0,0,0,"791326,4554","5830671,59","13,29732","52,548",4010101.0,Jungfernheide,3062.0,44.0
199104,11,12,,2019,9,5,4,3,0,3,2,1,1,0,0,0,0,0,"793276,6137","5835161,461","13,32997","52,58721",12301203.0,Wittenau Süd,3574.0,63.0
199105,11,5,,2019,9,5,4,3,0,7,1,0,0,0,1,0,0,0,"785040,1252","5834240,211","13,20793","52,58332",5010101.0,Hakenfelde Nord,1773.0,65.0
199106,11,9,,2019,9,6,4,3,5,2,0,1,1,0,0,0,0,0,"810259,7449","5821449,385","13,56708","52,45491",9051901.0,Dammvorstadt,7035.0,48.0
199107,11,9,,2019,9,14,4,3,0,2,0,0,1,0,0,0,1,0,"812358,0207","5820086,447","13,59658","52,4415",9041402.0,Siedlung Kämmereiheide,7531.0,59.0
199108,11,5,,2019,9,0,4,3,6,4,2,0,0,1,0,0,1,0,"785422,2312","5831689,592","13,21136","52,56026",5010101.0,Hakenfelde Nord,1766.0,46.0
199109,11,12,,2019,9,16,4,3,9,1,0,0,1,0,0,0,0,0,"790193,9973","5835155,307","13,28459","52,5888",12214527.0,Alt-Tegel,2874.0,52.0
199110,11,12,,2019,9,12,3,3,5,3,0,0,1,0,0,0,0,0,"792925,2331","5832701,144","13,32262","52,56534",12214424.0,Scharnweberstraße,3467.0,56.0
199111,11,8,,2019,9,15,4,3,5,2,0,1,1,0,0,0,0,0,"800178,9217","5823637,139","13,42114","52,48014",8010117.0,Schillerpromenade,4942.0,18.0
199112,11,11,,2019,9,17,3,3,1,5,0,1,1,0,0,0,0,0,"805174,3836","5827754,936","13,49824","52,51428",11030721.0,Rüdigerstraße,6052.0,58.0
199113,11,12,,2019,9,15,4,3,3,6,0,0,1,0,1,0,0,0,"793422,4699","5832399,664","13,32967","52,56237",12214424.0,Scharnweberstraße,3566.0,39.0
199114,11,4,,2019,9,15,4,2,0,7,0,1,1,0,0,0,0,0,"791091,7479","5827434,103","13,29104","52,5191",4030415.0,Schloßgarten,2954.0,41.0
199115,11,11,,2019,9,8,3,3,5,3,0,1,0,0,0,0,0,0,"806621,4483","5827363,831","13,51914","52,50997",11040926.0,Weitlingstraße,6351.0,60.0
199116,11,11,,2019,9,15,4,3,5,2,0,1,1,0,0,0,0,0,"807269,8838","5825414,629","13,52687","52,49213",11051330.0,Karlshorst West,6446.0,50.0
199117,11,10,,2019,9,15,4,3,5,7,0,0,0,0,1,0,1,0,"809026,3136","5830230,872","13,55713","52,5343",10010310.0,Alt-Marzahn,6958.0,57.0
199118,11,3,,2019,9,14,3,3,5,3,0,0,1,0,1,0,0,0,"800200,6578","5835970,18","13,4326","52,59068",3040614.0,Pankow Zentrum,5075.0,61.0
199119,11,1,,2019,9,11,4,3,0,1,0,1,0,0,0,0,0,0,"798150,0458","5828007,793","13,39527","52,52043",1011202.0,Unter den Linden Nord,4554.0,60.0
199120,11,2,,2019,9,23,3,3,1,5,2,0,0,0,0,0,1,0,"801296,1346","5825740,862","13,43944","52,49839",2030402.0,Wrangelkiez,5148.0,51.0
199121,11,7,,2019,9,13,4,3,5,3,0,0,1,0,0,0,0,0,"798623,3971","5820654,61","13,39564","52,45426",7040405.0,Rathaus Tempelhof,4535.0,59.0
199122,11,1,,2019,9,12,4,3,5,2,0,1,1,0,0,0,0,0,"796983,8306","5831935,137","13,38164","52,55627",1044201.0,Reinickendorfer Straße,4365.0,7.0
199123,11,1,,2019,9,15,3,3,5,2,0,1,1,0,0,0,0,0,"795668,9129","5829732,336","13,36034","52,53724",1022202.0,Heidestraße,4059.0,30.0
199124,11,5,,2019,9,20,3,2,6,4,1,0,1,1,0,0,0,0,"783765,4481","5829117,539","13,18479","52,53806",5010314.0,Carl-Schurz-Straße,1459.0,57.0
199125,11,1,,2019,9,8,4,2,0,7,0,0,1,0,0,0,0,0,"795669,3721","5829731,688","13,36035","52,53724",1022202.0,Heidestraße,4059.0,30.0
199126,11,5,,2019,9,13,3,3,2,7,0,0,1,0,0,0,0,0,"782785,7808","5827465,322","13,16898","52,52376",5020523.0,Maulbeerallee,1155.0,58.0
199127,11,1,,2019,9,20,3,3,2,6,2,1,1,0,0,0,0,0,"797481,3231","5826772,855","13,38434","52,50973",1011201.0,Wilhelmstraße,4351.0,43.0
199128,11,1,,2019,9,16,3,2,5,3,0,0,1,0,1,0,0,0,"796410,2756","5832008,862","13,37327","52,55725",1033101.0,Soldiner Straße,4265.0,5.0
199129,11,12,,2019,9,15,3,3,5,3,0,1,1,0,0,0,0,0,"789877,6087","5835060,533","13,27985","52,58812",12214527.0,Alt-Tegel,2874.0,52.0
199130,11,8,,2019,9,19,3,3,5,2,1,0,1,0,0,0,0,0,"802363,1518","5819912,373","13,44983","52,44555",8020622.0,Parchimer Allee,5332.0,53.0
199131,11,6,,2019,9,12,3,3,1,5,0,0,1,0,1,0,0,0,"793540,5988","5819465,487","13,32001","52,44636",6030606.0,Hindenburgdamm,3433.0,65.0
199132,11,5,,2019,9,16,3,3,5,2,0,0,1,0,0,0,0,0,"783757,5195","5828683,632","13,1843","52,53417",5020625.0,Borkumer Straße,1358.0,51.0
199133,11,1,,2019,9,14,3,2,0,1,0,0,0,0,0,0,1,0,"798450,7807","5828005,653","13,39969","52,52025",1011202.0,Unter den Linden Nord,4554.0,60.0
199134,11,2,,2019,9,16,3,3,3,6,0,0,1,0,1,0,0,0,"800834,4682","5825579,742","13,43252","52,4972",2030401.0,Reichenberger Straße,5047.0,51.0
199135,11,9,,2019,9,18,3,3,2,6,0,0,1,0,0,0,0,0,"810070,6275","5820414,385","13,56334","52,44574",9020802.0,Köllnische Vorstadt,7032.0,50.0
199136,11,9,,2019,9,16,3,3,5,3,0,0,1,0,0,0,0,0,"804628,6442","5821692,197","13,48469","52,46025",9010301.0,Baumschulenstraße,5837.0,51.0
199137,11,2,,2019,9,14,3,3,2,7,0,1,1,0,0,0,0,0,"801180,6724","5827977,197","13,43977","52,51849",2040502.0,Friedenstraße,5154.0,55.0
199138,11,5,,2019,9,16,3,3,5,7,0,0,1,0,1,0,0,0,"785400,5526","5830329,886","13,20988","52,54808",5010311.0,Eiswerder,1762.0,53.0
199139,11,6,,2019,9,13,3,3,5,3,0,0,1,0,0,0,1,0,"791486,5556","5816162,882","13,28699","52,41785",6030607.0,Goerzwerke,2924.0,62.0
199140,11,4,,2019,9,15,3,3,1,5,0,1,1,0,0,0,0,0,"793072,9901","5824882,818","13,3179","52,49517",4051446.0,Preußenpark,3347.0,62.0
199141,11,12,,2019,9,16,3,3,5,3,0,0,1,0,1,0,0,0,"793692,8358","5833335,839","13,33448","52,57062",12103220.0,Humboldtstraße,3669.0,63.0
199142,11,6,,2019,9,15,3,3,2,6,0,0,1,0,0,0,1,0,"793218,9905","5819605,761","13,31541","52,44779",6030609.0,Augustaplatz,3333.0,61.0
199143,11,9,,2019,9,17,3,3,5,2,0,1,0,0,0,0,1,0,"807713,8476","5818106,469","13,52665","52,42638",9020701.0,Adlershof West,6427.0,48.0
199144,11,1,,2019,9,15,3,3,2,6,0,1,1,0,0,0,0,0,"794336,0977","5831769,219","13,34255","52,55622",1044102.0,Schillerpark,3765.0,65.0
199145,11,4,,2019,9,13,3,3,0,3,0,0,1,0,0,0,1,1,"791293,5924","5826056,792","13,2928","52,50665",4030725.0,Amtsgerichtsplatz,3050.0,39.0
199146,11,1,,2019,9,15,3,3,0,4,0,0,0,1,0,0,1,0,"793567,6878","5828392,281","13,32827","52,52637",1022102.0,Beusselkiez,3556.0,48.0
199147,11,2,,2019,9,15,3,3,2,7,0,1,1,0,0,0,0,0,"801267,3758","5826185,358","13,43942","52,50239",2030302.0,Lausitzer Platz,5149.0,46.0
199148,11,10,,2019,9,13,3,2,1,5,0,0,1,0,0,0,1,1,"812110,9654","5831312,797","13,60347","52,54224",10020415.0,Hellersdorfer Promenade,7661.0,63.0
199149,11,12,,2019,9,14,3,3,2,6,0,0,1,0,0,0,0,0,"792463,9496","5837305,959","13,3199","52,60687",12301205.0,Waidmannslust,3479.0,63.0
199150,11,6,,2019,9,16,3,2,5,3,0,1,1,0,0,0,0,0,"788735,0235","5816316,94","13,24678","52,42069",6030501.0,Berlepschstraße,2325.0,54.0
199151,11,10,,2019,9,14,3,3,3,6,0,1,1,0,0,0,0,0,"812374,2619","5824001,542","13,60048","52,47657",10040933.0,Mahlsdorf Süd,7541.0,59.0
199152,11,11,,2019,9,14,3,3,5,3,0,1,1,0,0,0,0,0,"803626,1416","5826566,052","13,47442","52,50449",11040925.0,Victoriastadt,5750.0,59.0
199153,11,3,,2019,9,12,3,3,5,2,0,1,1,0,0,0,0,0,"797852,8641","5833037,83","13,39541","52,56568",3040614.0,Pankow Zentrum,4567.0,50.0
199154,11,10,,2019,9,14,3,3,5,2,0,1,1,0,0,0,0,0,"809419,4542","5831091,694","13,56371","52,54179",10010310.0,Alt-Marzahn,7060.0,63.0
199155,11,8,,2019,9,11,3,3,5,7,0,0,1,0,0,0,0,0,"800413,5958","5823917,009","13,42484","52,48252",8010211.0,Flughafenstraße,4943.0,45.0
199156,11,4,,2019,9,13,3,3,0,5,0,0,1,0,1,0,0,0,"792421,5887","5822823,074","13,30653","52,47706",4041342.0,Schlangenbader Straße,3242.0,39.0
199157,11,8,,2019,9,11,3,3,5,2,0,0,1,0,0,0,1,0,"801315,423","5819540,193","13,43413","52,4428",8020622.0,Parchimer Allee,5132.0,38.0
199158,11,4,,2019,9,12,3,3,6,7,0,0,1,1,0,0,0,0,"794406,6246","5825879,462","13,33837","52,50339",4030931.0,Breitscheidplatz,3649.0,23.0
199159,11,2,,2019,9,10,3,3,5,2,0,1,1,0,0,0,0,0,"797941,3924","5825259,319","13,38974","52,49591",2020202.0,Rathaus Yorckstraße,4447.0,16.0
199160,11,3,,2019,9,10,3,3,0,2,0,0,0,0,1,1,0,0,"802899,1251","5833160,605","13,46975","52,564",3051017.0,Rennbahnstraße,5667.0,54.0
199161,11,8,,2019,9,10,3,2,5,7,0,0,1,0,1,0,0,0,"804337,0373","5817011,978","13,47615","52,41846",8041036.0,Zittauer Straße,5724.0,59.0
199162,11,1,,2019,9,10,3,3,5,2,0,0,1,0,0,0,1,0,"799244,0435","5828468,698","13,41176","52,52397",1011303.0,Alexanderplatzviertel,4755.0,4.0
199163,11,3,,2019,9,10,3,3,6,2,0,0,1,1,0,0,0,1,"799830,8493","5831972,087","13,42354","52,55505",3040818.0,Pankow Süd,4964.0,49.0
199164,11,1,,2019,9,10,3,3,5,2,0,1,1,0,0,0,0,0,"794896,8303","5830251,901","13,34945","52,54232",1044202.0,Sparrplatz,3861.0,37.0
199165,11,4,,2019,9,10,3,2,5,2,0,0,1,0,1,0,0,1,"791994,4482","5825975,239","13,30302","52,50554",4030725.0,Amtsgerichtsplatz,3150.0,36.0
199166,11,9,,2019,9,9,3,3,6,2,0,0,1,1,0,0,0,0,"808490,6184","5819052,531","13,53891","52,43443",9020701.0,Adlershof West,6629.0,41.0
199167,11,4,,2019,9,10,3,3,0,1,0,1,0,0,0,0,0,1,"791485,6755","5827200,012","13,29662","52,5168",4030417.0,Schloßstraße,3053.0,54.0
199168,11,3,,2019,9,22,3,3,0,1,2,1,0,0,0,0,0,0,"798789,0635","5831459,103","13,40776","52,55102",3061126.0,Arnimplatz,4763.0,56.0
199169,11,11,,2019,9,9,3,3,1,5,0,1,0,0,0,1,0,0,"803811,9533","5826162,059","13,47678","52,50077",11051229.0,Rummelsburg,5748.0,59.0
199170,11,1,,2019,9,10,3,3,0,7,0,1,0,0,0,0,0,1,"794681,9076","5830867,32","13,34684","52,54795",1044103.0,Westliche Müllerstraße,3862.0,51.0