OBJECTID,LAND,BEZ,LOR_ab_2021,UJAHR,UMONAT,USTUNDE,UWOCHENTAG,UKATEGORIE,UART,UTYP1,ULICHTVERH,IstRad,IstPKW,IstFuss,IstKrad,IstGkfz,IstSonstige,USTRZUSTAND,LINREFX,LINREFY,XGCSWGS84,YGCSWGS84,LOR,STRASSE,quadrant,quadrant_rank
199171,11,11,,2019,9,8,3,3,0,6,0,1,1,0,0,0,0,0,"804467,7607","5828170,809","13,48824","52,5184",11030721.0,Rüdigerstraße,5954.0,61.0
199172,11,7,,2019,9,8,3,3,5,2,0,1,1,0,0,0,0,0,"798740,9929","5823947,057","13,40031","52,48371",7040401.0,Neu-Tempelhof,4643.0,57.0
199173,11,5,,2019,9,8,3,3,2,6,0,0,1,0,0,0,1,0,"785909,409","5831720,262","13,21856","52,56027",5010101.0,Hakenfelde Nord,1966.0,59.0
199174,11,8,,2019,9,9,3,3,6,7,0,0,1,1,0,0,0,0,"801558,392","5817398,114","13,43576","52,42346",8020727.0,Buckow Mitte,5126.0,38.0
199175,11,4,,2019,9,8,3,3,5,3,0,0,1,0,0,0,0,0,"794238,835","5825413,649","13,3355","52,4993",4051448.0,Schaperstraße,3648.0,35.0
199176,11,2,,2019,9,9,3,3,5,2,0,1,0,0,0,0,1,1,"797482,6737","5824555,387","13,38238","52,48985",2020203.0,Viktoriapark,4345.0,48.0
199177,11,11,,2019,9,7,3,3,6,4,0,0,0,1,1,0,0,0,"803831,1037","5828730,982","13,4794","52,52378",11030618.0,Fennpfuhl West,5755.0,49.0
199178,11,2,,2019,9,21,3,2,3,7,2,1,1,0,0,0,0,0,"797953,3456","5824572,73","13,3893","52,48975",2020205.0,Chamissokiez,4445.0,43.0
199179,11,3,,2019,9,7,3,3,5,2,0,1,1,0,0,0,0,0,"803870,1244","5832202,451","13,48315","52,55487",3051017.0,Rennbahnstraße,5864.0,63.0
199180,11,1,,2019,9,7,3,3,2,6,0,0,1,0,0,0,0,1,"795197,5509","5825926,792","13,35003","52,50339",1011103.0,Lützowstraße,3849.0,22.0
199181,11,6,,2019,9,7,3,2,6,4,0,0,1,1,0,0,0,0,"796289,8577","5819660,137","13,36051","52,44662",6010205.0,Südende,4033.0,40.0
199182,11,2,,2019,9,7,3,3,5,2,0,1,1,0,0,0,0,1,"803103,3215","5826087,077","13,4663","52,50049",2050803.0,Stralauer Kiez,5548.0,37.0
199183,11,1,,2019,9,6,3,3,5,3,0,1,1,0,0,0,0,0,"797498,6972","5827762,657","13,38548","52,51859",1011202.0,Unter den Linden Nord,4354.0,42.0
199184,11,1,,2019,9,23,3,3,5,3,2,1,0,0,1,0,0,0,"798766,1177","5828963,647","13,40518","52,52866",1011302.0,Oranienburger Straße,4657.0,9.0
199185,11,8,,2019,9,16,3,3,5,3,0,1,1,0,0,0,0,0,"804552,0816","5816532,477","13,47886","52,41405",8041036.0,Zittauer Straße,5723.0,61.0
199186,11,10,,2019,9,18,3,3,5,3,0,1,1,0,0,0,0,0,"810404,7078","5832151,285","13,57918","52,55073",10010205.0,Marzahn Ost,7263.0,61.0
199187,11,4,,2019,9,17,3,3,0,4,0,1,0,1,0,0,0,0,"791834,156","5827445,07","13,30196","52,51881",4030620.0,Alt-Lietzow,3154.0,20.0
199188,11,10,,2019,9,8,3,3,0,3,0,0,1,0,0,0,1,0,"809569,1481","5828034,71","13,56306","52,51431",10030724.0,Oberfeldstraße,7052.0,57.0
199189,11,8,,2019,9,14,3,3,2,6,0,0,1,0,0,0,1,0,"800637,1323","5823074,979","13,42736","52,47485",8010117.0,Schillerpromenade,5041.0,31.0
199190,11,4,,2019,9,17,3,2,5,2,0,0,1,0,1,0,0,0,"793449,2175","5824326,268","13,32294","52,48998",4051652.0,Nikolsburger Platz,3445.0,43.0
199191,11,6,,2019,9,16,3,3,5,3,0,0,1,0,0,0,1,0,"793733,1144","5817611,638","13,3212","52,42963",6020409.0,Königsberger Straße,3428.0,60.0
199192,11,12,,2019,9,19,3,1,5,3,2,0,1,0,1,0,0,0,"793553,0376","5834245,492","13,33323","52,57885",12301203.0,Wittenau Süd,3671.0,59.0
199193,11,5,,2019,9,11,3,3,2,6,0,0,1,0,0,0,1,0,"783690,7033","5830007,714","13,18445","52,54608",5010207.0,Darbystraße,1362.0,55.0
199194,11,2,,2019,9,14,2,3,1,5,0,1,1,0,0,0,0,0,"801759,2969","5825810,411","13,44631","52,49875",2030402.0,Wrangelkiez,5248.0,21.0
199195,11,3,,2019,9,1,3,3,5,3,2,0,1,0,0,0,0,1,"800323,1832","5831578,622","13,43043","52,55125",3061228.0,Erich-Weinert-Straße,5063.0,29.0
199196,11,8,,2019,9,14,2,3,2,2,0,0,1,0,1,0,0,0,"801294,5351","5823574,771","13,43746","52,47897",8010212.0,Rollberg,5142.0,45.0
199197,11,2,,2019,9,14,3,3,1,5,0,0,1,0,0,0,1,0,"800816,3544","5826885,741","13,43343","52,50891",2040701.0,Andreasviertel,5151.0,39.0
199198,11,10,,2019,9,10,2,3,5,3,0,1,0,0,0,0,1,0,"811202,376","5827915,258","13,58694","52,51231",10040828.0,Kaulsdorf Nord,7352.0,65.0
199199,11,11,,2019,9,6,2,2,6,7,1,1,0,1,0,0,0,0,"803020,725","5831351,302","13,46988","52,54772",11020513.0,Orankesee,5662.0,47.0
199200,11,11,,2019,9,8,2,3,2,2,0,1,1,0,0,0,0,0,"807196,1272","5823898,684","13,52439","52,47859",11051332.0,Karlshorst Süd,6442.0,53.0
199201,11,11,,2019,9,22,2,3,1,1,2,0,1,0,0,0,0,1,"806376,9955","5832409,262","13,5202","52,55532",11020411.0,Malchower Weg,6364.0,61.0
199202,11,7,,2019,9,16,2,3,5,3,0,1,0,0,0,0,0,0,"794395,9639","5822574,251","13,3353","52,47376",7030301.0,Friedenau,3641.0,57.0
199203,11,7,,2019,9,12,2,2,5,3,0,1,1,0,0,0,0,1,"796128,7732","5823309,018","13,36139","52,47941",7020204.0,Schöneberger Insel,4042.0,56.0
199204,11,11,,2019,9,5,2,3,6,7,2,0,1,0,0,0,1,1,"807241,2649","5824227,978","13,52535","52,48151",11051331.0,Karlshorst Nord,6443.0,52.0
199205,11,12,,2019,9,21,2,2,5,3,2,0,1,0,1,0,0,0,"791421,1803","5838754,895","13,30582","52,62042",12231101.0,Hermsdorf,3283.0,60.0
199206,11,12,,2019,9,20,2,3,5,3,2,0,1,0,0,0,0,1,"795398,4374","5836786,537","13,36265","52,60062",12302109.0,Treuenbrietzener Straße,4078.0,63.0
199207,11,1,,2019,9,18,2,3,6,7,0,0,1,1,0,0,0,0,"799462,1507","5828802,335","13,41526","52,52684",1011303.0,Alexanderplatzviertel,4856.0,19.0
199208,11,12,,2019,9,19,2,3,5,3,2,0,1,0,0,0,0,1,"796595,5714","5833589,996","13,37741","52,57132",12103116.0,Hausotterplatz,4269.0,61.0
199209,11,1,,2019,9,18,2,3,3,6,0,1,1,0,0,0,0,0,"797936,514","5827178,645","13,39139","52,51312",1011203.0,Unter den Linden Süd,4452.0,21.0
199210,11,5,,2019,9,5,2,3,6,2,2,0,1,1,0,0,0,1,"783587,5244","5828663,555","13,18179","52,53408",5020625.0,Borkumer Straße,1358.0,51.0
199211,11,12,,2019,9,18,2,2,6,4,0,0,1,1,0,0,0,0,"792526,9752","5835157,167","13,31893","52,58757",12304313.0,Borsigwalde,3374.0,61.0
199212,11,1,,2019,9,19,2,3,2,6,1,0,1,0,0,0,0,1,"793624,8542","5828129,546","13,32887","52,52398",1022101.0,Huttenkiez,3555.0,16.0
199213,11,1,,2019,9,18,2,3,2,6,0,0,1,0,0,0,0,1,"796278,7354","5828481,686","13,36819","52,5257",1022206.0,Lüneburger Straße,4156.0,34.0
199214,11,1,,2019,9,17,2,3,5,3,0,1,1,0,0,0,0,0,"799900,4672","5826514,857","13,41964","52,50609",1011306.0,Heine-Viertel Ost,4850.0,38.0
199215,11,4,,2019,9,17,2,3,5,2,0,1,1,0,0,0,0,0,"793192,3399","5824560,764","13,31937","52,49222",4051447.0,Ludwigkirchplatz,3446.0,47.0
199216,11,6,,2019,9,13,2,3,2,6,0,0,1,0,1,0,0,1,"791851,8983","5819162,82","13,29497","52,44455",6030605.0,Botanischer Garten,3032.0,48.0
199217,11,12,,2019,9,16,2,3,6,4,0,0,1,1,0,0,0,1,"790967,218","5833827,77","13,29481","52,57649",12214125.0,Waldidyll/Flughafensee,3071.0,39.0
199218,11,7,,2019,9,17,2,3,5,3,0,0,1,0,0,0,0,0,"796931,9476","5822275,01","13,37226","52,46971",7040403.0,Manteuffelstraße,4139.0,53.0
199219,11,8,,2019,9,12,2,3,2,6,0,0,1,0,0,0,1,1,"801031,7106","5819530,25","13,42996","52,44286",8020621.0,Mohriner Allee Nord,5032.0,63.0
199220,11,4,,2019,9,17,2,3,5,2,0,1,1,0,0,0,0,0,"790160,772","5826651,235","13,27667","52,51258",4020311.0,Reichsstraße,2752.0,59.0
199221,11,12,,2019,9,16,2,3,5,3,0,0,1,0,0,0,0,1,"792840,2616","5833652,048","13,32221","52,57391",12214423.0,Mellerbogen,3470.0,55.0
199222,11,6,,2019,9,16,2,3,5,2,0,0,1,0,0,0,0,1,"790896,3841","5817757,482","13,27972","52,43246",6030503.0,Zehlendorf Mitte,2828.0,57.0
199223,11,5,,2019,9,17,2,3,5,3,0,1,1,0,0,0,0,0,"785366,267","5830245,984","13,2093","52,54734",5010311.0,Eiswerder,1762.0,53.0
199224,11,6,,2019,9,10,2,3,2,7,0,0,1,0,0,0,0,1,"791746,5584","5820656,73","13,29473","52,458",6040809.0,Thielallee,3036.0,63.0
199225,11,4,,2019,9,10,2,3,1,5,0,1,0,0,0,1,0,1,"788826,6515","5827229,456","13,25757","52,51847",4020311.0,Reichsstraße,2454.0,58.0
199226,11,4,,2019,9,15,2,3,2,6,0,0,1,0,0,0,0,0,"793768,2777","5826572,435","13,32961","52,50994",4030623.0,Ernst-Reuter-Platz,3551.0,40.0
199227,11,1,,2019,9,16,2,3,5,3,0,0,1,0,0,0,0,1,"796429,8997","5831177,255","13,37282","52,54978",1044201.0,Reinickendorfer Straße,4163.0,33.0
199228,11,5,,2019,9,16,2,2,6,2,0,0,1,1,0,0,0,1,"783044,2063","5826062,538","13,17158","52,51104",5020524.0,Weinmeisterhornweg,1251.0,62.0
199229,11,7,,2019,9,23,2,3,5,2,2,0,1,0,0,0,1,0,"798879,6515","5817218,522","13,39632","52,42332",7050506.0,Birnhornweg,4526.0,46.0
199230,11,4,,2019,9,16,2,3,6,4,0,0,1,1,0,0,0,1,"793298,5023","5824966,128","13,32129","52,4958",4051447.0,Ludwigkirchplatz,3447.0,60.0
199231,11,7,,2019,9,16,2,3,5,2,0,0,1,0,0,0,0,0,"798812,1302","5817333,857","13,39544","52,42439",7050506.0,Birnhornweg,4526.0,46.0
199232,11,5,,2019,9,15,2,3,5,2,0,1,1,0,0,0,0,1,"784641,327","5828418,543","13,19707","52,53134",5020625.0,Borkumer Straße,1557.0,28.0
199233,11,2,,2019,9,15,2,3,2,6,0,0,1,0,0,0,0,0,"799401,0256","5824533,142","13,41053","52,4886",2020206.0,Graefekiez,4745.0,46.0
199234,11,9,,2019,9,9,2,3,8,1,0,0,1,0,0,0,0,1,"811937,745","5821587,346","13,59182","52,45519",9051901.0,Dammvorstadt,7435.0,58.0
199235,11,5,,2019,9,15,2,3,4,1,0,0,1,0,0,0,0,0,"781758,2312","5835374,545","13,16059","52,5952",5010101.0,Hakenfelde Nord,1076.0,63.0
199236,11,8,,2019,9,15,2,3,5,3,0,1,1,0,0,0,0,1,"801298,3528","5824011,839","13,43791","52,48289",8010301.0,Reuterkiez,5143.0,6.0
199237,11,4,,2019,9,9,2,3,5,2,0,0,1,0,0,0,1,1,"792090,9624","5825290,075","13,30384","52,49935",4030726.0,Droysenstraße,3148.0,24.0
199238,11,8,,2019,9,8,2,3,2,6,0,0,1,0,0,0,0,0,"802919,9036","5822862,37","13,46068","52,47169",8010508.0,Weiße Siedlung,5540.0,55.0
199239,11,5,,2019,9,12,2,2,5,2,0,0,1,0,1,0,0,0,"783699,0539","5830176,783","13,18472","52,54759",5010207.0,Darbystraße,1462.0,37.0
199240,11,5,,2019,9,14,2,3,2,6,0,0,1,0,0,0,0,1,"787564,959","5828030,057","13,23972","52,52632",5010339.0,Freiheit,2256.0,58.0
199241,11,8,,2019,9,9,2,3,0,6,0,0,1,0,1,0,0,1,"801468,1794","5819247,226","13,4361","52,44009",8020625.0,Handwerker-Siedlung,5131.0,45.0
199242,11,8,,2019,9,12,2,2,5,3,0,1,1,0,0,0,0,0,"802483,3266","5822557,436","13,45399","52,4692",8010510.0,Gewerbegebiet Köllnische Heide,5439.0,56.0
199243,11,4,,2019,9,14,2,3,6,4,0,1,0,1,0,0,0,1,"791892,5385","5827078,756","13,30249","52,51549",4030622.0,Richard-Wagner-Straße,3153.0,49.0
199244,11,3,,2019,9,15,2,3,2,6,0,0,1,0,0,0,0,0,"796948,2053","5835828,635","13,3846","52,59119",3040512.0,Wilhelmsruh,4375.0,52.0
199245,11,2,,2019,9,14,2,3,5,3,0,1,1,0,0,0,0,1,"801069,6003","5825688,959","13,43607","52,49805",2030402.0,Wrangelkiez,5148.0,51.0
199246,11,6,,2019,9,12,2,2,5,2,0,0,1,0,1,0,0,0,"788837,4799","5819590,79","13,25111","52,44998",6040806.0,Fischtal,2334.0,57.0
199247,11,2,,2019,9,9,2,3,6,2,0,0,1,1,0,0,0,1,"798481,3412","5824501,756","13,39699","52,48883",2020205.0,Chamissokiez,4545.0,52.0
199248,11,3,,2019,9,7,2,3,2,7,0,0,1,0,1,0,0,0,"804331,7306","5838885,208","13,49607","52,61451",3030405.0,Karow Nord,6082.0,63.0
199249,11,2,,2019,9,14,2,3,2,6,1,0,1,0,0,1,0,1,"802671,4284","5828055,316","13,46175","52,51837",2050602.0,Samariterviertel,5554.0,57.0
199250,11,1,,2019,9,8,2,3,0,3,0,1,0,0,1,0,0,0,"799736,3749","5827706,607","13,41831","52,51686",1011304.0,Karl-Marx-Allee,4853.0,18.0
199251,11,5,,2019,9,16,6,3,5,2,0,0,1,0,0,0,0,0,"784553,1795","5828171,701","13,19556","52,52917",5020625.0,Borkumer Straße,1557.0,28.0
199252,11,12,,2019,9,16,6,3,2,6,0,0,1,0,0,0,0,0,"792564,2027","5837366,709","13,32143","52,60736",12302212.0,Rollbergesiedlung,3480.0,38.0
199253,11,8,,2019,9,16,6,3,1,1,0,0,1,0,1,0,0,0,"806433,0293","5818009,489","13,50778","52,42623",8041037.0,Alt-Rudow,6227.0,61.0
199254,11,1,,2019,9,16,6,3,3,6,0,0,1,0,1,0,0,0,"797326,6033","5831224,391","13,38605","52,54972",1033102.0,Gesundbrunnen,4363.0,22.0
199255,11,1,,2019,9,16,6,3,5,2,0,1,1,0,0,0,0,0,"799763,9716","5828636,434","13,41955","52,52518",1011303.0,Alexanderplatzviertel,4856.0,19.0
199256,11,8,,2019,9,15,6,2,5,2,0,1,1,0,0,0,0,0,"803741,7327","5818005,983","13,46832","52,4277",8030831.0,Gropiusstadt Ost,5627.0,51.0
199257,11,9,,2019,9,15,6,3,0,1,0,1,0,0,0,0,0,0,"807237,7231","5819779,808","13,52121","52,44165",9010402.0,Johannisthal Ost,6431.0,63.0
199258,11,4,,2019,9,14,6,3,2,6,0,0,1,0,0,0,0,0,"791711,8719","5823784,459","13,29695","52,48605",4041137.0,Flinsberger Platz,3044.0,50.0
199259,11,5,,2019,9,14,6,3,5,3,0,0,1,0,0,0,1,0,"786962,9069","5829334,46","13,23199","52,53833",5030731.0,Gartenfelder Straße,2159.0,63.0
199260,11,2,,2019,9,14,6,3,0,5,0,0,1,0,1,0,0,0,"798559,9751","5826493,242","13,39993","52,50663",2010102.0,Mehringplatz,4650.0,45.0
199261,11,9,,2019,9,14,6,3,5,2,0,1,1,0,0,0,0,0,"808328,0567","5818867,135","13,53636","52,43286",9020701.0,Adlershof West,6629.0,41.0
199262,11,11,,2019,9,14,6,3,6,7,0,0,1,1,0,0,0,0,"802839,4044","5828775,601","13,46487","52,52473",11030618.0,Fennpfuhl West,5555.0,53.0
199263,11,4,,2019,9,14,6,2,3,6,0,0,1,0,0,0,1,0,"793017,823","5826940,126","13,31891","52,51364",4030623.0,Ernst-Reuter-Platz,3352.0,26.0
199264,11,1,,2019,9,13,6,3,2,6,0,1,1,0,0,0,0,0,"798840,5172","5827960,98","13,40537","52,51964",1011303.0,Alexanderplatzviertel,4654.0,10.0
199265,11,4,,2019,9,13,6,3,5,7,0,0,1,0,0,0,0,0,"792596,2039","5824883,495","13,3109","52,49543",4051446.0,Preußenpark,3247.0,45.0
199266,11,1,,2019,9,21,6,3,0,1,2,0,0,0,1,0,0,0,"794402,1987","5828450,341","13,34058","52,52644",1022104.0,Emdener Straße,3756.0,4.0
199267,11,3,,2019,9,21,6,3,0,1,2,0,0,0,0,0,1,0,"799168,3728","5829204,579","13,41131","52,5306",3071536.0,Teutoburger Platz,4757.0,11.0
199268,11,9,,2019,9,21,6,3,5,3,2,0,1,0,0,0,0,0,"803856,0545","5823854,436","13,47532","52,48006",9010202.0,Köpenicker Landstraße,5742.0,57.0
199269,11,1,,2019,9,13,6,3,2,6,0,0,1,0,0,0,0,0,"797423,466","5832535,166","13,38864","52,56141",1033101.0,Soldiner Straße,4466.0,58.0
199270,11,5,,2019,9,12,6,3,5,3,0,0,1,0,0,0,0,0,"783906,5818","5831462,73","13,18887","52,55901",5010103.0,Amorbacher Weg,1465.0,57.0
199271,11,8,,2019,9,12,6,3,5,2,0,0,1,0,1,0,0,0,"800308,449","5816743,76","13,41685","52,41828",8020727.0,Buckow Mitte,4824.0,53.0
199272,11,12,,2019,9,12,6,2,2,6,0,0,1,0,1,0,0,0,"785749,1781","5838242,517","13,22183","52,61884",12224230.0,Heiligensee,1983.0,65.0
199273,11,3,,2019,9,7,6,3,3,6,0,1,1,0,0,0,0,0,"803557,821","5841732,395","13,48729","52,64046",3010101.0,Bucher Forst,5989.0,62.0
199274,11,9,,2019,9,12,6,3,2,6,0,0,1,0,0,0,0,0,"815562,8825","5818060,727","13,64167","52,4215",9041301.0,Kietzer Feld/Nachtheide,8125.0,65.0
199275,11,1,,2019,9,7,6,3,0,3,0,0,0,0,1,0,0,0,"798765,179","5828215,771","13,40449","52,52196",1011303.0,Alexanderplatzviertel,4655.0,41.0
199276,11,10,,2019,9,12,6,3,5,3,0,0,1,0,0,0,0,0,"809642,5094","5829694,455","13,56568","52,52915",10030724.0,Oberfeldstraße,7057.0,55.0
199277,11,11,,2019,9,6,6,2,4,7,0,0,1,0,0,0,1,0,"806719,5759","5832452,02","13,52528","52,55551",11010310.0,Mühlengrund,6464.0,61.0
199278,11,4,,2019,9,11,6,3,1,5,0,1,1,0,0,0,0,0,"792139,0173","5826248,238","13,30538","52,50791",4030827.0,Karl-August-Platz,3151.0,40.0
199279,11,10,,2019,9,9,6,3,5,3,0,1,1,0,0,0,0,0,"812425,8907","5829374,5","13,60628","52,52469",10040828.0,Kaulsdorf Nord,7655.0,61.0
199280,11,7,,2019,9,9,6,2,5,3,0,1,1,0,0,0,0,0,"796256,8098","5823525,701","13,36346","52,48129",7020204.0,Schöneberger Insel,4043.0,62.0
199281,11,11,,2019,9,9,6,3,0,7,0,0,1,0,0,0,0,0,"804297,1475","5828415,983","13,48596","52,5207",11030721.0,Rüdigerstraße,5854.0,49.0
199282,11,8,,2019,9,8,6,3,6,4,0,0,1,1,0,0,0,0,"801845,7974","5816753,725","13,43939","52,41753",8020728.0,Buckow Ost,5124.0,60.0
199283,11,4,,2019,9,8,6,3,5,2,0,0,1,0,0,0,0,0,"790859,1368","5824577,073","13,28512","52,49362",4041134.0,Bismarckallee,2846.0,54.0
199284,11,7,,2019,9,8,6,3,1,1,0,0,1,0,0,0,0,0,"797878,1453","5818049,586","13,38238","52,43132",7050502.0,Fritz-Werner-Straße,4328.0,63.0
199285,11,10,,2019,9,7,6,3,5,3,0,0,1,0,0,0,1,0,"813134,9396","5830152,863","13,61743","52,53126",10020518.0,Schleipfuhl,7857.0,55.0
199286,11,1,,2019,9,14,6,3,0,6,0,0,1,0,0,0,1,0,"796204,6487","5828469,402","13,36709","52,52563",1022206.0,Lüneburger Straße,4156.0,34.0
199287,11,10,,2019,9,15,5,2,5,2,0,1,0,0,0,0,0,0,"807639,1952","5829194,103","13,53578","52,5258",10010308.0,Marzahner Chaussee,6656.0,56.0
199288,11,4,,2019,9,11,5,3,5,7,0,0,1,0,0,0,0,0,"789843,3933","5827400,564","13,27266","52,51947",4020310.0,Park Ruhwald,2754.0,42.0
199289,11,1,,2019,9,21,5,3,0,3,2,0,1,0,1,0,0,0,"796957,3332","5826859,371","13,37672","52,51079",1011201.0,Wilhelmstraße,4251.0,2.0
199290,11,4,,2019,9,17,5,3,2,7,0,0,1,0,1,0,0,0,"791518,1696","5823588,926","13,29394","52,4844",4041137.0,Flinsberger Platz,3044.0,50.0
199291,11,2,,2019,9,10,5,3,3,6,0,0,1,0,0,1,0,0,"799868,793","5824476,687","13,41734","52,48784",2020206.0,Graefekiez,4845.0,36.0
199292,11,8,,2019,9,20,5,3,6,4,2,0,1,1,0,0,0,0,"803790,9135","5822146,556","13,47281","52,46479",8010509.0,Schulenburgpark,5638.0,53.0
199293,11,5,,2019,9,10,5,3,2,7,0,0,1,0,1,0,0,0,"784035,4311","5828532,345","13,18826","52,53267",5020625.0,Borkumer Straße,1458.0,51.0
199294,11,2,,2019,9,19,5,3,6,4,1,1,0,1,0,0,0,0,"800018,2454","5824454,445","13,41952","52,48756",2020206.0,Graefekiez,4845.0,36.0
199295,11,2,,2019,9,16,5,2,5,2,0,0,1,0,1,0,0,0,"798215,4145","5825859,437","13,3943","52,50114",2010102.0,Mehringplatz,4549.0,56.0
199296,11,5,,2019,9,19,5,3,6,4,1,1,0,1,0,0,0,0,"784040,0282","5828716,999","13,18849","52,53433",5020625.0,Borkumer Straße,1458.0,51.0
199297,11,1,,2019,9,9,5,3,1,5,0,1,1,0,0,0,0,0,"796069,7457","5826436,26","13,3633","52,50748",1011105.0,Nördlicher Landwehrkanal,4050.0,59.0
199298,11,10,,2019,9,16,5,3,6,4,0,0,1,1,0,0,0,0,"811520,6154","5828709,463","13,59236","52,51925",10020623.0,Rotes Viertel,7454.0,63.0
199299,11,1,,2019,9,9,5,3,0,6,0,0,1,0,0,0,1,0,"797168,7366","5831935,452","13,38436","52,55618",1033101.0,Soldiner Straße,4365.0,7.0
199300,11,1,,2019,9,15,5,3,5,3,0,0,1,0,0,0,0,0,"793819,4382","5827957,116","13,33158","52,52233",1022106.0,Elberfelder Straße,3555.0,16.0
199301,11,5,,2019,9,15,5,3,2,6,0,0,1,0,0,0,0,0,"784539,145","5827992,483","13,1952","52,52757",5020626.0,Adamstraße,1556.0,46.0
199302,11,1,,2019,9,14,5,3,2,3,0,0,1,0,1,0,0,0,"798409,0319","5829208,321","13,40015","52,53105",1011401.0,Invalidenstraße,4657.0,9.0
199303,11,11,,2019,9,19,5,3,5,3,1,0,1,0,0,0,0,0,"808270,1148","5834024,694","13,54954","52,56873",11010103.0,Dorf Falkenberg,6868.0,65.0
199304,11,8,,2019,9,8,5,3,0,2,0,1,1,0,0,0,0,0,"802573,8257","5819932,359","13,45294","52,44562",8020622.0,Parchimer Allee,5332.0,53.0
199305,11,2,,2019,9,8,5,3,5,2,0,1,1,0,0,0,0,0,"802673,5302","5827243,944","13,46104","52,5111",2050802.0,Boxhagener Platz,5551.0,40.0
199306,11,8,,2019,9,7,5,2,5,2,0,1,1,0,0,0,0,0,"801312,9247","5819949,854","13,43446","52,44647",8020622.0,Parchimer Allee,5133.0,32.0
199307,11,4,,2019,9,14,5,2,6,4,0,0,0,1,0,0,1,0,"790344,156","5827318,613","13,27995","52,51847",4020310.0,Park Ruhwald,2854.0,17.0
199308,11,9,,2019,9,14,5,2,5,7,0,1,1,0,0,0,0,0,"809947,5866","5821593,083","13,56263","52,45637",9051901.0,Dammvorstadt,7035.0,48.0
199309,11,7,,2019,9,7,5,3,5,3,0,1,1,0,0,0,0,0,"795815,3581","5815200,24","13,34961","52,40689",7060604.0,Marienfelde Süd,3821.0,61.0
199310,11,8,,2019,9,17,5,2,5,3,0,0,1,0,0,0,0,0,"801998,1665","5823293,071","13,44754","52,47606",8010404.0,Rixdorf,5341.0,41.0
199311,11,1,,2019,9,14,5,3,6,4,0,1,0,1,0,0,0,0,"798816,3231","5828243,611","13,40527","52,52218",1011303.0,Alexanderplatzviertel,4655.0,41.0
199312,11,1,,2019,9,17,5,2,5,2,0,1,1,0,0,0,0,0,"795453,5003","5827718,071","13,35538","52,5193",1022206.0,Lüneburger Straße,3954.0,59.0
199313,11,5,,2019,9,14,5,3,1,1,0,1,1,0,0,0,0,0,"782241,6088","5829468,191","13,16268","52,542",5010209.0,An der Kappe,1061.0,59.0
199314,11,11,,2019,9,13,5,2,6,4,0,0,1,1,0,0,0,0,"805111,8204","5826190,997","13,49589","52,5003",11040926.0,Weitlingstraße,6048.0,59.0
199315,11,2,,2019,9,2,5,3,1,5,2,0,1,0,0,0,0,0,"800117,0325","5826154,524","13,4225","52,50274",2030301.0,Oranienplatz,4949.0,42.0
199316,11,1,,2019,9,13,5,3,3,6,0,0,1,0,0,1,0,0,"794038,3912","5830240,941","13,33682","52,54268",1044101.0,Rehberge,3661.0,43.0
199317,11,8,,2019,9,12,5,3,5,2,0,0,1,0,0,0,0,0,"803196,6889","5822707,794","13,4646","52,47015",8010508.0,Weiße Siedlung,5540.0,55.0
199318,11,5,,2019,9,11,5,3,1,5,0,0,1,0,0,0,1,0,"787397,8869","5830013,945","13,23898","52,54419",5030731.0,Gartenfelder Straße,2261.0,57.0
199319,11,8,,2019,9,5,5,3,5,7,1,0,1,0,0,0,0,0,"800386,0344","5824111,12","13,42461","52,48428",8010211.0,Flughafenstraße,4944.0,25.0
199320,11,1,,2019,9,14,5,3,0,6,0,0,0,0,0,0,1,0,"795426,5252","5829528,294","13,3566","52,53555",1022201.0,Stephankiez,3959.0,52.0
199321,11,3,,2019,9,13,5,2,5,3,0,0,1,0,0,0,0,0,"802207,8538","5832973,994","13,45941","52,56271",3051017.0,Rennbahnstraße,5467.0,63.0
199322,11,7,,2019,9,4,5,3,6,2,2,0,1,1,0,0,0,0,"796036,6384","5825376,201","13,36187","52,498",7010104.0,Dennewitzplatz,4048.0,46.0
199323,11,1,,2019,9,13,5,3,2,6,0,0,1,0,0,0,1,0,"795298,5254","5826408,937","13,35195","52,50765",1011101.0,Stülerstraße,3850.0,33.0
199324,11,12,,2019,9,15,4,2,0,6,0,0,1,0,0,0,1,0,"786308,0057","5834361,244","13,2267","52,58374",12224229.0,Konradshöhe/Tegelort,2073.0,61.0
199325,11,4,,2019,9,16,4,3,5,3,0,1,1,0,0,0,0,0,"791949,7623","5825233,921","13,30171","52,49892",4030726.0,Droysenstraße,3148.0,24.0
199326,11,1,,2019,9,9,4,3,5,3,0,1,1,0,0,0,0,0,"798557,1436","5826814,789","13,40018","52,50952",1011204.0,Leipziger Straße,4651.0,31.0
199327,11,2,,2019,9,8,4,3,6,4,0,0,1,1,0,0,0,0,"800878,8314","5825318,875","13,43293","52,49483",2030401.0,Reichenberger Straße,5047.0,51.0
199328,11,8,,2019,9,13,4,3,6,2,0,0,1,1,0,0,0,0,"805794,4972","5816849,727","13,49736","52,4162",8041040.0,Waltersdorfer Chaussee Ost,6024.0,50.0
199329,11,1,,2019,9,13,4,3,5,2,0,1,1,0,0,0,0,0,"797594,3006","5828064,041","13,38715","52,52124",1011202.0,Unter den Linden Nord,4454.0,36.0
199330,11,9,,2019,9,23,4,3,0,1,2,1,0,0,0,0,0,0,"802306,8598","5825328,781","13,45391","52,49413",9010101.0,Elsenstraße,5447.0,55.0
199331,11,11,,2019,9,16,4,3,5,3,0,1,1,0,0,0,0,0,"806133,0342","5826709,065","13,51137","52,50437",11040926.0,Weitlingstraße,6250.0,55.0