OBJECTID,LAND,BEZ,LOR_ab_2021,UJAHR,UMONAT,USTUNDE,UWOCHENTAG,UKATEGORIE,UART,UTYP1,ULICHTVERH,IstRad,IstPKW,IstFuss,IstKrad,IstGkfz,IstSonstige,USTRZUSTAND,LINREFX,LINREFY,XGCSWGS84,YGCSWGS84,LOR,STRASSE,quadrant,quadrant_rank
199332,11,10,,2019,9,8,4,3,5,3,0,0,1,0,0,0,0,0,"812339,0384","5829697,126","13,60531","52,52763",10040828.0,Kaulsdorf Nord,7656.0,65.0
199333,11,1,,2019,9,22,4,2,1,5,2,1,0,0,0,0,1,0,"795670,0169","5829262,409","13,35994","52,53303",1022201.0,Stephankiez,4058.0,59.0
199334,11,1,,2019,9,21,4,3,1,1,2,1,1,0,0,0,0,0,"797579,6615","5828552,126","13,38737","52,52562",1011301.0,Charitéviertel,4456.0,28.0
199335,11,6,,2019,9,19,4,3,1,5,2,1,1,0,0,0,0,0,"787044,8768","5817293,97","13,22283","52,43034",6040703.0,Nikolassee,1928.0,56.0
199336,11,7,,2019,9,19,4,3,2,6,1,0,1,0,0,0,0,0,"794990,0082","5823919,772","13,34521","52,48551",7020202.0,Volkspark (Rudolf-Wilde-Park),3744.0,45.0
199337,11,5,,2019,9,18,4,3,5,7,1,0,1,0,1,0,0,0,"784228,1337","5828948,428","13,19145","52,5363",5010314.0,Carl-Schurz-Straße,1559.0,52.0
199338,11,11,,2019,9,18,4,3,0,3,0,1,1,0,0,0,0,0,"804833,3841","5827748,044","13,49323","52,51441",11030721.0,Rüdigerstraße,5952.0,37.0
199339,11,4,,2019,9,18,4,3,6,4,0,0,1,1,0,0,0,0,"793932,6594","5826512,808","13,33197","52,50932",4030623.0,Ernst-Reuter-Platz,3551.0,40.0
199340,11,3,,2019,9,17,4,2,6,7,0,0,1,1,0,0,0,0,"800164,6902","5836534,857","13,43258","52,59576",3020307.0,Buchholz,5076.0,61.0
199341,11,1,,2019,9,17,4,3,6,2,0,0,1,1,0,0,0,0,"796994,338","5826617,881","13,37704","52,50861",1011201.0,Wilhelmstraße,4251.0,2.0
199342,11,2,,2019,9,17,4,3,3,6,0,0,1,0,0,0,0,0,"802831,2277","5826106,02","13,46232","52,50081",2050803.0,Stralauer Kiez,5548.0,37.0
199343,11,6,,2019,9,17,4,3,1,7,0,0,1,0,0,0,0,0,"789801,8335","5816750,096","13,2628","52,42401",6030504.0,Teltower Damm,2526.0,65.0
199344,11,5,,2019,9,16,4,3,2,3,0,1,1,0,0,0,0,0,"786601,792","5830059,839","13,22731","52,54502",5030730.0,Zitadellenweg,2061.0,64.0
199345,11,9,,2019,9,8,4,3,0,6,0,0,1,0,0,0,0,0,"808029,7686","5819785,087","13,53283","52,44125",9020701.0,Adlershof West,6531.0,61.0
199346,11,5,,2019,9,16,4,3,5,3,0,0,1,0,0,0,0,0,"785091,4221","5827591,69","13,20298","52,52369",5020626.0,Adamstraße,1655.0,64.0
199347,11,3,,2019,9,15,4,3,2,2,0,1,1,0,0,0,0,0,"801345,6202","5830615,99","13,44459","52,54205",3061429.0,Greifswalder Straße,5261.0,46.0
199348,11,9,,2019,9,6,4,3,5,2,1,1,0,0,0,0,1,0,"812938,755","5821379,441","13,60631","52,45275",9051701.0,Hirschgarten,7634.0,64.0
199349,11,9,,2019,9,6,4,3,5,2,0,1,1,0,0,0,0,0,"803842,1722","5820985,842","13,4725","52,45436",9010302.0,Späthsfelde,5635.0,63.0
199350,11,1,,2019,9,15,4,3,6,4,0,0,0,1,0,0,1,0,"799151,9927","5828216,802","13,41018","52,52176",1011303.0,Alexanderplatzviertel,4755.0,4.0
199351,11,5,,2019,9,5,4,2,6,2,2,0,1,1,0,0,0,0,"784801,8195","5828811,554","13,19977","52,53478",5010314.0,Carl-Schurz-Straße,1658.0,8.0
199352,11,12,,2019,9,14,4,3,5,2,0,1,1,0,0,0,0,0,"795330,7214","5833842,353","13,35903","52,57427",12103115.0,Breitkopfbecken,3970.0,41.0
199353,11,7,,2019,9,14,4,3,5,3,0,1,1,0,0,0,0,0,"799149,5234","5821299,005","13,40393","52,45975",7040405.0,Rathaus Tempelhof,4636.0,53.0
199354,11,4,,2019,9,14,4,3,5,3,0,0,1,0,1,0,0,0,"792148,5538","5827322,56","13,30647","52,51754",4030620.0,Alt-Lietzow,3253.0,43.0
199355,11,12,,2019,9,14,4,3,6,4,0,0,1,1,0,0,0,1,"794558,5311","5835783,151","13,34939","52,59209",12302110.0,Dannenwalder Weg,3875.0,59.0
199356,11,7,,2019,9,13,4,2,6,2,0,0,1,1,0,0,0,0,"795518,599","5825369,819","13,35426","52,49822",7010102.0,Nollendorfplatz,3948.0,43.0
199357,11,2,,2019,9,13,4,3,0,3,0,1,0,0,1,0,0,0,"800658,209","5826577,874","13,43083","52,50624",2030302.0,Lausitzer Platz,5050.0,37.0
199358,11,11,,2019,9,10,4,2,4,2,0,1,0,0,0,0,1,0,"807755,08","5824028,585","13,53271","52,47944",11051331.0,Karlshorst Nord,6542.0,65.0
199359,11,1,,2019,9,7,4,3,6,2,0,0,1,1,0,0,0,0,"797762,4783","5829745,203","13,39113","52,53622",1033202.0,Humboldthain Süd,4459.0,28.0
199360,11,12,,2019,9,10,4,3,5,2,0,0,1,0,0,0,1,0,"792216,8217","5833724,075","13,3131","52,57489",12214422.0,Klixstraße,3370.0,55.0
199361,11,8,,2019,9,9,4,2,5,3,0,0,1,0,1,0,0,0,"802622,1608","5824365,73","13,45767","52,48533",8010406.0,Treptower Straße Nord,5444.0,54.0
199362,11,5,,2019,9,9,4,3,5,3,0,1,1,0,0,0,0,0,"783825,0211","5830154,407","13,18655","52,54733",5010208.0,Germersheimer Platz,1462.0,37.0
199363,11,10,,2019,9,9,4,3,5,2,0,1,1,0,0,0,0,0,"806318,3014","5830168,815","13,51727","52,53527",10010308.0,Marzahner Chaussee,6359.0,27.0
199364,11,2,,2019,9,8,4,3,5,2,0,1,1,0,0,0,0,0,"800315,5027","5827619,739","13,42674","52,51577",2040701.0,Andreasviertel,5053.0,45.0
199365,11,8,,2019,9,7,4,3,5,7,0,1,1,0,0,0,0,0,"802007,6944","5819931,88","13,44464","52,44593",8020622.0,Parchimer Allee,5232.0,65.0
199366,11,2,,2019,9,6,4,3,5,3,0,1,0,0,1,0,0,1,"800847,2584","5826462,001","13,4335","52,5051",2030302.0,Lausitzer Platz,5150.0,59.0
199367,11,5,,2019,9,9,4,2,5,3,0,0,1,0,0,0,1,0,"784753,7049","5828627,868","13,1989","52,53315",5020625.0,Borkumer Straße,1658.0,8.0
199368,11,2,,2019,9,16,3,3,1,5,0,1,1,0,0,0,0,0,"798280,7277","5824716,338","13,39424","52,49086",2020205.0,Chamissokiez,4546.0,40.0
199369,11,3,,2019,9,22,3,3,5,3,2,0,1,0,0,0,0,1,"801109,1827","5831522,157","13,44193","52,55031",3050923.0,Weißenseer Spitze,5263.0,52.0
199370,11,1,,2019,9,22,3,2,6,4,2,1,0,1,0,0,0,1,"794696,6662","5827418,746","13,344","52,51703",1022207.0,Hansaviertel,3753.0,58.0
199371,11,1,,2019,9,21,3,3,6,4,2,1,0,1,0,0,0,1,"798125,5857","5829345,109","13,39611","52,53243",1011401.0,Invalidenstraße,4558.0,14.0
199372,11,10,,2019,9,20,3,2,5,3,2,0,1,0,0,0,0,1,"809972,9529","5832046,053","13,57273","52,55003",10010206.0,Ringkolonnaden,7163.0,56.0
199373,11,1,,2019,9,19,3,3,5,2,1,0,1,0,0,0,1,1,"797668,2903","5831309,014","13,39115","52,55029",1033102.0,Gesundbrunnen,4463.0,27.0
199374,11,5,,2019,9,19,3,3,5,2,2,0,1,0,0,0,0,0,"785983,759","5827953,427","13,21641","52,52646",5020627.0,Tiefwerder,1856.0,55.0
199375,11,3,,2019,9,19,3,2,6,4,0,0,1,1,0,0,0,1,"801924,4912","5830672,398","13,45315","52,54224",3061429.0,Greifswalder Straße,5361.0,59.0
199376,11,12,,2019,9,18,3,3,2,6,1,0,1,0,0,0,0,1,"795097,8099","5832470,406","13,35438","52,5621",12103219.0,Schäfersee,3966.0,55.0
199377,11,2,,2019,9,18,3,3,2,7,1,0,1,0,1,0,0,1,"800873,0559","5828490,519","13,43572","52,52326",2040502.0,Friedenstraße,5155.0,43.0
199378,11,8,,2019,9,18,3,3,6,4,2,0,0,1,1,0,0,1,"800984,7939","5824783,452","13,43401","52,48998",8010301.0,Reuterkiez,5145.0,46.0
199379,11,2,,2019,9,17,3,3,0,2,1,1,1,0,0,0,0,1,"800483,853","5828469,113","13,42998","52,52329",2040502.0,Friedenstraße,5055.0,41.0
199380,11,3,,2019,9,18,3,3,5,2,0,0,1,0,1,0,0,1,"798771,8206","5832593,806","13,40853","52,5612",3040818.0,Pankow Süd,4766.0,48.0
199381,11,8,,2019,9,15,3,3,0,2,0,1,1,0,0,0,0,0,"803019,9057","5819379,025","13,45898","52,44041",8040933.0,Vogelviertel Süd,5431.0,57.0
199382,11,3,,2019,9,16,3,2,2,6,0,0,1,0,0,0,0,1,"800346,491","5830853,643","13,43011","52,54474",3061228.0,Erich-Weinert-Straße,5061.0,55.0
199383,11,9,,2019,9,17,3,3,2,6,0,0,1,0,0,0,0,1,"810755,1729","5821229,502","13,57414","52,45265",9051901.0,Dammvorstadt,7134.0,43.0
199384,11,10,,2019,9,17,3,3,5,3,1,0,1,0,1,0,0,1,"809448,8063","5834612,584","13,56742","52,57333",10010102.0,Havemannstraße,7070.0,63.0
199385,11,9,,2019,9,17,3,3,2,6,0,0,1,0,0,0,0,1,"809661,5489","5821478,686","13,55833","52,45551",9051901.0,Dammvorstadt,6935.0,43.0
199386,11,2,,2019,9,14,3,3,2,6,0,0,1,0,1,0,0,1,"800380,1051","5825798,611","13,42604","52,49941",2030302.0,Lausitzer Platz,4948.0,23.0
199387,11,5,,2019,9,14,3,3,2,6,0,0,1,0,0,0,0,1,"786008,5689","5829183,617","13,21783","52,53748",5030730.0,Zitadellenweg,1859.0,54.0
199388,11,4,,2019,9,12,3,3,6,4,0,0,0,1,1,0,0,1,"793070,2898","5827668,669","13,32032","52,52015",4030621.0,Spreestadt,3454.0,49.0
199389,11,11,,2019,9,12,3,2,5,2,0,1,1,0,0,0,0,1,"806698,6441","5826916,611","13,51986","52,50591",11040926.0,Weitlingstraße,6350.0,50.0
199390,11,2,,2019,9,11,3,3,3,6,0,0,1,0,0,0,0,0,"797814,5167","5824907,091","13,38756","52,49282",2020203.0,Viktoriapark,4446.0,12.0
199391,11,10,,2019,9,11,3,3,5,2,0,0,1,0,0,0,0,0,"806313,2421","5830191,255","13,51722","52,53548",10010308.0,Marzahner Chaussee,6359.0,27.0
199392,11,3,,2019,9,11,3,2,5,2,0,0,1,0,0,0,1,0,"802691,1312","5831796,914","13,46544","52,55189",3050925.0,Komponistenviertel Weißensee,5563.0,50.0
199393,11,7,,2019,9,10,3,3,5,7,0,0,0,0,1,0,1,0,"794647,1034","5825224,383","13,34133","52,49739",7010101.0,Wittenbergplatz/Viktoria-Luise-Platz,3747.0,53.0
199394,11,2,,2019,9,12,4,3,2,6,0,0,1,0,0,1,0,1,"799825,5527","5825742,91","13,41785","52,49921",2010103.0,Moritzplatz,4848.0,3.0
199395,11,3,,2019,9,10,3,3,5,3,0,0,1,0,1,0,0,0,"800804,3517","5830903,534","13,43689","52,54493",3061228.0,Erich-Weinert-Straße,5161.0,52.0
199396,11,11,,2019,9,5,3,3,7,7,1,1,0,0,0,0,0,0,"803613,9352","5829766,808","13,47716","52,53318",11030619.0,Fennpfuhl Ost,5758.0,52.0
199397,11,4,,2019,9,10,3,3,5,2,0,1,1,0,0,0,0,0,"792316,9356","5825233,37","13,30711","52,49872",4051446.0,Preußenpark,3248.0,24.0
199398,11,4,,2019,9,23,3,3,2,1,2,0,1,0,1,0,0,0,"793214,5067","5826767,955","13,32164","52,512",4030623.0,Ernst-Reuter-Platz,3452.0,33.0
199399,11,8,,2019,9,9,3,3,2,6,0,0,1,0,0,0,0,0,"800356,0574","5824303,57","13,42434","52,48602",8010211.0,Flughafenstraße,4944.0,25.0
199400,11,3,,2019,9,9,3,3,5,2,0,1,1,0,0,0,0,0,"799262,1692","5837648,99","13,42031","52,60624",3020307.0,Buchholz,4979.0,60.0
199401,11,12,,2019,9,23,3,3,5,3,2,1,1,0,0,0,0,0,"793352,2399","5836046,457","13,33187","52,5951",12301203.0,Wittenau Süd,3576.0,61.0
199402,11,6,,2019,9,15,3,3,5,3,0,1,0,0,0,0,0,0,"789633,3304","5817029,24","13,26057","52,4266",6030504.0,Teltower Damm,2527.0,63.0
199403,11,2,,2019,9,9,3,3,2,2,0,1,1,0,0,0,0,0,"797179,4874","5824753,782","13,3781","52,49179",2020203.0,Viktoriapark,4246.0,53.0
199404,11,6,,2019,9,8,3,2,1,5,0,1,1,0,0,0,0,0,"794457,6023","5818806,492","13,33288","52,43996",6020302.0,Komponistenviertel Lankwitz,3631.0,63.0
199405,11,5,,2019,9,21,3,3,5,3,2,1,1,0,0,0,0,0,"784232,3396","5827368,095","13,19016","52,52213",5020626.0,Adamstraße,1455.0,54.0
199406,11,5,,2019,9,8,3,3,0,2,0,1,0,0,0,0,1,0,"780875,8989","5828336,119","13,14164","52,53255",5020419.0,Magistratsweg,758.0,54.0
199407,11,3,,2019,9,8,3,3,6,7,0,1,0,1,0,0,0,0,"799783,7546","5832261,794","13,42311","52,55767",3040818.0,Pankow Süd,4965.0,61.0
199408,11,11,,2019,9,6,3,3,5,2,0,1,1,0,0,0,0,0,"807351,4629","5833148,318","13,53521","52,56139",11010204.0,Falkenberg Ost,6666.0,65.0
199409,11,1,,2019,9,16,3,3,1,1,0,0,1,0,0,0,0,1,"794227,2029","5829976,776","13,33936","52,54022",1044101.0,Rehberge,3760.0,45.0
199410,11,9,,2019,9,16,3,2,5,7,0,0,1,0,0,0,1,0,"811356,0472","5822551,204","13,58419","52,46416",9052001.0,Köpenick Nord,7338.0,64.0
199411,11,2,,2019,9,17,3,2,6,4,0,0,0,1,1,0,0,0,"799426,758","5826150,45","13,41236","52,50309",2010103.0,Moritzplatz,4749.0,23.0
199412,11,6,,2019,9,16,3,3,5,3,0,1,0,0,0,0,1,1,"793746,8588","5819871,128","13,32339","52,44988",6010207.0,Mittelstraße,3434.0,57.0
199413,11,2,,2019,9,16,3,3,5,3,0,0,1,0,0,0,0,0,"799027,0443","5826061,9","13,40641","52,50251",2010103.0,Moritzplatz,4649.0,53.0
199414,11,3,,2019,9,16,3,3,5,3,0,1,1,0,0,0,0,1,"799979,5224","5833095,534","13,42675","52,56503",3040818.0,Pankow Süd,5067.0,63.0
199415,11,2,,2019,9,16,3,3,5,3,0,1,1,0,0,0,0,1,"798997,7806","5825707,03","13,40566","52,49935",2010103.0,Moritzplatz,4648.0,37.0
199416,11,10,,2019,9,16,3,2,2,6,0,0,1,0,0,0,0,0,"813479,6152","5829462,134","13,62184","52,52487",10040931.0,Mahlsdorf Nord,7956.0,63.0
199417,11,2,,2019,9,16,3,3,5,7,0,1,1,0,0,0,0,1,"798003,5985","5825270,555","13,39067","52,49598",2020204.0,Urbanstraße,4447.0,16.0
199418,11,11,,2019,9,15,3,3,0,3,0,0,1,0,0,0,1,0,"803561,5561","5830184,887","13,47677","52,53696",11020515.0,Landsberger Allee,5759.0,55.0
199419,11,11,,2019,9,6,3,3,6,4,0,0,0,1,1,0,0,0,"803997,3331","5829072,752","13,48216","52,52675",11030619.0,Fennpfuhl Ost,5856.0,52.0
199420,11,4,,2019,9,15,3,2,3,6,0,0,1,0,1,0,0,0,"793877,2989","5826059,281","13,33076","52,50529",4030931.0,Breitscheidplatz,3550.0,28.0
199421,11,11,,2019,9,16,3,2,5,3,0,0,1,0,1,0,0,1,"805975,021","5832534,176","13,51441","52,55667",11020411.0,Malchower Weg,6365.0,62.0
199422,11,1,,2019,9,16,3,3,5,3,0,0,1,0,0,0,0,1,"794649,2725","5830520,463","13,34605","52,54486",1044103.0,Westliche Müllerstraße,3861.0,37.0
199423,11,5,,2019,9,15,3,3,5,7,0,1,1,0,0,0,0,0,"784272,4762","5828074,443","13,19135","52,52844",5020625.0,Borkumer Straße,1557.0,28.0
199424,11,12,,2019,9,15,3,3,6,4,0,0,1,1,0,0,0,0,"795648,3706","5833552,446","13,36344","52,5715",12103115.0,Breitkopfbecken,4069.0,34.0
199425,11,2,,2019,9,15,3,3,2,7,0,0,1,0,0,0,0,1,"800964,159","5828226,247","13,43682","52,52085",2040502.0,Friedenstraße,5154.0,55.0
199426,11,2,,2019,9,15,3,3,5,3,0,1,1,0,0,0,0,1,"799598,0653","5825841,476","13,4146","52,50022",2010103.0,Moritzplatz,4848.0,3.0
199427,11,8,,2019,9,14,3,3,5,3,0,1,1,0,0,0,0,0,"805149,3517","5817087,648","13,48812","52,41869",8041036.0,Zittauer Straße,5924.0,65.0
199428,11,11,,2019,9,15,3,2,0,3,0,1,1,0,0,0,0,1,"804729,0296","5831191,408","13,49485","52,54533",11020514.0,Große-Leege-Straße,6061.0,59.0
199429,11,1,,2019,9,13,3,3,5,2,0,0,1,0,0,0,0,0,"795476,3651","5829575,127","13,35737","52,53594",1022201.0,Stephankiez,3959.0,52.0
199430,11,11,,2019,9,15,3,3,0,1,0,0,0,0,1,0,0,1,"803917,7583","5828019,656","13,48003","52,51736",11030721.0,Rüdigerstraße,5753.0,54.0
199431,11,1,,2019,9,13,3,3,5,2,0,0,1,0,0,0,0,0,"795183,8663","5825907,426","13,34982","52,50322",1011103.0,Lützowstraße,3849.0,22.0
199432,11,11,,2019,9,14,3,2,2,6,0,0,1,0,0,1,1,1,"805399,1942","5830019,29","13,50363","52,53445",11030720.0,Herzbergstraße,6158.0,57.0
199433,11,1,,2019,9,10,3,3,5,2,0,0,1,0,1,0,0,0,"797424,5413","5832537,194","13,38866","52,56143",1033101.0,Soldiner Straße,4466.0,58.0
199434,11,2,,2019,9,14,3,3,2,6,0,0,1,0,1,0,0,1,"799650,4775","5825661,599","13,4152","52,49858",2010104.0,Wassertorplatz,4848.0,3.0
199435,11,1,,2019,9,13,3,3,0,1,0,0,0,0,1,0,0,1,"797004,3761","5828945,6","13,37927","52,52947",1011301.0,Charitéviertel,4257.0,20.0
199436,11,3,,2019,9,10,3,3,2,5,0,0,1,0,0,0,0,0,"799815,9264","5829030,512","13,42067","52,52869",3071638.0,Winsstraße,4957.0,49.0
199437,11,1,,2019,9,8,3,3,5,2,0,1,1,0,0,0,0,0,"798899,2338","5827347,78","13,40568","52,51411",1011204.0,Leipziger Straße,4652.0,24.0
199438,11,7,,2019,9,17,3,3,5,3,0,1,1,0,0,0,0,0,"795704,3949","5825458,968","13,35706","52,49892",7010102.0,Nollendorfplatz,3948.0,43.0
199439,11,1,,2019,9,8,3,3,5,2,0,1,1,0,0,0,0,0,"796705,2717","5831623,605","13,37727","52,55363",1044201.0,Reinickendorfer Straße,4264.0,38.0
199440,11,7,,2019,9,17,2,3,0,7,0,0,0,0,1,0,1,1,"796714,4424","5821152,197","13,36807","52,45976",7040402.0,Lindenhofsiedlung,4136.0,57.0
199441,11,2,,2019,9,8,3,3,0,2,0,1,0,0,1,0,0,0,"800695,5395","5825390,879","13,43031","52,49558",2030401.0,Reichenberger Straße,5047.0,51.0
199442,11,8,,2019,9,13,2,3,2,7,0,0,1,0,0,0,1,0,"802499,6369","5823346,993","13,45495","52,47626",8010405.0,Hertzbergplatz,5441.0,34.0
199443,11,3,,2019,9,8,3,3,2,6,0,1,1,0,0,0,0,0,"801666,8832","5831709,965","13,4503","52,55168",3050924.0,Behaimstraße,5363.0,56.0
199444,11,1,,2019,9,7,2,3,5,2,0,0,1,0,0,1,0,0,"794898,5117","5830250,079","13,34947","52,5423",1044202.0,Sparrplatz,3861.0,37.0
199445,11,2,,2019,9,7,3,3,2,6,1,0,1,0,0,1,0,0,"798438,7048","5826520,417","13,39818","52,50694",2010102.0,Mehringplatz,4550.0,26.0
199446,11,4,,2019,9,12,2,3,6,4,0,0,1,1,0,0,0,0,"791902,7984","5826445,92","13,30209","52,50981",4030827.0,Karl-August-Platz,3151.0,40.0
199447,11,6,,2019,9,22,2,3,1,5,2,0,1,0,0,0,0,0,"795533,1159","5820013,394","13,34972","52,45019",6010204.0,Munsterdamm,3834.0,50.0
199448,11,1,,2019,9,7,3,3,3,6,0,1,1,0,0,0,0,0,"798951,2733","5828436,422","13,40743","52,52384",1011302.0,Oranienburger Straße,4755.0,4.0
199449,11,1,,2019,9,18,2,3,5,2,0,0,1,0,1,0,0,0,"793693,7939","5829198,269","13,33083","52,53352",1022103.0,Westhafen,3558.0,50.0
199450,11,12,,2019,9,7,3,3,2,7,0,0,1,0,0,0,0,0,"790371,8356","5839362,474","13,2909","52,62642",12231102.0,Frohnau,2985.0,65.0
199451,11,12,,2019,9,18,2,3,2,6,0,0,1,0,0,0,0,0,"795023,6499","5838070,328","13,35827","52,61234",12301206.0,Lübars,3981.0,65.0
199452,11,1,,2019,9,17,2,3,5,2,0,1,1,0,0,0,0,0,"793286,0525","5829033,163","13,32469","52,53226",1022101.0,Huttenkiez,3458.0,61.0
199453,11,4,,2019,9,7,3,3,2,2,1,0,1,0,0,0,0,0,"790537,1252","5826371,54","13,28196","52,50987",4020313.0,Königin-Elisabeth-Straße,2851.0,8.0
199454,11,3,,2019,9,17,2,3,4,6,0,1,1,0,0,0,0,0,"798153,8869","5833694,472","13,40043","52,5714",3040614.0,Pankow Zentrum,4669.0,57.0
199455,11,4,,2019,9,5,3,3,6,4,2,0,0,1,1,0,0,0,"792059,9925","5828666,278","13,30635","52,52963",4030519.0,Kaiserin-Augusta-Allee,3257.0,57.0
199456,11,4,,2019,9,17,2,3,3,6,0,0,1,0,0,0,0,0,"791267,5951","5830709,721","13,29649","52,54838",4010101.0,Jungfernheide,3062.0,44.0
199457,11,10,,2019,9,0,3,3,9,1,2,0,1,0,0,0,0,0,"810937,6757","5831628,482","13,58653","52,54574",10020413.0,Gut Hellersdorf,7362.0,64.0
199458,11,7,,2019,9,17,2,3,0,7,0,0,0,0,1,0,0,1,"796700,6153","5821137,649","13,36785","52,45964",7040402.0,Lindenhofsiedlung,4136.0,57.0
199459,11,2,,2019,9,22,3,2,5,3,2,1,1,1,0,0,0,0,"798346,979","5825559,333","13,39597","52,49838",2010102.0,Mehringplatz,4548.0,24.0
199460,11,7,,2019,9,17,2,3,0,7,0,0,0,0,1,0,1,1,"796616,5921","5821140,171","13,36662","52,45971",7040402.0,Lindenhofsiedlung,4136.0,57.0
199461,11,8,,2019,9,16,2,2,5,2,0,1,0,0,0,0,1,0,"804697,2274","5817818,177","13,48216","52,42549",8030831.0,Gropiusstadt Ost,5826.0,49.0
199462,11,8,,2019,9,9,2,3,0,3,0,1,0,0,0,1,0,0,"801859,5144","5822386,125","13,44468","52,46801",8010214.0,Glasower Straße,5239.0,47.0
199463,11,9,,2019,9,14,2,3,5,2,0,1,1,0,0,0,0,0,"807722,7203","5818115,205","13,52679","52,42646",9020701.0,Adlershof West,6427.0,48.0
199464,11,7,,2019,9,16,2,2,5,3,0,0,1,0,0,0,0,0,"799962,7645","5815428,304","13,4106","52,40668",7070702.0,Alt-Lichtenrade/Töpchiner Weg,4721.0,65.0
199465,11,3,,2019,9,20,2,3,0,6,2,1,1,0,0,0,0,0,"799477,8476","5832755,627","13,41906","52,56226",3040818.0,Pankow Süd,4866.0,63.0
199466,11,8,,2019,9,16,2,3,6,7,0,0,0,1,0,0,1,0,"801613,1822","5822562,652","13,44123","52,46972",8010213.0,Körnerpark,5239.0,47.0
199467,11,4,,2019,9,16,2,3,5,3,0,1,1,0,0,0,0,0,"791670,024","5823246,435","13,29587","52,48125",4041238.0,Kissinger Straße,3043.0,59.0
199468,11,9,,2019,9,16,2,3,1,7,0,0,1,0,0,0,0,0,"803945,2714","5823118,582","13,47596","52,47341",9010202.0,Köpenicker Landstraße,5740.0,54.0
199469,11,11,,2019,9,14,2,3,2,6,0,0,1,0,0,0,0,0,"806324,199","5833857,704","13,52076","52,56833",11010205.0,Falkenberg West,6368.0,50.0
199470,11,2,,2019,9,15,2,3,1,5,0,1,1,0,0,0,0,0,"802179,7778","5827134,503","13,45369","52,51039",2050802.0,Boxhagener Platz,5451.0,41.0
199471,11,12,,2019,9,15,2,3,2,6,0,0,1,0,0,0,0,0,"788046,8261","5831003,044","13,24938","52,55272",12214125.0,Waldidyll/Flughafensee,2364.0,64.0
199472,11,1,,2019,9,9,2,3,2,2,0,0,1,0,0,1,0,0,"795052,64","5827184,91","13,34902","52,51474",1011102.0,Großer Tiergarten,3853.0,44.0
199473,11,1,,2019,9,14,2,2,5,2,0,0,1,0,0,0,0,0,"795884,1997","5831962,438","13,36549","52,55712",1044203.0,Leopoldplatz,4065.0,7.0
199474,11,9,,2019,9,8,2,3,5,3,0,1,1,0,0,0,0,0,"810847,7825","5815493,752","13,57017","52,4012",9031001.0,Bohnsdorf,7119.0,65.0
199475,11,8,,2019,9,14,2,3,6,7,0,1,0,1,0,0,0,0,"800356,7239","5824213,683","13,42427","52,48521",8010211.0,Flughafenstraße,4944.0,25.0
199476,11,5,,2019,9,8,2,3,2,6,0,0,1,0,0,0,0,0,"788000,774","5829367,383","13,24728","52,53808",5030731.0,Gartenfelder Straße,2359.0,44.0
199477,11,12,,2019,9,11,2,2,5,3,0,0,0,0,1,0,1,0,"793298,0941","5832574,536","13,328","52,564",12214424.0,Scharnweberstraße,3567.0,10.0
199478,11,10,,2019,9,8,2,3,5,2,0,1,1,0,0,0,0,0,"807200,008","5829145,792","13,52929","52,52561",10010308.0,Marzahner Chaussee,6556.0,65.0
199479,11,6,,2019,9,14,2,3,2,7,0,0,1,0,1,0,0,0,"795623,3379","5817010,639","13,34839","52,42323",6020305.0,Gemeindepark Lankwitz,3826.0,60.0
199480,11,11,,2019,9,10,2,3,6,4,0,0,1,1,0,0,0,0,"806018,2982","5826452,286","13,50944","52,50213",11041128.0,Sewanstraße,6249.0,59.0
199481,11,4,,2019,9,8,2,3,5,2,0,1,1,0,0,0,0,0,"793156,8504","5824516,691","13,31881","52,49184",4051447.0,Ludwigkirchplatz,3346.0,47.0
199482,11,1,,2019,9,9,2,3,5,2,0,1,1,0,0,0,0,0,"798201,916","5827421,858","13,39551","52,51515",1011203.0,Unter den Linden Süd,4553.0,29.0
199483,11,7,,2019,9,7,2,3,2,2,0,0,1,0,0,1,0,0,"797740,6491","5819114,539","13,38131","52,44094",7050501.0,Rathausstraße,4331.0,54.0
199484,11,1,,2019,9,10,2,3,6,7,0,0,1,1,0,0,0,0,"797759,3471","5828330,057","13,38982","52,52354",1011302.0,Oranienburger Straße,4455.0,27.0
199485,11,1,,2019,9,21,2,2,6,4,2,0,1,1,0,0,0,0,"796011,652","5831416,212","13,36688","52,55215",1044203.0,Leopoldplatz,4163.0,33.0
199486,11,5,,2019,9,14,2,3,2,6,0,0,1,0,0,0,1,0,"784651,6952","5829727,756","13,19835","52,54307",5010313.0,Ackerstraße,1661.0,51.0
199487,11,12,,2019,9,19,2,3,3,6,2,0,1,0,1,0,0,0,"792234,6732","5833258,689","13,31296","52,57071",12214422.0,Klixstraße,3369.0,58.0
199488,11,2,,2019,9,9,2,3,5,2,0,1,1,0,0,0,0,1,"798791,8838","5824920,462","13,40193","52,49241",2020204.0,Urbanstraße,4646.0,50.0
199489,11,6,,2019,9,9,2,3,5,3,0,1,1,0,0,0,0,1,"789079,7188","5815764,743","13,25135","52,41555",6030502.0,Zehlendorf Süd,2324.0,61.0
199490,11,9,,2019,9,20,2,2,2,7,2,0,1,0,0,0,0,0,"819378,4385","5819906,724","13,69935","52,43583",9051801.0,Rahnsdorf/Hessenwinkel,9029.0,61.0
199491,11,1,,2019,9,20,2,3,2,6,2,0,1,0,0,0,0,0,"795864,5195",5831925,"13,36517","52,55679",1044203.0,Leopoldplatz,4065.0,7.0
199492,11,4,,2019,9,9,2,3,6,2,0,0,1,1,0,0,0,0,"793940,0975","5826080,968","13,3317","52,50545",4030931.0,Breitscheidplatz,3550.0,28.0