OBJECTID,LAND,BEZ,LOR_ab_2021,UJAHR,UMONAT,USTUNDE,UWOCHENTAG,UKATEGORIE,UART,UTYP1,ULICHTVERH,IstRad,IstPKW,IstFuss,IstKrad,IstGkfz,IstSonstige,USTRZUSTAND,LINREFX,LINREFY,XGCSWGS84,YGCSWGS84,LOR,STRASSE,quadrant,quadrant_rank
200457,11,5,,2019,10,12,4,3,6,7,0,0,1,1,0,0,0,0,"784525,1555","5828659,99","13,19557","52,53356",5020625.0,Borkumer Straße,1558.0,34.0
200458,11,3,,2019,10,10,4,3,5,2,0,1,0,0,0,0,1,0,"798472,0474","5834861,24","13,40616","52,58169",3020209.0,Niederschönhausen,4672.0,50.0
200459,11,7,,2019,10,7,5,3,2,6,0,0,1,0,0,0,1,1,"798191,5665","5820938,462","13,38955","52,45704",7040405.0,Rathaus Tempelhof,4436.0,56.0
200460,11,1,,2019,10,10,4,3,5,2,0,1,1,0,0,0,0,0,"795020,2991","5831150,044","13,35206","52,5503",1044103.0,Westliche Müllerstraße,3863.0,41.0
200461,11,10,,2019,10,10,4,3,5,3,0,1,0,0,0,0,0,0,"808918,0234","5827024,4","13,55256","52,50563",10030726.0,Alt-Biesdorf,6850.0,65.0
200462,11,1,,2019,10,9,4,3,6,4,0,0,1,1,0,0,0,0,"796958,6342","5826531,491","13,37644","52,50785",1011105.0,Nördlicher Landwehrkanal,4251.0,2.0
200463,11,3,,2019,10,8,4,3,5,3,0,1,0,0,0,0,1,0,"798213,8952","5833046,098","13,40073","52,56556",3040614.0,Pankow Zentrum,4667.0,58.0
200464,11,7,,2019,10,8,4,3,5,2,0,1,0,0,0,0,0,0,"796542,9105","5823745,717","13,36786","52,4831",7020204.0,Schöneberger Insel,4143.0,64.0
200465,11,7,,2019,10,8,4,3,2,6,0,0,1,0,0,0,0,0,"794501,98","5825462,438","13,33941","52,4996",7010101.0,Wittenbergplatz/Viktoria-Luise-Platz,3748.0,42.0
200466,11,2,,2019,10,13,4,3,1,7,0,1,1,0,0,0,0,0,"800930,6581","5825418,054","13,43379","52,49569",2030401.0,Reichenberger Straße,5147.0,55.0
200467,11,10,,2019,10,7,4,3,0,7,0,0,1,0,0,0,0,0,"809785,3275","5831545,28","13,56951","52,54565",10010310.0,Alt-Marzahn,7162.0,51.0
200468,11,2,,2019,10,7,4,3,0,6,0,0,1,0,1,0,0,0,"798806,0785","5825578,863","13,40273","52,4983",2010104.0,Wassertorplatz,4648.0,37.0
200469,11,1,,2019,10,7,4,3,5,7,0,1,1,0,0,0,0,0,"797408,0283","5830030,76","13,38617","52,53897",1033202.0,Humboldthain Süd,4360.0,52.0
200470,11,7,,2019,10,7,4,3,2,7,0,0,1,0,0,0,0,0,"794950,3886","5823925,5","13,34463","52,48558",7020202.0,Volkspark (Rudolf-Wilde-Park),3744.0,45.0
200471,11,9,,2019,10,7,4,3,2,6,0,0,1,0,0,0,0,0,"809219,005","5823013,52","13,55326","52,46951",9052001.0,Köpenick Nord,6839.0,56.0
200472,11,5,,2019,10,6,5,3,0,1,2,0,0,0,1,0,0,1,"782294,944","5830523,846","13,16436","52,55143",5010206.0,Gütersloher Weg,1163.0,42.0
200473,11,8,,2019,10,13,4,3,0,2,0,0,1,1,0,0,0,0,"802752,9315","5822954,654","13,45831","52,47261",8010508.0,Weiße Siedlung,5440.0,58.0
200474,11,5,,2019,10,7,4,2,6,4,2,0,1,1,0,0,0,0,"783955,418","5823333,468","13,18265","52,4861",5040934.0,Alt-Gatow,1344.0,62.0
200475,11,12,,2019,10,13,4,3,5,2,0,1,1,0,0,0,0,0,"789955,265","5835567,446","13,28144","52,59263",12214527.0,Alt-Tegel,2875.0,57.0
200476,11,8,,2019,10,12,4,3,5,7,0,1,1,0,0,0,0,0,"801643,7124","5821918,913","13,44109","52,46394",8010214.0,Glasower Straße,5238.0,46.0
200477,11,9,,2019,10,6,4,3,1,5,2,1,1,0,0,0,0,0,"808367,9671","5817693,736","13,53586","52,42232",9030901.0,Dorf Altglienicke,6626.0,65.0
200478,11,12,,2019,10,5,4,3,1,5,2,0,1,0,0,0,1,1,"792710,9143","5833872,378","13,3205","52,57595",12214423.0,Mellerbogen,3470.0,55.0
200479,11,9,,2019,10,12,4,3,0,7,0,0,1,0,1,0,0,0,"807817,6294","5818415,802","13,52846","52,4291",9020701.0,Adlershof West,6528.0,60.0
200480,11,11,,2019,10,12,4,3,5,2,0,0,1,0,0,0,1,0,"803536,1597","5829730,398","13,47598","52,5329",11030619.0,Fennpfuhl Ost,5758.0,52.0
200481,11,5,,2019,10,11,4,3,1,5,0,1,0,0,0,0,1,0,"784745,877","5827428,849","13,19776","52,52241",5020626.0,Adamstraße,1555.0,55.0
200482,11,1,,2019,10,11,4,3,2,6,0,0,1,0,0,0,0,0,"795281,1495","5831447,563","13,35617","52,55283",1044203.0,Leopoldplatz,3964.0,39.0
200483,11,6,,2019,10,1,4,2,9,1,2,0,1,0,0,0,0,0,"785437,637","5818403,184","13,2002","52,44112",6040703.0,Nikolassee,1631.0,65.0
200484,11,4,,2019,10,16,3,3,2,6,0,1,1,0,0,0,0,0,"793337,5981","5826652,048","13,32335","52,51089",4030623.0,Ernst-Reuter-Platz,3451.0,50.0
200485,11,1,,2019,10,8,5,3,5,2,0,1,1,0,0,0,0,0,"797130,7653","5828201,595","13,38046","52,52273",1011301.0,Charitéviertel,4355.0,53.0
200486,11,3,,2019,10,18,3,3,6,7,1,0,1,1,0,0,0,0,"801071,7651","5830454,087","13,44042","52,54075",3061429.0,Greifswalder Straße,5260.0,59.0
200487,11,4,,2019,10,19,3,3,2,6,2,0,1,0,1,0,0,0,"792433,8997","5824907,049","13,30854","52,49573",4051446.0,Preußenpark,3247.0,45.0
200488,11,10,,2019,10,19,3,3,5,3,2,0,1,0,0,0,0,0,"807836,996","5829075,917","13,53858","52,52462",10010309.0,Springpfuhl,6655.0,57.0
200489,11,8,,2019,10,19,3,3,5,7,2,0,1,0,1,0,0,0,"802269,9711","5820682,625","13,44916","52,45251",8020619.0,Buschkrugallee Nord,5334.0,54.0
200490,11,2,,2019,10,19,3,3,1,5,2,1,0,0,0,0,1,0,"801808,5699","5825769,53","13,447","52,49836",2030402.0,Wrangelkiez,5348.0,58.0
200491,11,11,,2019,10,19,3,3,2,6,2,0,1,0,0,0,0,0,"803766,7688","5827710,34","13,47753","52,51467",2050602.0,Samariterviertel,5753.0,54.0
200492,11,5,,2019,10,19,3,2,6,4,2,0,1,1,0,0,0,0,"782473,4873","5829470,275","13,16609","52,54189",5010209.0,An der Kappe,1160.0,63.0
200493,11,11,,2019,10,22,3,3,5,2,2,0,1,0,0,0,0,0,"805720,6448","5831369,468","13,50959","52,54637",11020412.0,Hauptstraße,6262.0,56.0
200494,11,3,,2019,10,22,3,3,5,2,2,0,1,0,1,0,0,0,"798100,879","5834696,274","13,40055","52,58041",3020209.0,Niederschönhausen,4672.0,50.0
200495,11,4,,2019,10,15,3,3,0,6,0,1,0,0,0,0,1,0,"793431,7299","5826578,303","13,32467","52,51018",4030623.0,Ernst-Reuter-Platz,3451.0,50.0
200496,11,1,,2019,10,13,3,3,2,2,0,1,1,0,0,0,0,0,"796301,7352","5830675,722","13,37049","52,54536",1033203.0,Humboldthain Nordwest,4162.0,48.0
200497,11,9,,2019,10,12,3,3,5,3,0,0,1,0,0,0,0,0,"804111,2517","5824359,419","13,47953","52,48444",9010202.0,Köpenicker Landstraße,5744.0,53.0
200498,11,3,,2019,10,19,5,3,3,6,2,0,1,0,1,0,0,0,"799922,9171","5831120,586","13,42413","52,54736",3061227.0,Humannplatz,4962.0,45.0
200499,11,12,,2019,10,12,3,3,6,4,0,0,0,1,0,0,1,0,"793306,8169","5832644,209","13,32819","52,56462",12214424.0,Scharnweberstraße,3567.0,10.0
200500,11,5,,2019,10,10,3,3,0,2,0,0,1,0,0,0,1,0,"784832,8559","5829010,142","13,20039","52,53654",5010314.0,Carl-Schurz-Straße,1659.0,46.0
200501,11,9,,2019,10,10,3,3,5,2,0,1,1,0,0,0,0,0,"804922,0362","5822558,474","13,48978","52,46785",9010301.0,Baumschulenstraße,5939.0,38.0
200502,11,3,,2019,10,22,5,3,1,5,2,0,1,0,0,0,0,0,"800066,1383","5832052,271","13,42708","52,55563",3040818.0,Pankow Süd,5065.0,44.0
200503,11,6,,2019,10,9,3,3,2,6,0,1,1,0,0,0,0,0,"793237,4258","5819389,367","13,31549","52,44584",6030609.0,Augustaplatz,3332.0,58.0
200504,11,7,,2019,10,17,3,3,2,2,0,0,1,0,1,0,0,0,"798022,9492","5815799,186","13,3825","52,41107",7060603.0,Marienfelde Nordost,4322.0,52.0
200505,11,3,,2019,10,17,3,3,6,4,0,0,1,1,0,0,0,0,"799007,4664","5832777,151","13,41216","52,56271",3040818.0,Pankow Süd,4767.0,50.0
200506,11,8,,2019,10,17,3,3,0,7,0,1,0,0,0,0,0,0,"801429,7309","5823695,878","13,43956","52,47998",8010404.0,Rixdorf,5142.0,45.0
200507,11,9,,2019,10,16,3,3,2,6,0,0,1,0,0,0,0,0,"804145,0496","5822930,821","13,47872","52,47162",9010202.0,Köpenicker Landstraße,5740.0,54.0
200508,11,7,,2019,10,8,3,3,2,6,0,0,1,0,0,0,1,0,"797799,3162","5817210,65","13,38048","52,42384",7060603.0,Marienfelde Nordost,4326.0,64.0
200509,11,9,,2019,10,6,3,3,5,3,0,1,1,0,0,0,0,0,"808194,618","5819624,748","13,5351","52,43972",9020701.0,Adlershof West,6631.0,63.0
200510,11,12,,2019,10,1,3,2,9,1,2,0,1,0,0,0,0,0,"793956,8122","5835301,075","13,3401","52,58809",12301203.0,Wittenau Süd,3774.0,53.0
200511,11,7,,2019,10,7,5,3,0,1,0,1,0,0,0,0,0,1,"797337,7935","5818372,412","13,37474","52,43451",7050502.0,Fritz-Werner-Straße,4229.0,34.0
200512,11,5,,2019,10,7,3,3,5,3,0,0,1,0,1,0,0,0,"787694,9024","5829990,551","13,24332","52,54383",5030731.0,Gartenfelder Straße,2261.0,57.0
200513,11,12,,2019,10,16,3,3,1,5,0,0,1,0,1,0,0,0,"794077,362","5837496,509","13,34383","52,6077",12301206.0,Lübars,3780.0,63.0
200514,11,4,,2019,10,16,3,3,2,6,0,0,1,0,1,0,0,0,"791837,1501","5824686,225","13,29958","52,49407",4031032.0,Halensee,3147.0,43.0
200515,11,1,,2019,10,15,3,3,5,2,0,1,0,0,0,1,0,0,"795268,2807","5829656,978","13,35438","52,53679",1022103.0,Westhafen,3959.0,52.0
200516,11,2,,2019,10,16,3,3,1,5,0,1,1,0,0,0,0,0,"797117,9436","5824087,878","13,3766","52,48586",2020203.0,Viktoriapark,4244.0,54.0
200517,11,1,,2019,10,7,3,3,6,2,1,0,1,1,0,0,0,0,"794814,0992","5828307,01","13,34651","52,52493",1022204.0,Thomasiusstraße,3856.0,49.0
200518,11,5,,2019,10,15,3,3,2,6,0,0,1,0,0,0,0,0,"785522,4677","5828078,065","13,20973","52,52782",5020627.0,Tiefwerder,1756.0,58.0
200519,11,6,,2019,10,15,3,3,6,2,0,0,1,1,0,0,0,0,"795869,4195","5818141,173","13,353","52,43323",6020305.0,Gemeindepark Lankwitz,3929.0,55.0
200520,11,12,,2019,10,7,3,3,2,6,0,0,1,0,0,0,0,0,"791306,1722","5834150,096","13,30008","52,5792",12214125.0,Waldidyll/Flughafensee,3171.0,61.0
200521,11,6,,2019,10,15,3,3,3,6,0,1,1,0,0,0,0,0,"793454,543","5820116,432","13,31932","52,45224",6010207.0,Mittelstraße,3434.0,57.0
200522,11,4,,2019,10,15,3,3,6,4,0,0,0,1,1,0,0,0,"791561,435","5826495,988","13,29712","52,51044",4030725.0,Amtsgerichtsplatz,3051.0,26.0
200523,11,5,,2019,10,15,3,3,5,2,0,1,1,0,0,0,0,0,"788173,529","5829380,732","13,24983","52,53811",5030833.0,Motardstraße,2359.0,44.0
200524,11,6,,2019,10,14,3,3,6,4,0,0,1,1,0,0,0,0,"795589,0263","5817107,837","13,34797","52,42412",6020305.0,Gemeindepark Lankwitz,3826.0,60.0
200525,11,2,,2019,10,6,3,3,5,3,0,0,1,0,1,0,0,0,"801430,3295","5827930,446","13,4434","52,51794",2040503.0,Richard-Sorge-Viertel,5253.0,35.0
200526,11,8,,2019,10,7,3,3,0,3,2,1,1,0,0,0,0,1,"804550,5177","5817094,643","13,47935","52,41909",8041036.0,Zittauer Straße,5725.0,63.0
200527,11,1,,2019,10,17,2,3,5,3,1,1,1,0,0,0,0,0,"795756,3459","5826351,216","13,35862","52,50689",1011105.0,Nördlicher Landwehrkanal,3950.0,58.0
200528,11,5,,2019,10,17,2,3,2,6,0,0,1,0,0,0,0,0,"785445,5757","5828137,524","13,20865","52,5284",5020627.0,Tiefwerder,1757.0,59.0
200529,11,1,,2019,10,15,2,3,6,2,0,0,1,1,0,0,0,0,"797163,4286","5830379,222","13,38289","52,54223",1033202.0,Humboldthain Süd,4361.0,61.0
200530,11,3,,2019,10,16,2,3,2,2,0,0,1,0,0,0,1,0,"796796,3364","5833946,587","13,38068","52,57441",3040513.0,Schönholz,4370.0,59.0
200531,11,8,,2019,10,16,2,3,5,3,0,1,0,0,0,0,1,0,"805917,1848","5816210,02","13,49858","52,41039",8041038.0,Waßmannsdorfer Chaussee,6022.0,62.0
200532,11,3,,2019,10,16,2,3,5,3,0,0,1,0,0,0,0,0,"801113,0072","5836547,71","13,44655","52,59535",3030711.0,Blankenburg,5276.0,65.0
200533,11,4,,2019,10,15,2,3,5,3,0,1,1,0,0,0,0,0,"791797,2987","5827063,929","13,30108","52,51541",4030417.0,Schloßstraße,3153.0,49.0
200534,11,8,,2019,10,15,2,3,5,2,0,1,1,0,0,0,0,0,"806124,2393","5815162,165","13,50065","52,40089",8041039.0,Frauenviertel,6019.0,65.0
200535,11,3,,2019,10,13,2,3,6,7,0,0,0,1,0,0,1,0,"798472,7977","5830961,089","13,40266","52,54673",3061131.0,Falkplatz,4662.0,59.0
200536,11,6,,2019,10,19,2,2,5,2,0,0,1,0,0,0,0,0,"787136,364","5817205,235","13,2241","52,42949",6040703.0,Nikolassee,1928.0,56.0
200537,11,3,,2019,10,15,2,3,1,5,0,1,0,0,0,0,1,0,"798980,7236","5830035,775","13,4093","52,53816",3071536.0,Teutoburger Platz,4759.0,53.0
200538,11,11,,2019,10,14,2,2,5,3,0,1,0,0,0,0,1,0,"803729,22","5827145,144","13,47646","52,50962",11030824.0,Frankfurter Allee Süd,5751.0,57.0
200539,11,5,,2019,10,14,2,2,5,3,0,1,1,0,0,0,0,0,"784825,8816","5830254,049","13,20136","52,5477",5010312.0,Kurstraße,1662.0,57.0
200540,11,4,,2019,10,14,2,3,2,6,0,0,1,0,0,0,0,0,"794260,9805","5825421,772","13,33583","52,49936",4051448.0,Schaperstraße,3648.0,35.0
200541,11,7,,2019,10,8,5,2,6,4,0,0,0,1,1,0,0,0,"798337,7781","5823951,16","13,39439","52,48397",7040401.0,Neu-Tempelhof,4544.0,57.0
200542,11,5,,2019,10,14,2,2,2,6,0,0,1,0,0,0,0,0,"782486,9633","5827002,234","13,16419","52,51976",5020523.0,Maulbeerallee,1054.0,55.0
200543,11,6,,2019,10,14,2,3,5,3,0,1,0,0,0,0,1,0,"788801,21","5818057,261","13,24925","52,43625",6040805.0,Fischerhüttenstraße,2330.0,65.0
200544,11,11,,2019,10,13,2,3,5,3,0,1,1,0,0,0,0,0,"805757,965","5827181,083","13,50629","52,50881",11040926.0,Weitlingstraße,6151.0,48.0
200545,11,2,,2019,10,19,2,3,5,2,2,1,0,0,0,0,1,0,"801206,4482","5827467,238","13,43969","52,51391",2040701.0,Andreasviertel,5152.0,56.0
200546,11,6,,2019,10,19,2,3,0,2,2,0,1,0,1,0,0,0,"795411,585","5820128,619","13,34804","52,45129",6010204.0,Munsterdamm,3834.0,50.0
200547,11,8,,2019,10,19,2,3,1,5,2,1,1,0,0,0,0,0,"801968,8498","5824220,581","13,44795","52,48439",8010406.0,Treptower Straße Nord,5344.0,56.0
200548,11,1,,2019,10,19,2,3,5,2,2,1,1,0,0,0,0,0,"799124,0588","5827123,737","13,40879","52,51198",1011305.0,Heine-Viertel West,4752.0,45.0
200549,11,9,,2019,10,19,2,3,4,6,2,0,1,0,0,0,0,0,"804761,2364","5820427,958","13,48548","52,44884",9010302.0,Späthsfelde,5833.0,63.0
200550,11,1,,2019,10,8,5,3,1,7,0,0,1,0,0,0,0,1,"795954,929","5832037,956","13,3666","52,55776",1044102.0,Schillerpark,4165.0,55.0
200551,11,2,,2019,10,19,2,3,1,5,2,1,1,0,0,0,0,0,"800333,5379","5825943,511","13,42549","52,50073",2030302.0,Lausitzer Platz,4948.0,23.0
200552,11,1,,2019,10,18,2,3,0,1,1,1,0,0,0,0,0,1,"797979,2838","5828496,709","13,3932","52,52491",1011302.0,Oranienburger Straße,4556.0,46.0
200553,11,1,,2019,10,8,5,3,5,3,0,0,1,0,0,0,0,0,"797960,5998","5827080,44","13,39165","52,51222",1011203.0,Unter den Linden Süd,4452.0,21.0
200554,11,1,,2019,10,1,2,3,0,1,2,1,0,0,0,0,0,0,"799446,613","5826756,236","13,41319","52,5085",1011305.0,Heine-Viertel West,4751.0,61.0
200555,11,6,,2019,10,19,5,2,0,3,2,0,1,0,1,0,0,0,"792385,9566","5816868,446","13,30079","52,42369",6030608.0,Schweizer Viertel,3126.0,63.0
200556,11,5,,2019,10,11,2,3,2,6,0,0,1,0,0,1,0,0,"786958,8377","5829804,928","13,23234","52,54255",5030730.0,Zitadellenweg,2161.0,59.0
200557,11,3,,2019,10,12,2,3,2,6,0,0,1,0,0,0,0,0,"801002,2863","5836004,294","13,44443","52,59054",3030711.0,Blankenburg,5275.0,63.0
200558,11,7,,2019,10,12,2,3,5,3,0,0,1,0,0,0,0,0,"793485,5848","5822489,171","13,32186","52,47349",7030301.0,Friedenau,3440.0,55.0
200559,11,11,,2019,10,10,2,3,1,7,0,0,1,0,0,0,0,0,"804749,0965","5830196,978","13,49423","52,53641",11020515.0,Landsberger Allee,6059.0,59.0
200560,11,3,,2019,10,9,2,3,5,3,0,0,1,0,1,0,0,0,"801403,8976","5831496,335","13,44624","52,54991",3050924.0,Behaimstraße,5263.0,52.0
200561,11,4,,2019,10,8,2,3,2,6,0,0,1,0,0,0,0,0,"794003,8523","5824264,683","13,33103","52,48913",4051653.0,Prager Platz,3545.0,51.0
200562,11,9,,2019,10,8,2,3,0,2,0,1,1,0,0,0,0,0,"812050,7804","5821282,944","13,59319","52,45239",9051901.0,Dammvorstadt,7434.0,57.0
200563,11,1,,2019,10,8,2,3,0,6,0,1,1,0,0,0,0,0,"800167,7355","5827387,503","13,42436","52,51377",2040701.0,Andreasviertel,4952.0,44.0
200564,11,11,,2019,10,6,5,3,5,3,2,1,1,0,0,0,0,1,"803692,264","5827471,396","13,47621","52,51257",11030824.0,Frankfurter Allee Süd,5752.0,11.0
200565,11,1,,2019,10,8,2,3,5,3,0,1,1,0,0,0,0,0,"796894,091","5829203,728","13,37788","52,53184",1011301.0,Charitéviertel,4258.0,61.0
200566,11,10,,2019,10,8,2,3,5,3,0,1,1,0,0,0,0,0,"812064,889","5830625,37","13,60215","52,53611",10020414.0,Helle Mitte,7659.0,42.0
200567,11,12,,2019,10,7,2,3,4,6,1,1,0,0,0,0,0,1,"787073,216","5838229,101","13,24132","52,61802",12224230.0,Heiligensee,2283.0,58.0
200568,11,2,,2019,10,7,2,3,0,1,0,0,1,0,1,0,0,1,"803319,6888","5827756,481","13,471","52,51533",2050602.0,Samariterviertel,5653.0,57.0
200569,11,4,,2019,10,7,5,3,0,6,0,0,0,0,1,0,0,1,"790130,0406","5828221,836","13,27759","52,52668",4020310.0,Park Ruhwald,2756.0,61.0
200570,11,6,,2019,10,7,2,3,0,2,1,1,1,0,0,0,0,1,"789966,7903","5816242,925","13,26478","52,41937",6030504.0,Teltower Damm,2525.0,64.0
200571,11,9,,2019,10,6,2,3,5,2,2,0,1,0,0,0,0,0,"809327,0386","5818519,358","13,55068","52,42918",9020701.0,Adlershof West,6828.0,55.0
200572,11,8,,2019,10,15,1,2,2,6,0,0,1,0,0,0,0,0,"802220,0374","5816787,543","13,44491","52,41762",8020728.0,Buckow Ost,5224.0,60.0
200573,11,6,,2019,10,10,1,2,1,1,0,0,1,0,0,0,0,0,"790527,1785","5821382,998","13,27746","52,46516",6040810.0,Dahlem,2738.0,62.0
200574,11,1,,2019,10,21,1,3,5,2,2,0,1,0,0,0,0,0,"793980,205","5832017,921","13,33754","52,55865",1044101.0,Rehberge,3665.0,54.0
200575,11,12,,2019,10,19,1,2,5,2,2,1,1,0,0,0,0,0,"796175,0752","5832754,284","13,37048","52,56406",12103117.0,Letteplatz,4167.0,59.0
200576,11,5,,2019,10,17,1,3,5,2,1,0,1,0,0,0,0,0,"780873,0764","5828322,241","13,14159","52,53243",5020419.0,Magistratsweg,758.0,54.0
200577,11,12,,2019,10,16,1,3,2,6,0,0,1,0,0,0,0,0,"793841,3304","5832776,67","13,33617","52,56552",12103218.0,Teichstraße,3667.0,63.0
200578,11,9,,2019,10,3,1,2,8,1,2,0,1,0,0,0,0,0,"806777,0284","5818391,78","13,51318","52,42947",9010402.0,Johannisthal Ost,6228.0,66.0
200579,11,8,,2019,10,9,1,3,1,5,0,0,1,0,0,0,1,0,"802061,4751","5821981,047","13,44728","52,46426",8010214.0,Glasower Straße,5338.0,54.0
200580,11,4,,2019,10,12,1,3,2,6,0,0,1,0,0,0,0,0,"791236,294","5824986,867","13,29102","52,49709",4031032.0,Halensee,2947.0,18.0
200581,11,2,,2019,10,15,1,3,6,4,0,0,1,1,0,0,0,0,"800616,5426","5828462,289","13,43192","52,52315",2040502.0,Friedenstraße,5055.0,41.0
200582,11,2,,2019,10,11,7,3,0,7,0,1,1,0,0,0,0,0,"797092,7863","5824685,556","13,37677","52,49123",2020203.0,Viktoriapark,4246.0,53.0
200583,11,7,,2019,10,12,7,3,0,6,0,0,1,0,0,0,0,0,"797210,052","5815560,852","13,37037","52,40937",7060604.0,Marienfelde Süd,4122.0,63.0
200584,11,9,,2019,10,19,7,2,5,2,2,0,1,0,1,0,0,0,"802361,3223","5825340,343","13,45472","52,49421",9010101.0,Elsenstraße,5447.0,55.0
200585,11,5,,2019,10,18,7,2,2,7,0,0,1,0,1,0,1,0,"785895,4608","5829230,555","13,21621","52,53796",5030730.0,Zitadellenweg,1859.0,54.0
200586,11,1,,2019,10,22,7,3,0,1,2,0,0,0,0,0,1,0,"799190,121","5827726,447","13,4103","52,51734",1011303.0,Alexanderplatzviertel,4753.0,44.0
200587,11,8,,2019,10,19,7,3,5,3,2,0,1,0,0,0,0,0,"803203,7266","5822728,925","13,46472","52,47033",8010508.0,Weiße Siedlung,5540.0,55.0
200588,11,6,,2019,10,17,7,3,5,3,1,0,1,0,0,0,1,0,"793367,8094","5815508,079","13,314","52,41097",6020407.0,Thermometersiedlung,3322.0,66.0
200589,11,8,,2019,10,17,7,2,6,4,1,0,1,1,0,0,0,1,"801565,1184","5821900,2","13,43992","52,46381",8010214.0,Glasower Straße,5138.0,54.0
200590,11,6,,2019,10,16,7,3,2,2,0,0,1,0,0,0,0,0,"793549,5069","5820062,644","13,32066","52,4517",6010207.0,Mittelstraße,3434.0,57.0
200591,11,1,,2019,10,16,7,3,3,6,0,0,1,0,1,0,0,0,"793962,7996","5828206,051","13,33391","52,52448",1022106.0,Elberfelder Straße,3655.0,57.0
200592,11,5,,2019,10,15,7,3,5,2,0,0,1,0,0,0,0,0,"789675,122","5829303,071","13,27184","52,53661",5030832.0,Rohrdamm,2659.0,45.0
200593,11,2,,2019,10,15,7,3,5,3,0,1,1,0,0,0,0,0,"799925,802","5825743,09","13,41932","52,49916",2030301.0,Oranienplatz,4848.0,3.0
200594,11,7,,2019,10,16,7,2,0,1,0,0,0,0,0,0,1,1,"794731,6164","5825213,43","13,34256","52,49724",7010101.0,Wittenbergplatz/Viktoria-Luise-Platz,3747.0,53.0
200595,11,4,,2019,10,8,5,3,5,2,0,0,1,0,0,0,0,0,"793914,1033","5825519,99","13,33082","52,50043",4030931.0,Breitscheidplatz,3548.0,45.0
200596,11,5,,2019,10,14,7,3,6,4,0,0,1,1,0,0,0,0,"785620,2611","5832199,466","13,21472","52,56472",5010101.0,Hakenfelde Nord,1867.0,58.0
200597,11,11,,2019,10,19,5,3,6,4,2,0,0,1,0,0,1,0,"804903,367","5832974,478","13,49905","52,56121",11020411.0,Malchower Weg,6066.0,60.0
200598,11,1,,2019,10,14,7,3,1,5,0,1,1,0,0,0,0,0,"797762,443","5828323,726","13,38986","52,52348",1011302.0,Oranienburger Straße,4455.0,27.0
200599,11,8,,2019,10,13,7,3,6,4,0,1,0,1,0,0,0,1,"801331,0956","5822166,562","13,43673","52,46633",8010214.0,Glasower Straße,5138.0,54.0
200600,11,11,,2019,10,11,7,3,6,7,0,0,0,1,0,0,1,0,"805526,7018","5834714,75","13,50982","52,57646",11010207.0,Wartenberg Nord,6271.0,64.0
200601,11,2,,2019,10,2,7,3,1,5,2,1,1,0,0,0,1,1,"800929,2293","5825858,591","13,43416","52,49964",2030302.0,Lausitzer Platz,5148.0,51.0
200602,11,7,,2019,10,18,6,3,5,2,2,1,0,0,1,0,0,1,"794951,6794","5825644,97","13,34617","52,50099",7010102.0,Nollendorfplatz,3849.0,22.0
200603,11,7,,2019,10,3,6,2,0,1,2,1,0,0,0,0,0,1,"796656,0172","5824828,398","13,37048","52,49275",7010104.0,Dennewitzplatz,4146.0,50.0
200604,11,8,,2019,10,3,6,3,5,2,2,1,0,0,0,0,1,0,"801735,9068","5823907,623","13,44424","52,48171",8010405.0,Hertzbergplatz,5243.0,34.0
200605,11,7,,2019,10,11,6,3,5,2,0,1,1,0,0,0,0,0,"794999,4432","5825633,49","13,34686","52,50086",7010102.0,Nollendorfplatz,3848.0,36.0
200606,11,7,,2019,10,11,6,3,1,7,0,0,1,0,1,0,0,0,"795709,9693","5824869,101","13,35662","52,49363",7010103.0,Barbarossaplatz,3946.0,62.0
200607,11,3,,2019,10,8,5,3,5,3,0,1,0,0,0,0,1,1,"800484,8877","5836403,21","13,43718","52,5944",3020307.0,Buchholz,5176.0,64.0
200608,11,4,,2019,10,11,6,3,6,7,0,0,1,1,0,0,0,0,"791981,0203","5825245,731","13,30218","52,49901",4030726.0,Droysenstraße,3148.0,24.0
200609,11,4,,2019,10,19,5,3,1,5,2,1,1,0,0,0,0,0,"791277,0803","5826601,557","13,29303","52,51154",4030417.0,Schloßstraße,3052.0,58.0
200610,11,11,,2019,10,11,6,3,5,3,0,0,1,0,0,0,1,0,"806909,6123","5832626,655","13,52823","52,55697",11010205.0,Falkenberg West,6565.0,55.0
200611,11,2,,2019,10,12,6,3,5,3,0,1,0,0,0,0,0,0,"796945,9811","5824295,834","13,37426","52,48782",2020203.0,Viktoriapark,4245.0,40.0
200612,11,2,,2019,10,12,6,3,5,2,0,0,0,0,0,1,1,0,"801134,7721","5828570,372","13,43963","52,52384",2040502.0,Friedenstraße,5155.0,43.0
200613,11,8,,2019,10,12,6,3,5,2,0,0,0,0,0,1,1,0,"801318,5201","5819558,361","13,43419","52,44296",8020622.0,Parchimer Allee,5132.0,38.0
200614,11,11,,2019,10,10,6,3,0,4,0,0,0,1,0,0,1,1,"806625,1896","5833176,332","13,52456","52,56206",11010205.0,Falkenberg West,6466.0,64.0
200615,11,4,,2019,10,10,6,3,3,2,0,0,1,0,0,1,0,0,"790375,1343","5825656,171","13,27895","52,50355",4020314.0,Messegelände,2849.0,40.0
200616,11,1,,2019,10,10,6,3,2,6,0,1,1,0,0,0,0,1,"796454,888","5828233,178","13,37056","52,52338",1022206.0,Lüneburger Straße,4155.0,51.0