OBJECTID,LAND,BEZ,LOR_ab_2021,UJAHR,UMONAT,USTUNDE,UWOCHENTAG,UKATEGORIE,UART,UTYP1,ULICHTVERH,IstRad,IstPKW,IstFuss,IstKrad,IstGkfz,IstSonstige,USTRZUSTAND,LINREFX,LINREFY,XGCSWGS84,YGCSWGS84,LOR,STRASSE,quadrant,quadrant_rank
200777,11,12,,2019,10,14,7,3,5,3,0,0,1,0,0,0,0,0,"793125,0274","5833868,991","13,3266","52,5757",12214421.0,Reinickes Hof,3570.0,53.0
200778,11,11,,2019,10,11,4,3,1,5,0,0,1,0,0,0,0,0,"805192,0518","5829220,731","13,49985","52,52741",11030720.0,Herzbergstraße,6056.0,54.0
200779,11,4,,2019,10,17,4,2,4,7,2,1,0,0,0,0,1,0,"791253,54","5828956,4","13,29475","52,53267",4030519.0,Kaiserin-Augusta-Allee,3058.0,38.0
200780,11,9,,2019,11,18,6,2,5,2,2,0,1,0,1,0,0,0,"811761,438","5818271,175","13,58614","52,42557",9041301.0,Kietzer Feld/Nachtheide,7326.0,60.0
200781,11,8,,2019,10,12,7,3,5,3,0,0,1,0,0,0,0,0,"801588,4907","5820150,019","13,43868","52,44811",8020622.0,Parchimer Allee,5133.0,32.0
200782,11,3,,2019,10,17,3,2,0,7,2,1,0,0,0,0,0,0,"799476,3914","5833291,105","13,41952","52,56706",3040818.0,Pankow Süd,4868.0,52.0
200783,11,4,,2019,11,18,6,3,5,3,2,1,1,0,0,0,0,1,"792912,178","5824395,732","13,31511","52,49089",4051446.0,Preußenpark,3346.0,47.0
200784,11,2,,2019,10,1,7,3,5,3,2,1,1,0,0,0,0,0,"803102,327","5827119,047","13,46722","52,50974",2050801.0,Traveplatz,5651.0,53.0
200785,11,5,,2019,10,6,3,3,5,2,1,1,1,0,0,0,0,0,"786645,3069","5829241,803","13,22724","52,53767",5030730.0,Zitadellenweg,2059.0,42.0
200786,11,3,,2019,10,9,5,3,0,3,0,0,1,0,1,0,0,0,"800780,3715","5832464,909","13,43795","52,55894",3050919.0,Gustav-Adolf-Straße,5165.0,60.0
200787,11,4,,2019,10,13,6,3,5,2,0,0,1,0,1,0,0,0,"793450,5777","5824353,441","13,32298","52,49022",4051652.0,Nikolsburger Platz,3445.0,43.0
200788,11,7,,2019,10,11,2,2,5,3,0,0,1,0,1,0,0,0,"797543,2582","5818305,609","13,37769","52,4338",7050502.0,Fritz-Werner-Straße,4229.0,34.0
200789,11,7,,2019,10,19,5,3,6,4,2,1,0,1,0,0,0,0,"796039,0863","5823519,794","13,36026","52,48135",7020204.0,Schöneberger Insel,4043.0,62.0
200790,11,8,,2019,11,8,7,3,5,3,0,0,1,0,1,0,0,1,"805921,3755","5816218,958","13,49865","52,41047",8041038.0,Waßmannsdorfer Chaussee,6022.0,62.0
200791,11,2,,2019,10,17,7,3,5,2,2,1,1,0,0,0,0,0,"802636,038","5827910,317","13,46109","52,51709",2050602.0,Samariterviertel,5553.0,28.0
200792,11,1,,2019,10,8,4,3,2,6,0,1,1,0,0,0,0,0,"797179,5752","5827492,875","13,38055","52,51635",1011202.0,Unter den Linden Nord,4353.0,37.0
200793,11,4,,2019,10,18,4,1,5,5,2,0,1,0,1,0,0,0,"793757,8731","5823089,38","13,32638","52,47873",4051656.0,Hildegardstraße,3542.0,38.0
200794,11,7,,2019,11,16,6,3,5,3,2,1,1,0,0,0,0,0,"793754,8158","5822077,792","13,32545","52,46966",7030301.0,Friedenau,3439.0,54.0
200795,11,10,,2019,10,17,6,3,0,3,1,0,1,0,0,0,1,0,"806310,981","5830175,027","13,51717","52,53533",10010308.0,Marzahner Chaussee,6359.0,27.0
200796,11,12,,2019,10,14,3,3,6,2,0,0,1,1,0,0,0,0,"794029,2009","5838135,186","13,34369","52,61346",12301206.0,Lübars,3781.0,66.0
200797,11,1,,2019,10,15,5,3,3,6,0,1,1,0,0,0,0,0,"798579,2213","5828918,001","13,40239","52,52836",1011302.0,Oranienburger Straße,4657.0,9.0
200798,11,4,,2019,10,11,6,3,5,7,0,0,1,0,0,0,0,0,"790249,744","5828028,306","13,27918","52,52488",4020310.0,Park Ruhwald,2856.0,54.0
200799,11,6,,2019,10,8,2,3,5,3,0,1,1,0,0,0,0,0,"788505,8321","5816873,118","13,2439","52,42579",6030501.0,Berlepschstraße,2227.0,64.0
200800,11,4,,2019,10,9,5,3,6,2,0,0,0,1,1,0,0,0,"791976,7164","5822376,98","13,29961","52,47329",4041342.0,Schlangenbader Straße,3140.0,61.0
200801,11,4,,2019,10,17,5,3,1,5,1,1,1,0,0,0,0,0,"791848,5583","5825272,007","13,30026","52,49932",4031032.0,Halensee,3148.0,24.0
200802,11,12,,2019,10,9,6,3,6,2,0,0,1,1,0,0,0,0,"792561,4087","5832814,226","13,31737","52,56655",12214424.0,Scharnweberstraße,3368.0,49.0
200803,11,11,,2019,10,9,2,3,5,2,0,1,1,0,0,0,0,0,"803709,5786","5826763,361","13,47582","52,50621",11040925.0,Victoriastadt,5750.0,59.0
200804,11,6,,2019,10,16,5,2,6,4,2,0,1,1,0,0,0,1,"790140,2616","5815557,942","13,26673","52,41314",6030504.0,Teltower Damm,2623.0,62.0
200805,11,6,,2019,11,22,7,3,5,3,2,1,1,0,0,0,0,1,"795143,3537","5818244,083","13,34244","52,43454",6020303.0,Lankwitz Kirche,3729.0,56.0
200806,11,5,,2019,10,16,7,3,2,6,0,1,1,0,0,0,0,0,"782391,8917","5830484,7","13,16576","52,55103",5010206.0,Gütersloher Weg,1163.0,42.0
200807,11,3,,2019,10,5,4,3,6,6,2,0,1,1,0,0,0,0,"803177,2949","5841356,731","13,48134","52,6373",3010101.0,Bucher Forst,5888.0,64.0
200808,11,8,,2019,10,17,3,3,6,4,2,0,0,1,1,0,0,0,"803331,5879","5822481,402","13,46637","52,46804",8010509.0,Schulenburgpark,5539.0,57.0
200809,11,12,,2019,11,14,6,3,6,4,0,0,1,1,0,0,0,0,"795165,2662","5832495,946","13,35539","52,56229",12103219.0,Schäfersee,3966.0,55.0
200810,11,4,,2019,10,16,6,3,5,2,0,1,0,0,0,0,1,0,"790493,7503","5826547,439","13,28147","52,51147",4020313.0,Königin-Elisabeth-Straße,2852.0,40.0
200811,11,12,,2019,10,17,2,2,2,6,2,0,1,0,0,0,0,0,"795506,1855","5833434,726","13,36124","52,57052",12103115.0,Breitkopfbecken,4069.0,34.0
200812,11,1,,2019,10,13,5,3,0,1,0,0,0,0,1,0,0,0,"793991,6194","5827833,56","13,334","52,52113",1022106.0,Elberfelder Straße,3654.0,56.0
200813,11,6,,2019,10,8,6,3,2,6,0,0,1,0,0,0,0,0,"795654,5226","5816943,63","13,34879","52,42261",6020305.0,Gemeindepark Lankwitz,3826.0,60.0
200814,11,12,,2019,10,17,1,3,2,6,2,0,1,0,0,0,0,0,"789874,9143","5835741,609","13,28041","52,59423",12214527.0,Alt-Tegel,2876.0,40.0
200815,11,4,,2019,10,19,4,3,6,2,2,0,1,1,0,0,0,0,"792670,019","5823057,226","13,31038","52,47902",4041343.0,Binger Straße,3242.0,39.0
200816,11,12,,2019,11,17,6,3,5,3,1,0,1,0,0,0,0,1,"792992,3033","5835645,553","13,32621","52,5917",12301203.0,Wittenau Süd,3575.0,59.0
200817,11,4,,2019,10,14,7,3,0,7,0,0,0,0,0,0,1,0,"793400,8964","5825195,136","13,323","52,4978",4051447.0,Ludwigkirchplatz,3448.0,49.0
200818,11,10,,2019,10,11,3,3,9,7,0,0,0,0,0,0,1,0,"811775,2797","5831465,037","13,59868","52,5438",10020413.0,Gut Hellersdorf,7561.0,65.0
200819,11,2,,2019,11,10,6,3,2,2,0,0,1,0,0,0,0,0,"802446,4768","5826267,328","13,45682","52,50247",2050803.0,Stralauer Kiez,5449.0,56.0
200820,11,2,,2019,10,22,6,2,5,3,2,0,1,0,0,0,1,0,"800586,6249","5827028,739","13,43019","52,51032",2040701.0,Andreasviertel,5051.0,33.0
200821,11,7,,2019,11,15,7,3,6,2,0,0,0,1,0,0,1,1,"800651,746","5814136,408","13,41954","52,39472",7070704.0,Nahariyastraße,4817.0,59.0
200822,11,9,,2019,10,14,7,3,5,3,0,0,1,0,0,0,0,0,"809220,8547","5823023,457","13,5533","52,4696",9052001.0,Köpenick Nord,6839.0,56.0
200823,11,7,,2019,10,14,3,3,2,6,0,0,1,0,0,0,0,0,"796410,5697","5819759,128","13,36237","52,44744",7040404.0,Marienhöhe,4033.0,40.0
200824,11,8,,2019,11,10,6,2,2,6,0,0,1,0,1,0,0,0,"801565,7967","5820650,015","13,4388","52,45261",8020619.0,Buschkrugallee Nord,5134.0,50.0
200825,11,11,,2019,10,15,6,3,0,2,0,0,1,0,0,0,1,0,"803538,5047","5829731,344","13,47602","52,53291",11030619.0,Fennpfuhl Ost,5758.0,52.0
200826,11,4,,2019,10,18,2,3,5,3,2,0,1,0,0,0,0,1,"790519,9564","5826494,613","13,28181","52,51099",4020313.0,Königin-Elisabeth-Straße,2851.0,8.0
200827,11,2,,2019,10,12,5,3,2,6,0,0,1,0,0,0,0,0,"803038,1182","5826971,265","13,46615","52,50845",2050802.0,Boxhagener Platz,5551.0,40.0
200828,11,2,,2019,10,2,1,3,5,3,2,0,1,0,0,0,0,0,"802113,7322","5826365,461","13,45202","52,50353",2050803.0,Stralauer Kiez,5349.0,29.0
200829,11,7,,2019,10,16,4,3,5,2,0,0,1,0,1,0,0,0,"795416,4971","5820986,527","13,34887","52,45898",7030303.0,Grazer Platz,3836.0,55.0
200830,11,12,,2019,11,18,6,3,6,2,2,0,1,1,0,0,0,1,"795269,5409","5836363,999","13,36037","52,59691",12302110.0,Dannenwalder Weg,4077.0,58.0
200831,11,4,,2019,10,11,7,3,5,3,0,0,1,0,0,0,0,0,"789642,567","5826509,277","13,26893","52,51158",4020311.0,Reichsstraße,2652.0,50.0
200832,11,9,,2019,10,10,3,3,1,5,0,1,1,0,0,0,1,0,"808625,1428","5818622,192","13,54049","52,43049",9020701.0,Adlershof West,6628.0,57.0
200833,11,2,,2019,11,1,6,2,5,5,2,0,1,0,0,0,0,0,"801687,2348","5825869,412","13,4453","52,49932",2030402.0,Wrangelkiez,5248.0,21.0
200834,11,2,,2019,10,19,6,3,5,7,2,1,1,0,0,0,0,0,"801679,9369","5825874,933","13,4452","52,49938",2030402.0,Wrangelkiez,5248.0,21.0
200835,11,1,,2019,10,23,2,2,4,6,2,1,1,0,0,0,0,1,"797901,7387","5828522,794","13,39208","52,52519",1011302.0,Oranienburger Straße,4456.0,28.0
200836,11,8,,2019,10,22,5,3,1,5,2,0,1,0,0,0,0,0,"802463,9209","5817940,487","13,44953","52,42782",8030830.0,Gropiusstadt Süd,5327.0,45.0
200837,11,6,,2019,10,17,2,3,5,3,2,0,1,0,0,0,0,1,"792410,7339","5817836,247","13,302","52,43236",6030610.0,Lichterfelde West,3128.0,60.0
200838,11,3,,2019,10,4,5,3,5,2,2,0,1,0,1,0,0,0,"799494,8286","5831770,177","13,41842","52,55342",3061227.0,Humannplatz,4864.0,14.0
200839,11,4,,2019,10,19,1,3,6,2,2,0,1,1,0,0,0,0,"792194,4105","5824737,689","13,30487","52,49434",4051445.0,Eisenzahnstraße,3147.0,43.0
200840,11,12,,2019,10,13,4,3,2,6,0,0,1,0,0,0,0,0,"795413,3581","5834067,48","13,36044","52,57624",12103115.0,Breitkopfbecken,4071.0,62.0
200841,11,9,,2019,11,21,6,2,0,1,2,1,0,0,0,0,0,1,"812039,819","5821397,372","13,59314","52,45343",9051901.0,Dammvorstadt,7435.0,58.0
200842,11,6,,2019,10,13,7,3,0,1,0,1,0,0,0,0,0,0,"793195,2119","5817486,798","13,3132","52,4288",6020409.0,Königsberger Straße,3327.0,59.0
200843,11,3,,2019,10,8,3,3,5,2,0,1,1,0,0,0,0,0,"799785,6324","5829587,119","13,42073","52,53369",3071537.0,Kollwitzplatz,4958.0,60.0
200844,11,1,,2019,10,17,5,3,5,3,2,1,1,0,0,0,0,0,"798548,3247","5827805,403","13,40094","52,5184",1011202.0,Unter den Linden Nord,4654.0,10.0
200845,11,5,,2019,10,10,2,3,5,2,0,1,1,0,0,0,0,0,"784551,7063","5828174,892","13,19555","52,5292",5020625.0,Borkumer Straße,1557.0,28.0
200846,11,5,,2019,10,18,5,3,6,4,2,0,1,1,0,0,0,0,"781606,9658","5828424,264","13,15246","52,53296",5020419.0,Magistratsweg,958.0,48.0
200847,11,1,,2019,11,0,7,3,2,6,2,0,1,0,0,0,0,1,"795190,0997","5831031,164","13,35446","52,54915",1044103.0,Westliche Müllerstraße,3963.0,52.0
200848,11,4,,2019,10,17,7,3,5,3,1,1,1,0,0,0,0,0,"794206,2843","5824955,356","13,33461","52,49521",4051448.0,Schaperstraße,3647.0,52.0
200849,11,4,,2019,10,8,4,3,2,6,0,0,1,0,0,0,1,0,"791238,1602","5828951,869","13,29452","52,53263",4030519.0,Kaiserin-Augusta-Allee,3058.0,38.0
200850,11,12,,2019,10,19,3,3,5,2,2,1,1,0,0,0,0,0,"789975,0747","5833680,452","13,28008","52,5757",12214125.0,Waldidyll/Flughafensee,2870.0,60.0
200851,11,12,,2019,11,16,6,3,1,5,0,0,1,0,0,0,0,0,"794822,7921","5833366,786","13,35113","52,57028",12103218.0,Teichstraße,3869.0,63.0
200852,11,9,,2019,10,14,6,3,0,6,0,1,0,0,0,0,0,0,"811575,9133","5823108,873","13,58793","52,46903",9052001.0,Köpenick Nord,7339.0,64.0
200853,11,6,,2019,11,9,7,3,2,2,0,0,1,0,0,0,0,1,"792717,5044","5816241,905","13,30511","52,4179",6020408.0,Lichterfelde Süd,3124.0,62.0
200854,11,5,,2019,10,17,7,3,0,7,1,1,1,0,0,0,0,0,"781739,1776","5828463,441","13,15444","52,53325",5020417.0,Staakener Straße,958.0,48.0
200855,11,6,,2019,10,10,4,3,5,3,0,0,1,0,0,0,0,0,"795189,6858","5821190,029","13,34572","52,46093",6010210.0,Bismarckstraße,3737.0,55.0
200856,11,1,,2019,10,13,4,2,2,6,0,0,0,0,1,1,0,0,"796259,301","5828501,038","13,36792","52,52589",1022206.0,Lüneburger Straße,4156.0,34.0
200857,11,2,,2019,11,21,6,3,5,3,2,1,1,0,0,0,0,1,"800613,4675","5827116,752","13,43066","52,51109",2040701.0,Andreasviertel,5051.0,33.0
200858,11,1,,2019,10,19,6,3,5,2,2,1,1,0,0,0,0,0,"797648,7189","5828129,82","13,38801","52,5218",1011202.0,Unter den Linden Nord,4455.0,27.0
200859,11,7,,2019,10,12,3,2,5,3,0,1,0,0,1,0,0,0,"797705,5543","5822197,892","13,38354","52,4686",7040403.0,Manteuffelstraße,4339.0,29.0
200860,11,11,,2019,10,15,5,3,0,2,1,0,1,0,0,0,1,0,"803855,963","5829056,612","13,48007","52,52668",11030619.0,Fennpfuhl Ost,5756.0,56.0
200861,11,4,,2019,10,8,6,3,6,4,0,0,1,1,0,0,0,0,"792457,4185","5828245,645","13,31182","52,52565",4030519.0,Kaiserin-Augusta-Allee,3256.0,49.0
200862,11,1,,2019,10,8,2,3,5,3,0,1,1,0,0,0,0,0,"795738,5815","5829803,558","13,36143","52,53784",1033203.0,Humboldthain Nordwest,4059.0,30.0
200863,11,1,,2019,10,14,5,2,5,3,0,1,1,0,0,0,0,0,"798716,6772","5828797,41","13,4043","52,5272",1011302.0,Oranienburger Straße,4656.0,41.0
200864,11,1,,2019,11,17,7,3,2,2,2,0,1,0,0,0,0,1,"794961,5176","5830169,495","13,35033","52,54155",1044202.0,Sparrplatz,3860.0,55.0
200865,11,1,,2019,10,15,7,3,2,6,0,0,1,0,0,0,0,0,"794136,6063","5830069,65","13,33811","52,5411",1044101.0,Rehberge,3660.0,50.0
200866,11,11,,2019,10,16,3,3,5,2,1,1,0,0,0,0,1,0,"806179,0321","5830425,853","13,51546","52,53766",11020516.0,Weiße Taube,6359.0,27.0
200867,11,4,,2019,11,13,6,3,5,3,0,1,1,0,0,0,0,0,"792911,9613","5824396,112","13,31511","52,4909",4051446.0,Preußenpark,3346.0,47.0
200868,11,8,,2019,10,15,6,2,5,3,0,0,1,0,1,0,0,0,"803157,712","5818432,57","13,46015","52,43185",8030829.0,Gropiusstadt Nord,5428.0,49.0
200869,11,1,,2019,10,18,2,3,1,5,2,1,1,0,0,0,0,1,"798002,3069","5827389,997","13,39254","52,51498",1011203.0,Unter den Linden Süd,4453.0,15.0
200870,11,9,,2019,10,8,5,3,5,2,0,1,1,0,0,0,0,0,"806455,9138","5822104,697","13,51188","52,46292",9020501.0,Oberschöneweide West,6237.0,55.0
200871,11,4,,2019,10,8,6,3,5,2,0,1,1,0,0,0,0,0,"790732,265","5823473,343","13,28229","52,48379",4041136.0,Hagenplatz,2844.0,55.0
200872,11,11,,2019,10,13,1,3,2,6,0,1,1,0,0,0,0,0,"803868,9361","5826822,86","13,47822","52,50666",11040925.0,Victoriastadt,5750.0,59.0
200873,11,3,,2019,10,6,2,3,5,2,0,1,1,0,0,0,0,0,"803364,647","5838250,406","13,48125","52,60936",3030406.0,Alt-Karow,5880.0,64.0
200874,11,3,,2019,10,10,5,3,0,1,0,0,1,0,0,0,0,0,"804376,4145","5841199,153","13,49886","52,63522",3010102.0,Buch,6088.0,54.0
200875,11,7,,2019,10,7,6,3,6,2,0,0,1,1,0,0,0,0,"797291,3477","5822595,909","13,37782","52,47239",7040401.0,Neu-Tempelhof,4240.0,51.0
200876,11,5,,2019,10,5,2,3,2,6,1,0,1,0,0,0,0,0,"784713,4409","5828562,663","13,19826","52,53259",5020625.0,Borkumer Straße,1658.0,8.0
200877,11,2,,2019,10,19,5,3,1,5,2,1,0,0,0,0,1,0,"798242,6948","5826010,181","13,39484","52,50248",2010102.0,Mehringplatz,4549.0,56.0
200878,11,7,,2019,11,15,7,3,6,4,0,0,1,1,0,0,0,1,"796533,8587","5823967,767","13,36792","52,4851",7020204.0,Schöneberger Insel,4144.0,57.0
200879,11,7,,2019,10,14,7,3,0,5,0,1,0,0,1,0,0,0,"794642,8383","5825743,445","13,34172","52,50204",7010101.0,Wittenbergplatz/Viktoria-Luise-Platz,3749.0,17.0
200880,11,3,,2019,10,13,3,3,2,6,0,0,1,0,0,0,0,0,"800193,878","5836563,441","13,43304","52,596",3020307.0,Buchholz,5076.0,61.0
200881,11,6,,2019,11,10,6,3,2,6,0,0,1,0,0,0,0,0,"793509,5507","5820610,857","13,32056","52,45664",6010101.0,Fichtenberg,3436.0,49.0
200882,11,5,,2019,10,15,6,2,0,2,0,0,1,0,0,0,1,0,"784783,2326","5828813,675","13,1995","52,5348",5010314.0,Carl-Schurz-Straße,1658.0,8.0
200883,11,3,,2019,10,17,2,3,5,3,2,0,1,0,0,0,0,1,"799218,9776","5829267,878","13,41211","52,53114",3071536.0,Teutoburger Platz,4757.0,11.0
200884,11,6,,2019,10,7,5,3,2,6,0,0,1,0,0,0,0,1,"794053,9189","5821008,487","13,3289","52,45991",6010209.0,Feuerbachstraße,3537.0,58.0
200885,11,2,,2019,10,1,1,3,5,2,2,0,1,0,0,0,0,0,"798215,2303","5825860,673","13,3943","52,50115",2010102.0,Mehringplatz,4549.0,56.0
200886,11,9,,2019,10,15,4,3,5,2,0,0,1,0,0,0,0,0,"807713,4615","5818118,863","13,52666","52,4265",9020701.0,Adlershof West,6427.0,48.0
200887,11,7,,2019,11,18,6,3,2,2,2,1,1,0,0,0,0,1,"795221,9977","5824488,663","13,34912","52,49048",7010103.0,Barbarossaplatz,3845.0,63.0
200888,11,4,,2019,10,0,7,2,1,5,2,1,1,0,0,0,0,0,"790858,6792","5824502,071","13,28505","52,49294",4041134.0,Bismarckallee,2846.0,54.0
200889,11,4,,2019,10,20,4,3,5,3,1,0,1,0,0,0,0,0,"792090,9042","5825307,878","13,30385","52,49951",4030726.0,Droysenstraße,3148.0,24.0
200890,11,1,,2019,11,20,6,3,5,3,2,0,1,0,0,0,0,1,"796806,9472","5831270,429","13,37845","52,55041",1033203.0,Humboldthain Nordwest,4263.0,51.0
200891,11,7,,2019,10,20,7,3,1,7,2,0,1,0,0,0,0,0,"797083,0069","5820484,097","13,37288","52,45357",7040404.0,Marienhöhe,4235.0,48.0
200892,11,8,,2019,10,16,3,3,0,3,0,0,0,0,1,0,1,1,"801514,4451","5817626,549","13,43532","52,42553",8020727.0,Buckow Mitte,5126.0,38.0
200893,11,7,,2019,11,9,6,3,2,2,0,0,1,0,0,0,0,0,"795434,7478","5824426,855","13,35219","52,48981",7020203.0,Kaiser-Wilhelm-Platz,3845.0,63.0
200894,11,12,,2019,10,14,6,3,5,7,0,0,1,0,1,0,0,0,"793104,596","5832646,916","13,32521","52,56476",12214424.0,Scharnweberstraße,3467.0,56.0
200895,11,8,,2019,10,16,2,3,3,6,0,0,1,0,1,0,0,0,"800523,1407","5823413,835","13,42599","52,47795",8010117.0,Schillerpromenade,4942.0,18.0
200896,11,9,,2019,10,10,5,3,3,6,0,0,1,0,0,0,0,0,"804453,3185","5821832,963","13,48224","52,46161",9010301.0,Baumschulenstraße,5837.0,51.0
200897,11,8,,2019,10,12,7,3,5,3,0,1,1,0,0,0,0,0,"801509,0479","5819224,169","13,43668","52,43986",8020625.0,Handwerker-Siedlung,5131.0,45.0
200898,11,1,,2019,10,12,4,3,6,4,0,0,1,1,0,0,0,0,"798689,5434","5828337,196","13,40349","52,52309",1011302.0,Oranienburger Straße,4655.0,41.0
200899,11,9,,2019,10,17,4,2,0,6,2,0,0,0,1,0,1,0,"810271,7156","5817601,982","13,56368","52,42042",9031101.0,Grünau,7025.0,64.0
200900,11,2,,2019,11,23,6,3,2,6,2,0,1,0,0,0,0,1,"799790,4627","5825718,124","13,41731","52,49901",2010104.0,Wassertorplatz,4848.0,3.0
200901,11,10,,2019,10,12,7,3,0,5,0,0,1,0,1,0,0,0,"812383,0188","5830461,381","13,60667","52,53445",10020517.0,Adele-Sandrock-Straße,7658.0,55.0
200902,11,6,,2019,10,8,3,3,5,3,0,1,1,0,0,0,0,1,"787478,7932","5817705,579","13,22955","52,4338",6040804.0,Krumme Lanke,2029.0,63.0
200903,11,4,,2019,10,17,5,3,6,4,2,0,1,1,0,0,0,0,"791425,9044","5825065,636","13,29387","52,49769",4031032.0,Halensee,3048.0,43.0
200904,11,3,,2019,10,7,6,3,7,7,1,0,0,0,1,0,0,0,"803738,1755","5838767,043","13,48723","52,61378",3030405.0,Karow Nord,5982.0,62.0
200905,11,10,,2019,10,9,2,3,5,2,0,0,1,0,1,0,0,0,"809720,3354","5826204,999","13,56358","52,49783",10030727.0,Biesdorf Süd,7048.0,64.0
200906,11,1,,2019,10,9,3,3,5,2,0,1,0,0,0,0,0,0,"798619,3621","5826919,148","13,40119","52,51042",1011204.0,Leipziger Straße,4651.0,31.0
200907,11,4,,2019,10,9,5,3,1,5,0,1,1,0,0,0,0,0,"793288,3397","5826150,346","13,32218","52,50642",4030828.0,Savignyplatz,3450.0,48.0
200908,11,10,,2019,10,16,6,3,0,1,0,1,0,0,0,0,0,0,"813070,6194","5826639,624","13,61318","52,49981",10040933.0,Mahlsdorf Süd,7748.0,64.0
200909,11,8,,2019,10,11,2,3,3,6,0,0,1,0,0,0,0,0,"802636,3606","5823041,539","13,45668","52,47345",8010510.0,Gewerbegebiet Köllnische Heide,5440.0,58.0
200910,11,10,,2019,10,19,5,3,6,4,2,0,1,1,0,0,0,0,"812033,074","5830790,045","13,60184","52,5376",10020414.0,Helle Mitte,7659.0,42.0
200911,11,3,,2019,11,8,7,3,5,2,1,1,1,0,0,0,0,1,"800321,1097","5831579,784","13,4304","52,55126",3061228.0,Erich-Weinert-Straße,5063.0,29.0
200912,11,3,,2019,10,17,7,3,1,5,0,1,1,0,0,0,0,0,"802313,2779","5831899,236","13,45998","52,55302",3050920.0,Weißer See,5464.0,62.0
200913,11,9,,2019,10,10,4,3,4,7,0,0,1,0,0,0,1,0,"805447,3099","5820488,705","13,4956","52,44901",9010302.0,Späthsfelde,6033.0,62.0
200914,11,7,,2019,10,8,4,3,6,2,0,0,1,1,0,0,0,0,"795239,1515","5822271,429","13,34741","52,47059",7030303.0,Grazer Platz,3840.0,51.0
200915,11,11,,2019,11,22,6,2,5,3,2,0,1,0,1,0,0,1,"805963,6403","5832532,43","13,51424","52,55666",11020411.0,Malchower Weg,6365.0,62.0
200916,11,10,,2019,10,18,6,3,2,6,1,0,1,0,0,0,0,0,"813391,5313","5830122,898","13,62117","52,53084",10020517.0,Adele-Sandrock-Straße,7857.0,55.0
200917,11,6,,2019,10,8,3,2,5,3,0,0,1,0,0,0,1,0,"790867,7157","5815636,884","13,27746","52,41346",6030607.0,Goerzwerke,2723.0,66.0
200918,11,6,,2019,10,15,5,3,5,3,0,0,1,0,0,0,0,0,"796239,8333","5817016,62","13,35744","52,42295",6020306.0,Lankwitz Süd,3926.0,62.0
200919,11,7,,2019,10,7,6,3,2,6,0,0,1,0,0,0,0,0,"795013,9041","5823241,555","13,34496","52,47941",7020202.0,Volkspark (Rudolf-Wilde-Park),3742.0,48.0
200920,11,12,,2019,10,8,2,3,2,6,0,0,1,0,0,0,0,0,"794733,5274","5836284,457","13,35241","52,59648",12302110.0,Dannenwalder Weg,3876.0,49.0
200921,11,10,,2019,10,1,5,2,2,3,2,0,1,0,0,0,0,0,"808495,3235","5831147,436","13,55018","52,54282",10010310.0,Alt-Marzahn,6861.0,54.0
200922,11,1,,2019,11,16,7,3,5,3,0,0,1,0,0,0,1,1,"795726,5363","5828198,358","13,35982","52,52346",1022206.0,Lüneburger Straße,4055.0,49.0
200923,11,1,,2019,10,15,7,2,6,2,0,0,1,1,0,0,0,0,"794210,0106","5828326,643","13,33765","52,52543",1022106.0,Elberfelder Straße,3656.0,44.0
200924,11,10,,2019,10,14,3,3,6,6,0,1,0,1,0,0,0,0,"811674,311","5831506,565","13,59724","52,54423",10020413.0,Gut Hellersdorf,7561.0,65.0
200925,11,8,,2019,10,19,5,2,5,5,2,0,1,0,1,0,0,0,"800550,5975","5823327,892","13,42632","52,47717",8010117.0,Schillerpromenade,4942.0,18.0
200926,11,4,,2019,11,20,7,3,2,6,2,0,1,0,0,0,0,1,"793379,9684","5826089,269","13,32348","52,50582",4030828.0,Savignyplatz,3450.0,48.0
200927,11,7,,2019,10,16,7,3,6,7,0,1,0,1,0,0,0,0,"795607,5901","5824986,034","13,35522","52,49473",7010102.0,Nollendorfplatz,3947.0,56.0
200928,11,3,,2019,10,7,4,3,2,6,0,0,1,0,0,0,0,1,"803576,5568","5833492,571","13,48001","52,5666",3030716.0,Märchenland,5768.0,60.0
200929,11,11,,2019,10,18,3,3,0,1,2,0,0,0,1,0,0,0,"804905,98","5826256,179","13,49293","52,501",11040926.0,Weitlingstraße,5949.0,55.0
200930,11,1,,2019,10,9,6,3,5,7,0,0,1,0,1,0,0,0,"796671,3146","5827620,679","13,37319","52,51777",1011102.0,Großer Tiergarten,4253.0,46.0
200931,11,7,,2019,11,15,6,3,5,3,0,1,1,0,0,0,0,0,"797277,7836","5821223,949","13,3764","52,4601",7040403.0,Manteuffelstraße,4237.0,59.0
200932,11,9,,2019,10,16,6,3,6,4,0,0,0,1,0,0,1,0,"808721,9464","5815559,018","13,53908","52,40299",9030903.0,Kölner Viertel,6620.0,64.0
200933,11,4,,2019,10,20,2,3,5,3,2,0,1,0,0,0,0,1,"790354,2491","5827309,282","13,28009","52,51838",4020310.0,Park Ruhwald,2854.0,17.0
200934,11,6,,2019,10,13,5,3,5,3,0,1,1,0,0,0,0,0,"793241,7988","5819537,451","13,31569","52,44716",6030606.0,Hindenburgdamm,3333.0,61.0
200935,11,5,,2019,10,3,6,3,9,1,2,0,1,0,0,0,0,1,"780636,472","5821693,056","13,13252","52,47311",5040936.0,Jägerallee,640.0,64.0