OBJECTID,LAND,BEZ,LOR_ab_2021,UJAHR,UMONAT,USTUNDE,UWOCHENTAG,UKATEGORIE,UART,UTYP1,ULICHTVERH,IstRad,IstPKW,IstFuss,IstKrad,IstGkfz,IstSonstige,USTRZUSTAND,LINREFX,LINREFY,XGCSWGS84,YGCSWGS84,LOR,STRASSE,quadrant,quadrant_rank
201096,11,5,,2019,11,19,7,2,0,1,2,0,0,0,1,0,0,1,"784303,6978","5830577,844","13,19396","52,55087",5010310.0,Eckschanze,1563.0,64.0
201097,11,1,,2019,11,14,7,3,0,1,0,0,0,0,1,0,0,1,"794604,2655","5826142,62","13,34151","52,50564",1011101.0,Stülerstraße,3750.0,33.0
201098,11,8,,2019,11,14,7,3,6,2,0,0,1,1,0,0,0,1,"800451,6321","5823644,417","13,42515","52,48006",8010211.0,Flughafenstraße,4942.0,18.0
201099,11,1,,2019,11,14,7,3,2,6,0,0,1,0,0,0,1,1,"796869,7945","5831905,156","13,37994","52,55607",1044201.0,Reinickendorfer Straße,4365.0,7.0
201100,11,1,,2019,11,18,7,2,1,5,2,0,1,0,0,0,0,0,"798498,856","5828173,913","13,40054","52,52173",1011303.0,Alexanderplatzviertel,4655.0,41.0
201101,11,12,,2019,11,18,7,3,5,7,2,0,1,0,0,0,0,1,"792769,3133","5832752,83","13,32038","52,56589",12214424.0,Scharnweberstraße,3468.0,60.0
201102,11,1,,2019,11,13,7,3,5,3,0,1,1,0,0,0,0,1,"798353,8433","5828355,121","13,39857","52,52344",1011302.0,Oranienburger Straße,4555.0,52.0
201103,11,7,,2019,11,18,7,3,0,6,2,0,0,0,1,0,1,1,"794953,1629","5822485,036","13,3434","52,47266",7030302.0,Ceciliengärten,3740.0,64.0
201104,11,7,,2019,11,13,7,3,4,7,0,0,1,0,0,0,0,1,"796367,5545","5819725,284","13,36171","52,44716",7040404.0,Marienhöhe,4033.0,40.0
201105,11,8,,2019,11,12,7,3,3,6,0,0,1,0,1,0,0,1,"801076,7022","5824169,468","13,4348","52,48442",8010301.0,Reuterkiez,5144.0,42.0
201106,11,9,,2019,11,12,7,3,5,2,0,0,1,0,0,0,0,1,"808323,0873","5821628,949","13,53883","52,45761",9020502.0,Oberschöneweide Ost,6636.0,64.0
201107,11,8,,2019,11,11,7,3,2,6,0,0,1,0,0,0,0,1,"802484,4367","5820682,083","13,45231","52,45239",8020622.0,Parchimer Allee,5334.0,54.0
201108,11,8,,2019,11,11,7,3,2,6,0,0,1,0,0,0,0,1,"801013,6127","5822138,14","13,43204","52,46625",8010118.0,Silbersteinstraße,5038.0,31.0
201109,11,5,,2019,11,0,7,3,1,1,2,0,1,0,0,0,1,1,"786889,3553","5830105,081","13,23158","52,54528",5030731.0,Gartenfelder Straße,2061.0,64.0
201110,11,2,,2019,11,0,7,3,0,1,2,1,0,0,0,0,0,1,"801953,5809","5826797,987","13,45006","52,5075",2040703.0,Wriezener Bahnhof/Entwicklungsgebiet,5350.0,52.0
201111,11,6,,2019,11,23,7,3,5,2,2,0,1,0,0,0,0,1,"792934,5674","5817747,022","13,30961","52,43128",6030610.0,Lichterfelde West,3228.0,32.0
201112,11,1,,2019,11,23,7,3,1,5,2,1,1,0,0,0,1,0,"799793,6513","5826996,673","13,41851","52,51047",1011306.0,Heine-Viertel Ost,4851.0,50.0
201113,11,2,,2019,11,22,7,3,5,2,2,1,1,0,0,0,0,1,"803118,7159","5826178,995","13,46661","52,5013",2050803.0,Stralauer Kiez,5549.0,59.0
201114,11,12,,2019,11,22,7,3,2,6,2,0,1,0,0,0,0,0,"790331,0074","5833693,1","13,28533","52,57562",12214125.0,Waldidyll/Flughafensee,2870.0,60.0
201115,11,1,,2019,11,21,7,2,6,2,2,0,1,1,0,0,0,0,"797899,0164","5830307,316","13,39364","52,54118",1033201.0,Brunnenstraße,4560.0,49.0
201116,11,5,,2019,11,21,7,2,2,6,2,0,1,0,0,0,0,1,"784730,143","5827537,938","13,19762","52,52339",5020626.0,Adamstraße,1555.0,55.0
201117,11,2,,2019,11,21,7,3,2,6,2,0,1,0,0,0,0,1,"799505,0538","5824517,584","13,41204","52,48841",2020206.0,Graefekiez,4745.0,46.0
201118,11,1,,2019,11,18,7,3,0,1,2,1,0,0,0,0,0,1,"796097,8628","5828420,433","13,36548","52,52525",1022206.0,Lüneburger Straße,4056.0,47.0
201119,11,1,,2019,11,11,6,3,5,2,0,1,1,0,0,0,0,0,"796300,4186","5830596,309","13,3704","52,54465",1033203.0,Humboldthain Nordwest,4161.0,54.0
201120,11,10,,2019,11,23,6,3,1,5,2,0,1,0,0,1,0,1,"812348,2805","5830464,7","13,60617","52,5345",10020517.0,Adele-Sandrock-Straße,7658.0,55.0
201121,11,4,,2019,11,23,6,3,5,3,2,0,1,0,0,0,0,1,"793139,2814","5825759,835","13,31965","52,503",4030930.0,George-Grosz-Platz,3449.0,40.0
201122,11,2,,2019,11,22,6,3,2,6,2,0,1,0,0,0,0,1,"799702,9609","5825677,672","13,41599","52,4987",2010104.0,Wassertorplatz,4848.0,3.0
201123,11,10,,2019,11,22,6,2,4,6,2,0,1,0,0,0,0,1,"812906,0506","5826024,812","13,61019","52,4944",10040933.0,Mahlsdorf Süd,7747.0,66.0
201124,11,5,,2019,11,21,6,3,5,2,2,0,1,0,0,0,0,1,"779594,0451","5827829,955","13,12236","52,52867",5020521.0,Döberitzer Weg,457.0,54.0
201125,11,9,,2019,11,20,6,3,5,2,2,0,1,0,0,0,0,1,"804100,3721","5823589,305","13,47866","52,47755",9010202.0,Köpenicker Landstraße,5742.0,57.0
201126,11,2,,2019,11,20,6,3,6,2,2,0,1,1,0,0,0,1,"800273,0474","5824361,163","13,42318","52,48658",2020206.0,Graefekiez,4944.0,25.0
201127,11,1,,2019,11,19,6,2,6,4,2,0,1,1,0,0,0,1,"796486,0067","5830109,171","13,37269","52,54018",1033203.0,Humboldthain Nordwest,4160.0,4.0
201128,11,5,,2019,11,19,6,3,5,2,2,0,1,0,1,0,0,1,"783787,4466","5828687,167","13,18475","52,53419",5020625.0,Borkumer Straße,1458.0,51.0
201129,11,6,,2019,11,18,6,3,5,3,2,0,1,0,0,0,0,1,"796293,827","5819677,495","13,36059","52,44677",6010205.0,Südende,4033.0,40.0
201130,11,12,,2019,11,18,6,3,5,3,2,0,1,0,1,0,0,0,"793021,4875","5835689,067","13,32668","52,59207",12301203.0,Wittenau Süd,3575.0,59.0
201131,11,12,,2019,11,18,6,2,6,7,1,0,1,1,0,0,0,0,"793211,0172","5832607,18","13,32674","52,56434",12214424.0,Scharnweberstraße,3567.0,10.0
201132,11,3,,2019,11,10,6,3,5,2,0,0,1,0,1,0,0,0,"798883,545","5832696,67","13,41026","52,56206",3040818.0,Pankow Süd,4766.0,48.0
201133,11,2,,2019,11,9,6,3,3,6,0,0,1,0,0,0,0,0,"798878,0849","5825085,692","13,40334","52,49384",2020204.0,Urbanstraße,4646.0,50.0
201134,11,11,,2019,11,14,6,2,6,4,0,0,0,1,0,1,0,0,"803356,6263","5830041,198","13,47363","52,53579",11020515.0,Landsberger Allee,5659.0,55.0
201135,11,5,,2019,11,9,6,3,5,5,0,0,1,0,0,0,0,0,"782716,6464","5827148,665","13,16769","52,52095",5020523.0,Maulbeerallee,1154.0,55.0
201136,11,3,,2019,11,14,6,3,5,3,0,0,1,0,0,0,0,0,"796299,4538","5835140,527","13,37444","52,58538",3040512.0,Wilhelmsruh,4273.0,62.0
201137,11,8,,2019,11,13,6,3,5,2,0,1,1,0,0,0,0,0,"800620,1589","5823111,122","13,42715","52,47519",8010117.0,Schillerpromenade,5041.0,31.0
201138,11,12,,2019,11,8,6,3,1,5,0,0,1,0,0,0,0,0,"791553,3695","5833009,621","13,30271","52,56884",12214422.0,Klixstraße,3168.0,61.0
201139,11,8,,2019,11,11,6,3,1,7,0,0,1,0,0,0,0,0,"801135,4287","5823069,103","13,43467","52,47453",8010212.0,Rollberg,5141.0,58.0
201140,11,4,,2019,11,11,6,3,5,3,0,0,1,0,1,0,0,0,"792084,9635","5828429,938","13,30651","52,5275",4030519.0,Kaiserin-Augusta-Allee,3256.0,49.0
201141,11,2,,2019,11,11,6,3,2,6,0,0,1,0,0,0,0,0,"800161,2545","5824413,026","13,42158","52,48711",2020206.0,Graefekiez,4944.0,25.0
201142,11,2,,2019,11,8,6,3,5,3,0,1,0,0,1,0,0,0,"800454,1585","5828240,336","13,42934","52,52125",2040502.0,Friedenstraße,5054.0,36.0
201143,11,7,,2019,11,7,6,3,5,3,0,1,1,0,0,0,0,0,"799994,8396","5814594,18","13,41032","52,39919",7070702.0,Alt-Lichtenrade/Töpchiner Weg,4719.0,56.0
201144,11,7,,2019,11,6,6,3,0,2,1,1,1,0,0,0,0,0,"795882,6223","5816014,105","13,35131","52,41415",7060604.0,Marienfelde Süd,3823.0,52.0
201145,11,5,,2019,11,6,6,3,9,1,2,0,1,0,0,0,0,0,"784801,8195","5828811,554","13,19977","52,53478",5010314.0,Carl-Schurz-Straße,1658.0,8.0
201146,11,11,,2019,11,17,6,2,6,4,2,0,1,1,0,0,0,0,"803852,3769","5828731,485","13,47972","52,52377",11030618.0,Fennpfuhl West,5755.0,49.0
201147,11,4,,2019,11,17,6,3,1,5,2,1,1,0,0,0,0,1,"791795,4684","5826260,313","13,30035","52,50821",4030725.0,Amtsgerichtsplatz,3151.0,40.0
201148,11,4,,2019,11,17,6,3,3,2,2,0,1,0,0,1,0,1,"790429,1544","5825932,918","13,27999","52,506",4020314.0,Messegelände,2850.0,46.0
201149,11,8,,2019,11,17,6,3,6,4,2,0,0,1,0,0,1,0,"801041,992","5823879,374","13,43403","52,48184",8010303.0,Donaustraße,5143.0,6.0
201150,11,12,,2019,11,16,6,3,5,2,1,1,1,0,0,0,0,1,"790240,5826","5835862,825","13,2859","52,59512",12304314.0,Ziekowstraße/Freie Scholle,2976.0,49.0
201151,11,8,,2019,11,16,6,3,1,5,2,1,1,0,0,0,0,0,"801061,3401","5822020,669","13,43264","52,46517",8010118.0,Silbersteinstraße,5038.0,31.0
201152,11,8,,2019,11,13,6,3,6,4,0,0,1,1,0,0,0,0,"805181,6783","5817175,726","13,48868","52,41946",8041036.0,Zittauer Straße,5925.0,47.0
201153,11,1,,2019,11,16,6,3,6,4,1,0,1,1,0,0,0,1,"796661,9049","5832021,06","13,37698","52,55722",1033101.0,Soldiner Straße,4265.0,5.0
201154,11,5,,2019,11,15,6,3,2,7,1,1,1,0,0,0,0,1,"783601,6574","5829157,638","13,18242","52,5385",5010314.0,Carl-Schurz-Straße,1360.0,64.0
201155,11,5,,2019,11,16,6,3,6,2,1,0,1,1,0,0,0,1,"782890,2733","5826890,297","13,17003","52,51854",5020524.0,Weinmeisterhornweg,1154.0,55.0
201156,11,2,,2019,11,9,6,3,3,5,0,1,1,0,0,0,0,0,"800897,051","5825927,218","13,43375","52,50028",2030302.0,Lausitzer Platz,5148.0,51.0
201157,11,3,,2019,11,15,6,3,1,5,0,1,1,0,0,0,0,0,"797873,8708","5835264,958","13,39772","52,58564",3020209.0,Niederschönhausen,4573.0,56.0
201158,11,4,,2019,11,15,6,3,5,2,1,0,1,0,0,0,0,0,"791451,4327","5825070,209","13,29425","52,49772",4031032.0,Halensee,3048.0,43.0
201159,11,3,,2019,11,15,6,3,5,3,0,1,1,0,0,0,0,0,"798892,7114","5830385,953","13,40832","52,54134",3061131.0,Falkplatz,4760.0,20.0
201160,11,9,,2019,11,15,6,3,5,3,0,1,1,0,0,0,0,0,"818580,3739","5820448,514","13,68816","52,44115",9051801.0,Rahnsdorf/Hessenwinkel,8831.0,66.0
201161,11,1,,2019,11,15,6,3,2,6,0,1,1,0,0,0,0,2,"794263,7875","5828140,431","13,33827","52,52373",1022106.0,Elberfelder Straße,3655.0,57.0
201162,11,4,,2019,11,15,6,3,5,2,0,1,0,0,1,0,0,0,"793278,1215","5825411,644","13,32138","52,4998",4030930.0,George-Grosz-Platz,3448.0,49.0
201163,11,2,,2019,11,16,5,3,6,4,1,0,1,1,0,0,0,1,"801066,2167","5827134,985","13,43733","52,51101",2040701.0,Andreasviertel,5151.0,39.0
201164,11,1,,2019,11,8,5,3,0,5,1,1,1,0,0,0,0,0,"796831,3186","5826603,606","13,37464","52,50857",1011105.0,Nördlicher Landwehrkanal,4251.0,2.0
201165,11,2,,2019,11,20,5,3,2,2,2,0,1,0,0,0,0,0,"799859,4353","5825691,176","13,4183","52,49873",2010104.0,Wassertorplatz,4848.0,3.0
201166,11,10,,2019,11,20,5,3,9,1,2,0,1,0,0,0,0,0,"810682,357","5832013,312","13,58313","52,54933",10010311.0,Landsberger Tor,7363.0,56.0
201167,11,12,,2019,11,19,5,3,6,2,2,0,1,1,0,0,0,0,"794398,811","5836235,235","13,34744","52,59622",12302107.0,Schorfheidestraße,3876.0,49.0
201168,11,8,,2019,11,17,5,3,0,6,2,0,1,0,0,0,1,0,"800755,7089","5823437,488","13,42943","52,47804",8010212.0,Rollberg,5042.0,54.0
201169,11,11,,2019,11,17,5,3,2,6,2,0,1,0,0,0,0,0,"806923,6162","5832608,08","13,52842","52,55679",10010203.0,Gewerbegebiet Bitterfelder Straße,6565.0,55.0
201170,11,1,,2019,11,17,5,3,6,2,2,0,1,1,0,0,0,0,"796818,0285","5831272,817","13,37861","52,55043",1033203.0,Humboldthain Nordwest,4263.0,51.0
201171,11,6,,2019,11,17,5,3,3,2,1,1,1,0,0,0,0,0,"793359,9901","5821256,913","13,31893","52,46251",6010102.0,Schloßstraße,3337.0,58.0
201172,11,11,,2019,11,16,5,3,0,2,2,0,1,0,0,0,1,0,"807234,095","5824085,002","13,52512","52,48024",11051332.0,Karlshorst Süd,6442.0,53.0
201173,11,2,,2019,11,18,5,3,3,5,2,1,1,0,0,0,0,0,"799875,2963","5825885,681","13,41871","52,50047",2030301.0,Oranienplatz,4848.0,3.0
201174,11,1,,2019,11,15,5,3,2,2,0,1,1,0,0,0,0,0,"798212,6297","5827423,525","13,39566","52,51516",1011203.0,Unter den Linden Süd,4553.0,29.0
201175,11,1,,2019,11,15,5,3,2,2,0,0,1,0,0,0,0,0,"795999,9434","5830329,622","13,36574","52,54242",1044202.0,Sparrplatz,4061.0,48.0
201176,11,9,,2019,11,14,5,3,2,6,0,0,1,0,0,0,0,0,"806255,3782","5822165,696","13,50899","52,46358",9020501.0,Oberschöneweide West,6238.0,43.0
201177,11,7,,2019,11,17,5,3,5,2,2,0,1,0,1,0,0,0,"794958,352","5825655,239","13,34628","52,50108",7010102.0,Nollendorfplatz,3849.0,22.0
201178,11,9,,2019,11,17,5,3,5,2,2,0,1,0,0,0,1,0,"812120,7606","5816649,088","13,5899","52,41083",9031101.0,Grünau,7422.0,62.0
201179,11,3,,2019,11,13,5,2,5,3,0,0,1,0,0,0,0,2,"797871,133","5836026,165","13,39837","52,59246",3020209.0,Niederschönhausen,4575.0,58.0
201180,11,6,,2019,11,17,5,2,1,5,2,1,1,0,0,0,0,1,"787504,094","5817841,906","13,23004","52,43501",6040804.0,Krumme Lanke,2029.0,63.0
201181,11,12,,2019,11,12,5,3,2,6,0,0,1,0,0,0,0,0,"790580,3798","5835965,4","13,29099","52,59586",12304314.0,Ziekowstraße/Freie Scholle,2976.0,49.0
201182,11,2,,2019,11,12,5,3,4,6,0,1,0,0,0,0,1,0,"800502,4139","5828451,689","13,43024","52,52312",2040502.0,Friedenstraße,5055.0,41.0
201183,11,4,,2019,11,8,5,3,6,7,0,0,0,1,0,0,1,0,"792429,2703","5828256,074","13,31141","52,52576",4030519.0,Kaiserin-Augusta-Allee,3256.0,49.0
201184,11,11,,2019,11,8,5,3,0,2,0,1,1,0,0,0,0,0,"805112,9423","5829102,196","13,49858","52,52639",11030720.0,Herzbergstraße,6056.0,54.0
201185,11,1,,2019,11,8,5,3,1,5,0,1,1,0,0,0,1,1,"796675,3947","5827892,445","13,3735","52,5202",1011102.0,Großer Tiergarten,4254.0,60.0
201186,11,4,,2019,11,7,5,3,5,3,0,1,1,0,0,0,0,0,"793067,1138","5822164,334","13,31543","52,4708",4041344.0,Rüdesheimer Platz,3340.0,62.0
201187,11,3,,2019,11,7,5,3,2,1,0,0,1,0,0,0,0,1,"796746,0904","5834025,182","13,38001","52,57514",3040513.0,Schönholz,4370.0,59.0
201188,11,7,,2019,11,7,5,3,5,2,0,1,1,0,0,0,0,0,"797261,1767","5820737,602","13,37572","52,45575",7040403.0,Manteuffelstraße,4235.0,48.0
201189,11,5,,2019,11,5,5,3,6,4,2,0,0,1,0,0,1,1,"781244,714","5830772,178","13,14912","52,5542",5010206.0,Gütersloher Weg,864.0,61.0
201190,11,6,,2019,11,14,4,3,6,4,0,0,1,1,0,0,0,0,"787679,8252","5816448,706","13,23142","52,42242",6030501.0,Berlepschstraße,2026.0,66.0
201191,11,1,,2019,11,8,4,3,5,3,0,1,1,0,0,0,0,1,"798030,202","5826600,304","13,39225","52,50788",1011204.0,Leipziger Straße,4451.0,11.0
201192,11,7,,2019,11,8,4,2,0,5,0,0,1,0,0,0,1,1,"796828,3353","5819571,926","13,36833","52,44554",7050501.0,Rathausstraße,4132.0,61.0
201193,11,1,,2019,11,9,4,3,5,2,0,1,1,0,0,0,0,1,"794264,5656","5827283,128","13,33753","52,51605",1022207.0,Hansaviertel,3653.0,61.0
201194,11,11,,2019,11,8,4,3,6,4,0,0,1,1,0,0,0,1,"802856,8305","5831360,804","13,46748","52,54789",11020513.0,Orankesee,5662.0,47.0
201195,11,8,,2019,11,8,4,3,3,6,0,0,1,0,0,1,0,1,"800519,7025","5823425,441","13,42595","52,47806",8010117.0,Schillerpromenade,4942.0,18.0
201196,11,10,,2019,11,8,4,3,5,2,0,0,1,0,0,0,"812083,7893",Hellersdorfer Promenade,"5831815,307","13,60354728","52,54675821",1,10020415.0,Hellersdorfer Promenade,0.0,66.0
201197,11,10,,2019,11,7,4,3,6,2,1,0,1,1,0,0,0,1,"809641,6151","5829674,516","13,56565","52,52897",10030724.0,Oberfeldstraße,7057.0,55.0
201198,11,3,,2019,11,6,4,3,0,3,0,0,1,0,1,0,0,1,"801941,4468","5832570,497","13,45512","52,55924",3050920.0,Weißer See,5466.0,58.0
201199,11,11,,2019,11,6,4,3,5,2,2,1,1,0,0,0,0,1,"805764,6651","5831835,64","13,51067","52,55052",11020412.0,Hauptstraße,6263.0,48.0
201200,11,4,,2019,11,1,4,3,5,2,2,0,1,0,0,0,1,1,"792824,1521","5823228,332","13,3128","52,48047",4051551.0,Brabanter Platz,3343.0,53.0
201201,11,6,,2019,11,23,4,3,8,1,2,0,1,0,0,0,0,0,"793302,8212","5816962,259","13,31432","52,42404",6020409.0,Königsberger Straße,3326.0,55.0
201202,11,7,,2019,11,18,4,3,0,2,2,0,1,0,1,0,0,1,"799272,4137","5819056,058","13,40373","52,43958",7050505.0,Hundsteinweg,4631.0,55.0
201203,11,4,,2019,11,20,4,3,0,5,2,0,1,0,1,0,0,1,"791851,9266","5826101,299","13,30104","52,50675",4030725.0,Amtsgerichtsplatz,3150.0,36.0
201204,11,1,,2019,11,6,4,3,0,5,2,0,1,0,0,0,1,1,"797686,343","5829637,847","13,38991","52,5353",1033202.0,Humboldthain Süd,4459.0,28.0
201205,11,9,,2019,11,17,4,3,5,2,2,1,1,0,0,0,0,1,"809796,3605","5820483,126","13,55938","52,44651",9020802.0,Köllnische Vorstadt,6933.0,57.0
201206,11,2,,2019,11,16,4,3,0,5,1,1,1,0,0,0,0,1,"800029,2933","5825521,607","13,42064","52,49712",2030301.0,Oranienplatz,4947.0,51.0
201207,11,1,,2019,11,18,4,3,6,7,2,0,0,1,0,0,1,1,"795912,3403","5828853,251","13,36314","52,52923",1022201.0,Stephankiez,4057.0,61.0
201208,11,3,,2019,11,16,4,2,6,2,2,0,1,1,0,0,0,1,"802909,9391","5833159,466","13,4699","52,56398",3051017.0,Rennbahnstraße,5667.0,54.0
201209,11,3,,2019,11,16,4,2,5,3,2,0,1,0,0,0,0,1,"800023,4298","5832024,315","13,42642","52,55541",3040818.0,Pankow Süd,4964.0,49.0
201210,11,1,,2019,11,15,4,2,5,3,1,1,1,0,0,0,0,1,"797759,2682","5829747,607","13,39108","52,53624",1033202.0,Humboldthain Süd,4459.0,28.0
201211,11,11,,2019,11,15,4,3,5,3,0,1,1,0,0,0,0,1,"806507,973","5825546,49","13,5158","52,49374",11041128.0,Sewanstraße,6346.0,64.0
201212,11,1,,2019,11,19,4,3,5,2,2,0,1,0,0,0,1,1,"799650,5687","5827044,16","13,41645","52,51097",1011305.0,Heine-Viertel West,4851.0,50.0
201213,11,1,,2019,11,15,4,3,2,6,0,0,1,0,0,0,0,1,"795195,424","5831365,204","13,35483","52,55214",1044203.0,Leopoldplatz,3963.0,52.0
201214,11,12,,2019,11,15,4,3,5,3,0,0,1,0,0,0,0,1,"793389,51","5832514,299","13,32929","52,56341",12214424.0,Scharnweberstraße,3567.0,10.0
201215,11,11,,2019,11,14,4,3,5,3,0,1,1,0,0,0,0,1,"803456,2488","5826558,441","13,47191","52,50452",11040925.0,Victoriastadt,5650.0,43.0
201216,11,2,,2019,11,14,4,2,6,4,0,0,1,1,0,0,0,1,"802046,3098","5826911,441","13,45152","52,50846",2050802.0,Boxhagener Platz,5351.0,36.0
201217,11,9,,2019,11,13,4,3,3,6,0,1,0,0,0,0,1,1,"808959,2229","5819389,59","13,54609","52,43718",9020702.0,Adlershof Ost,6730.0,64.0
201218,11,7,,2019,11,13,4,3,1,5,0,1,1,0,0,0,0,1,"796932,8313","5823518,938","13,37338","52,48086",7040401.0,Neu-Tempelhof,4243.0,50.0
201219,11,3,,2019,11,13,4,3,5,3,0,0,1,0,0,0,0,1,"796970,2816","5835826,704","13,38493","52,59116",3040512.0,Wilhelmsruh,4375.0,52.0
201220,11,11,,2019,11,11,4,3,5,3,0,0,1,0,1,0,0,1,"807312,3469","5825365,486","13,52745","52,49167",11051330.0,Karlshorst West,6446.0,50.0
201221,11,8,,2019,11,11,4,3,5,3,0,1,1,0,0,0,0,1,"802114,9938","5823638,89","13,44957","52,47909",8010405.0,Hertzbergplatz,5342.0,38.0
201222,11,6,,2019,11,10,4,3,2,6,0,0,1,0,1,0,0,1,"792139,057","5819531,487","13,2995","52,4477",6030605.0,Botanischer Garten,3133.0,56.0
201223,11,10,,2019,11,9,4,2,5,3,0,0,1,0,0,0,0,1,"810562,2767","5825072,59","13,57489","52,4872",10040830.0,Kaulsdorf Süd,7245.0,63.0
201224,11,1,,2019,11,8,4,3,5,2,0,1,1,0,0,0,0,1,"799727,2583","5827762,843","13,41822","52,51737",1011304.0,Karl-Marx-Allee,4853.0,18.0
201225,11,1,,2019,11,16,4,3,0,1,2,0,0,0,1,0,0,1,"797630,2891","5828236,028","13,38783","52,52276",1011301.0,Charitéviertel,4455.0,27.0
201226,11,6,,2019,11,9,3,3,6,7,0,0,1,1,0,0,0,0,"795224,3218","5821146,867","13,34619","52,46052",6010210.0,Bismarckstraße,3837.0,64.0
201227,11,2,,2019,11,17,3,3,0,7,2,0,0,0,1,0,0,1,"802383,0087","5827444,913","13,45695","52,51306",2050801.0,Traveplatz,5452.0,39.0
201228,11,1,,2019,11,21,3,3,1,5,2,1,1,0,0,0,0,0,"794135,1221","5828462,447","13,33667","52,52669",1022104.0,Emdener Straße,3656.0,44.0
201229,11,7,,2019,11,20,3,3,1,6,2,0,1,0,0,0,0,0,"795117,4749","5821327,907","13,34479","52,4622",7030303.0,Grazer Platz,3737.0,55.0
201230,11,1,,2019,11,18,3,3,5,2,2,0,1,0,1,0,0,1,"795583,4645","5826668,569","13,35636","52,50983",1011105.0,Nördlicher Landwehrkanal,3951.0,58.0
201231,11,2,,2019,11,19,3,2,6,4,2,0,1,1,0,0,0,1,"800097,788","5825908,514","13,422","52,50055",2030301.0,Oranienplatz,4948.0,23.0
201232,11,11,,2019,11,19,3,3,2,6,2,0,1,0,0,0,0,1,"803606,1567","5829765,502","13,47704","52,53318",11030619.0,Fennpfuhl Ost,5758.0,52.0
201233,11,7,,2019,11,22,3,3,5,2,2,0,1,0,1,0,0,0,"797851,3891","5822205,669","13,38569","52,46859",7040403.0,Manteuffelstraße,4339.0,29.0
201234,11,12,,2019,11,21,3,3,6,2,2,0,1,1,0,0,0,1,"796337,151","5832502,892","13,37264","52,56172",12103117.0,Letteplatz,4166.0,53.0
201235,11,8,,2019,11,0,3,3,6,2,2,0,1,1,0,0,0,0,"802163,9395","5823374,922","13,45004","52,4767",8010404.0,Rixdorf,5341.0,41.0
201236,11,1,,2019,11,11,3,3,6,7,0,0,1,1,0,0,0,1,"798081,4189","5826800,689","13,39318","52,50965",1011204.0,Leipziger Straße,4551.0,40.0
201237,11,6,,2019,11,10,3,3,2,2,0,0,1,0,0,0,1,0,"795052,127","5819045,092","13,34181","52,44177",6020302.0,Komponistenviertel Lankwitz,3731.0,60.0
201238,11,3,,2019,11,10,3,3,0,3,0,0,1,0,1,0,0,1,"804240,8336","5841815,087","13,49743","52,64082",3010101.0,Bucher Forst,6089.0,64.0
201239,11,8,,2019,11,10,3,3,1,5,0,1,1,0,0,0,0,0,"801480,4253","5823921,508","13,44051","52,48198",8010301.0,Reuterkiez,5243.0,34.0
201240,11,1,,2019,11,9,3,3,6,4,0,1,0,1,0,0,0,1,"796537,7383","5827813,357","13,3714","52,51957",1011102.0,Großer Tiergarten,4154.0,56.0
201241,11,3,,2019,11,9,3,2,0,2,0,0,1,0,0,0,1,0,"803225,1865","5838044,899","13,47901","52,60759",3030406.0,Alt-Karow,5780.0,50.0
201242,11,3,,2019,11,9,3,3,0,1,0,0,0,0,1,0,0,0,"800881,3613","5831615,146","13,43867","52,55127",3050923.0,Weißenseer Spitze,5163.0,58.0
201243,11,8,,2019,11,8,3,3,5,3,0,0,1,0,0,0,0,1,"803357,677","5817393,021","13,46213","52,42242",8030831.0,Gropiusstadt Ost,5526.0,58.0
201244,11,3,,2019,11,8,3,2,0,3,0,1,1,0,0,0,0,1,"800680,7677","5831567,299","13,43568","52,55095",3050923.0,Weißenseer Spitze,5163.0,58.0
201245,11,6,,2019,11,8,3,2,6,4,0,0,1,1,0,0,0,1,"795010,1833","5819657,662","13,34174","52,44729",6010206.0,Stadtpark,3733.0,55.0
201246,11,7,,2019,11,7,3,3,6,4,0,0,1,1,0,0,0,0,"795665,1163","5824476,74","13,35562","52,49013",7020203.0,Kaiser-Wilhelm-Platz,3945.0,34.0
201247,11,1,,2019,11,8,3,3,0,4,0,0,0,1,1,0,0,1,"796222,5112","5830762,874","13,3694","52,54618",1044201.0,Reinickendorfer Straße,4162.0,48.0
201248,11,2,,2019,11,7,3,3,1,5,0,0,1,0,0,0,0,0,"796995,1244","5824255,063","13,37495","52,48742",2020203.0,Viktoriapark,4245.0,40.0
201249,11,11,,2019,11,7,3,3,5,2,0,1,0,0,0,0,1,0,"805538,7203","5833408,496","13,5088","52,56475",11010310.0,Mühlengrund,6267.0,58.0
201250,11,11,,2019,11,7,3,3,0,1,0,1,0,0,0,0,0,1,"802899,8843","5829212,583","13,46616","52,52861",11030618.0,Fennpfuhl West,5557.0,49.0
201251,11,11,,2019,11,6,3,3,5,2,1,1,0,0,0,0,0,0,"803850,7161","5828776,416","13,47973","52,52418",11030618.0,Fennpfuhl West,5755.0,49.0
201252,11,3,,2019,11,2,3,3,8,1,2,0,1,0,0,0,0,1,"799521,3837","5833955,3","13,42078","52,57299",3040614.0,Pankow Zentrum,4970.0,56.0
201253,11,4,,2019,11,18,3,3,0,1,2,1,0,0,0,0,0,0,"792229,019","5830696,37","13,31062","52,54774",4010102.0,Plötzensee,3262.0,61.0
201254,11,3,,2019,11,17,3,3,0,1,1,0,0,0,1,0,0,1,"799133,6344","5833866,376","13,415","52,57241",3040614.0,Pankow Zentrum,4869.0,58.0