OBJECTID,LAND,BEZ,LOR_ab_2021,UJAHR,UMONAT,USTUNDE,UWOCHENTAG,UKATEGORIE,UART,UTYP1,ULICHTVERH,IstRad,IstPKW,IstFuss,IstKrad,IstGkfz,IstSonstige,USTRZUSTAND,LINREFX,LINREFY,XGCSWGS84,YGCSWGS84,LOR,STRASSE,quadrant,quadrant_rank
201255,11,7,,2019,11,17,3,3,0,1,2,0,0,0,1,0,0,1,"796561,9071","5823810,98","13,36819","52,48368",7020204.0,Schöneberger Insel,4143.0,64.0
201256,11,12,,2019,11,16,3,3,5,3,2,1,1,0,0,0,0,1,"790737,3324","5833706,288","13,29132","52,57552",12214125.0,Waldidyll/Flughafensee,2970.0,64.0
201257,11,7,,2019,11,16,3,3,3,6,0,0,1,0,1,0,0,1,"796572,1307","5823846,104","13,36837","52,48399",7020204.0,Schöneberger Insel,4144.0,57.0
201258,11,11,,2019,11,17,3,3,5,7,2,0,1,0,1,0,0,1,"804271,0377","5827844,587","13,48506","52,51559",11030721.0,Rüdigerstraße,5853.0,62.0
201259,11,1,,2019,11,15,3,3,0,4,1,1,0,1,0,0,0,1,"798755,6279","5828975,714","13,40504","52,52878",1011302.0,Oranienburger Straße,4657.0,9.0
201260,11,2,,2019,11,15,3,3,5,2,1,1,1,0,0,0,0,1,"801126,644","5828575,599","13,43952","52,52389",2040502.0,Friedenstraße,5155.0,43.0
201261,11,4,,2019,11,15,3,3,5,2,0,1,1,0,0,0,0,1,"791668,236","5823133,054","13,29574","52,48024",4041238.0,Kissinger Straße,3042.0,66.0
201262,11,7,,2019,11,15,3,3,1,5,0,0,1,0,0,0,0,0,"797505,9035","5820130,965","13,37877","52,45018",7050501.0,Rathausstraße,4234.0,52.0
201263,11,2,,2019,11,14,3,3,5,3,0,1,1,0,0,0,0,1,"799912,0076","5825985,1","13,41934","52,50134",2030301.0,Oranienplatz,4849.0,28.0
201264,11,2,,2019,11,14,3,2,5,2,0,1,1,0,0,0,0,1,"797749,362","5824034,295","13,38583","52,48503",2020203.0,Viktoriapark,4344.0,28.0
201265,11,9,,2019,11,16,3,3,2,6,2,0,1,0,0,0,0,0,"806204,2505","5820292,678","13,50652","52,44683",9010401.0,Johannisthal West,6133.0,57.0
201266,11,1,,2019,11,13,3,3,5,2,0,1,1,0,0,0,0,1,"797775,827","5827350,948","13,38918","52,51475",1011203.0,Unter den Linden Süd,4453.0,15.0
201267,11,1,,2019,11,12,3,3,5,3,0,0,1,0,1,0,0,0,"797893,5844","5831001,197","13,39418","52,54741",1033201.0,Brunnenstraße,4562.0,59.0
201268,11,6,,2019,11,12,3,3,5,3,0,1,1,0,0,0,0,0,"790574,1855","5819763,491","13,27674","52,45061",6040810.0,Dahlem,2734.0,62.0
201269,11,7,,2019,11,12,3,3,0,1,0,0,0,0,1,0,0,1,"795572,4943","5825157,458","13,35486","52,49629",7010102.0,Nollendorfplatz,3947.0,56.0
201270,11,3,,2019,11,12,3,3,5,3,0,1,0,0,0,0,0,0,"798695,6333","5833450,053","13,40818","52,56892",3040614.0,Pankow Zentrum,4768.0,57.0
201271,11,1,,2019,11,11,3,3,3,6,0,1,1,0,0,0,0,1,"794513,3693","5828437,812","13,34221","52,52626",1022104.0,Emdener Straße,3756.0,4.0
201272,11,4,,2019,11,5,3,3,1,5,2,1,1,0,0,0,0,0,"791857,7281","5823626,719","13,29896","52,48456",4041238.0,Kissinger Straße,3144.0,48.0
201273,11,1,,2019,11,22,2,3,0,1,2,0,0,0,1,0,0,1,"795450,0132","5829550,365","13,35696","52,53573",1022201.0,Stephankiez,3959.0,52.0
201274,11,1,,2019,11,21,2,3,2,2,2,0,1,0,1,0,0,1,"799457,329","5827067,3","13,41363","52,51129",1011305.0,Heine-Viertel West,4852.0,45.0
201275,11,1,,2019,11,20,2,3,2,6,2,0,1,0,0,0,1,1,"794201,4962","5827151,079","13,33648","52,5149",1022207.0,Hansaviertel,3653.0,61.0
201276,11,1,,2019,11,18,2,3,7,7,1,1,0,0,0,0,0,1,"794721,0819","5830905,5","13,34745","52,54827",1044103.0,Westliche Müllerstraße,3862.0,51.0
201277,11,4,,2019,11,19,2,3,6,4,2,0,1,1,0,0,0,1,"792971,8323","5826025,483","13,31742","52,50547",4030828.0,Savignyplatz,3350.0,22.0
201278,11,1,,2019,11,17,2,3,1,5,2,0,1,0,0,0,1,1,"794793,1354","5829957,234","13,34767","52,53973",1044202.0,Sparrplatz,3860.0,55.0
201279,11,7,,2019,11,13,2,3,2,6,0,0,1,0,0,0,0,1,"799196,2462","5820017,884","13,40347","52,44824",7050503.0,Eisenacher Straße,4633.0,58.0
201280,11,7,,2019,11,14,2,3,6,4,0,0,1,1,0,0,0,0,"794950,9521","5825382,271","13,34593","52,49864",7010102.0,Nollendorfplatz,3748.0,42.0
201281,11,12,,2019,11,14,2,3,5,7,0,0,1,0,0,0,0,1,"791450,8649","5836601,384","13,30436","52,60109",12301205.0,Waidmannslust,3178.0,63.0
201282,11,12,,2019,11,18,2,3,5,2,1,1,1,0,0,0,0,1,"794845,7381","5833049,455","13,35119","52,56742",12103218.0,Teichstraße,3868.0,48.0
201283,11,9,,2019,11,14,2,3,5,7,0,0,1,0,0,0,1,0,"811202,1542","5821189,197","13,58066","52,45204",9051901.0,Dammvorstadt,7234.0,64.0
201284,11,3,,2019,11,14,2,3,6,4,0,0,1,1,0,0,0,1,"802089,0595","5832462,103","13,4572","52,55819",3050920.0,Weißer See,5465.0,60.0
201285,11,12,,2019,11,18,2,3,5,3,1,0,1,0,0,0,0,1,"794374,32","5836231,585","13,34708","52,59621",12302107.0,Schorfheidestraße,3876.0,49.0
201286,11,4,,2019,11,18,2,3,5,2,2,0,1,0,1,0,0,1,"794203,5095","5824944,777","13,33456","52,49512",4051448.0,Schaperstraße,3647.0,52.0
201287,11,7,,2019,11,14,2,3,6,4,0,0,1,1,0,0,0,0,"798112,3726","5819919,369","13,38748","52,44795",7050503.0,Eisenacher Straße,4433.0,64.0
201288,11,6,,2019,11,18,2,3,5,2,2,1,1,0,0,0,0,1,"793276,9057","5819084,813","13,3158","52,44308",6030609.0,Augustaplatz,3332.0,58.0
201289,11,5,,2019,11,18,2,3,2,6,2,0,1,0,0,0,0,1,"786149,9491","5829143,192","13,21987","52,53704",5030730.0,Zitadellenweg,1959.0,49.0
201290,11,2,,2019,11,13,2,3,2,6,1,0,1,0,0,0,0,1,"797117,7876","5824091,295","13,3766","52,48589",2020203.0,Viktoriapark,4244.0,54.0
201291,11,9,,2019,11,17,2,3,6,2,2,0,1,1,0,0,0,1,"802657,269","5824415,366","13,45823","52,48575",9010201.0,Am Treptower Park Süd,5444.0,54.0
201292,11,1,,2019,11,13,2,3,0,3,0,0,1,0,1,0,0,1,"795944,3268","5831560,657","13,36602","52,55348",1044203.0,Leopoldplatz,4064.0,52.0
201293,11,7,,2019,11,13,2,3,1,5,0,0,1,0,0,0,0,0,"797917,6226","5817153,796","13,38216","52,42327",7060603.0,Marienfelde Nordost,4326.0,64.0
201294,11,3,,2019,11,13,2,3,5,3,0,0,1,0,0,0,1,1,"802868,9139","5838271,411","13,47397","52,60982",3030406.0,Alt-Karow,5780.0,50.0
201295,11,4,,2019,11,13,2,3,5,3,0,0,1,0,0,0,0,1,"792194,0327","5824059,709","13,30427","52,48826",4051445.0,Eisenzahnstraße,3145.0,38.0
201296,11,6,,2019,11,12,2,2,5,3,0,1,1,0,0,0,0,1,"796263,294","5817908,6","13,35857","52,43093",6020305.0,Gemeindepark Lankwitz,3928.0,64.0
201297,11,10,,2019,11,12,2,3,0,3,0,0,1,0,0,0,0,1,"813289,4941","5829072,118","13,61868","52,52148",10040931.0,Mahlsdorf Nord,7855.0,65.0
201298,11,1,,2019,11,16,2,3,6,4,2,0,1,1,0,0,0,1,"795896,329","5831964,51","13,36567","52,55713",1044203.0,Leopoldplatz,4065.0,7.0
201299,11,4,,2019,11,15,4,2,6,7,0,0,1,1,0,0,0,0,"789447,081","5826676,132","13,2662","52,51318",4020311.0,Reichsstraße,2652.0,50.0
201300,11,1,,2019,11,15,4,2,5,2,0,1,1,0,0,0,0,0,"793680,171","5828001,177","13,32957","52,5228",1022106.0,Elberfelder Straße,3555.0,16.0
201301,11,12,,2019,11,16,2,3,1,5,1,1,0,0,0,0,1,0,"794222,6294","5833326,462","13,34226","52,57025",12103218.0,Teichstraße,3769.0,66.0
201302,11,8,,2019,11,10,2,2,5,2,0,1,0,0,0,1,0,1,"802753,7184","5822970,341","13,45833","52,47275",8010508.0,Weiße Siedlung,5440.0,58.0
201303,11,6,,2019,11,15,2,3,5,2,0,0,0,0,1,1,0,0,"791751,3599","5819295,888","13,29361","52,44579",6030605.0,Botanischer Garten,3032.0,48.0
201304,11,8,,2019,11,15,4,3,6,4,0,0,1,1,0,0,0,0,"800993,9406","5822642,419","13,43221","52,47078",8010213.0,Körnerpark,5040.0,48.0
201305,11,5,,2019,11,10,2,3,4,6,0,0,1,0,0,0,0,1,"788076,7564","5829040,783","13,24812","52,53511",5030833.0,Motardstraße,2359.0,44.0
201306,11,4,,2019,11,10,4,3,2,6,0,1,1,0,0,0,0,0,"790600,6267","5825985,259","13,28255","52,50638",4030724.0,Lietzensee,2850.0,46.0
201307,11,9,,2019,11,9,2,3,3,6,0,0,1,0,0,0,0,1,"809743,8708","5820764,23","13,55887","52,44906",9020801.0,Spindlersfeld,6933.0,57.0
201308,11,1,,2019,11,6,2,3,6,2,1,0,1,1,0,0,0,0,"794554,5777","5829071,775","13,34337","52,53193",1022104.0,Emdener Straße,3758.0,50.0
201309,11,8,,2019,11,8,4,3,0,3,0,0,1,0,0,0,1,0,"802549,3359","5822124,636","13,45457","52,46528",8010510.0,Gewerbegebiet Köllnische Heide,5438.0,62.0
201310,11,8,,2019,11,8,2,3,5,3,0,1,1,0,0,0,0,1,"805278,6227","5817252,071","13,49017","52,42009",8041036.0,Zittauer Straße,5925.0,47.0
201311,11,6,,2019,11,7,2,3,5,2,0,1,1,0,0,0,0,1,"792369,4341","5820812,05","13,304","52,45906",6040810.0,Dahlem,3136.0,49.0
201312,11,9,,2019,11,7,2,3,2,6,0,0,1,0,0,0,0,1,"803492,0184","5820687,938","13,4671","52,45188",9010302.0,Späthsfelde,5634.0,65.0
201313,11,12,,2019,11,8,4,3,5,2,0,0,1,0,0,0,0,0,"795786,906","5832580,132","13,36461","52,56271",12103117.0,Letteplatz,4067.0,9.0
201314,11,11,,2019,11,6,2,3,5,2,1,0,1,0,1,0,0,1,"806067,5933","5825805,775","13,50957","52,49631",11041128.0,Sewanstraße,6247.0,60.0
201315,11,1,,2019,11,7,2,3,0,6,1,1,1,0,0,0,0,1,"797298,573","5831152,484","13,38557","52,54909",1033203.0,Humboldthain Nordwest,4363.0,22.0
201316,11,11,,2019,11,7,4,3,5,3,0,1,1,0,0,0,0,0,"807228,0229","5824304,402","13,52523","52,4822",11051330.0,Karlshorst West,6443.0,52.0
201317,11,5,,2019,11,7,2,3,5,2,0,0,1,0,0,0,1,1,"785632,9421","5828030,249","13,21132","52,52734",5020627.0,Tiefwerder,1756.0,58.0
201318,11,10,,2019,11,6,4,2,5,2,2,0,1,0,1,0,0,0,"811165,8587","5828366,984","13,58683","52,51638",10020622.0,Kaulsdorf Nord I,7353.0,59.0
201319,11,7,,2019,11,6,2,3,6,2,1,0,1,1,0,0,0,1,"796809,0666","5821977,858","13,37019","52,46711",7040402.0,Lindenhofsiedlung,4139.0,53.0
201320,11,11,,2019,11,6,2,3,6,4,2,0,0,1,1,0,0,1,"803811,5301","5826269,52","13,47687","52,50173",11040925.0,Victoriastadt,5749.0,42.0
201321,11,1,,2019,11,8,4,3,2,3,0,1,0,0,0,0,0,0,"795155,563","5827075,522","13,35044","52,51371",1011102.0,Großer Tiergarten,3852.0,51.0
201322,11,3,,2019,11,16,4,3,5,2,2,1,0,0,0,0,1,0,"801884,7892","5829850,555","13,45182","52,5349",3061430.0,Volkspark Prenzlauer Berg,5358.0,56.0
201323,11,12,,2019,11,13,1,3,0,7,0,0,0,0,1,0,0,1,"790697,6335","5835383,492","13,2922","52,59058",12304314.0,Ziekowstraße/Freie Scholle,3075.0,58.0
201324,11,12,,2019,11,5,1,2,1,5,2,0,1,0,0,0,0,1,"795866,4958","5836893,976","13,36963","52,60133",12302109.0,Treuenbrietzener Straße,4178.0,61.0
201325,11,9,,2019,11,11,3,3,5,7,0,0,0,0,0,0,1,0,"806011,1572","5819743,788","13,50319","52,44201",9010402.0,Johannisthal Ost,6131.0,66.0
201326,11,1,,2019,11,10,3,3,2,2,0,0,1,0,0,0,0,0,"793673,1709","5828112,642","13,32957","52,5238",1022106.0,Elberfelder Straße,3555.0,16.0
201327,11,2,,2019,11,3,1,3,0,1,2,1,0,1,0,0,0,1,"802658,9711","5826992,062","13,4606","52,50885",2050802.0,Boxhagener Platz,5551.0,40.0
201328,11,3,,2019,11,1,1,3,2,6,2,0,1,0,1,0,0,1,"800072,4531","5835852,374","13,43061","52,58969",3020210.0,Herthaplatz,5074.0,56.0
201329,11,8,,2019,11,17,1,3,2,7,2,0,1,0,0,0,0,1,"802187,6865","5819292,75","13,4467","52,4401",8020622.0,Parchimer Allee,5231.0,64.0
201330,11,2,,2019,11,10,3,3,5,2,0,1,0,0,0,0,1,0,"803466,787","5827006,257","13,47248","52,50852",2050801.0,Traveplatz,5651.0,53.0
201331,11,9,,2019,11,17,1,3,0,1,2,1,0,0,0,0,0,1,"810807,183","5820377,396","13,57411","52,44499",9041501.0,Altstadt Kietz,7132.0,48.0
201332,11,1,,2019,11,8,3,3,5,2,0,1,1,0,0,0,0,0,"797530,2797","5829429,61","13,38743","52,53352",1033202.0,Humboldthain Süd,4458.0,48.0
201333,11,1,,2019,11,15,1,3,5,3,0,1,1,0,0,0,0,1,"797698,973","5831738,172","13,39198","52,55412",1033102.0,Gesundbrunnen,4464.0,34.0
201334,11,1,,2019,11,15,1,3,2,6,0,0,1,0,0,0,0,0,"796440,3565","5831973,494","13,37368","52,55691",1044201.0,Reinickendorfer Straße,4265.0,5.0
201335,11,11,,2019,11,8,3,3,5,3,0,0,1,0,0,0,1,0,"807999,0728","5825553,25","13,5377","52,49296",11051331.0,Karlshorst Nord,6646.0,66.0
201336,11,3,,2019,11,15,1,3,5,3,0,1,1,0,0,0,0,1,"797412,3571","5833971,488","13,38977","52,57429",3040513.0,Schönholz,4470.0,56.0
201337,11,5,,2019,11,14,1,3,0,7,0,0,0,0,1,0,0,1,"789192,9262","5829306,21","13,26476","52,5369",5030833.0,Motardstraße,2559.0,56.0
201338,11,1,,2019,11,15,1,3,5,3,0,0,1,0,0,0,0,0,"796410,011","5832009,174","13,37327","52,55725",1033101.0,Soldiner Straße,4265.0,5.0
201339,11,5,,2019,11,8,3,3,5,7,0,0,1,0,0,0,0,0,"786810,6871","5828194,821","13,22877","52,52819",5010339.0,Freiheit,2056.0,62.0
201340,11,2,,2019,11,8,3,3,2,6,0,0,1,0,0,0,0,0,"800408,0264","5828006,175","13,42845","52,51918",2040502.0,Friedenstraße,5054.0,36.0
201341,11,3,,2019,11,14,1,3,0,1,0,1,0,0,0,0,0,1,"802252,3381","5833053,074","13,46014","52,5634",3051017.0,Rennbahnstraße,5467.0,63.0
201342,11,2,,2019,11,6,1,3,1,5,2,0,1,0,0,0,0,1,"802440,908","5826786,87","13,45721","52,50713",2050802.0,Boxhagener Platz,5450.0,55.0
201343,11,1,,2019,11,8,3,2,5,2,0,1,1,0,0,0,0,0,"796898,817","5828889,314","13,37767","52,52902",1011301.0,Charitéviertel,4257.0,20.0
201344,11,6,,2019,11,21,1,3,2,7,2,0,1,0,0,0,0,1,"789829,8996","5818697,995","13,2649","52,44145",6040807.0,Zehlendorf Eiche,2531.0,61.0
201345,11,4,,2019,11,19,5,3,6,2,2,0,1,1,0,0,0,1,"792321,4281","5825370,776","13,30729","52,49995",4030726.0,Droysenstraße,3248.0,24.0
201346,11,5,,2019,11,18,5,3,5,3,2,0,0,0,1,0,0,1,"782762,9652","5827471,63","13,16865","52,52382",5020523.0,Maulbeerallee,1155.0,58.0
201347,11,12,,2019,11,18,5,3,6,4,2,0,1,1,0,0,0,1,"793204,9502","5832390,59","13,32646","52,5624",12214424.0,Scharnweberstraße,3566.0,39.0
201348,11,9,,2019,11,7,5,3,2,6,0,0,1,0,0,1,0,0,"804015,5772","5821191,457","13,47523","52,4561",9010302.0,Späthsfelde,5735.0,60.0
201349,11,8,,2019,11,6,5,3,6,4,1,0,1,1,0,0,0,0,"800686,5408","5816195,272","13,4219","52,41316",8020727.0,Buckow Mitte,4923.0,62.0
201350,11,3,,2019,11,5,5,3,6,4,2,0,1,1,0,0,0,1,"798435,6999","5831740,81","13,40282","52,55374",3061126.0,Arnimplatz,4664.0,42.0
201351,11,5,,2019,11,7,5,3,5,2,0,0,1,0,0,0,1,0,"784819,226","5829147,346","13,20031","52,53778",5010314.0,Carl-Schurz-Straße,1659.0,46.0
201352,11,3,,2019,11,8,4,3,0,2,0,1,1,0,0,0,0,1,"800154,6978","5836464,77","13,43237","52,59514",3020307.0,Buchholz,5076.0,61.0
201353,11,2,,2019,11,21,4,3,5,3,2,0,1,0,0,0,0,1,"800458,1783","5827591,768","13,42881","52,51544",2040701.0,Andreasviertel,5053.0,45.0
201354,11,11,,2019,11,19,4,3,6,4,2,0,1,1,0,0,0,0,"805340,102","5833267,724","13,50575","52,5636",11010310.0,Mühlengrund,6167.0,41.0
201355,11,3,,2019,11,19,4,3,5,3,2,0,1,0,0,0,0,1,"803468,0251","5838537,195","13,48304","52,61187",3030406.0,Alt-Karow,5881.0,64.0
201356,11,2,,2019,11,17,4,3,4,7,2,1,0,0,0,0,0,1,"799690,4506","5825221,335","13,41539","52,49461",2020206.0,Graefekiez,4847.0,63.0
201357,11,1,,2019,11,17,4,3,5,3,2,1,1,0,0,0,0,1,"796971,3284","5830138,937","13,37985","52,54018",1033202.0,Humboldthain Süd,4360.0,52.0
201358,11,10,,2019,11,17,4,3,5,3,2,0,1,0,0,1,0,1,"812129,434","5828311,568","13,60093","52,51533",10040828.0,Kaulsdorf Nord,7553.0,66.0
201359,11,10,,2019,11,17,4,3,5,2,2,1,1,0,0,0,0,1,"808531,2864","5829984,174","13,54962","52,53237",10010309.0,Springpfuhl,6858.0,59.0
201360,11,5,,2019,11,16,4,3,5,3,2,0,1,0,0,0,0,0,"787940,2308","5830042,034","13,24698","52,54416",5030731.0,Gartenfelder Straße,2361.0,64.0
201361,11,9,,2019,11,22,4,3,0,1,2,0,0,0,0,0,1,0,"804293,7782","5822764,649","13,48075","52,47005",9010301.0,Baumschulenstraße,5839.0,66.0
201362,11,8,,2019,11,22,4,3,0,7,2,0,1,0,1,0,0,0,"801044,9064","5822061,404","13,43243","52,46554",8010118.0,Silbersteinstraße,5038.0,31.0
201363,11,2,,2019,11,19,4,3,0,2,2,0,1,0,1,0,0,1,"797471,968","5824553,361","13,38222","52,48984",2020203.0,Viktoriapark,4345.0,48.0
201364,11,4,,2019,11,21,4,3,5,3,2,0,1,0,0,0,0,0,"792435,4243","5824093,489","13,30785","52,48844",4051445.0,Eisenzahnstraße,3245.0,33.0
201365,11,9,,2019,11,12,4,3,5,3,0,0,1,0,0,0,0,1,"807818,2944","5818416,066","13,52847","52,4291",9020701.0,Adlershof West,6528.0,60.0
201366,11,7,,2019,11,11,4,3,9,1,0,0,1,0,0,0,0,1,"797581,119","5815565,231","13,37581","52,40921",7060604.0,Marienfelde Süd,4222.0,53.0
201367,11,8,,2019,11,10,4,3,2,6,0,1,1,0,0,0,0,1,"802439,0736","5823196,956","13,45392","52,47495",8010404.0,Rixdorf,5441.0,34.0
201368,11,1,,2019,11,10,4,2,2,6,0,1,1,0,0,0,0,1,"797529,2153","5827586,68","13,38577","52,517",1011202.0,Unter den Linden Nord,4353.0,37.0
201369,11,2,,2019,11,10,4,3,5,7,0,1,1,0,0,0,0,1,"802887,7992","5826678,811","13,46367","52,50591",2050802.0,Boxhagener Platz,5550.0,62.0
201370,11,8,,2019,11,10,4,3,0,6,0,0,1,0,1,0,0,1,"801628,0099","5824130,121","13,44286","52,48376",8010301.0,Reuterkiez,5243.0,34.0
201371,11,7,,2019,11,9,4,3,4,7,0,1,0,0,0,0,0,0,"799073,3551","5818818,691","13,40059","52,43756",7050505.0,Hundsteinweg,4630.0,66.0
201372,11,11,,2019,11,9,4,3,6,4,0,0,1,1,0,0,0,1,"804188,8522","5830668,246","13,48643","52,54094",11020514.0,Große-Leege-Straße,5860.0,62.0
201373,11,5,,2019,11,8,4,3,0,1,0,0,0,0,1,0,0,1,"785185,9736","5831351,745","13,2076","52,55735",5010101.0,Hakenfelde Nord,1765.0,64.0
201374,11,4,,2019,11,8,4,2,6,4,0,0,0,1,1,0,0,1,"790335,9028","5826677,885","13,27927","52,51273",4020313.0,Königin-Elisabeth-Straße,2852.0,40.0
201375,11,4,,2019,11,8,4,2,6,2,0,0,0,1,0,1,0,1,"792830,7101","5824334,191","13,31386","52,49038",4051446.0,Preußenpark,3345.0,42.0
201376,11,4,,2019,11,8,4,3,2,6,0,0,1,0,0,0,0,1,"792015,3363","5825978,74","13,30333","52,50556",4030827.0,Karl-August-Platz,3150.0,36.0
201377,11,4,,2019,11,6,4,3,6,4,1,0,1,1,0,0,0,1,"794162,1609","5827016,237","13,33579","52,51371",4030621.0,Spreestadt,3652.0,54.0
201378,11,6,,2019,11,7,4,2,5,2,0,1,1,0,0,0,0,1,"792761,353","5817958,289","13,30725","52,43326",6030610.0,Lichterfelde West,3229.0,58.0
201379,11,7,,2019,11,7,4,3,3,6,2,0,1,0,0,1,0,1,"797357,2763","5815535,572","13,37251","52,40907",7060604.0,Marienfelde Süd,4122.0,63.0
201380,11,4,,2019,11,7,4,3,5,2,0,0,1,0,0,0,1,1,"791475,4752","5828279,733","13,29742","52,52648",4030518.0,Tegeler Weg,3056.0,54.0
201381,11,9,,2019,11,16,4,2,5,3,2,1,1,0,0,0,0,0,"805033,9719","5820664,822","13,4897","52,45081",9010302.0,Späthsfelde,5934.0,54.0
201382,11,4,,2019,11,15,4,3,6,4,1,1,0,1,0,0,0,0,"793942,3317","5825896,636","13,33157","52,50379",4030931.0,Breitscheidplatz,3549.0,24.0
201383,11,12,,2019,11,14,4,3,0,1,0,0,1,0,1,0,0,1,"790554,811","5834541,909","13,28936","52,58311",12214527.0,Alt-Tegel,2973.0,44.0
201384,11,11,,2019,11,14,4,3,6,4,0,0,0,1,0,0,1,1,"804591,754","5831059,06","13,49271","52,54422",11020514.0,Große-Leege-Straße,5961.0,51.0
201385,11,8,,2019,11,13,4,3,4,6,0,0,1,0,0,0,0,1,"801297,0415","5817483,584","13,432","52,42437",8020727.0,Buckow Mitte,5026.0,66.0
201386,11,5,,2019,11,7,4,3,5,2,0,0,1,0,1,0,0,1,"782233,6755","5827613,418","13,16099","52,52537",5020523.0,Maulbeerallee,1056.0,64.0
201387,11,4,,2019,11,7,4,3,0,3,1,1,1,0,0,0,0,1,"794552,6692","5826005,746","13,34063","52,50444",4030931.0,Breitscheidplatz,3750.0,33.0
201388,11,4,,2019,11,6,4,3,6,2,2,0,1,1,0,0,0,1,"790787,13","5827381,817","13,28651","52,5188",4030415.0,Schloßgarten,2954.0,41.0
201389,11,1,,2019,11,9,4,3,3,6,0,1,1,0,0,0,0,1,"798270,6094","5828838,563","13,39778","52,52781",1011302.0,Oranienburger Straße,4556.0,46.0
201390,11,5,,2019,11,6,4,3,7,7,2,1,0,0,0,0,0,1,"787852,6913","5829367,507","13,2451","52,53816",5030731.0,Gartenfelder Straße,2359.0,44.0
201391,11,1,,2019,11,5,4,2,5,2,2,1,1,0,0,0,0,1,"796624,0888","5829798,597","13,37444","52,53732",1033203.0,Humboldthain Nordwest,4259.0,40.0
201392,11,1,,2019,11,4,4,3,0,1,2,0,0,0,0,0,1,1,"798667,9164","5829439,915","13,40416","52,53299",1011402.0,Arkonaplatz,4658.0,28.0
201393,11,3,,2019,11,13,3,3,6,4,0,0,1,1,0,0,0,1,"799478,3364","5829106,72","13,41578","52,52956",3071537.0,Kollwitzplatz,4857.0,54.0
201394,11,1,,2019,11,22,3,3,5,2,2,0,1,0,0,0,1,1,"796989,1207","5831491,733","13,38132","52,5523",1033102.0,Gesundbrunnen,4364.0,39.0
201395,11,1,,2019,11,22,3,2,6,4,2,0,0,1,1,0,0,1,"798027,7951","5828916,918","13,39429","52,52865",1011302.0,Oranienburger Straße,4557.0,40.0
201396,11,4,,2019,11,23,3,3,2,6,2,0,1,0,0,0,0,1,"791525,4013","5828059,33","13,29796","52,52448",4030518.0,Tegeler Weg,3055.0,62.0
201397,11,11,,2019,11,21,3,3,5,3,2,1,1,0,0,0,0,1,"807997,922","5833894,418","13,54541","52,56772",11010103.0,Dorf Falkenberg,6768.0,64.0
201398,11,7,,2019,11,19,3,3,1,5,2,0,1,0,0,0,1,0,"800203,122","5821228,524","13,41933","52,45854",7040406.0,Germaniagarten,4836.0,61.0
201399,11,1,,2019,11,19,3,3,6,7,2,0,1,1,0,0,0,1,"797677,2795","5827911,846","13,38824","52,51983",1011202.0,Unter den Linden Nord,4454.0,36.0
201400,11,5,,2019,11,19,3,3,6,2,2,0,1,1,0,0,0,1,"781830,8224","5830216,768","13,15727","52,54892",5010206.0,Gütersloher Weg,963.0,64.0
201401,11,7,,2019,11,20,3,2,6,2,2,0,1,1,0,0,0,1,"795383,5339","5824017,92","13,35107","52,48617",7020203.0,Kaiser-Wilhelm-Platz,3844.0,58.0
201402,11,3,,2019,11,18,3,3,6,4,2,0,1,1,0,0,0,1,"798431,721","5831801,412","13,40281","52,55428",3061126.0,Arnimplatz,4664.0,42.0
201403,11,10,,2019,11,17,3,3,2,6,2,0,1,0,0,0,0,0,"809333,0434","5832727,959","13,56396","52,55651",10010204.0,Wuhletalstraße,7065.0,59.0
201404,11,7,,2019,11,17,3,3,6,2,2,0,1,1,0,0,0,0,"797290,3461","5821379,545","13,37672","52,46149",7040403.0,Manteuffelstraße,4237.0,59.0
201405,11,8,,2019,11,17,3,2,6,4,1,0,1,1,0,0,0,0,"802381,5316","5819176,281","13,44944","52,43895",8020622.0,Parchimer Allee,5330.0,56.0
201406,11,8,,2019,11,16,3,3,2,6,2,0,1,0,0,1,0,0,"800566,0819","5820560,307","13,42405","52,45235",8020620.0,Tempelhofer Weg,4934.0,62.0
201407,11,11,,2019,11,16,3,3,5,2,2,1,1,0,0,0,0,0,"806577,5673","5827759,133","13,51886","52,51353",11041022.0,Rosenfelder Ring,6352.0,56.0
201408,11,4,,2019,11,15,3,3,5,2,0,0,1,0,0,0,1,0,"790068,3567","5827332,837","13,27591","52,51874",4020310.0,Park Ruhwald,2754.0,42.0
201409,11,4,,2019,11,14,3,3,5,3,0,1,1,0,0,0,0,0,"793687,2508","5826349,208","13,32822","52,50799",4030623.0,Ernst-Reuter-Platz,3551.0,40.0
201410,11,5,,2019,11,15,3,2,0,4,1,0,0,1,1,0,0,0,"785050,8371","5829397,024","13,20393","52,5399",5010314.0,Carl-Schurz-Straße,1660.0,30.0
201411,11,7,,2019,11,19,3,2,1,7,2,0,1,0,0,0,0,0,"800596,2101","5814147,322","13,41873","52,39485",7070704.0,Nahariyastraße,4817.0,59.0
201412,11,7,,2019,11,14,3,3,5,7,0,0,1,0,0,0,0,0,"795878,778","5824525,617","13,3588","52,49046",7020203.0,Kaiser-Wilhelm-Platz,3945.0,34.0
201413,11,9,,2019,11,14,3,3,2,6,0,0,1,0,0,0,0,0,"812035,6125","5820032,99","13,5918","52,4412",9041401.0,Allende I,7431.0,64.0
201414,11,4,,2019,11,14,3,3,5,2,0,0,1,0,0,0,0,0,"793341,4269","5829716,178","13,32611","52,53836",4010102.0,Plötzensee,3559.0,22.0