OBJECTID,LAND,BEZ,LOR_ab_2021,UJAHR,UMONAT,USTUNDE,UWOCHENTAG,UKATEGORIE,UART,UTYP1,ULICHTVERH,IstRad,IstPKW,IstFuss,IstKrad,IstGkfz,IstSonstige,USTRZUSTAND,LINREFX,LINREFY,XGCSWGS84,YGCSWGS84,LOR,STRASSE,quadrant,quadrant_rank
201733,11,3,,2019,12,17,3,3,2,6,2,0,1,0,0,0,0,1,"800767,1351","5830597,635","13,43607","52,54221",3061228.0,Erich-Weinert-Straße,5161.0,52.0
201734,11,3,,2019,12,16,3,3,5,3,2,0,1,0,0,0,0,1,"800086,6489","5831670,999","13,42703","52,55221",3061227.0,Humannplatz,5064.0,24.0
201735,11,1,,2019,12,16,3,3,5,2,2,0,1,0,0,0,0,1,"792736,6597","5828278,835","13,31595","52,5258",1022101.0,Huttenkiez,3356.0,56.0
201736,11,3,,2019,12,15,3,3,5,3,0,1,1,0,0,0,0,1,"799243,0394","5831804,61","13,41475","52,55387",3061126.0,Arnimplatz,4864.0,14.0
201737,11,7,,2019,12,15,3,2,1,5,0,0,1,0,0,0,0,1,"797634,8192","5817302,655","13,37815","52,42475",7060603.0,Marienfelde Nordost,4226.0,61.0
201738,11,1,,2019,12,15,3,3,5,3,0,1,1,0,0,0,0,1,"798296,6319","5827336,243","13,39682","52,51433",1011203.0,Unter den Linden Süd,4552.0,62.0
201739,11,4,,2019,12,15,3,3,2,6,0,0,1,0,0,0,0,0,"792501,911","5824453,776","13,30914","52,49163",4051445.0,Eisenzahnstraße,3246.0,58.0
201740,11,4,,2019,12,14,3,3,5,2,0,1,1,0,0,0,0,0,"791581,4276","5824876,138","13,29599","52,49591",4031032.0,Halensee,3047.0,56.0
201741,11,11,,2019,12,7,3,3,6,2,2,0,1,1,0,0,0,1,"804635,3764","5830506,75","13,49285","52,53925",11020515.0,Landsberger Allee,5960.0,57.0
201742,11,2,,2019,12,13,3,3,1,5,0,1,1,0,0,0,0,1,"797900,4509","5825059,328","13,38896","52,49414",2020204.0,Urbanstraße,4447.0,16.0
201743,11,9,,2019,12,12,3,3,6,6,0,0,1,1,0,0,0,1,"810780,2246","5821272,68","13,57455","52,45303",9051901.0,Dammvorstadt,7135.0,62.0
201744,11,9,,2019,12,11,3,2,5,2,0,1,1,0,0,0,0,0,"809946,5136","5821592,918","13,56262","52,45637",9051901.0,Dammvorstadt,7035.0,48.0
201745,11,2,,2019,12,20,2,2,5,2,2,0,1,0,0,0,0,1,"797126,7259","5823996,387","13,37665","52,48503",2020203.0,Viktoriapark,4244.0,54.0
201746,11,1,,2019,12,21,2,2,3,6,2,1,0,0,0,0,0,1,"796258,7349","5828528,94","13,36794","52,52614",1022206.0,Lüneburger Straße,4156.0,34.0
201747,11,12,,2019,12,16,2,3,1,5,2,1,0,0,0,0,1,0,"790545,8243","5837006,397","13,29139","52,60521",12231101.0,Hermsdorf,2979.0,64.0
201748,11,4,,2019,12,17,2,3,6,2,2,0,1,1,0,0,0,1,"791572,9051","5825112,686","13,29607","52,49804",4031032.0,Halensee,3048.0,43.0
201749,11,4,,2019,12,17,2,3,2,6,2,0,1,0,0,0,0,1,"791269,7091","5830705,135","13,29652","52,54833",4010101.0,Jungfernheide,3062.0,44.0
201750,11,7,,2019,12,17,2,3,6,2,2,0,1,1,0,0,0,1,"796816,4224","5821985,236","13,3703","52,46717",7040402.0,Lindenhofsiedlung,4139.0,53.0
201751,11,2,,2019,12,17,2,3,5,3,2,0,1,0,0,0,1,1,"801250,8799","5827844,736","13,44068","52,51727",2040502.0,Friedenstraße,5253.0,35.0
201752,11,7,,2019,12,17,2,2,6,4,2,0,1,1,0,0,0,1,"795799,8326","5816024,846","13,35011","52,4143",7060604.0,Marienfelde Süd,3823.0,52.0
201753,11,1,,2019,12,16,2,3,2,6,2,1,1,0,0,0,0,1,"797052,9126","5829317,609","13,38032","52,53277",1011301.0,Charitéviertel,4358.0,45.0
201754,11,8,,2019,12,16,2,3,1,5,2,1,1,0,0,0,0,1,"803402,1132","5822522,547","13,46744","52,46837",8010509.0,Schulenburgpark,5639.0,66.0
201755,11,12,,2019,12,16,2,3,5,3,2,0,1,0,0,0,0,1,"792569,71","5833290,412","13,31791","52,57081",12214423.0,Mellerbogen,3369.0,58.0
201756,11,2,,2019,12,16,2,3,5,2,2,0,1,0,0,0,1,1,"800481,6695","5828454,925","13,42993","52,52316",2040502.0,Friedenstraße,5055.0,41.0
201757,11,6,,2019,12,16,2,3,5,2,2,1,1,0,0,0,0,1,"793123,1977","5817653,075","13,31229","52,43033",6020409.0,Königsberger Straße,3228.0,32.0
201758,11,4,,2019,12,16,2,3,2,6,2,0,1,0,0,0,0,1,"792367,4164","5828251,877","13,3105","52,52575",4030519.0,Kaiserin-Augusta-Allee,3256.0,49.0
201759,11,2,,2019,12,15,2,3,0,7,1,1,0,0,0,0,0,1,"802412,6155","5827071,589","13,45705","52,5097",2050802.0,Boxhagener Platz,5451.0,41.0
201760,11,2,,2019,12,16,2,2,6,4,2,0,1,1,0,0,0,1,"798346,1787","5825564,03","13,39596","52,49842",2010102.0,Mehringplatz,4548.0,24.0
201761,11,2,,2019,12,22,2,3,8,1,2,0,1,0,0,0,0,0,"802719,9892","5828222,652","13,46261","52,51984",2050602.0,Samariterviertel,5554.0,57.0
201762,11,8,,2019,12,14,2,3,5,3,0,1,1,0,0,0,0,1,"801061,7087","5824921,98","13,43526","52,49118",8010301.0,Reuterkiez,5146.0,51.0
201763,11,6,,2019,12,14,2,3,2,6,0,0,1,0,0,1,0,0,"795506,6153","5818614,509","13,3481","52,43767",6020303.0,Lankwitz Kirche,3830.0,60.0
201764,11,2,,2019,12,21,2,2,3,6,2,1,1,0,0,0,0,1,"799951,1074","5825475,336","13,41945","52,49675",2010104.0,Wassertorplatz,4847.0,63.0
201765,11,3,,2019,12,19,2,3,5,7,2,0,1,0,0,0,1,1,"802533,6222","5829303,103","13,46086","52,52963",3061430.0,Volkspark Prenzlauer Berg,5557.0,49.0
201766,11,7,,2019,12,13,2,3,2,6,0,0,1,0,0,1,0,0,"799415,1315","5821781,445","13,40826","52,46393",7040405.0,Rathaus Tempelhof,4738.0,58.0
201767,11,6,,2019,12,19,2,3,6,2,2,0,1,1,0,0,0,1,"792634,0147","5821755,27","13,30871","52,46737",6040810.0,Dahlem,3239.0,57.0
201768,11,1,,2019,12,13,2,3,2,6,0,0,1,0,0,1,0,1,"797335,3","5831873,267","13,38675","52,55553",1033102.0,Gesundbrunnen,4464.0,34.0
201769,11,12,,2019,12,12,2,3,0,5,0,0,1,0,0,0,1,1,"792372,7267","5834073,244","13,31571","52,57794",12301203.0,Wittenau Süd,3371.0,40.0
201770,11,3,,2019,12,18,2,2,6,2,2,0,1,1,0,0,0,1,"800957,3686","5831228,115","13,43943","52,54776",3061228.0,Erich-Weinert-Straße,5162.0,47.0
201771,11,3,,2019,12,16,2,3,6,4,2,0,1,1,0,0,0,1,"796056,2504","5835790,922","13,37144","52,59134",3040512.0,Wilhelmsruh,4175.0,66.0
201772,11,9,,2019,12,11,2,3,5,2,0,0,1,0,0,0,0,0,"804105,7701","5823594,677","13,47875","52,47759",9010202.0,Köpenicker Landstraße,5742.0,57.0
201773,11,7,,2019,12,17,2,3,1,5,2,0,1,0,0,0,0,1,"796023,0255","5815973,188","13,35333","52,41371",7060604.0,Marienfelde Süd,3923.0,60.0
201774,11,6,,2019,12,11,2,3,0,3,0,0,0,0,0,0,1,0,"794139,5049","5815988,1","13,32573","52,41486",6020411.0,Schütte-Lanz-Straße,3423.0,64.0
201775,11,4,,2019,12,9,2,3,5,2,0,0,1,0,1,0,0,1,"793564,3737","5827768,619","13,32767","52,52078",4030621.0,Spreestadt,3554.0,52.0
201776,11,4,,2019,12,5,2,3,5,7,2,0,1,0,0,1,0,0,"791452,0004","5825068,603","13,29426","52,49771",4031032.0,Halensee,3048.0,43.0
201777,11,3,,2019,12,5,2,3,5,3,2,1,1,0,0,0,0,0,"803850,8027","5841447,337","13,49135","52,63774",3010101.0,Bucher Forst,5989.0,62.0
201778,11,8,,2019,12,4,2,3,4,6,2,0,1,0,0,0,0,1,"803534,327","5823039,263","13,46985","52,47293",8010508.0,Weiße Siedlung,5640.0,62.0
201779,11,2,,2019,12,2,2,3,6,4,2,0,1,1,0,0,0,0,"802382,6637","5827300,558","13,45682","52,51176",2050802.0,Boxhagener Platz,5452.0,39.0
201780,11,3,,2019,12,17,2,3,5,7,2,1,1,0,0,0,0,1,"797760,2694","5832938,574","13,39396","52,56484",3040614.0,Pankow Zentrum,4567.0,50.0
201781,11,11,,2019,12,7,2,3,5,2,0,1,1,0,0,0,0,0,"807202,691","5823904,841","13,52449","52,47864",11051332.0,Karlshorst Süd,6442.0,53.0
201782,11,7,,2019,12,22,1,3,5,3,2,0,1,0,0,0,0,0,"797870,3308","5821928,962","13,38572","52,4661",7040403.0,Manteuffelstraße,4338.0,47.0
201783,11,1,,2019,12,21,1,3,1,6,2,0,1,0,0,0,1,0,"794355,6596","5830502,768","13,34172","52,54486",1044101.0,Rehberge,3761.0,56.0
201784,11,3,,2019,12,19,1,2,6,4,2,0,0,1,0,0,1,0,"799113,9645","5831778,011","13,41283","52,5537",3061126.0,Arnimplatz,4764.0,60.0
201785,11,5,,2019,12,18,1,3,5,2,2,0,1,0,1,0,0,0,"784590,4669","5827965,905","13,19594","52,5273",5020626.0,Adamstraße,1556.0,46.0
201786,11,11,,2019,12,14,1,3,0,4,0,1,0,1,0,0,0,0,"803896,7869","5827894,7","13,4796","52,51625",11030721.0,Rüdigerstraße,5753.0,54.0
201787,11,8,,2019,12,13,1,3,5,3,0,0,1,0,0,0,0,0,"801256,8032","5822874,906","13,43628","52,47272",8010213.0,Körnerpark,5140.0,55.0
201788,11,3,,2019,12,10,1,3,2,6,0,0,1,0,0,0,0,0,"802079,698","5832793,818","13,45736","52,56117",3051017.0,Rennbahnstraße,5466.0,58.0
201789,11,8,,2019,12,4,1,2,5,3,2,0,1,0,0,0,0,0,"803300,4102","5818517,654","13,46231","52,43253",8040933.0,Vogelviertel Süd,5529.0,57.0
201790,11,2,,2019,12,1,1,2,6,7,2,0,1,1,0,0,0,0,"800711,1855","5828470,544","13,43332","52,52317",2040502.0,Friedenstraße,5055.0,41.0
201791,11,1,,2019,12,1,1,3,5,3,2,0,1,0,0,0,1,0,"799499,8609","5828347,157","13,41541","52,52274",1011303.0,Alexanderplatzviertel,4855.0,25.0
201792,11,2,,2019,11,15,7,3,0,6,0,0,1,0,1,0,0,0,"798671,5546","5825128,383","13,40035","52,49434",2020204.0,Urbanstraße,4647.0,52.0
201793,11,1,,2019,11,12,7,3,5,3,0,1,1,0,0,0,0,0,"795924,4933","5828125,712","13,36267","52,5227",1022206.0,Lüneburger Straße,4055.0,49.0
201794,11,12,,2019,11,0,7,3,2,6,2,0,1,0,0,0,0,0,"790083,5001","5836067,402","13,28376","52,59704",12304314.0,Ziekowstraße/Freie Scholle,2877.0,60.0
201795,11,5,,2019,11,9,7,3,6,2,0,0,1,1,0,0,0,0,"784832,0202","5829236,823","13,20058","52,53857",5010314.0,Carl-Schurz-Straße,1660.0,30.0
201796,11,1,,2019,11,3,7,3,2,6,2,0,1,0,0,0,0,0,"799115,3802","5828989,094","13,41034","52,5287",1011303.0,Alexanderplatzviertel,4757.0,11.0
201797,11,1,,2019,11,23,7,3,1,5,2,1,0,0,0,0,1,0,"797286,191","5829045,714","13,3835","52,53021",1011301.0,Charitéviertel,4357.0,21.0
201798,11,2,,2019,11,19,7,3,5,3,2,0,1,0,1,0,0,0,"802923,4313","5828260,635","13,46564","52,52007",2050602.0,Samariterviertel,5554.0,57.0
201799,11,3,,2019,11,18,7,3,5,2,2,1,1,0,0,0,0,0,"800465,6378","5836192,223","13,4367","52,59252",3020307.0,Buchholz,5175.0,62.0
201800,11,8,,2019,11,18,7,3,5,2,2,0,1,0,0,0,0,0,"800861,3459","5823837,568","13,43134","52,48157",8010211.0,Flughafenstraße,5043.0,50.0
201801,11,5,,2019,11,16,7,3,5,2,1,0,1,0,0,0,0,0,"788032,234","5829372,841","13,24775","52,53811",5030731.0,Gartenfelder Straße,2359.0,44.0
201802,11,12,,2019,11,16,7,3,2,6,1,0,1,0,0,0,0,0,"790155,2313","5835807,309","13,28459","52,59467",12214527.0,Alt-Tegel,2876.0,40.0
201803,11,3,,2019,11,18,7,3,2,6,2,0,1,0,0,0,0,0,"800303,629","5831589,72","13,43015","52,55136",3061228.0,Erich-Weinert-Straße,5063.0,29.0
201804,11,5,,2019,11,14,7,2,6,4,0,0,1,1,0,0,0,0,"784801,2428","5828808,648","13,19976","52,53475",5010314.0,Carl-Schurz-Straße,1658.0,8.0
201805,11,11,,2019,11,12,7,2,5,2,0,0,1,0,0,0,1,0,"803195,2991","5829991,558","13,47121","52,53543",11030617.0,Hohenschönhausener Straße,5659.0,55.0
201806,11,7,,2019,11,14,7,3,2,6,0,0,1,0,0,0,0,0,"797354,2755","5819351,155","13,37585","52,44327",7050501.0,Rathausstraße,4232.0,61.0
201807,11,2,,2019,11,7,7,3,0,7,0,1,0,0,0,0,0,0,"800360,3496","5825763,326","13,42572","52,4991",2030302.0,Lausitzer Platz,4948.0,23.0
201808,11,2,,2019,11,4,7,3,0,1,2,0,0,0,0,0,1,0,"803225,9444","5826324,115","13,46832","52,50254",2050803.0,Stralauer Kiez,5649.0,33.0
201809,11,2,,2019,11,19,7,3,6,2,2,0,1,1,0,0,0,1,"802607,7307","5826135,813","13,45907","52,5012",2050803.0,Stralauer Kiez,5449.0,56.0
201810,11,2,,2019,11,17,6,3,5,2,2,0,1,0,0,0,0,0,"798583,5001","5825563,686","13,39945","52,49829",2010104.0,Wassertorplatz,4548.0,24.0
201811,11,8,,2019,11,19,6,3,5,7,2,0,1,0,0,0,0,1,"803160,0177","5818438,588","13,46018","52,4319",8030829.0,Gropiusstadt Nord,5428.0,49.0
201812,11,5,,2019,11,18,6,3,5,2,2,1,1,0,0,0,0,0,"784837,7366","5829252,838","13,20067","52,53871",5010314.0,Carl-Schurz-Straße,1660.0,30.0
201813,11,5,,2019,11,18,6,3,6,4,2,0,1,1,0,0,0,0,"784651,9776","5829295,435","13,19798","52,53919",5010314.0,Carl-Schurz-Straße,1560.0,63.0
201814,11,8,,2019,11,18,6,3,0,6,2,0,0,0,1,0,1,0,"800927,4615","5822339,734","13,43096","52,4681",8010118.0,Silbersteinstraße,5039.0,34.0
201815,11,2,,2019,11,17,6,3,3,2,1,1,1,0,0,0,0,0,"799443,6293","5825642,334","13,41215","52,49852",2010104.0,Wassertorplatz,4748.0,28.0
201816,11,2,,2019,11,16,6,3,5,2,2,1,1,0,0,0,0,0,"799071,5097","5824566,771","13,40572","52,48909",2020206.0,Graefekiez,4645.0,45.0
201817,11,1,,2019,11,15,6,3,1,5,0,0,1,0,0,1,0,0,"797179,4115","5831370,965","13,38401","52,55111",1033102.0,Gesundbrunnen,4363.0,22.0
201818,11,8,,2019,11,14,6,3,5,3,0,0,1,0,0,0,0,1,"801549,5268","5824662,018","13,44219","52,48858",8010302.0,Bouchéstraße,5245.0,60.0
201819,11,9,,2019,11,12,6,3,0,6,0,0,1,0,1,0,0,1,"818796,0225","5812577,851","13,68383","52,3705",9031202.0,Schmöckwitz/Rauchfangswerder,8810.0,62.0
201820,11,6,,2019,11,12,6,3,5,7,0,0,1,0,0,0,1,0,"789509,3785","5817714,236","13,25934","52,4328",6030503.0,Zehlendorf Mitte,2529.0,40.0
201821,11,1,,2019,11,12,6,3,5,2,0,0,1,0,0,0,0,0,"797766,9202","5829737,431","13,39119","52,53615",1033202.0,Humboldthain Süd,4459.0,28.0
201822,11,6,,2019,11,11,6,3,6,4,0,0,1,1,0,0,0,0,"795132,59","5821236,242","13,34493","52,46137",6010210.0,Bismarckstraße,3737.0,55.0
201823,11,12,,2019,11,11,6,3,5,2,0,0,1,0,0,0,0,0,"790683,8561","5835383,681","13,292","52,59059",12304314.0,Ziekowstraße/Freie Scholle,2975.0,54.0
201824,11,7,,2019,11,11,6,2,1,5,0,0,1,0,0,0,0,0,"796412,4206","5816601,071","13,3596","52,41913",7060601.0,Marienfelder Allee Nordwest,4025.0,60.0
201825,11,2,,2019,11,9,6,3,6,4,0,0,0,1,0,0,1,0,"798057,2035","5826485,516","13,39254","52,50684",2010102.0,Mehringplatz,4450.0,25.0
201826,11,5,,2019,11,9,6,3,2,6,0,0,1,0,0,1,0,0,"787968,431","5830419,775","13,24772","52,54753",5030731.0,Gartenfelder Straße,2362.0,54.0
201827,11,7,,2019,11,9,6,3,5,3,0,1,1,0,0,0,0,0,"794512,8068","5821899,596","13,33642","52,46765",7030302.0,Ceciliengärten,3639.0,45.0
201828,11,2,,2019,11,16,6,2,0,7,2,1,0,0,0,0,0,0,"798277,3548","5825704,866","13,39508","52,49972",2010102.0,Mehringplatz,4548.0,24.0
201829,11,1,,2019,11,9,6,3,2,6,0,0,1,0,0,0,0,0,"796136,4159","5832246,407","13,36946","52,55953",1033101.0,Soldiner Straße,4166.0,53.0
201830,11,7,,2019,11,9,6,3,6,4,0,1,0,1,0,0,0,1,"795872,0152","5825386,683","13,35946","52,49818",7010102.0,Nollendorfplatz,4048.0,46.0
201831,11,2,,2019,11,8,6,3,5,2,0,1,0,0,0,0,1,0,"801221,3527","5828648,384","13,44098","52,52449",2040502.0,Friedenstraße,5255.0,60.0
201832,11,2,,2019,11,8,6,3,6,4,0,1,0,1,0,0,0,1,"798493,4234","5824509,757","13,39718","52,48889",2020205.0,Chamissokiez,4545.0,52.0
201833,11,10,,2019,11,7,6,3,6,4,2,0,1,1,0,0,0,1,"809981,9774","5834056,458","13,57474","52,56804",10010102.0,Havemannstraße,7268.0,62.0
201834,11,5,,2019,11,19,5,3,2,6,2,0,1,0,0,0,0,1,"786626,9872","5829236,496","13,22697","52,53763",5030730.0,Zitadellenweg,2059.0,42.0
201835,11,9,,2019,11,19,5,2,1,5,2,0,1,0,0,0,1,1,"811592,596","5823159,58","13,58823","52,46947",9052001.0,Köpenick Nord,7439.0,66.0
201836,11,4,,2019,11,19,5,3,2,6,2,0,1,0,0,0,0,1,"792711,9199","5825653,058","13,31328","52,50227",4030929.0,Hindemithplatz,3349.0,12.0
201837,11,4,,2019,11,18,5,3,3,6,2,0,1,0,1,0,0,1,"791756,8226","5827499,326","13,30087","52,51933",4030620.0,Alt-Lietzow,3154.0,20.0
201838,11,8,,2019,11,18,5,3,2,3,2,0,1,0,0,0,0,1,"801164,7891","5824106,964","13,43604","52,48381",8010301.0,Reuterkiez,5144.0,42.0
201839,11,1,,2019,11,18,5,2,6,2,2,0,1,1,0,0,0,1,"795607,4112","5830515,309","13,36013","52,5443",1044202.0,Sparrplatz,4061.0,48.0
201840,11,3,,2019,11,19,5,2,6,2,2,0,0,1,0,0,1,0,"798413,1331","5831839,868","13,40258","52,55464",3061126.0,Arnimplatz,4664.0,42.0
201841,11,7,,2019,11,18,5,3,5,2,2,0,1,0,0,0,0,1,"798376,5102","5818418,003","13,39002","52,43435",7050502.0,Fritz-Werner-Straße,4429.0,58.0
201842,11,11,,2019,11,17,5,3,0,6,2,0,1,0,1,0,0,1,"803713,19","5826313,135","13,47546","52,50217",11040925.0,Victoriastadt,5749.0,42.0
201843,11,1,,2019,11,17,5,3,2,6,2,0,1,0,0,0,0,1,"795046,5246","5830331,652","13,35172","52,54295",1044202.0,Sparrplatz,3861.0,37.0
201844,11,11,,2019,11,17,5,3,5,2,2,0,1,0,0,0,0,1,"802884,1494","5831200,461","13,46774","52,54644",11020513.0,Orankesee,5662.0,47.0
201845,11,6,,2019,11,17,5,3,6,2,2,0,1,1,0,0,0,1,"792520,07","5817218,802","13,30307","52,42676",6030608.0,Schweizer Viertel,3127.0,61.0
201846,11,11,,2019,11,17,5,2,6,4,2,1,0,1,0,0,0,1,"805834,7277","5830108,255","13,51011","52,535",11030720.0,Herzbergstraße,6258.0,63.0
201847,11,12,,2019,11,17,5,3,1,5,2,0,1,0,0,0,0,0,"791626,0606","5837854,732","13,30805","52,61224",12231101.0,Hermsdorf,3281.0,66.0
201848,11,1,,2019,11,17,5,3,5,3,2,1,1,0,0,0,0,1,"798049,7537","5829152,3","13,39482","52,53075",1011401.0,Invalidenstraße,4557.0,40.0
201849,11,5,,2019,11,17,5,3,6,4,2,0,1,1,0,0,0,1,"784493,9327","5828880,303","13,1953","52,53555",5010314.0,Carl-Schurz-Straße,1559.0,52.0
201850,11,10,,2019,11,16,5,3,5,3,2,1,1,0,0,0,0,1,"812363,794","5823794,055","13,60014","52,47472",10040933.0,Mahlsdorf Süd,7541.0,59.0
201851,11,10,,2019,11,16,5,3,6,7,2,0,0,1,0,0,1,0,"811167,851","5828452,218","13,58694","52,51714",10020622.0,Kaulsdorf Nord I,7353.0,59.0
201852,11,9,,2019,11,16,5,3,6,4,2,0,1,1,0,0,0,1,"811431,1448","5820226,984","13,58312","52,44328",9041501.0,Altstadt Kietz,7332.0,60.0
201853,11,1,,2019,11,15,5,3,5,2,0,1,1,0,0,0,0,0,"799108,7869","5828466,04","13,40977","52,52402",1011303.0,Alexanderplatzviertel,4755.0,4.0
201854,11,10,,2019,11,14,5,3,6,4,0,0,1,1,0,0,0,0,"810001,8318","5833209,455","13,57424","52,56044",10010204.0,Wuhletalstraße,7166.0,66.0
201855,11,4,,2019,11,21,5,3,5,2,2,1,1,0,0,0,0,1,"793308,3703","5823915,97","13,32051","52,48638",4051549.0,Rathaus Wilmersdorf,3444.0,24.0
201856,11,9,,2019,11,12,5,3,1,5,0,0,1,0,0,0,0,0,"807404,1085","5819022,965","13,52295","52,43477",9020701.0,Adlershof West,6429.0,66.0
201857,11,12,,2019,11,13,5,3,2,6,0,0,1,0,0,0,0,1,"794333,6248","5835477,921","13,34581","52,58947",12103218.0,Teichstraße,3774.0,53.0
201858,11,3,,2019,11,13,5,3,7,7,0,1,0,0,0,0,0,0,"799388,0183","5830035,769","13,41529","52,53793",3071537.0,Kollwitzplatz,4859.0,52.0
201859,11,11,,2019,11,12,5,3,5,2,0,0,1,0,0,0,0,0,"805561,0154","5827267,36","13,50348","52,5097",11040926.0,Weitlingstraße,6151.0,48.0
201860,11,5,,2019,11,12,5,3,2,3,0,0,1,0,1,0,0,0,"782969,5624","5830876,682","13,17459","52,55425",5010207.0,Darbystraße,1264.0,66.0
201861,11,4,,2019,11,20,5,3,5,7,2,0,1,0,1,0,0,1,"792209,5688","5824076,467","13,30452","52,48841",4051445.0,Eisenzahnstraße,3145.0,38.0
201862,11,9,,2019,11,12,5,3,5,7,0,0,1,0,0,1,0,0,"806764,5003","5823073,932","13,51729","52,47144",9020501.0,Oberschöneweide West,6340.0,64.0
201863,11,9,,2019,11,20,5,3,5,3,2,1,1,0,0,0,0,1,"804463,6843","5823218,044","13,48366","52,47402",9010202.0,Köpenicker Landstraße,5841.0,59.0
201864,11,2,,2019,11,11,5,3,5,7,0,1,1,0,0,0,0,0,"800868,9969","5825858,356","13,43328","52,49967",2030302.0,Lausitzer Platz,5048.0,24.0
201865,11,12,,2019,11,10,5,3,5,2,0,1,1,0,0,0,0,0,"793550,331","5832378,687","13,33153","52,56211",12214424.0,Scharnweberstraße,3566.0,39.0
201866,11,11,,2019,11,10,5,3,6,2,0,0,0,1,0,1,0,0,"805541,15","5833383,135","13,50881","52,56452",11010310.0,Mühlengrund,6267.0,58.0
201867,11,3,,2019,11,10,5,3,1,5,0,1,0,0,0,0,1,0,"800200,3648","5836790,939","13,43334","52,59803",3020307.0,Buchholz,5077.0,64.0
201868,11,10,,2019,11,8,5,3,5,3,0,1,1,0,0,0,0,0,"812686,6434","5831086,145","13,61172","52,53988",10020415.0,Hellersdorfer Promenade,7760.0,63.0
201869,11,5,,2019,11,8,5,3,2,6,0,0,1,0,0,0,0,0,"783930,4335","5823390,151","13,18233","52,48662",5040934.0,Alt-Gatow,1344.0,62.0
201870,11,2,,2019,11,7,5,3,6,4,0,1,1,1,0,0,0,1,"800526,0879","5826324,828","13,42866","52,50404",2030302.0,Lausitzer Platz,5049.0,52.0
201871,11,5,,2019,11,5,5,3,5,2,2,1,1,0,0,0,0,1,"787712,0704","5829413,393","13,24308","52,53864",5030731.0,Gartenfelder Straße,2260.0,56.0
201872,11,7,,2019,11,18,4,3,2,7,2,1,1,0,0,0,0,1,"795392,8165","5825166,826","13,35223","52,49647",7010102.0,Nollendorfplatz,3847.0,40.0
201873,11,7,,2019,11,17,4,3,6,6,2,1,0,1,0,0,0,0,"798269,3576","5821298,21","13,39102","52,46023",7040405.0,Rathaus Tempelhof,4437.0,60.0
201874,11,3,,2019,11,19,4,3,5,3,2,0,1,0,0,0,0,1,"801152,6118","5831119,916","13,44221","52,54668",3061228.0,Erich-Weinert-Straße,5262.0,43.0
201875,11,8,,2019,11,20,4,3,1,5,2,1,1,0,0,0,0,0,"801205,5016","5822209,869","13,43492","52,46679",8010214.0,Glasower Straße,5139.0,41.0
201876,11,8,,2019,11,16,4,3,6,2,1,0,1,1,0,0,0,1,"800320,787","5816737,208","13,41702","52,41822",8020727.0,Buckow Mitte,4824.0,53.0
201877,11,1,,2019,11,19,4,2,1,5,2,0,1,0,0,0,1,1,"797373,7404","5832441,4","13,38783","52,5606",1033101.0,Soldiner Straße,4466.0,58.0
201878,11,8,,2019,11,19,4,3,6,4,2,0,1,1,0,0,0,1,"802530,5777","5822956,54","13,45505","52,47275",8010404.0,Rixdorf,5440.0,58.0
201879,11,9,,2019,11,19,4,3,2,6,2,0,1,0,0,0,0,1,"803657,29","5820714,047","13,46954","52,45202",9010302.0,Späthsfelde,5634.0,65.0
201880,11,6,,2019,11,18,4,3,6,2,2,0,1,1,0,0,0,1,"794588,2938","5818541,439","13,33456","52,43751",6020302.0,Komponistenviertel Lankwitz,3630.0,64.0
201881,11,3,,2019,12,8,6,3,5,3,0,1,1,0,0,0,0,1,"800769,3757","5831333,89","13,43677","52,54881",3061228.0,Erich-Weinert-Straße,5163.0,58.0
201882,11,4,,2019,11,18,4,3,5,2,2,0,1,0,0,0,0,1,"793353,1881","5829678,56","13,32625","52,53801",4010102.0,Plötzensee,3559.0,22.0
201883,11,8,,2019,11,18,4,3,8,1,2,0,1,0,0,0,0,1,"800990,1625","5820824,07","13,43051","52,45448",8020620.0,Tempelhofer Weg,5035.0,60.0
201884,11,6,,2019,12,8,6,3,5,7,0,0,0,0,1,0,1,0,"788699,1291","5816806,625","13,24667","52,4251",6030501.0,Berlepschstraße,2326.0,65.0
201885,11,3,,2019,11,17,4,3,2,6,2,0,1,0,0,0,0,1,"801190,1252","5831052,351","13,4427","52,54605",3061228.0,Erich-Weinert-Straße,5262.0,43.0
201886,11,7,,2019,12,5,6,3,5,3,2,0,1,0,0,0,0,0,"799944,9001","5815827,782","13,4107","52,41027",7070702.0,Alt-Lichtenrade/Töpchiner Weg,4722.0,66.0
201887,11,4,,2019,11,17,4,3,5,2,2,1,1,0,0,0,0,1,"792146,9613","5824075,564","13,3036","52,48843",4051445.0,Eisenzahnstraße,3145.0,38.0
201888,11,12,,2019,11,17,4,3,6,4,2,0,1,1,0,0,0,1,"793926,9748","5835287,212","13,33965","52,58798",12301203.0,Wittenau Süd,3774.0,53.0
201889,11,4,,2019,12,6,6,3,2,6,0,0,1,0,0,0,0,1,"791187,1954","5824718,827","13,29006","52,49471",4031032.0,Halensee,2947.0,18.0
201890,11,7,,2019,11,17,4,3,5,7,2,0,1,0,1,0,0,1,"798430,5222","5820499,058","13,39267","52,45297",7050503.0,Eisenacher Straße,4434.0,65.0
201891,11,7,,2019,11,17,4,3,5,3,2,0,1,0,0,0,0,1,"796063,4862","5822856,738","13,36003","52,4754",7030303.0,Grazer Platz,4041.0,37.0
201892,11,6,,2019,11,17,4,3,5,3,2,1,1,0,0,0,0,1,"793950,5983","5820445,077","13,32688","52,45492",6010207.0,Mittelstraße,3535.0,50.0