OBJECTID,LAND,BEZ,LOR_ab_2021,UJAHR,UMONAT,USTUNDE,UWOCHENTAG,UKATEGORIE,UART,UTYP1,ULICHTVERH,IstRad,IstPKW,IstFuss,IstKrad,IstGkfz,IstSonstige,USTRZUSTAND,LINREFX,LINREFY,XGCSWGS84,YGCSWGS84,LOR,STRASSE,quadrant,quadrant_rank
202373,11,5,,2019,12,18,7,3,5,2,2,1,1,0,0,0,0,1,"787938,6055","5827887,629","13,24509","52,52484",5010339.0,Freiheit,2356.0,61.0
202374,11,2,,2019,12,20,6,3,6,4,2,0,0,1,0,0,1,0,"797505,209","5824003,044","13,38221","52,48489",2020203.0,Viktoriapark,4344.0,28.0
202375,11,10,,2019,12,16,2,3,2,6,2,0,1,0,0,0,0,2,"810356,8533","5831816,03","13,57816","52,54775",10010311.0,Landsberger Tor,7262.0,61.0
202376,11,9,,2019,12,20,6,3,6,4,2,0,0,1,0,0,1,1,"807701,3701","5817727,85","13,52612","52,423",9030901.0,Dorf Altglienicke,6426.0,51.0
202377,11,8,,2019,12,14,2,2,0,3,0,0,0,0,1,0,1,1,"805256,4531","5817385,557","13,48996","52,4213",8041037.0,Alt-Rudow,5925.0,47.0
202378,11,2,,2019,12,13,2,3,2,6,0,0,1,0,0,0,0,0,"798322,6994","5825114,179","13,39521","52,4944",2020204.0,Urbanstraße,4547.0,11.0
202379,11,12,,2019,12,20,6,2,4,6,2,1,0,0,0,0,0,0,"787228,2787","5836084,627","13,24174","52,59871",12224230.0,Heiligensee,2277.0,66.0
202380,11,3,,2019,12,12,2,3,9,1,0,0,1,0,0,0,1,1,"800914,6622","5829196,318","13,43697","52,52957",3071639.0,Bötzowstraße,5157.0,60.0
202381,11,7,,2019,12,16,6,3,6,4,2,1,0,1,0,0,0,1,"795079,1756","5825806,797","13,34819","52,50237",7010102.0,Nollendorfplatz,3849.0,22.0
202382,11,4,,2019,12,9,2,3,2,6,0,0,1,0,0,0,0,0,"793311,5968","5823898,701","13,32054","52,48622",4051549.0,Rathaus Wilmersdorf,3444.0,24.0
202383,11,10,,2019,12,18,1,3,5,3,2,0,1,0,0,0,1,1,"806330,9182","5830178,569","13,51747","52,53535",10010308.0,Marzahner Chaussee,6359.0,27.0
202384,11,6,,2019,12,17,6,3,6,2,2,0,1,1,0,0,0,1,"793263,586","5819084,045","13,31561","52,44309",6030609.0,Augustaplatz,3332.0,58.0
202385,11,12,,2019,12,17,6,3,6,4,2,0,1,1,0,0,0,1,"793386,013","5837768,309","13,33389","52,61051",12302212.0,Rollbergesiedlung,3681.0,62.0
202386,11,4,,2019,12,2,1,3,5,3,2,0,1,0,0,0,0,1,"793075,724","5825004,254","13,31805","52,49626",4051446.0,Preußenpark,3347.0,62.0
202387,11,9,,2019,12,17,6,3,6,4,2,0,1,1,0,0,0,1,"811039,3435","5821968,707","13,579","52,45912",9052001.0,Köpenick Nord,7236.0,45.0
202388,11,1,,2019,12,17,6,3,0,2,2,0,1,1,0,0,0,1,"798310,1139","5829387,754","13,39886","52,53272",1011402.0,Arkonaplatz,4558.0,14.0
202389,11,12,,2019,12,17,6,3,6,2,2,0,1,1,0,0,0,1,"795612,3387","5833076,894","13,36249","52,56725",12103219.0,Schäfersee,4068.0,46.0
202390,11,3,,2019,12,17,6,3,6,4,2,0,1,1,0,0,0,1,"801392,584","5831509,618","13,44609","52,55004",3050924.0,Behaimstraße,5263.0,52.0
202391,11,4,,2019,12,15,6,3,5,2,1,1,1,0,0,0,0,1,"793334,31","5823067,532","13,32015","52,47876",4051551.0,Brabanter Platz,3442.0,43.0
202392,11,8,,2019,12,17,1,2,1,5,2,0,1,0,0,1,0,1,"805892,7135","5816925,332","13,49887","52,41682",8041040.0,Waltersdorfer Chaussee Ost,6024.0,50.0
202393,11,4,,2019,12,19,1,3,5,3,2,1,1,0,0,0,0,1,"792819,0727","5821879,015","13,31154","52,46838",4041344.0,Rüdesheimer Platz,3239.0,57.0
202394,11,10,,2019,12,16,6,3,5,3,2,1,1,0,0,0,0,1,"809874,8432","5831436,647","13,57072","52,54463",10010310.0,Alt-Marzahn,7161.0,66.0
202395,11,8,,2019,12,16,6,3,2,6,2,0,1,0,0,0,0,1,"801212,7906","5817164,724","13,43048","52,42156",8020727.0,Buckow Mitte,5025.0,57.0
202396,11,6,,2019,12,16,6,3,8,1,2,0,1,0,0,0,0,1,"793030,9625","5818150,574","13,31138","52,43484",6030609.0,Augustaplatz,3229.0,58.0
202397,11,12,,2019,12,19,1,3,2,6,2,0,1,0,0,0,0,0,"791176,3407","5830884,699","13,2953","52,54999",12214125.0,Waldidyll/Flughafensee,3063.0,49.0
202398,11,1,,2019,12,16,6,3,2,6,2,0,1,0,0,0,1,1,"796461,0561","5831649,509","13,3737","52,554",1044201.0,Reinickendorfer Straße,4264.0,38.0
202399,11,6,,2019,12,17,1,3,5,3,2,0,1,0,0,0,0,1,"789719,2386","5818444,227","13,26305","52,43924",6040807.0,Zehlendorf Eiche,2530.0,60.0
202400,11,6,,2019,12,12,6,2,2,7,0,0,1,0,0,0,0,1,"791014,0188","5818627,909","13,28221","52,4402",6030503.0,Zehlendorf Mitte,2831.0,52.0
202401,11,9,,2019,12,22,6,3,6,2,2,0,1,1,0,0,0,1,"812066,9852","5821206,835","13,59336","52,4517",9051901.0,Dammvorstadt,7434.0,57.0
202402,11,6,,2019,12,17,1,3,6,7,2,1,0,1,0,0,0,1,"787629,3641","5818129,555","13,23212","52,43752",6040804.0,Krumme Lanke,2130.0,45.0
202403,11,2,,2019,12,21,6,3,6,2,2,0,1,1,0,0,0,1,"799032,7271","5826075,067","13,4065","52,50263",2010103.0,Moritzplatz,4749.0,23.0
202404,11,4,,2019,12,20,6,3,5,7,2,0,1,0,0,0,1,1,"792357,4517","5828664,444","13,31072","52,52946",4030519.0,Kaiserin-Augusta-Allee,3257.0,57.0
202405,11,10,,2019,12,19,6,3,2,6,2,0,1,0,0,0,0,1,"809496,3944","5831430,625","13,56515","52,54479",10010310.0,Alt-Marzahn,7061.0,57.0
202406,11,4,,2019,12,16,1,3,5,3,2,0,1,0,0,0,0,0,"791209,4445","5829731,007","13,29478","52,53963",4010101.0,Jungfernheide,3060.0,36.0
202407,11,9,,2019,12,19,6,3,5,3,2,0,1,0,0,0,0,1,"807709,5473","5818115,241","13,5266","52,42647",9020701.0,Adlershof West,6427.0,48.0
202408,11,6,,2019,12,19,6,3,5,3,2,0,1,0,0,0,0,1,"793470,5239","5820167,247","13,31959","52,45268",6010207.0,Mittelstraße,3434.0,57.0
202409,11,8,,2019,12,14,1,3,5,3,0,1,1,0,0,0,0,1,"800548,8694","5824778,16","13,4276","52,49017",8010301.0,Reuterkiez,5045.0,46.0
202410,11,8,,2019,12,19,6,3,2,6,2,0,1,0,0,0,0,1,"801757,9517","5822043,234","13,44288","52,46499",8010214.0,Glasower Straße,5238.0,46.0
202411,11,8,,2019,12,14,1,2,5,2,0,0,1,0,0,0,0,1,"806239,8661","5816367,322","13,50345","52,41162",8041038.0,Waßmannsdorfer Chaussee,6122.0,64.0
202412,11,7,,2019,12,19,6,3,0,4,2,1,0,1,0,0,0,1,"795024,2116","5823837,194","13,34564","52,48475",7020203.0,Kaiser-Wilhelm-Platz,3744.0,45.0
202413,11,4,,2019,12,18,6,3,2,6,2,0,1,0,0,0,0,1,"790570,5711","5827354,22","13,28331","52,51867",4020310.0,Park Ruhwald,2854.0,17.0
202414,11,4,,2019,12,13,1,3,2,6,0,0,1,0,0,0,0,1,"790385,3998","5829032,04","13,28205","52,53381",5030833.0,Motardstraße,2858.0,52.0
202415,11,12,,2019,12,11,1,3,5,2,0,0,1,0,0,0,0,1,"791167,2519","5834028,102","13,29793","52,57818",12214125.0,Waldidyll/Flughafensee,3071.0,39.0
202416,11,12,,2019,12,18,6,3,6,4,2,0,1,1,0,0,0,1,"791262,756","5836437,614","13,30145","52,59973",12304314.0,Ziekowstraße/Freie Scholle,3177.0,62.0
202417,11,4,,2019,12,18,6,3,0,7,2,0,1,0,0,0,0,1,"791588,2801","5825300,547","13,29646","52,49971",4031032.0,Halensee,3048.0,43.0
202418,11,9,,2019,12,6,1,3,8,1,2,0,1,0,0,0,0,2,"805509,3872","5821509,585","13,49744","52,45812",9010401.0,Johannisthal West,6036.0,59.0
202419,11,4,,2019,12,5,1,3,9,1,2,0,1,0,0,0,0,1,"793516,7098","5826486,229","13,32584","52,50931",4030623.0,Ernst-Reuter-Platz,3551.0,40.0
202420,11,4,,2019,12,18,6,2,6,4,2,1,0,1,0,0,0,1,"791528,3914","5822489,752","13,29312","52,47455",4041241.0,Breite Straße,3041.0,60.0
202421,11,5,,2019,12,16,6,2,6,2,2,0,1,1,0,0,0,1,"789210,131","5829267,959","13,26498","52,53655",5030833.0,Motardstraße,2559.0,56.0
202422,11,4,,2019,12,16,6,2,0,7,2,1,0,0,0,0,0,1,"792660,2197","5825767,023","13,31262","52,50332",4030929.0,Hindemithplatz,3349.0,12.0
202423,11,9,,2019,12,5,1,3,9,1,2,0,1,0,0,0,0,1,"813786,8915","5818810,987","13,61634","52,42925",9041301.0,Kietzer Feld/Nachtheide,7828.0,64.0
202424,11,2,,2019,12,14,6,3,5,3,0,0,1,0,0,0,0,1,"802556,1195","5827390,821","13,45945","52,51248",2050801.0,Traveplatz,5452.0,39.0
202425,11,1,,2019,12,1,1,2,5,3,2,1,1,0,0,0,0,1,"799730,1518","5827539,762","13,41807","52,51537",1011304.0,Karl-Marx-Allee,4853.0,18.0
202426,11,9,,2019,12,14,6,3,5,2,0,1,1,0,0,0,0,1,"807990,7561","5815469,408","13,52828","52,40259",9030902.0,Wohngebiet II,6520.0,66.0
202427,11,4,,2019,12,10,6,3,5,3,0,1,1,0,0,0,0,1,"790282,5033","5824205,667","13,27633","52,49059",4041134.0,Bismarckallee,2745.0,64.0
202428,11,3,,2019,12,12,1,3,2,6,0,0,1,0,0,0,0,0,"801100,5334","5834663,613","13,44466","52,57847",3030715.0,Heinersdorf,5271.0,64.0
202429,11,11,,2019,12,9,6,3,5,3,0,0,1,0,0,0,0,1,"804690,2383","5826668,96","13,49014","52,50482",11040926.0,Weitlingstraße,5950.0,66.0
202430,11,4,,2019,12,9,6,3,6,4,0,0,1,1,0,0,0,1,"790695,9009","5822714,865","13,2811","52,47701",4041136.0,Hagenplatz,2842.0,47.0
202431,11,8,,2019,12,8,6,3,5,7,0,1,1,0,0,0,0,0,"801172,7026","5822731,32","13,43491","52,47148",8010213.0,Körnerpark,5140.0,55.0
202432,11,11,,2019,12,0,1,1,6,4,2,0,1,1,0,0,0,1,"806129,6254","5830144,447","13,51448","52,53516",11030720.0,Herzbergstraße,6359.0,27.0
202433,11,8,,2019,12,14,7,2,5,7,0,0,1,0,1,0,0,1,"801545,281","5824656,689","13,44212","52,48853",8010302.0,Bouchéstraße,5245.0,60.0
202434,11,2,,2019,12,8,6,3,0,1,0,1,0,0,0,0,0,0,"800154,1611","5824656,594","13,4217","52,4893",2020206.0,Graefekiez,4945.0,47.0
202435,11,8,,2019,12,14,2,3,5,3,0,0,1,0,0,0,0,0,"805259,2708","5817236,945","13,48987","52,41997",8041036.0,Zittauer Straße,5925.0,47.0
202436,11,8,,2019,12,13,2,3,1,5,0,1,1,0,0,0,0,0,"800712,8859","5823798,449","13,42913","52,4813",8010211.0,Flughafenstraße,5043.0,50.0
202437,11,12,,2019,12,11,2,3,5,3,0,0,1,0,0,0,0,0,"796698,9583","5833013,311","13,37842","52,56609",12103117.0,Letteplatz,4268.0,58.0
202438,11,8,,2019,12,10,2,3,5,2,0,0,1,0,1,0,0,0,"801020,6419","5823900,756","13,43374","52,48204",8010303.0,Donaustraße,5143.0,6.0
202439,11,4,,2019,12,8,2,3,6,4,0,0,0,1,1,0,0,0,"792767,3422","5830589,59","13,31844","52,54649",4010102.0,Plötzensee,3362.0,60.0
202440,11,6,,2019,12,21,2,2,5,3,2,0,1,0,0,1,0,0,"794482,9597","5816586,098","13,3313","52,42004",6020410.0,Oberhofer Platz,3525.0,66.0
202441,11,9,,2019,12,6,2,2,0,1,2,1,0,0,0,0,0,0,"806522,6645","5822605,728","13,51332","52,46738",9020501.0,Oberschöneweide West,6239.0,62.0
202442,11,8,,2019,12,16,1,3,6,7,2,0,1,1,0,0,0,0,"803392,0594","5817533,829","13,46277","52,42367",8030831.0,Gropiusstadt Ost,5526.0,58.0
202443,11,11,,2019,12,15,1,3,5,3,0,0,1,0,0,0,0,0,"803410,3577","5826620,938","13,4713","52,5051",11040925.0,Victoriastadt,5650.0,43.0
202444,11,4,,2019,12,14,1,3,2,6,0,0,1,0,0,0,0,0,"791685,308","5823702,264","13,29649","52,48533",4041238.0,Kissinger Straße,3044.0,50.0
202445,11,6,,2019,12,4,1,3,5,3,2,0,1,0,0,0,0,0,"795662,8328","5818244,407","13,35006","52,43427",6020303.0,Lankwitz Kirche,3829.0,50.0
202446,11,4,,2019,12,2,1,3,1,5,2,0,1,0,0,0,0,0,"792139,7349","5826114,513","13,30528","52,50671",4030827.0,Karl-August-Platz,3150.0,36.0
202447,11,11,,2019,12,21,7,2,6,4,2,0,1,1,0,0,0,0,"806882,0673","5832599,053","13,5278","52,55674",11010205.0,Falkenberg West,6565.0,55.0
202448,11,1,,2019,12,21,7,3,1,5,2,0,1,0,0,0,1,0,"798641,4761","5828885,229","13,40328","52,52803",1011302.0,Oranienburger Straße,4656.0,41.0
202449,11,8,,2019,12,20,7,3,2,2,2,0,1,0,0,0,0,1,"803172,2454","5821961,847","13,46356","52,46348",8010510.0,Gewerbegebiet Köllnische Heide,5538.0,64.0
202450,11,1,,2019,12,17,7,3,6,7,2,0,1,1,0,0,0,0,"796836,9495","5831562,889","13,37915","52,55302",1044201.0,Reinickendorfer Straße,4264.0,38.0
202451,11,1,,2019,12,16,7,3,0,1,2,1,0,0,0,0,0,0,"795998,1443","5828687,65","13,36425","52,5277",1022205.0,Zillesiedlung,4056.0,47.0
202452,11,7,,2019,12,17,7,3,6,4,2,0,1,1,0,0,0,0,"798020,0347","5821181,453","13,38725","52,45931",7040405.0,Rathaus Tempelhof,4436.0,56.0
202453,11,2,,2019,12,15,7,3,6,3,0,1,0,1,0,0,0,0,"800734,159","5828488,312","13,43367","52,52332",2040502.0,Friedenstraße,5155.0,43.0
202454,11,6,,2019,12,14,7,3,6,4,0,0,1,1,0,0,0,0,"795879,6559","5819859,13","13,35467","52,44862",6010205.0,Südende,3933.0,51.0
202455,11,8,,2019,12,13,7,3,5,3,0,0,1,0,0,0,1,0,"803003,7524","5819891,92","13,45921","52,44502",8020623.0,Ortolanweg,5432.0,66.0
202456,11,1,,2019,12,12,7,3,5,3,0,0,0,0,0,0,1,0,"798668,3023","5828150,346","13,40301","52,52143",1011303.0,Alexanderplatzviertel,4655.0,41.0
202457,11,4,,2019,12,12,7,3,5,7,0,0,1,0,1,0,0,0,"791745,9242","5827246,031","13,30048","52,51707",4030417.0,Schloßstraße,3153.0,49.0
202458,11,8,,2019,12,12,7,3,6,4,0,0,1,1,0,0,0,0,"800887,1957","5824280,219","13,43212","52,48552",8010301.0,Reuterkiez,5044.0,14.0
202459,11,2,,2019,12,7,7,3,5,3,2,1,1,0,0,0,0,0,"801155,9098","5825955,241","13,43758","52,50038",2030302.0,Lausitzer Platz,5148.0,51.0
202460,11,8,,2019,12,23,7,2,0,1,2,1,0,0,0,0,0,0,"800848,2109","5824514,695","13,43176","52,48764",8010301.0,Reuterkiez,5045.0,46.0
202461,11,1,,2019,12,0,7,2,5,3,2,0,1,0,0,0,1,0,"799648,7025","5827039,634","13,41642","52,51093",1011305.0,Heine-Viertel West,4851.0,50.0
202462,11,4,,2019,12,0,6,2,8,1,2,0,1,0,0,0,0,1,"792747,344","5827036,616","13,31502","52,51465",4030620.0,Alt-Lietzow,3353.0,38.0
202463,11,1,,2019,12,16,6,3,5,3,2,1,1,0,0,0,0,0,"795130,1952","5829614,96","13,35232","52,53648",1022103.0,Westhafen,3859.0,62.0
202464,11,2,,2019,12,13,6,3,0,7,0,0,1,0,0,0,0,0,"799506,9887","5824517,295","13,41207","52,4884",2020206.0,Graefekiez,4745.0,46.0
202465,11,9,,2019,12,10,6,3,3,6,0,1,1,0,0,0,0,1,"810798,3568","5822472,423","13,57593","52,46377",9052001.0,Köpenick Nord,7238.0,66.0
202466,11,7,,2019,12,10,6,3,0,3,0,0,0,0,1,0,1,1,"795069,6735","5821620,117","13,34434","52,46485",7030303.0,Grazer Platz,3738.0,53.0
202467,11,2,,2019,12,9,6,3,8,1,0,0,1,0,0,0,0,1,"798706,7547","5824670,025","13,40045","52,49021",2020204.0,Urbanstraße,4645.0,45.0
202468,11,4,,2019,12,7,6,3,5,3,1,1,0,0,0,0,1,0,"790853,0404","5823648,413","13,28422","52,48529",4041134.0,Bismarckallee,2844.0,55.0
202469,11,1,,2019,12,21,6,3,2,6,2,0,1,0,0,0,0,1,"795841,8159","5826022,823","13,35958","52,5039",1011103.0,Lützowstraße,4049.0,39.0
202470,11,5,,2019,12,20,6,3,6,2,2,0,1,1,0,0,0,1,"785200,787","5830989,067","13,2075","52,55409",5010311.0,Eiswerder,1764.0,58.0
202471,11,4,,2019,12,19,6,3,1,5,2,1,1,0,0,0,0,0,"792983,1748","5822335,656","13,31435","52,47239",4041344.0,Rüdesheimer Platz,3340.0,62.0
202472,11,8,,2019,12,17,6,3,2,6,2,0,1,0,0,0,0,1,"801367,4298","5819295,065","13,43467","52,44057",8020622.0,Parchimer Allee,5131.0,45.0
202473,11,7,,2019,12,17,6,3,5,3,2,1,1,0,0,0,0,1,"796273,1528","5823229,024","13,36344","52,47862",7020204.0,Schöneberger Insel,4042.0,56.0
202474,11,11,,2019,12,16,6,3,5,3,2,0,1,0,0,0,0,1,"805141,3927","5829994,533","13,49982","52,53437",11030720.0,Herzbergstraße,6058.0,52.0
202475,11,9,,2019,12,19,6,2,6,4,2,0,1,1,0,0,0,1,"814202,1797","5821282,295","13,62475","52,45116",9051702.0,Bölschestraße,7934.0,54.0
202476,11,3,,2019,12,14,6,2,0,1,0,1,0,0,0,0,0,1,"798043,3684","5833591,008","13,39871","52,57054",3040513.0,Schönholz,4569.0,47.0
202477,11,6,,2019,12,9,6,2,5,3,0,1,1,0,0,0,0,1,"789992,8808","5819150,955","13,26768","52,44543",6040807.0,Zehlendorf Eiche,2632.0,59.0
202478,11,12,,2019,12,17,5,3,2,2,2,1,1,0,0,0,0,1,"795892,0684","5833185,194","13,3667","52,56807",12103116.0,Hausotterplatz,4168.0,58.0
202479,11,8,,2019,12,20,5,3,5,3,2,0,1,0,0,0,0,1,"802483,9387","5823139,997","13,45453","52,47442",8010404.0,Rixdorf,5441.0,34.0
202480,11,10,,2019,12,17,5,3,5,2,2,0,1,0,0,0,0,1,"811142,72","5829166,158","13,58723","52,52356",10020622.0,Kaulsdorf Nord I,7355.0,51.0
202481,11,11,,2019,12,17,5,3,5,3,2,0,1,0,0,0,0,1,"804684,0909","5830729,188","13,49377","52,54121",11020514.0,Große-Leege-Straße,5960.0,57.0
202482,11,11,,2019,12,17,5,3,2,6,2,0,1,0,1,0,0,1,"803731,8712","5826229,116","13,47566","52,50141",11051229.0,Rummelsburg,5749.0,42.0
202483,11,8,,2019,12,16,5,3,5,3,2,0,1,0,0,0,0,1,"800670,1395","5824245,421","13,4289","52,48533",8010303.0,Donaustraße,5044.0,14.0
202484,11,1,,2019,12,11,5,3,0,1,0,0,1,0,1,0,0,1,"798304,308","5830113,415","13,39942","52,53922",1033201.0,Brunnenstraße,4560.0,49.0
202485,11,9,,2019,12,9,5,3,0,1,0,1,0,0,0,0,0,1,"814202,7415","5821334,285","13,62481","52,45162",9051702.0,Bölschestraße,7934.0,54.0
202486,11,5,,2019,12,2,5,3,8,1,2,0,1,0,0,0,0,1,"784570,7211","5828185,06","13,19583","52,52928",5020625.0,Borkumer Straße,1557.0,28.0
202487,11,4,,2019,12,0,5,3,0,1,2,0,0,0,0,0,1,1,"791718,4076","5828239,882","13,30095","52,52599",4030518.0,Tegeler Weg,3156.0,56.0
202488,11,11,,2019,12,15,5,2,5,1,0,0,1,0,0,0,0,1,"806107,755","5830140,718","13,51415","52,53514",11030720.0,Herzbergstraße,6359.0,27.0
202489,11,9,,2019,12,14,5,2,5,2,0,0,1,0,0,0,0,1,"805016,5854","5822703,432","13,4913","52,4691",9010301.0,Baumschulenstraße,5939.0,38.0
202490,11,1,,2019,12,6,5,2,3,6,2,1,1,0,0,0,0,1,"796971,2726","5831449,963","13,38102","52,55193",1033203.0,Humboldthain Nordwest,4363.0,22.0
202491,11,4,,2019,12,12,4,3,5,2,0,0,1,0,0,0,0,1,"793891,2195","5823091,498","13,32834","52,47867",4051655.0,Babelsberger Straße,3542.0,38.0
202492,11,1,,2019,12,23,4,3,5,7,2,0,1,0,1,0,0,1,"798024,2269","5830081,595","13,39528","52,53909",1033201.0,Brunnenstraße,4560.0,49.0
202493,11,4,,2019,12,19,4,3,2,7,2,0,1,0,0,0,0,1,"792340,1211","5825392,822","13,30759","52,50014",4030929.0,Hindemithplatz,3248.0,24.0
202494,11,7,,2019,12,16,4,3,1,1,2,0,1,0,0,0,1,1,"795440,3527","5820986,3","13,34922","52,45897",7030303.0,Grazer Platz,3836.0,55.0
202495,11,8,,2019,12,13,4,3,5,3,0,0,1,0,0,0,1,1,"801895,1904","5816959,605","13,4403","52,41935",8020728.0,Buckow Ost,5225.0,64.0
202496,11,4,,2019,12,23,3,3,6,2,2,0,1,1,0,0,0,1,"788803,6302","5825929,404","13,2561","52,50683",4020208.0,Kranzallee,2450.0,60.0
202497,11,9,,2019,12,21,3,3,5,2,2,0,1,0,0,0,0,1,"805015,8246","5822702,247","13,49129","52,46909",9010301.0,Baumschulenstraße,5939.0,38.0
202498,11,5,,2019,12,20,3,3,6,2,2,0,1,1,0,0,0,1,"785231,4041","5831827,239","13,20867","52,56159",5010101.0,Hakenfelde Nord,1766.0,46.0
202499,11,10,,2019,12,19,3,3,5,3,2,0,1,0,0,0,0,1,"813483,5662","5829447,401","13,62189","52,52474",10040931.0,Mahlsdorf Nord,7955.0,66.0
202500,11,11,,2019,12,18,3,3,1,5,2,0,1,0,0,0,0,1,"805221,9394",5833906,"13,50459","52,56938",11010308.0,Zingster Straße Ost,6169.0,66.0
202501,11,6,,2019,12,18,3,3,8,1,2,0,1,0,0,0,0,1,"794540,3614","5817690,445","13,33311","52,42991",6020304.0,Kaiser-Wilhelm-Straße,3628.0,54.0
202502,11,1,,2019,12,14,3,3,0,1,0,0,1,0,1,0,0,0,"795150,2521","5829394,983","13,35242","52,5345",1022201.0,Stephankiez,3858.0,57.0
202503,11,5,,2019,12,13,3,3,0,6,0,0,1,0,0,0,1,1,"787566,1842","5828029,729","13,23973","52,52631",5010339.0,Freiheit,2256.0,58.0
202504,11,8,,2019,12,13,3,3,6,4,0,0,1,1,0,0,0,0,"801395,2479","5823748,119","13,4391","52,48047",8010404.0,Rixdorf,5143.0,6.0
202505,11,3,,2019,12,11,3,3,5,2,0,1,1,0,0,0,0,0,"799011,1789","5833158,611","13,41256","52,56613",3040818.0,Pankow Süd,4768.0,57.0
202506,11,2,,2019,12,10,3,3,5,3,0,1,0,0,0,0,0,0,"801001,8472","5828043,538","13,4372","52,51919",2040502.0,Friedenstraße,5154.0,55.0
202507,11,10,,2019,12,9,3,3,2,2,0,0,1,0,0,0,0,0,"810050,6804","5832619,397","13,57441","52,55512",10010204.0,Wuhletalstraße,7164.0,58.0
202508,11,3,,2019,12,20,2,3,6,4,2,0,1,1,0,0,0,0,"801224,9799","5831966,173","13,44404","52,55422",3050923.0,Weißenseer Spitze,5264.0,60.0
202509,11,2,,2019,12,17,2,3,2,2,1,0,1,0,1,0,0,0,"799878,064","5825706,142","13,41859","52,49886",2010104.0,Wassertorplatz,4848.0,3.0
202510,11,10,,2019,12,7,2,3,6,7,2,1,0,1,0,0,0,0,"809823,0105","5831966,078","13,57045","52,5494",10010206.0,Ringkolonnaden,7163.0,56.0
202511,11,10,,2019,12,13,2,3,2,6,0,0,1,0,0,0,1,1,"809598,9592","5828501,584","13,56393","52,51848",10030724.0,Oberfeldstraße,7054.0,53.0
202512,11,4,,2019,12,12,2,3,6,7,0,0,1,1,0,0,0,1,"788511,841","5827506,54","13,25318","52,52112",4020311.0,Reichsstraße,2454.0,58.0
202513,11,9,,2019,12,12,2,3,1,5,0,0,1,0,0,0,0,0,"811341,7761","5822688,556","13,58411","52,46539",9052001.0,Köpenick Nord,7338.0,64.0
202514,11,2,,2019,12,19,2,3,1,5,2,1,1,0,0,0,0,0,"801337,2438","5826132,526","13,4404","52,50187",2030302.0,Lausitzer Platz,5249.0,5.0
202515,11,4,,2019,12,20,2,3,6,4,2,0,1,1,0,0,0,0,"793929,439","5826192,219","13,33164","52,50645",4030931.0,Breitscheidplatz,3550.0,28.0
202516,11,2,,2019,12,18,2,3,5,7,2,0,1,0,0,0,0,0,"803046,3058","5825837,441","13,46524","52,49828",2050803.0,Stralauer Kiez,5548.0,37.0
202517,11,11,,2019,12,12,2,2,6,4,0,0,1,1,0,0,0,1,"804577,4705","5831044,969","13,49249","52,5441",11020514.0,Große-Leege-Straße,5961.0,51.0
202518,11,9,,2019,12,17,2,3,2,6,2,0,1,0,0,0,0,0,"804359,5413","5819755,693","13,47897","52,44304",9010302.0,Späthsfelde,5732.0,60.0
202519,11,6,,2019,12,16,2,2,9,1,2,0,1,0,0,0,0,0,"795695,3719","5816868,965","13,34932","52,42192",6020306.0,Lankwitz Süd,3825.0,64.0
202520,11,12,,2019,12,16,2,3,2,6,1,0,1,0,0,0,0,0,"790284,504","5835028,245","13,28581","52,58762",12214527.0,Alt-Tegel,2974.0,55.0
202521,11,6,,2019,12,16,2,3,5,3,2,0,1,0,0,0,0,1,"796232,1508","5818607,697","13,35873","52,43721",6020301.0,Alt-Lankwitz,3930.0,60.0
202522,11,8,,2019,12,16,2,3,0,5,1,1,1,0,0,0,0,1,"804713,2176","5817702,841","13,48229","52,42445",8030831.0,Gropiusstadt Ost,5826.0,49.0
202523,11,12,,2019,12,15,2,2,5,2,0,1,1,0,0,0,0,0,"791159,7564","5833450,469","13,29731","52,573",12214125.0,Waldidyll/Flughafensee,3070.0,66.0
202524,11,4,,2019,12,11,2,2,9,7,0,0,1,0,0,0,0,1,"790669,5364","5822718,619","13,28071","52,47705",4041136.0,Hagenplatz,2842.0,47.0
202525,11,8,,2019,12,11,2,3,5,3,0,1,1,0,0,0,0,1,"801398,334","5820277,006","13,43601","52,44936",8020620.0,Tempelhofer Weg,5133.0,32.0
202526,11,6,,2019,12,9,2,3,6,4,0,1,0,1,0,0,0,1,"795146,1467","5821243,049","13,34513","52,46143",6010210.0,Bismarckstraße,3737.0,55.0
202527,11,4,,2019,12,9,2,2,6,2,0,0,1,1,0,0,0,1,"793991,4962","5826149,26","13,33251","52,50603",4030931.0,Breitscheidplatz,3650.0,32.0
202528,11,2,,2019,12,8,2,3,1,5,0,1,0,0,0,0,1,1,"801242,7675","5825903,778","13,43881","52,49988",2030402.0,Wrangelkiez,5148.0,51.0
202529,11,1,,2019,12,7,2,3,5,3,1,0,1,0,0,0,0,1,"793761,8788","5831852,412","13,33418","52,55728",1044101.0,Rehberge,3665.0,54.0
202530,11,8,,2019,12,7,2,3,6,2,2,0,1,1,0,0,0,1,"802031,1427","5823470,226","13,44818","52,47763",8010404.0,Rixdorf,5342.0,38.0
202531,11,5,,2019,12,18,2,3,5,3,2,0,1,0,0,0,1,0,"784712,0728","5828600,636","13,19827","52,53293",5020625.0,Borkumer Straße,1658.0,8.0
202532,11,2,,2019,12,14,1,3,0,1,0,1,0,0,0,0,0,1,"798297,5239","5824513,238","13,3943","52,48903",2020205.0,Chamissokiez,4545.0,52.0
202533,11,3,,2019,12,14,1,3,0,5,0,0,1,0,0,0,0,0,"800646,7225","5829381,082","13,4332","52,53137",3071639.0,Bötzowstraße,5057.0,58.0